ISO-10303-21;
HEADER;
FILE_DESCRIPTION (('ViewDefinition[StructuralAnalysisView]'), '2;1');
FILE_NAME ('PorticoGuajira_4.ifc','2025-07-31T09:29:07',('aleja'),('rixchh'),'24.2.0','SAP2000','None');

FILE_SCHEMA(('IFC4'));
ENDSEC;

DATA;
#1=IFCRELAGGREGATES('1BKG4cvhX1R8YublxqVLvv',#3,$,$,#4,(#5));
#2=IFCRELAGGREGATES('1o$ss$tgrFZgQsWXOyhQYi',#3,$,$,#5,(#6));
#3=IFCOWNERHISTORY(#7,#8,$,.NOCHANGE.,1753953303,$,$,1753953303);
#4=IFCPROJECT('34rXXEPjP7Ig3hDt8FQwim',#3,'PorticoGuajira2.sdb',$,$,$,$,(#9),#10);
#5=IFCSITE('00kEVLGPv2NBxvxohzBvaW',#3,'Site',$,$,$,$,$,.ELEMENT.,$,$,$,$,$);
#6=IFCBUILDING('1bcfxsWcnEFuDAodiTeoY9',#3,'Building',$,$,$,$,$,.ELEMENT.,$,$,$);
#7=IFCPERSONANDORGANIZATION(#11,#12,$);
#8=IFCAPPLICATION(#13,'24.2.0','SAP2000','SAP2000');
#9=IFCGEOMETRICREPRESENTATIONCONTEXT('Project World','Model',3,$,#14,$);
#10=IFCUNITASSIGNMENT((#15,#16,#17,#18,#19,#20,#21,#22,#23,#24,#25,#26,#27,#28,#29,#30,#31,#32,#33));
#11=IFCPERSON('aleja',$,'Nameless',$,$,$,$,$);
#12=IFCORGANIZATION($,'rixchh',$,(#34),$);
#13=IFCORGANIZATION($,'Computers & Structures, Inc.',$,(#35),$);
#14=IFCAXIS2PLACEMENT3D(#36,#37,#38);
#15=IFCSIUNIT(*,.LENGTHUNIT.,$,.METRE.);
#16=IFCSIUNIT(*,.AREAUNIT.,$,.SQUARE_METRE.);
#17=IFCSIUNIT(*,.VOLUMEUNIT.,$,.CUBIC_METRE.);
#18=IFCDERIVEDUNIT((#39),.SECTIONMODULUSUNIT.,$);
#19=IFCDERIVEDUNIT((#40),.MOMENTOFINERTIAUNIT.,$);
#20=IFCSIUNIT(*,.PLANEANGLEUNIT.,$,.RADIAN.);
#21=IFCSIUNIT(*,.TIMEUNIT.,$,.SECOND.);
#22=IFCSIUNIT(*,.MASSUNIT.,.MEGA.,.GRAM.);
#23=IFCDERIVEDUNIT((#41,#42),.MASSDENSITYUNIT.,$);
#24=IFCSIUNIT(*,.FORCEUNIT.,.KILO.,.NEWTON.);
#25=IFCDERIVEDUNIT((#43,#44),.TORQUEUNIT.,$);
#26=IFCSIUNIT(*,.PRESSUREUNIT.,.KILO.,.PASCAL.);
#27=IFCDERIVEDUNIT((#45,#46),.LINEARFORCEUNIT.,$);
#28=IFCDERIVEDUNIT((#47,#48),.PLANARFORCEUNIT.,$);
#29=IFCDERIVEDUNIT((#49,#50,#51),.LINEARMOMENTUNIT.,$);
#30=IFCDERIVEDUNIT((#52,#53),.SHEARMODULUSUNIT.,$);
#31=IFCDERIVEDUNIT((#54,#55),.MODULUSOFELASTICITYUNIT.,$);
#32=IFCSIUNIT(*,.THERMODYNAMICTEMPERATUREUNIT.,$,.DEGREE_CELSIUS.);
#33=IFCDERIVEDUNIT((#56),.THERMALEXPANSIONCOEFFICIENTUNIT.,$);
#34=IFCACTORROLE(.STRUCTURALENGINEER.,$,$);
#35=IFCACTORROLE(.MANUFACTURER.,$,$);
#36=IFCCARTESIANPOINT((0.0000000E+000,0.0000000E+000,0.0000000E+000));
#37=IFCDIRECTION((0.0000000E+000,0.0000000E+000,1.0000000E+000));
#38=IFCDIRECTION((1.0000000E+000,0.0000000E+000,0.0000000E+000));
#39=IFCDERIVEDUNITELEMENT(#15,3);
#40=IFCDERIVEDUNITELEMENT(#15,4);
#41=IFCDERIVEDUNITELEMENT(#22,1);
#42=IFCDERIVEDUNITELEMENT(#15,-3);
#43=IFCDERIVEDUNITELEMENT(#15,1);
#44=IFCDERIVEDUNITELEMENT(#24,1);
#45=IFCDERIVEDUNITELEMENT(#15,-1);
#46=IFCDERIVEDUNITELEMENT(#24,1);
#47=IFCDERIVEDUNITELEMENT(#15,-2);
#48=IFCDERIVEDUNITELEMENT(#24,1);
#49=IFCDERIVEDUNITELEMENT(#24,1);
#50=IFCDERIVEDUNITELEMENT(#15,1);
#51=IFCDERIVEDUNITELEMENT(#15,-1);
#52=IFCDERIVEDUNITELEMENT(#15,-2);
#53=IFCDERIVEDUNITELEMENT(#24,1);
#54=IFCDERIVEDUNITELEMENT(#15,-2);
#55=IFCDERIVEDUNITELEMENT(#24,1);
#56=IFCDERIVEDUNITELEMENT(#32,-1);
#57=IFCRELASSIGNSTOGROUP('0nNfOMcH9EAAUf5eKtEDSC',#3,$,$,(#78),$,#79);
#58=IFCRELASSIGNSTOGROUP('0OxY2OFsr6r81iH8AWR5fk',#3,$,$,(#80),$,#81);
#59=IFCRELASSIGNSTOGROUP('3nERPHMBf5p9To5mjVQdNx',#3,$,$,(#82),$,#83);
#60=IFCRELASSIGNSTOGROUP('3yEjg2var54el7usXKj9VM',#3,$,$,(#84),$,#85);
#61=IFCRELASSIGNSTOGROUP('0Si6FyWUf5TQ5Tq2hvC24E',#3,$,$,(#86),$,#87);
#62=IFCRELASSIGNSTOGROUPBYFACTOR('2PPooLSWD2H9ak4rjya7AM',#3,$,$,(#87),$,#88,1.5000000E+000);
#63=IFCRELASSIGNSTOGROUPBYFACTOR('2s1KtGYgv0KhgHtINc2r0W',#3,$,$,(#81),$,#88,1.1000000E+000);
#64=IFCRELASSIGNSTOGROUPBYFACTOR('3BafQrzPb7DBEPXFBr7O15',#3,$,$,(#79),$,#88,1.2000000E+000);
#65=IFCRELASSIGNSTOGROUPBYFACTOR('2WzpZ3PPL60gIXsHZZyXev',#3,$,$,(#83),$,#89,1.3000000E+000);
#66=IFCRELASSIGNSTOGROUPBYFACTOR('2br0zJ3Tj9FBu7qwTyEtY2',#3,$,$,(#79),$,#89,1.2000000E+000);
#67=IFCRELASSIGNSTOGROUPBYFACTOR('1URFJk4Gv0$gsSbBJXuZjk',#3,$,$,(#81),$,#89,1.1000000E+000);
#68=IFCRELASSIGNSTOGROUPBYFACTOR('1xG9c$poHEHu0bqCchbYT8',#3,$,$,(#85),$,#90,1.3000000E+000);
#69=IFCRELASSIGNSTOGROUPBYFACTOR('03atMpUFT4pBM8Sjb2lqGg',#3,$,$,(#79),$,#90,1.2000000E+000);
#70=IFCRELASSIGNSTOGROUPBYFACTOR('2pFhfLTfHAFhnQGy3RTa40',#3,$,$,(#81),$,#90,1.1000000E+000);
#71=IFCRELASSIGNSTOGROUP('21VTzktgH2fvKUTMniR0U3',#3,$,$,(#87,#81,#79),$,#91);
#72=IFCRELASSIGNSTOGROUPBYFACTOR('33DK2UAMX4z9rts8m0muRk',#3,$,$,(#83),$,#92,1.3000000E+000);
#73=IFCRELASSIGNSTOGROUP('351M0EcNH68QWhoLU1Y$fI',#3,$,$,(#79,#81),$,#92);
#74=IFCRELASSIGNSTOGROUPBYFACTOR('072NGPicP0cBSRjBl88Yn2',#3,$,$,(#85),$,#93,1.3000000E+000);
#75=IFCRELASSIGNSTOGROUP('24K8B2yAH1OBZfNlpg03u3',#3,$,$,(#79,#81),$,#93);
#76=IFCRELSERVICESBUILDINGS('0acMVYcMvDmBWrfRWy0f25',#3,$,$,#94,(#6));
#77=IFCSTRUCTURALPOINTCONNECTION('31FLrpRsT4QA0hXy2sBAQn',#95,'7',$,$,$,#96,#97,$);
#78=IFCSTRUCTURALLOADGROUP('2FhNY1_vv23vXskSxr9Zep',#3,'DEAD',$,$,.LOAD_GROUP.,.PERMANENT_G.,.DEAD_LOAD_G.,$,$);
#79=IFCSTRUCTURALLOADCASE('2aGxMBUz55EeGk6_PVwvkr',#3,'DEAD',$,$,.LOAD_CASE.,.PERMANENT_G.,.DEAD_LOAD_G.,$,$,(0.0000000E+000,0.0000000E+000,-1.0000000E+000));
#80=IFCSTRUCTURALLOADGROUP('0$NGIPet1Dtu613UjSPdFo',#3,'Tw',$,$,.LOAD_GROUP.,.NOTDEFINED.,.NOTDEFINED.,$,$);
#81=IFCSTRUCTURALLOADCASE('2yX_AJeXT4qv3hIvYt9Osc',#3,'Tw',$,$,.LOAD_CASE.,.NOTDEFINED.,.NOTDEFINED.,$,$,(0.0000000E+000,0.0000000E+000,0.0000000E+000));
#82=IFCSTRUCTURALLOADGROUP('3F24hh4zTDtxS$LPbZ$taW',#3,'Wx',$,$,.LOAD_GROUP.,.VARIABLE_Q.,.WIND_W.,$,$);
#83=IFCSTRUCTURALLOADCASE('2xmlHMg_96tusc$7NQ06mi',#3,'Wx',$,$,.LOAD_CASE.,.VARIABLE_Q.,.WIND_W.,$,$,(0.0000000E+000,0.0000000E+000,0.0000000E+000));
#84=IFCSTRUCTURALLOADGROUP('2IdoSc_TvCQB1AiZCGt5vU',#3,'Wy',$,$,.LOAD_GROUP.,.VARIABLE_Q.,.WIND_W.,$,$);
#85=IFCSTRUCTURALLOADCASE('1yUEviVKn7ghbziaQFzkzO',#3,'Wy',$,$,.LOAD_CASE.,.VARIABLE_Q.,.WIND_W.,$,$,(0.0000000E+000,0.0000000E+000,0.0000000E+000));
#86=IFCSTRUCTURALLOADGROUP('0Tk06BPEL13w7_exHSNfNS',#3,'CM',$,$,.LOAD_GROUP.,.NOTDEFINED.,.NOTDEFINED.,$,$);
#87=IFCSTRUCTURALLOADCASE('2qyE$Mtgz3r9me3R1anq_y',#3,'CM',$,$,.LOAD_CASE.,.NOTDEFINED.,.NOTDEFINED.,$,$,(0.0000000E+000,0.0000000E+000,0.0000000E+000));
#88=IFCSTRUCTURALLOADGROUP('3gbxSbLwXEUP$7BjO_RRz4',#3,'PD1',$,$,.LOAD_COMBINATION.,.NOTDEFINED.,.NOTDEFINED.,$,$);
#89=IFCSTRUCTURALLOADGROUP('3Jt7WGe4rBYOVYtetMiH5x',#3,'PD2x',$,$,.LOAD_COMBINATION.,.NOTDEFINED.,.NOTDEFINED.,$,$);
#90=IFCSTRUCTURALLOADGROUP('2q2_mg0xv068W5IpY3Pmbb',#3,'PD2y',$,$,.LOAD_COMBINATION.,.NOTDEFINED.,.NOTDEFINED.,$,$);
#91=IFCSTRUCTURALLOADGROUP('3EZNCT4$jEogzx7y_DWyek',#3,'PT1',$,$,.LOAD_COMBINATION.,.NOTDEFINED.,.NOTDEFINED.,$,$);
#92=IFCSTRUCTURALLOADGROUP('1fpKLDjOfC2xPoumNCKAlE',#3,'PT2x',$,$,.LOAD_COMBINATION.,.NOTDEFINED.,.NOTDEFINED.,$,$);
#93=IFCSTRUCTURALLOADGROUP('1fgrzi7sH9ex790NmcEEss',#3,'PT2y',$,$,.LOAD_COMBINATION.,.NOTDEFINED.,.NOTDEFINED.,$,$);
#94=IFCSTRUCTURALANALYSISMODEL('24hHJWTTP6MhFASIQRrUSw',#3,'PorticoGuajira2.sdb',$,$,.LOADING_3D.,#14,(#88,#89,#90,#91,#92,#93),$,$);
#95=IFCOWNERHISTORY(#7,#8,$,.MODIFIED.,1753953303,$,$,1753953303);
#96=IFCPRODUCTDEFINITIONSHAPE($,$,(#98));
#97=IFCBOUNDARYNODECONDITION($,IFCBOOLEAN(.T.),IFCBOOLEAN(.T.),IFCBOOLEAN(.T.),IFCBOOLEAN(.F.),IFCBOOLEAN(.F.),IFCBOOLEAN(.F.));
#98=IFCTOPOLOGYREPRESENTATION(#99,$,'Vertex',(#100));
#99=IFCGEOMETRICREPRESENTATIONCONTEXT('Topology context','Model',3,$,#14,$);
#100=IFCVERTEXPOINT(#101);
#101=IFCCARTESIANPOINT((0.0000000E+000,0.0000000E+000,0.0000000E+000));
#102=IFCSTRUCTURALPOINTCONNECTION('3Cw88VSBzBWwNcFROifbLZ',#95,'8',$,$,$,#103,$,$);
#103=IFCPRODUCTDEFINITIONSHAPE($,$,(#104));
#104=IFCTOPOLOGYREPRESENTATION(#99,$,'Vertex',(#105));
#105=IFCVERTEXPOINT(#106);
#106=IFCCARTESIANPOINT((3.0000000E-001,3.0000000E-001,1.4850000E+001));
#107=IFCSTRUCTURALPOINTCONNECTION('01_b2hdI53GwJmWa7TACIW',#95,'9',$,$,$,#108,#97,$);
#108=IFCPRODUCTDEFINITIONSHAPE($,$,(#109));
#109=IFCTOPOLOGYREPRESENTATION(#99,$,'Vertex',(#110));
#110=IFCVERTEXPOINT(#111);
#111=IFCCARTESIANPOINT((1.4000000E+000,0.0000000E+000,0.0000000E+000));
#112=IFCSTRUCTURALPOINTCONNECTION('3_ZfTe7hDDVfY5sH4$8lJT',#95,'10',$,$,$,#113,$,$);
#113=IFCPRODUCTDEFINITIONSHAPE($,$,(#114));
#114=IFCTOPOLOGYREPRESENTATION(#99,$,'Vertex',(#115));
#115=IFCVERTEXPOINT(#116);
#116=IFCCARTESIANPOINT((1.1000000E+000,3.0000000E-001,1.4850000E+001));
#117=IFCSTRUCTURALPOINTCONNECTION('29GhoNOWH47Pz$emNVaZRZ',#95,'11',$,$,$,#118,#97,$);
#118=IFCPRODUCTDEFINITIONSHAPE($,$,(#119));
#119=IFCTOPOLOGYREPRESENTATION(#99,$,'Vertex',(#120));
#120=IFCVERTEXPOINT(#121);
#121=IFCCARTESIANPOINT((1.4000000E+000,1.4000000E+000,0.0000000E+000));
#122=IFCSTRUCTURALPOINTCONNECTION('1TD3KaBuH3oAIKhtayOusp',#95,'12',$,$,$,#123,$,$);
#123=IFCPRODUCTDEFINITIONSHAPE($,$,(#124));
#124=IFCTOPOLOGYREPRESENTATION(#99,$,'Vertex',(#125));
#125=IFCVERTEXPOINT(#126);
#126=IFCCARTESIANPOINT((1.1000000E+000,1.1000000E+000,1.4850000E+001));
#127=IFCSTRUCTURALPOINTCONNECTION('0pWPG7WTP65hkGFOvo$ayo',#95,'13',$,$,$,#128,#97,$);
#128=IFCPRODUCTDEFINITIONSHAPE($,$,(#129));
#129=IFCTOPOLOGYREPRESENTATION(#99,$,'Vertex',(#130));
#130=IFCVERTEXPOINT(#131);
#131=IFCCARTESIANPOINT((0.0000000E+000,1.4000000E+000,0.0000000E+000));
#132=IFCSTRUCTURALPOINTCONNECTION('0JJmVXiDj4pgHqDaQbEEsn',#95,'14',$,$,$,#133,$,$);
#133=IFCPRODUCTDEFINITIONSHAPE($,$,(#134));
#134=IFCTOPOLOGYREPRESENTATION(#99,$,'Vertex',(#135));
#135=IFCVERTEXPOINT(#136);
#136=IFCCARTESIANPOINT((3.0000000E-001,1.1000000E+000,1.4850000E+001));
#137=IFCSTRUCTURALPOINTCONNECTION('3dGmUHmon5CBG$RmaMM4DF',#95,'19',$,$,$,#141,$,$);
#138=IFCRELCONNECTSSTRUCTURALACTIVITY('12eTOflXTFPQw1RkfyDr$E',#3,$,$,#137,#142);
#139=IFCRELCONNECTSSTRUCTURALACTIVITY('3$F1yfF3j3nQBhx_RHrnAE',#3,$,$,#137,#143);
#140=IFCRELCONNECTSSTRUCTURALACTIVITY('2wiR4wzPr0KORXQbzLpRmu',#3,$,$,#137,#144);
#141=IFCPRODUCTDEFINITIONSHAPE($,$,(#145));
#142=IFCSTRUCTURALPOINTACTION('2MX9cAjb93gRGmfHqhsQUk',#3,$,$,$,$,$,#146,.GLOBAL_COORDS.,$);
#143=IFCSTRUCTURALPOINTACTION('2PpNqzDEHACABR6_Zn_FS3',#3,$,$,$,$,$,#147,.GLOBAL_COORDS.,$);
#144=IFCSTRUCTURALPOINTACTION('3FIy5OesHBifonA58TLCkz',#3,$,$,$,$,$,#148,.GLOBAL_COORDS.,$);
#145=IFCTOPOLOGYREPRESENTATION(#99,$,'Vertex',(#149));
#146=IFCSTRUCTURALLOADSINGLEFORCE($,$,$,-3.0000000E-002,$,$,$);
#147=IFCSTRUCTURALLOADSINGLEFORCE($,4.9000000E-001,$,$,$,$,$);
#148=IFCSTRUCTURALLOADSINGLEFORCE($,$,3.0000000E-002,$,$,$,$);
#149=IFCVERTEXPOINT(#150);
#150=IFCCARTESIANPOINT((7.0000000E-001,7.0000000E-001,1.5850000E+001));
#151=IFCSTRUCTURALPOINTCONNECTION('2TwMBgTQD37RloLGI4Jqxw',#95,'20',$,$,$,#152,$,$);
#152=IFCPRODUCTDEFINITIONSHAPE($,$,(#153));
#153=IFCTOPOLOGYREPRESENTATION(#99,$,'Vertex',(#154));
#154=IFCVERTEXPOINT(#155);
#155=IFCCARTESIANPOINT((1.6666667E-002,1.6666667E-002,8.2500000E-001));
#156=IFCSTRUCTURALPOINTCONNECTION('1CGRCIEED2yPw7oGy7pmbt',#95,'21',$,$,$,#157,$,$);
#157=IFCPRODUCTDEFINITIONSHAPE($,$,(#158));
#158=IFCTOPOLOGYREPRESENTATION(#99,$,'Vertex',(#159));
#159=IFCVERTEXPOINT(#160);
#160=IFCCARTESIANPOINT((1.3833333E+000,1.6666667E-002,8.2500000E-001));
#161=IFCSTRUCTURALPOINTCONNECTION('1NNqeKxwPAzhIycQN9ii_5',#95,'22',$,$,$,#162,$,$);
#162=IFCPRODUCTDEFINITIONSHAPE($,$,(#163));
#163=IFCTOPOLOGYREPRESENTATION(#99,$,'Vertex',(#164));
#164=IFCVERTEXPOINT(#165);
#165=IFCCARTESIANPOINT((1.3833333E+000,1.3833333E+000,8.2500000E-001));
#166=IFCSTRUCTURALPOINTCONNECTION('1F$d5Bq3n9Cg8LMUiIv3TR',#95,'23',$,$,$,#167,$,$);
#167=IFCPRODUCTDEFINITIONSHAPE($,$,(#168));
#168=IFCTOPOLOGYREPRESENTATION(#99,$,'Vertex',(#169));
#169=IFCVERTEXPOINT(#170);
#170=IFCCARTESIANPOINT((1.6666667E-002,1.3833333E+000,8.2500000E-001));
#171=IFCSTRUCTURALPOINTCONNECTION('2zB24fmPv9KRjPY5GnUB6R',#95,'24',$,$,$,#172,$,$);
#172=IFCPRODUCTDEFINITIONSHAPE($,$,(#173));
#173=IFCTOPOLOGYREPRESENTATION(#99,$,'Vertex',(#174));
#174=IFCVERTEXPOINT(#175);
#175=IFCCARTESIANPOINT((3.3333333E-002,3.3333333E-002,1.6500000E+000));
#176=IFCSTRUCTURALPOINTCONNECTION('3dB3g8C2bB590KgGS8Kvgf',#95,'25',$,$,$,#177,$,$);
#177=IFCPRODUCTDEFINITIONSHAPE($,$,(#178));
#178=IFCTOPOLOGYREPRESENTATION(#99,$,'Vertex',(#179));
#179=IFCVERTEXPOINT(#180);
#180=IFCCARTESIANPOINT((1.3666667E+000,3.3333333E-002,1.6500000E+000));
#181=IFCSTRUCTURALPOINTCONNECTION('2TjwkFCt17JviA6AekPRjU',#95,'26',$,$,$,#182,$,$);
#182=IFCPRODUCTDEFINITIONSHAPE($,$,(#183));
#183=IFCTOPOLOGYREPRESENTATION(#99,$,'Vertex',(#184));
#184=IFCVERTEXPOINT(#185);
#185=IFCCARTESIANPOINT((1.3666667E+000,1.3666667E+000,1.6500000E+000));
#186=IFCSTRUCTURALPOINTCONNECTION('0qS1blMaP54QxdXJTL5oou',#95,'27',$,$,$,#187,$,$);
#187=IFCPRODUCTDEFINITIONSHAPE($,$,(#188));
#188=IFCTOPOLOGYREPRESENTATION(#99,$,'Vertex',(#189));
#189=IFCVERTEXPOINT(#190);
#190=IFCCARTESIANPOINT((3.3333333E-002,1.3666667E+000,1.6500000E+000));
#191=IFCSTRUCTURALPOINTCONNECTION('3wDG19C_TABxnsfTAxEtfV',#95,'28',$,$,$,#192,$,$);
#192=IFCPRODUCTDEFINITIONSHAPE($,$,(#193));
#193=IFCTOPOLOGYREPRESENTATION(#99,$,'Vertex',(#194));
#194=IFCVERTEXPOINT(#195);
#195=IFCCARTESIANPOINT((5.0000000E-002,5.0000000E-002,2.4750000E+000));
#196=IFCSTRUCTURALPOINTCONNECTION('1Rr0FbStXFy9xk1XiF7X$8',#95,'29',$,$,$,#197,$,$);
#197=IFCPRODUCTDEFINITIONSHAPE($,$,(#198));
#198=IFCTOPOLOGYREPRESENTATION(#99,$,'Vertex',(#199));
#199=IFCVERTEXPOINT(#200);
#200=IFCCARTESIANPOINT((1.3500000E+000,5.0000000E-002,2.4750000E+000));
#201=IFCSTRUCTURALPOINTCONNECTION('0CKEZ0HonCYfg7OWxpSw0b',#95,'30',$,$,$,#202,$,$);
#202=IFCPRODUCTDEFINITIONSHAPE($,$,(#203));
#203=IFCTOPOLOGYREPRESENTATION(#99,$,'Vertex',(#204));
#204=IFCVERTEXPOINT(#205);
#205=IFCCARTESIANPOINT((1.3500000E+000,1.3500000E+000,2.4750000E+000));
#206=IFCSTRUCTURALPOINTCONNECTION('0AjGLK7snBRfAf9fozMGbo',#95,'31',$,$,$,#207,$,$);
#207=IFCPRODUCTDEFINITIONSHAPE($,$,(#208));
#208=IFCTOPOLOGYREPRESENTATION(#99,$,'Vertex',(#209));
#209=IFCVERTEXPOINT(#210);
#210=IFCCARTESIANPOINT((5.0000000E-002,1.3500000E+000,2.4750000E+000));
#211=IFCSTRUCTURALPOINTCONNECTION('2kOUTEfdn3derznWU8Mfg9',#95,'32',$,$,$,#212,$,$);
#212=IFCPRODUCTDEFINITIONSHAPE($,$,(#213));
#213=IFCTOPOLOGYREPRESENTATION(#99,$,'Vertex',(#214));
#214=IFCVERTEXPOINT(#215);
#215=IFCCARTESIANPOINT((6.6666667E-002,6.6666667E-002,3.3000000E+000));
#216=IFCSTRUCTURALPOINTCONNECTION('3SNZhf68X4jwsMvXF2gYYL',#95,'33',$,$,$,#217,$,$);
#217=IFCPRODUCTDEFINITIONSHAPE($,$,(#218));
#218=IFCTOPOLOGYREPRESENTATION(#99,$,'Vertex',(#219));
#219=IFCVERTEXPOINT(#220);
#220=IFCCARTESIANPOINT((1.3333333E+000,6.6666667E-002,3.3000000E+000));
#221=IFCSTRUCTURALPOINTCONNECTION('0egfD4$efDXhq$FURN6gNl',#95,'34',$,$,$,#222,$,$);
#222=IFCPRODUCTDEFINITIONSHAPE($,$,(#223));
#223=IFCTOPOLOGYREPRESENTATION(#99,$,'Vertex',(#224));
#224=IFCVERTEXPOINT(#225);
#225=IFCCARTESIANPOINT((1.3333333E+000,1.3333333E+000,3.3000000E+000));
#226=IFCSTRUCTURALPOINTCONNECTION('1mGML5cG9Evet9WGwjI7t5',#95,'35',$,$,$,#227,$,$);
#227=IFCPRODUCTDEFINITIONSHAPE($,$,(#228));
#228=IFCTOPOLOGYREPRESENTATION(#99,$,'Vertex',(#229));
#229=IFCVERTEXPOINT(#230);
#230=IFCCARTESIANPOINT((6.6666667E-002,1.3333333E+000,3.3000000E+000));
#231=IFCSTRUCTURALPOINTCONNECTION('1mYoaW911C3g0sdR1QfHDm',#95,'36',$,$,$,#232,$,$);
#232=IFCPRODUCTDEFINITIONSHAPE($,$,(#233));
#233=IFCTOPOLOGYREPRESENTATION(#99,$,'Vertex',(#234));
#234=IFCVERTEXPOINT(#235);
#235=IFCCARTESIANPOINT((8.3333333E-002,8.3333333E-002,4.1250000E+000));
#236=IFCSTRUCTURALPOINTCONNECTION('3JukbnOFL9zegFyPRnIVMp',#95,'37',$,$,$,#237,$,$);
#237=IFCPRODUCTDEFINITIONSHAPE($,$,(#238));
#238=IFCTOPOLOGYREPRESENTATION(#99,$,'Vertex',(#239));
#239=IFCVERTEXPOINT(#240);
#240=IFCCARTESIANPOINT((1.3166667E+000,8.3333333E-002,4.1250000E+000));
#241=IFCSTRUCTURALPOINTCONNECTION('0XsjwjNSb9tupN3UwKRKX_',#95,'38',$,$,$,#242,$,$);
#242=IFCPRODUCTDEFINITIONSHAPE($,$,(#243));
#243=IFCTOPOLOGYREPRESENTATION(#99,$,'Vertex',(#244));
#244=IFCVERTEXPOINT(#245);
#245=IFCCARTESIANPOINT((1.3166667E+000,1.3166667E+000,4.1250000E+000));
#246=IFCSTRUCTURALPOINTCONNECTION('13HsRGkuj3Ng2flauUw_sH',#95,'39',$,$,$,#247,$,$);
#247=IFCPRODUCTDEFINITIONSHAPE($,$,(#248));
#248=IFCTOPOLOGYREPRESENTATION(#99,$,'Vertex',(#249));
#249=IFCVERTEXPOINT(#250);
#250=IFCCARTESIANPOINT((8.3333333E-002,1.3166667E+000,4.1250000E+000));
#251=IFCSTRUCTURALPOINTCONNECTION('1WQ9Myizn4PvI2$PB8Sj0b',#95,'40',$,$,$,#252,$,$);
#252=IFCPRODUCTDEFINITIONSHAPE($,$,(#253));
#253=IFCTOPOLOGYREPRESENTATION(#99,$,'Vertex',(#254));
#254=IFCVERTEXPOINT(#255);
#255=IFCCARTESIANPOINT((1.0000000E-001,1.0000000E-001,4.9500000E+000));
#256=IFCSTRUCTURALPOINTCONNECTION('1lNYAbVCv9FwI8pC41BBW9',#95,'41',$,$,$,#257,$,$);
#257=IFCPRODUCTDEFINITIONSHAPE($,$,(#258));
#258=IFCTOPOLOGYREPRESENTATION(#99,$,'Vertex',(#259));
#259=IFCVERTEXPOINT(#260);
#260=IFCCARTESIANPOINT((1.3000000E+000,1.0000000E-001,4.9500000E+000));
#261=IFCSTRUCTURALPOINTCONNECTION('17soknkG9CVhlKPrNVwUdH',#95,'42',$,$,$,#262,$,$);
#262=IFCPRODUCTDEFINITIONSHAPE($,$,(#263));
#263=IFCTOPOLOGYREPRESENTATION(#99,$,'Vertex',(#264));
#264=IFCVERTEXPOINT(#265);
#265=IFCCARTESIANPOINT((1.3000000E+000,1.3000000E+000,4.9500000E+000));
#266=IFCSTRUCTURALPOINTCONNECTION('0_TljI08fB5Oz6ml53mPUC',#95,'43',$,$,$,#267,$,$);
#267=IFCPRODUCTDEFINITIONSHAPE($,$,(#268));
#268=IFCTOPOLOGYREPRESENTATION(#99,$,'Vertex',(#269));
#269=IFCVERTEXPOINT(#270);
#270=IFCCARTESIANPOINT((1.0000000E-001,1.3000000E+000,4.9500000E+000));
#271=IFCSTRUCTURALPOINTCONNECTION('0rHTUp6yD1bv0bIR6_Xqfx',#95,'44',$,$,$,#272,$,$);
#272=IFCPRODUCTDEFINITIONSHAPE($,$,(#273));
#273=IFCTOPOLOGYREPRESENTATION(#99,$,'Vertex',(#274));
#274=IFCVERTEXPOINT(#275);
#275=IFCCARTESIANPOINT((1.1666667E-001,1.1666667E-001,5.7750000E+000));
#276=IFCSTRUCTURALPOINTCONNECTION('2sDdIg1dvA4QvoKPOGkr2K',#95,'45',$,$,$,#277,$,$);
#277=IFCPRODUCTDEFINITIONSHAPE($,$,(#278));
#278=IFCTOPOLOGYREPRESENTATION(#99,$,'Vertex',(#279));
#279=IFCVERTEXPOINT(#280);
#280=IFCCARTESIANPOINT((1.2833333E+000,1.1666667E-001,5.7750000E+000));
#281=IFCSTRUCTURALPOINTCONNECTION('1HAPrPQzHAQu1UCkhfRsjh',#95,'46',$,$,$,#282,$,$);
#282=IFCPRODUCTDEFINITIONSHAPE($,$,(#283));
#283=IFCTOPOLOGYREPRESENTATION(#99,$,'Vertex',(#284));
#284=IFCVERTEXPOINT(#285);
#285=IFCCARTESIANPOINT((1.2833333E+000,1.2833333E+000,5.7750000E+000));
#286=IFCSTRUCTURALPOINTCONNECTION('39dvtHexn5ef5GUcqHGybz',#95,'47',$,$,$,#287,$,$);
#287=IFCPRODUCTDEFINITIONSHAPE($,$,(#288));
#288=IFCTOPOLOGYREPRESENTATION(#99,$,'Vertex',(#289));
#289=IFCVERTEXPOINT(#290);
#290=IFCCARTESIANPOINT((1.1666667E-001,1.2833333E+000,5.7750000E+000));
#291=IFCSTRUCTURALPOINTCONNECTION('2eT14HSY10NhlHE47WjFMw',#95,'48',$,$,$,#292,$,$);
#292=IFCPRODUCTDEFINITIONSHAPE($,$,(#293));
#293=IFCTOPOLOGYREPRESENTATION(#99,$,'Vertex',(#294));
#294=IFCVERTEXPOINT(#295);
#295=IFCCARTESIANPOINT((1.3333333E-001,1.3333333E-001,6.6000000E+000));
#296=IFCSTRUCTURALPOINTCONNECTION('3QHFLasqn89gtSnh0NZDin',#95,'49',$,$,$,#297,$,$);
#297=IFCPRODUCTDEFINITIONSHAPE($,$,(#298));
#298=IFCTOPOLOGYREPRESENTATION(#99,$,'Vertex',(#299));
#299=IFCVERTEXPOINT(#300);
#300=IFCCARTESIANPOINT((1.2666667E+000,1.3333333E-001,6.6000000E+000));
#301=IFCSTRUCTURALPOINTCONNECTION('37DpGJ0C17M8NauSrg1hVm',#95,'50',$,$,$,#302,$,$);
#302=IFCPRODUCTDEFINITIONSHAPE($,$,(#303));
#303=IFCTOPOLOGYREPRESENTATION(#99,$,'Vertex',(#304));
#304=IFCVERTEXPOINT(#305);
#305=IFCCARTESIANPOINT((1.2666667E+000,1.2666667E+000,6.6000000E+000));
#306=IFCSTRUCTURALPOINTCONNECTION('2qdyDJ8Kb42h9DSQCTFKuq',#95,'51',$,$,$,#307,$,$);
#307=IFCPRODUCTDEFINITIONSHAPE($,$,(#308));
#308=IFCTOPOLOGYREPRESENTATION(#99,$,'Vertex',(#309));
#309=IFCVERTEXPOINT(#310);
#310=IFCCARTESIANPOINT((1.3333333E-001,1.2666667E+000,6.6000000E+000));
#311=IFCSTRUCTURALPOINTCONNECTION('04V2yqvPb45ORsywi0bS$7',#95,'52',$,$,$,#312,$,$);
#312=IFCPRODUCTDEFINITIONSHAPE($,$,(#313));
#313=IFCTOPOLOGYREPRESENTATION(#99,$,'Vertex',(#314));
#314=IFCVERTEXPOINT(#315);
#315=IFCCARTESIANPOINT((1.5000000E-001,1.5000000E-001,7.4250000E+000));
#316=IFCSTRUCTURALPOINTCONNECTION('2CT_Um_L95Q9l5BAWd_FYr',#95,'53',$,$,$,#317,$,$);
#317=IFCPRODUCTDEFINITIONSHAPE($,$,(#318));
#318=IFCTOPOLOGYREPRESENTATION(#99,$,'Vertex',(#319));
#319=IFCVERTEXPOINT(#320);
#320=IFCCARTESIANPOINT((1.2500000E+000,1.5000000E-001,7.4250000E+000));
#321=IFCSTRUCTURALPOINTCONNECTION('1puUVQJMr65PVn5vaTXh59',#95,'54',$,$,$,#322,$,$);
#322=IFCPRODUCTDEFINITIONSHAPE($,$,(#323));
#323=IFCTOPOLOGYREPRESENTATION(#99,$,'Vertex',(#324));
#324=IFCVERTEXPOINT(#325);
#325=IFCCARTESIANPOINT((1.2500000E+000,1.2500000E+000,7.4250000E+000));
#326=IFCSTRUCTURALPOINTCONNECTION('02Z8HQqE11Ufirp0_Cjxi7',#95,'55',$,$,$,#327,$,$);
#327=IFCPRODUCTDEFINITIONSHAPE($,$,(#328));
#328=IFCTOPOLOGYREPRESENTATION(#99,$,'Vertex',(#329));
#329=IFCVERTEXPOINT(#330);
#330=IFCCARTESIANPOINT((1.5000000E-001,1.2500000E+000,7.4250000E+000));
#331=IFCSTRUCTURALPOINTCONNECTION('1xbn3UdXjFmvtUt8DgOwHO',#95,'56',$,$,$,#332,$,$);
#332=IFCPRODUCTDEFINITIONSHAPE($,$,(#333));
#333=IFCTOPOLOGYREPRESENTATION(#99,$,'Vertex',(#334));
#334=IFCVERTEXPOINT(#335);
#335=IFCCARTESIANPOINT((1.6666667E-001,1.6666667E-001,8.2500000E+000));
#336=IFCSTRUCTURALPOINTCONNECTION('3xJ4Fg7svFvhugKGbD6$QV',#95,'57',$,$,$,#337,$,$);
#337=IFCPRODUCTDEFINITIONSHAPE($,$,(#338));
#338=IFCTOPOLOGYREPRESENTATION(#99,$,'Vertex',(#339));
#339=IFCVERTEXPOINT(#340);
#340=IFCCARTESIANPOINT((1.2333333E+000,1.6666667E-001,8.2500000E+000));
#341=IFCSTRUCTURALPOINTCONNECTION('2qcc2vbhTAJBmw4Gf$ZPWc',#95,'58',$,$,$,#342,$,$);
#342=IFCPRODUCTDEFINITIONSHAPE($,$,(#343));
#343=IFCTOPOLOGYREPRESENTATION(#99,$,'Vertex',(#344));
#344=IFCVERTEXPOINT(#345);
#345=IFCCARTESIANPOINT((1.2333333E+000,1.2333333E+000,8.2500000E+000));
#346=IFCSTRUCTURALPOINTCONNECTION('1$rKNAqqb8$8wvDOXgiBct',#95,'59',$,$,$,#347,$,$);
#347=IFCPRODUCTDEFINITIONSHAPE($,$,(#348));
#348=IFCTOPOLOGYREPRESENTATION(#99,$,'Vertex',(#349));
#349=IFCVERTEXPOINT(#350);
#350=IFCCARTESIANPOINT((1.6666667E-001,1.2333333E+000,8.2500000E+000));
#351=IFCSTRUCTURALPOINTCONNECTION('0xMd2hc3v4QPDlwzTfk7mU',#95,'60',$,$,$,#352,$,$);
#352=IFCPRODUCTDEFINITIONSHAPE($,$,(#353));
#353=IFCTOPOLOGYREPRESENTATION(#99,$,'Vertex',(#354));
#354=IFCVERTEXPOINT(#355);
#355=IFCCARTESIANPOINT((1.8333333E-001,1.8333333E-001,9.0750000E+000));
#356=IFCSTRUCTURALPOINTCONNECTION('0_ofGlXtj7vvoj1BUbMxIF',#95,'61',$,$,$,#357,$,$);
#357=IFCPRODUCTDEFINITIONSHAPE($,$,(#358));
#358=IFCTOPOLOGYREPRESENTATION(#99,$,'Vertex',(#359));
#359=IFCVERTEXPOINT(#360);
#360=IFCCARTESIANPOINT((1.2166667E+000,1.8333333E-001,9.0750000E+000));
#361=IFCSTRUCTURALPOINTCONNECTION('1NNTx2qi95dPpP7yhy5AZl',#95,'62',$,$,$,#362,$,$);
#362=IFCPRODUCTDEFINITIONSHAPE($,$,(#363));
#363=IFCTOPOLOGYREPRESENTATION(#99,$,'Vertex',(#364));
#364=IFCVERTEXPOINT(#365);
#365=IFCCARTESIANPOINT((1.2166667E+000,1.2166667E+000,9.0750000E+000));
#366=IFCSTRUCTURALPOINTCONNECTION('3svrX4pMr14h2lBMErGx3a',#95,'63',$,$,$,#367,$,$);
#367=IFCPRODUCTDEFINITIONSHAPE($,$,(#368));
#368=IFCTOPOLOGYREPRESENTATION(#99,$,'Vertex',(#369));
#369=IFCVERTEXPOINT(#370);
#370=IFCCARTESIANPOINT((1.8333333E-001,1.2166667E+000,9.0750000E+000));
#371=IFCSTRUCTURALPOINTCONNECTION('136N7VxjnEVO1x7i$GmUPy',#95,'64',$,$,$,#372,$,$);
#372=IFCPRODUCTDEFINITIONSHAPE($,$,(#373));
#373=IFCTOPOLOGYREPRESENTATION(#99,$,'Vertex',(#374));
#374=IFCVERTEXPOINT(#375);
#375=IFCCARTESIANPOINT((2.0000000E-001,2.0000000E-001,9.9000000E+000));
#376=IFCSTRUCTURALPOINTCONNECTION('2IlIXPGxrB3OFU5JsI_2tu',#95,'65',$,$,$,#377,$,$);
#377=IFCPRODUCTDEFINITIONSHAPE($,$,(#378));
#378=IFCTOPOLOGYREPRESENTATION(#99,$,'Vertex',(#379));
#379=IFCVERTEXPOINT(#380);
#380=IFCCARTESIANPOINT((1.2000000E+000,2.0000000E-001,9.9000000E+000));
#381=IFCSTRUCTURALPOINTCONNECTION('2qg5KN1hL75g5bS_ja1pJc',#95,'66',$,$,$,#382,$,$);
#382=IFCPRODUCTDEFINITIONSHAPE($,$,(#383));
#383=IFCTOPOLOGYREPRESENTATION(#99,$,'Vertex',(#384));
#384=IFCVERTEXPOINT(#385);
#385=IFCCARTESIANPOINT((1.2000000E+000,1.2000000E+000,9.9000000E+000));
#386=IFCSTRUCTURALPOINTCONNECTION('2KubuMcub01PF$OBBKFl1l',#95,'67',$,$,$,#387,$,$);
#387=IFCPRODUCTDEFINITIONSHAPE($,$,(#388));
#388=IFCTOPOLOGYREPRESENTATION(#99,$,'Vertex',(#389));
#389=IFCVERTEXPOINT(#390);
#390=IFCCARTESIANPOINT((2.0000000E-001,1.2000000E+000,9.9000000E+000));
#391=IFCSTRUCTURALPOINTCONNECTION('1fjAwJBenFb9rAWjL5UTsq',#95,'68',$,$,$,#392,$,$);
#392=IFCPRODUCTDEFINITIONSHAPE($,$,(#393));
#393=IFCTOPOLOGYREPRESENTATION(#99,$,'Vertex',(#394));
#394=IFCVERTEXPOINT(#395);
#395=IFCCARTESIANPOINT((2.1666667E-001,2.1666667E-001,1.0725000E+001));
#396=IFCSTRUCTURALPOINTCONNECTION('0gGN20Kzz6sAJhPBBx2vF3',#95,'69',$,$,$,#397,$,$);
#397=IFCPRODUCTDEFINITIONSHAPE($,$,(#398));
#398=IFCTOPOLOGYREPRESENTATION(#99,$,'Vertex',(#399));
#399=IFCVERTEXPOINT(#400);
#400=IFCCARTESIANPOINT((1.1833333E+000,2.1666667E-001,1.0725000E+001));
#401=IFCSTRUCTURALPOINTCONNECTION('1IHkZVHPD9tRqhQ4acCLH4',#95,'70',$,$,$,#402,$,$);
#402=IFCPRODUCTDEFINITIONSHAPE($,$,(#403));
#403=IFCTOPOLOGYREPRESENTATION(#99,$,'Vertex',(#404));
#404=IFCVERTEXPOINT(#405);
#405=IFCCARTESIANPOINT((1.1833333E+000,1.1833333E+000,1.0725000E+001));
#406=IFCSTRUCTURALPOINTCONNECTION('19$FdsWij3cfvWjNfaejtz',#95,'71',$,$,$,#407,$,$);
#407=IFCPRODUCTDEFINITIONSHAPE($,$,(#408));
#408=IFCTOPOLOGYREPRESENTATION(#99,$,'Vertex',(#409));
#409=IFCVERTEXPOINT(#410);
#410=IFCCARTESIANPOINT((2.1666667E-001,1.1833333E+000,1.0725000E+001));
#411=IFCSTRUCTURALPOINTCONNECTION('0wIHbcX_X3luXmjtpr0$mB',#95,'72',$,$,$,#412,$,$);
#412=IFCPRODUCTDEFINITIONSHAPE($,$,(#413));
#413=IFCTOPOLOGYREPRESENTATION(#99,$,'Vertex',(#414));
#414=IFCVERTEXPOINT(#415);
#415=IFCCARTESIANPOINT((2.3333333E-001,2.3333333E-001,1.1550000E+001));
#416=IFCSTRUCTURALPOINTCONNECTION('0PnhZkcsjFzvIsBthW_Vyy',#95,'73',$,$,$,#417,$,$);
#417=IFCPRODUCTDEFINITIONSHAPE($,$,(#418));
#418=IFCTOPOLOGYREPRESENTATION(#99,$,'Vertex',(#419));
#419=IFCVERTEXPOINT(#420);
#420=IFCCARTESIANPOINT((1.1666667E+000,2.3333333E-001,1.1550000E+001));
#421=IFCSTRUCTURALPOINTCONNECTION('0RNgukV3D4Xe_oXeOwhYTT',#95,'74',$,$,$,#422,$,$);
#422=IFCPRODUCTDEFINITIONSHAPE($,$,(#423));
#423=IFCTOPOLOGYREPRESENTATION(#99,$,'Vertex',(#424));
#424=IFCVERTEXPOINT(#425);
#425=IFCCARTESIANPOINT((1.1666667E+000,1.1666667E+000,1.1550000E+001));
#426=IFCSTRUCTURALPOINTCONNECTION('0caX0s8Sb8OANHiWO1uRiJ',#95,'75',$,$,$,#427,$,$);
#427=IFCPRODUCTDEFINITIONSHAPE($,$,(#428));
#428=IFCTOPOLOGYREPRESENTATION(#99,$,'Vertex',(#429));
#429=IFCVERTEXPOINT(#430);
#430=IFCCARTESIANPOINT((2.3333333E-001,1.1666667E+000,1.1550000E+001));
#431=IFCSTRUCTURALPOINTCONNECTION('2vNoj7m6j2kg_viQ5s4PUg',#95,'76',$,$,$,#432,$,$);
#432=IFCPRODUCTDEFINITIONSHAPE($,$,(#433));
#433=IFCTOPOLOGYREPRESENTATION(#99,$,'Vertex',(#434));
#434=IFCVERTEXPOINT(#435);
#435=IFCCARTESIANPOINT((2.5000000E-001,2.5000000E-001,1.2375000E+001));
#436=IFCSTRUCTURALPOINTCONNECTION('1xCmaZw9P14gIbWDXyvRYF',#95,'77',$,$,$,#437,$,$);
#437=IFCPRODUCTDEFINITIONSHAPE($,$,(#438));
#438=IFCTOPOLOGYREPRESENTATION(#99,$,'Vertex',(#439));
#439=IFCVERTEXPOINT(#440);
#440=IFCCARTESIANPOINT((1.1500000E+000,2.5000000E-001,1.2375000E+001));
#441=IFCSTRUCTURALPOINTCONNECTION('2rpskR2GjBo9Kcv8llWvrU',#95,'78',$,$,$,#442,$,$);
#442=IFCPRODUCTDEFINITIONSHAPE($,$,(#443));
#443=IFCTOPOLOGYREPRESENTATION(#99,$,'Vertex',(#444));
#444=IFCVERTEXPOINT(#445);
#445=IFCCARTESIANPOINT((1.1500000E+000,1.1500000E+000,1.2375000E+001));
#446=IFCSTRUCTURALPOINTCONNECTION('2kvoF$J0P8lhnQ2JfSnpV7',#95,'79',$,$,$,#447,$,$);
#447=IFCPRODUCTDEFINITIONSHAPE($,$,(#448));
#448=IFCTOPOLOGYREPRESENTATION(#99,$,'Vertex',(#449));
#449=IFCVERTEXPOINT(#450);
#450=IFCCARTESIANPOINT((2.5000000E-001,1.1500000E+000,1.2375000E+001));
#451=IFCSTRUCTURALPOINTCONNECTION('2$5avaYz1D88nNXVhakGYj',#95,'80',$,$,$,#452,$,$);
#452=IFCPRODUCTDEFINITIONSHAPE($,$,(#453));
#453=IFCTOPOLOGYREPRESENTATION(#99,$,'Vertex',(#454));
#454=IFCVERTEXPOINT(#455);
#455=IFCCARTESIANPOINT((2.6666667E-001,2.6666667E-001,1.3200000E+001));
#456=IFCSTRUCTURALPOINTCONNECTION('0NTP8bSmv8E9SZmv1OwBF$',#95,'81',$,$,$,#457,$,$);
#457=IFCPRODUCTDEFINITIONSHAPE($,$,(#458));
#458=IFCTOPOLOGYREPRESENTATION(#99,$,'Vertex',(#459));
#459=IFCVERTEXPOINT(#460);
#460=IFCCARTESIANPOINT((1.1333333E+000,2.6666667E-001,1.3200000E+001));
#461=IFCSTRUCTURALPOINTCONNECTION('37CU1Mq7n1_A1p_VGvZBUB',#95,'82',$,$,$,#462,$,$);
#462=IFCPRODUCTDEFINITIONSHAPE($,$,(#463));
#463=IFCTOPOLOGYREPRESENTATION(#99,$,'Vertex',(#464));
#464=IFCVERTEXPOINT(#465);
#465=IFCCARTESIANPOINT((1.1333333E+000,1.1333333E+000,1.3200000E+001));
#466=IFCSTRUCTURALPOINTCONNECTION('3nQ_VXaeH9e9ImhFiTx_ma',#95,'83',$,$,$,#467,$,$);
#467=IFCPRODUCTDEFINITIONSHAPE($,$,(#468));
#468=IFCTOPOLOGYREPRESENTATION(#99,$,'Vertex',(#469));
#469=IFCVERTEXPOINT(#470);
#470=IFCCARTESIANPOINT((2.6666667E-001,1.1333333E+000,1.3200000E+001));
#471=IFCSTRUCTURALPOINTCONNECTION('3_PbONEe1F3e$lLCPfk_$u',#95,'84',$,$,$,#472,$,$);
#472=IFCPRODUCTDEFINITIONSHAPE($,$,(#473));
#473=IFCTOPOLOGYREPRESENTATION(#99,$,'Vertex',(#474));
#474=IFCVERTEXPOINT(#475);
#475=IFCCARTESIANPOINT((2.8333333E-001,2.8333333E-001,1.4025000E+001));
#476=IFCSTRUCTURALPOINTCONNECTION('2UaE1OUyXF6OfIvGnqJhue',#95,'85',$,$,$,#477,$,$);
#477=IFCPRODUCTDEFINITIONSHAPE($,$,(#478));
#478=IFCTOPOLOGYREPRESENTATION(#99,$,'Vertex',(#479));
#479=IFCVERTEXPOINT(#480);
#480=IFCCARTESIANPOINT((1.1166667E+000,2.8333333E-001,1.4025000E+001));
#481=IFCSTRUCTURALPOINTCONNECTION('2aYI4$PK1DFBlCNQT$Xy$d',#95,'86',$,$,$,#482,$,$);
#482=IFCPRODUCTDEFINITIONSHAPE($,$,(#483));
#483=IFCTOPOLOGYREPRESENTATION(#99,$,'Vertex',(#484));
#484=IFCVERTEXPOINT(#485);
#485=IFCCARTESIANPOINT((1.1166667E+000,1.1166667E+000,1.4025000E+001));
#486=IFCSTRUCTURALPOINTCONNECTION('0kcI8LujX2Yg92EXslm6_W',#95,'87',$,$,$,#487,$,$);
#487=IFCPRODUCTDEFINITIONSHAPE($,$,(#488));
#488=IFCTOPOLOGYREPRESENTATION(#99,$,'Vertex',(#489));
#489=IFCVERTEXPOINT(#490);
#490=IFCCARTESIANPOINT((2.8333333E-001,1.1166667E+000,1.4025000E+001));
#491=IFCSTRUCTURALPOINTCONNECTION('3flDYg_ar8cxKZjZlWIOK0',#95,'88',$,$,$,#492,$,$);
#492=IFCPRODUCTDEFINITIONSHAPE($,$,(#493));
#493=IFCTOPOLOGYREPRESENTATION(#99,$,'Vertex',(#494));
#494=IFCVERTEXPOINT(#495);
#495=IFCCARTESIANPOINT((9.0000000E-001,5.0000000E-001,1.5350000E+001));
#496=IFCSTRUCTURALPOINTCONNECTION('36sYeDd2b2Uf9WPYHD5FkM',#95,'89',$,$,$,#497,$,$);
#497=IFCPRODUCTDEFINITIONSHAPE($,$,(#498));
#498=IFCTOPOLOGYREPRESENTATION(#99,$,'Vertex',(#499));
#499=IFCVERTEXPOINT(#500);
#500=IFCCARTESIANPOINT((9.0000000E-001,9.0000000E-001,1.5350000E+001));
#501=IFCSTRUCTURALPOINTCONNECTION('3tJ2Ln3pv4VuXLNcDkyxw8',#95,'90',$,$,$,#502,$,$);
#502=IFCPRODUCTDEFINITIONSHAPE($,$,(#503));
#503=IFCTOPOLOGYREPRESENTATION(#99,$,'Vertex',(#504));
#504=IFCVERTEXPOINT(#505);
#505=IFCCARTESIANPOINT((5.0000000E-001,9.0000000E-001,1.5350000E+001));
#506=IFCSTRUCTURALPOINTCONNECTION('2JURaT_Or6lAXZGBMLY2di',#95,'91',$,$,$,#507,$,$);
#507=IFCPRODUCTDEFINITIONSHAPE($,$,(#508));
#508=IFCTOPOLOGYREPRESENTATION(#99,$,'Vertex',(#509));
#509=IFCVERTEXPOINT(#510);
#510=IFCCARTESIANPOINT((5.0000000E-001,5.0000000E-001,1.5350000E+001));
#511=IFCSTRUCTURALPOINTCONNECTION('1tY0AUkBT6EesEhgnHTyPR',#95,'92',$,$,$,#512,#97,$);
#512=IFCPRODUCTDEFINITIONSHAPE($,$,(#513));
#513=IFCTOPOLOGYREPRESENTATION(#99,$,'Vertex',(#514));
#514=IFCVERTEXPOINT(#515);
#515=IFCCARTESIANPOINT((1.0000000E+001,0.0000000E+000,0.0000000E+000));
#516=IFCSTRUCTURALPOINTCONNECTION('34iTSPVfL2rOwAne1mW2sJ',#95,'93',$,$,$,#517,$,$);
#517=IFCPRODUCTDEFINITIONSHAPE($,$,(#518));
#518=IFCTOPOLOGYREPRESENTATION(#99,$,'Vertex',(#519));
#519=IFCVERTEXPOINT(#520);
#520=IFCCARTESIANPOINT((1.0300000E+001,3.0000000E-001,1.4850000E+001));
#521=IFCSTRUCTURALPOINTCONNECTION('3UR6RPn_PEgevHQUn9TgAP',#95,'94',$,$,$,#522,#97,$);
#522=IFCPRODUCTDEFINITIONSHAPE($,$,(#523));
#523=IFCTOPOLOGYREPRESENTATION(#99,$,'Vertex',(#524));
#524=IFCVERTEXPOINT(#525);
#525=IFCCARTESIANPOINT((1.1400000E+001,0.0000000E+000,0.0000000E+000));
#526=IFCSTRUCTURALPOINTCONNECTION('2nnRF7C6z12waZ9CCmosPc',#95,'95',$,$,$,#527,$,$);
#527=IFCPRODUCTDEFINITIONSHAPE($,$,(#528));
#528=IFCTOPOLOGYREPRESENTATION(#99,$,'Vertex',(#529));
#529=IFCVERTEXPOINT(#530);
#530=IFCCARTESIANPOINT((1.1100000E+001,3.0000000E-001,1.4850000E+001));
#531=IFCSTRUCTURALPOINTCONNECTION('2U9DpuQGL1twmDo4SzTDlL',#95,'96',$,$,$,#532,#97,$);
#532=IFCPRODUCTDEFINITIONSHAPE($,$,(#533));
#533=IFCTOPOLOGYREPRESENTATION(#99,$,'Vertex',(#534));
#534=IFCVERTEXPOINT(#535);
#535=IFCCARTESIANPOINT((1.1400000E+001,1.4000000E+000,0.0000000E+000));
#536=IFCSTRUCTURALPOINTCONNECTION('0ZAndVu9z3eQDe628$kacx',#95,'97',$,$,$,#537,$,$);
#537=IFCPRODUCTDEFINITIONSHAPE($,$,(#538));
#538=IFCTOPOLOGYREPRESENTATION(#99,$,'Vertex',(#539));
#539=IFCVERTEXPOINT(#540);
#540=IFCCARTESIANPOINT((1.1100000E+001,1.1000000E+000,1.4850000E+001));
#541=IFCSTRUCTURALPOINTCONNECTION('3MWruhPnr7iO428ssbQ6GJ',#95,'98',$,$,$,#542,#97,$);
#542=IFCPRODUCTDEFINITIONSHAPE($,$,(#543));
#543=IFCTOPOLOGYREPRESENTATION(#99,$,'Vertex',(#544));
#544=IFCVERTEXPOINT(#545);
#545=IFCCARTESIANPOINT((1.0000000E+001,1.4000000E+000,0.0000000E+000));
#546=IFCSTRUCTURALPOINTCONNECTION('2anaiN6Cb2Qxac8V5G5Qw9',#95,'99',$,$,$,#547,$,$);
#547=IFCPRODUCTDEFINITIONSHAPE($,$,(#548));
#548=IFCTOPOLOGYREPRESENTATION(#99,$,'Vertex',(#549));
#549=IFCVERTEXPOINT(#550);
#550=IFCCARTESIANPOINT((1.0300000E+001,1.1000000E+000,1.4850000E+001));
#551=IFCSTRUCTURALPOINTCONNECTION('1uGrlhTBz3mu$VZ2CdIS1e',#95,'100',$,$,$,#555,$,$);
#552=IFCRELCONNECTSSTRUCTURALACTIVITY('1BgNeAcwTFX9mQKZaV$bzX',#3,$,$,#551,#556);
#553=IFCRELCONNECTSSTRUCTURALACTIVITY('2TxIIC7pvAcRclhNOj7bxx',#3,$,$,#551,#557);
#554=IFCRELCONNECTSSTRUCTURALACTIVITY('0tUsZ17WP1WABu9BJtiHgF',#3,$,$,#551,#558);
#555=IFCPRODUCTDEFINITIONSHAPE($,$,(#559));
#556=IFCSTRUCTURALPOINTACTION('00hcJ9MPjBv8Gk9M2gPlub',#3,$,$,$,$,$,#560,.GLOBAL_COORDS.,$);
#557=IFCSTRUCTURALPOINTACTION('3B01NFWq5BjPw9vDzoQ19n',#3,$,$,$,$,$,#561,.GLOBAL_COORDS.,$);
#558=IFCSTRUCTURALPOINTACTION('1geCptVH5CzQIbgwebrsoz',#3,$,$,$,$,$,#562,.GLOBAL_COORDS.,$);
#559=IFCTOPOLOGYREPRESENTATION(#99,$,'Vertex',(#563));
#560=IFCSTRUCTURALLOADSINGLEFORCE($,$,$,-6.0000000E-002,$,$,$);
#561=IFCSTRUCTURALLOADSINGLEFORCE($,$,-1.1700000E+000,$,$,$,$);
#562=IFCSTRUCTURALLOADSINGLEFORCE($,7.0000000E-002,$,$,$,$,$);
#563=IFCVERTEXPOINT(#564);
#564=IFCCARTESIANPOINT((1.0700000E+001,7.0000000E-001,1.5850000E+001));
#565=IFCSTRUCTURALPOINTCONNECTION('34WlWNrbvB3BIjhB4J9R$F',#95,'101',$,$,$,#566,$,$);
#566=IFCPRODUCTDEFINITIONSHAPE($,$,(#567));
#567=IFCTOPOLOGYREPRESENTATION(#99,$,'Vertex',(#568));
#568=IFCVERTEXPOINT(#569);
#569=IFCCARTESIANPOINT((1.0016667E+001,1.6666667E-002,8.2500000E-001));
#570=IFCSTRUCTURALPOINTCONNECTION('1fuJ3CFwH4uRGfNpg9NfA$',#95,'102',$,$,$,#571,$,$);
#571=IFCPRODUCTDEFINITIONSHAPE($,$,(#572));
#572=IFCTOPOLOGYREPRESENTATION(#99,$,'Vertex',(#573));
#573=IFCVERTEXPOINT(#574);
#574=IFCCARTESIANPOINT((1.1383333E+001,1.6666667E-002,8.2500000E-001));
#575=IFCSTRUCTURALPOINTCONNECTION('3puchJC651xAtzIxWdNz5U',#95,'103',$,$,$,#576,$,$);
#576=IFCPRODUCTDEFINITIONSHAPE($,$,(#577));
#577=IFCTOPOLOGYREPRESENTATION(#99,$,'Vertex',(#578));
#578=IFCVERTEXPOINT(#579);
#579=IFCCARTESIANPOINT((1.1383333E+001,1.3833333E+000,8.2500000E-001));
#580=IFCSTRUCTURALPOINTCONNECTION('3uCR790gL4Gh3RTQMD9Elg',#95,'104',$,$,$,#581,$,$);
#581=IFCPRODUCTDEFINITIONSHAPE($,$,(#582));
#582=IFCTOPOLOGYREPRESENTATION(#99,$,'Vertex',(#583));
#583=IFCVERTEXPOINT(#584);
#584=IFCCARTESIANPOINT((1.0016667E+001,1.3833333E+000,8.2500000E-001));
#585=IFCSTRUCTURALPOINTCONNECTION('1V6znPMh12bQ6_GHvCk7de',#95,'105',$,$,$,#586,$,$);
#586=IFCPRODUCTDEFINITIONSHAPE($,$,(#587));
#587=IFCTOPOLOGYREPRESENTATION(#99,$,'Vertex',(#588));
#588=IFCVERTEXPOINT(#589);
#589=IFCCARTESIANPOINT((1.0033333E+001,3.3333333E-002,1.6500000E+000));
#590=IFCSTRUCTURALPOINTCONNECTION('1RU5eUOgf0JvjgoR6ju$At',#95,'106',$,$,$,#591,$,$);
#591=IFCPRODUCTDEFINITIONSHAPE($,$,(#592));
#592=IFCTOPOLOGYREPRESENTATION(#99,$,'Vertex',(#593));
#593=IFCVERTEXPOINT(#594);
#594=IFCCARTESIANPOINT((1.1366667E+001,3.3333333E-002,1.6500000E+000));
#595=IFCSTRUCTURALPOINTCONNECTION('2Ep4SmB9DCGuFB19EBNIdn',#95,'107',$,$,$,#596,$,$);
#596=IFCPRODUCTDEFINITIONSHAPE($,$,(#597));
#597=IFCTOPOLOGYREPRESENTATION(#99,$,'Vertex',(#598));
#598=IFCVERTEXPOINT(#599);
#599=IFCCARTESIANPOINT((1.1366667E+001,1.3666667E+000,1.6500000E+000));
#600=IFCSTRUCTURALPOINTCONNECTION('0bIaKqMTHFo9oX78UptB89',#95,'108',$,$,$,#601,$,$);
#601=IFCPRODUCTDEFINITIONSHAPE($,$,(#602));
#602=IFCTOPOLOGYREPRESENTATION(#99,$,'Vertex',(#603));
#603=IFCVERTEXPOINT(#604);
#604=IFCCARTESIANPOINT((1.0033333E+001,1.3666667E+000,1.6500000E+000));
#605=IFCSTRUCTURALPOINTCONNECTION('1ddecz0kHEHP40dvsLXJPY',#95,'109',$,$,$,#606,$,$);
#606=IFCPRODUCTDEFINITIONSHAPE($,$,(#607));
#607=IFCTOPOLOGYREPRESENTATION(#99,$,'Vertex',(#608));
#608=IFCVERTEXPOINT(#609);
#609=IFCCARTESIANPOINT((1.0050000E+001,5.0000000E-002,2.4750000E+000));
#610=IFCSTRUCTURALPOINTCONNECTION('2IWv3CVUr4WvrhiKn$xgYu',#95,'110',$,$,$,#611,$,$);
#611=IFCPRODUCTDEFINITIONSHAPE($,$,(#612));
#612=IFCTOPOLOGYREPRESENTATION(#99,$,'Vertex',(#613));
#613=IFCVERTEXPOINT(#614);
#614=IFCCARTESIANPOINT((1.1350000E+001,5.0000000E-002,2.4750000E+000));
#615=IFCSTRUCTURALPOINTCONNECTION('09mO1PKQz2Lhn1_Ew9S8YA',#95,'111',$,$,$,#616,$,$);
#616=IFCPRODUCTDEFINITIONSHAPE($,$,(#617));
#617=IFCTOPOLOGYREPRESENTATION(#99,$,'Vertex',(#618));
#618=IFCVERTEXPOINT(#619);
#619=IFCCARTESIANPOINT((1.1350000E+001,1.3500000E+000,2.4750000E+000));
#620=IFCSTRUCTURALPOINTCONNECTION('28bz1I5zD2V99TAVRg4MNG',#95,'112',$,$,$,#621,$,$);
#621=IFCPRODUCTDEFINITIONSHAPE($,$,(#622));
#622=IFCTOPOLOGYREPRESENTATION(#99,$,'Vertex',(#623));
#623=IFCVERTEXPOINT(#624);
#624=IFCCARTESIANPOINT((1.0050000E+001,1.3500000E+000,2.4750000E+000));
#625=IFCSTRUCTURALPOINTCONNECTION('1LpnPqXOz0OxWyAR2d08Ne',#95,'113',$,$,$,#626,$,$);
#626=IFCPRODUCTDEFINITIONSHAPE($,$,(#627));
#627=IFCTOPOLOGYREPRESENTATION(#99,$,'Vertex',(#628));
#628=IFCVERTEXPOINT(#629);
#629=IFCCARTESIANPOINT((1.0066667E+001,6.6666667E-002,3.3000000E+000));
#630=IFCSTRUCTURALPOINTCONNECTION('07JUg6DOn2pAhJ7Y2VyNY7',#95,'114',$,$,$,#631,$,$);
#631=IFCPRODUCTDEFINITIONSHAPE($,$,(#632));
#632=IFCTOPOLOGYREPRESENTATION(#99,$,'Vertex',(#633));
#633=IFCVERTEXPOINT(#634);
#634=IFCCARTESIANPOINT((1.1333333E+001,6.6666667E-002,3.3000000E+000));
#635=IFCSTRUCTURALPOINTCONNECTION('0xDEO_PmTCaRiSGydQC6zE',#95,'115',$,$,$,#636,$,$);
#636=IFCPRODUCTDEFINITIONSHAPE($,$,(#637));
#637=IFCTOPOLOGYREPRESENTATION(#99,$,'Vertex',(#638));
#638=IFCVERTEXPOINT(#639);
#639=IFCCARTESIANPOINT((1.1333333E+001,1.3333333E+000,3.3000000E+000));
#640=IFCSTRUCTURALPOINTCONNECTION('1LHr0fwJn9R9xZzGD00Qn4',#95,'116',$,$,$,#641,$,$);
#641=IFCPRODUCTDEFINITIONSHAPE($,$,(#642));
#642=IFCTOPOLOGYREPRESENTATION(#99,$,'Vertex',(#643));
#643=IFCVERTEXPOINT(#644);
#644=IFCCARTESIANPOINT((1.0066667E+001,1.3333333E+000,3.3000000E+000));
#645=IFCSTRUCTURALPOINTCONNECTION('3PZdh0Z9P3OwLirAoj2M$C',#95,'117',$,$,$,#646,$,$);
#646=IFCPRODUCTDEFINITIONSHAPE($,$,(#647));
#647=IFCTOPOLOGYREPRESENTATION(#99,$,'Vertex',(#648));
#648=IFCVERTEXPOINT(#649);
#649=IFCCARTESIANPOINT((1.0083333E+001,8.3333333E-002,4.1250000E+000));
#650=IFCSTRUCTURALPOINTCONNECTION('3h9UVIFpn9SeDcZ79MC2O5',#95,'118',$,$,$,#651,$,$);
#651=IFCPRODUCTDEFINITIONSHAPE($,$,(#652));
#652=IFCTOPOLOGYREPRESENTATION(#99,$,'Vertex',(#653));
#653=IFCVERTEXPOINT(#654);
#654=IFCCARTESIANPOINT((1.1316667E+001,8.3333333E-002,4.1250000E+000));
#655=IFCSTRUCTURALPOINTCONNECTION('0OZyU745bF19kVhOUZLgWz',#95,'119',$,$,$,#656,$,$);
#656=IFCPRODUCTDEFINITIONSHAPE($,$,(#657));
#657=IFCTOPOLOGYREPRESENTATION(#99,$,'Vertex',(#658));
#658=IFCVERTEXPOINT(#659);
#659=IFCCARTESIANPOINT((1.1316667E+001,1.3166667E+000,4.1250000E+000));
#660=IFCSTRUCTURALPOINTCONNECTION('3tNQ9hDHDBC9v_fzyc1fPu',#95,'120',$,$,$,#661,$,$);
#661=IFCPRODUCTDEFINITIONSHAPE($,$,(#662));
#662=IFCTOPOLOGYREPRESENTATION(#99,$,'Vertex',(#663));
#663=IFCVERTEXPOINT(#664);
#664=IFCCARTESIANPOINT((1.0083333E+001,1.3166667E+000,4.1250000E+000));
#665=IFCSTRUCTURALPOINTCONNECTION('1e8IvnaW14UvrpTnLLJ_yh',#95,'121',$,$,$,#666,$,$);
#666=IFCPRODUCTDEFINITIONSHAPE($,$,(#667));
#667=IFCTOPOLOGYREPRESENTATION(#99,$,'Vertex',(#668));
#668=IFCVERTEXPOINT(#669);
#669=IFCCARTESIANPOINT((1.0100000E+001,1.0000000E-001,4.9500000E+000));
#670=IFCSTRUCTURALPOINTCONNECTION('3eVdIw73X0Zvf6IH5nhxBj',#95,'122',$,$,$,#671,$,$);
#671=IFCPRODUCTDEFINITIONSHAPE($,$,(#672));
#672=IFCTOPOLOGYREPRESENTATION(#99,$,'Vertex',(#673));
#673=IFCVERTEXPOINT(#674);
#674=IFCCARTESIANPOINT((1.1300000E+001,1.0000000E-001,4.9500000E+000));
#675=IFCSTRUCTURALPOINTCONNECTION('188rLIQEfCwxhJUE$xXJGZ',#95,'123',$,$,$,#676,$,$);
#676=IFCPRODUCTDEFINITIONSHAPE($,$,(#677));
#677=IFCTOPOLOGYREPRESENTATION(#99,$,'Vertex',(#678));
#678=IFCVERTEXPOINT(#679);
#679=IFCCARTESIANPOINT((1.1300000E+001,1.3000000E+000,4.9500000E+000));
#680=IFCSTRUCTURALPOINTCONNECTION('1LhKyZYB55RwC1a8w1cRJt',#95,'124',$,$,$,#681,$,$);
#681=IFCPRODUCTDEFINITIONSHAPE($,$,(#682));
#682=IFCTOPOLOGYREPRESENTATION(#99,$,'Vertex',(#683));
#683=IFCVERTEXPOINT(#684);
#684=IFCCARTESIANPOINT((1.0100000E+001,1.3000000E+000,4.9500000E+000));
#685=IFCSTRUCTURALPOINTCONNECTION('1X3tNK2NL7Wuzz2nKGeWep',#95,'125',$,$,$,#686,$,$);
#686=IFCPRODUCTDEFINITIONSHAPE($,$,(#687));
#687=IFCTOPOLOGYREPRESENTATION(#99,$,'Vertex',(#688));
#688=IFCVERTEXPOINT(#689);
#689=IFCCARTESIANPOINT((1.0116667E+001,1.1666667E-001,5.7750000E+000));
#690=IFCSTRUCTURALPOINTCONNECTION('1Y6DkKnmz3cxDcuFGECBay',#95,'126',$,$,$,#691,$,$);
#691=IFCPRODUCTDEFINITIONSHAPE($,$,(#692));
#692=IFCTOPOLOGYREPRESENTATION(#99,$,'Vertex',(#693));
#693=IFCVERTEXPOINT(#694);
#694=IFCCARTESIANPOINT((1.1283333E+001,1.1666667E-001,5.7750000E+000));
#695=IFCSTRUCTURALPOINTCONNECTION('3dM6dkw3f7PxxyIJElw_ct',#95,'127',$,$,$,#696,$,$);
#696=IFCPRODUCTDEFINITIONSHAPE($,$,(#697));
#697=IFCTOPOLOGYREPRESENTATION(#99,$,'Vertex',(#698));
#698=IFCVERTEXPOINT(#699);
#699=IFCCARTESIANPOINT((1.1283333E+001,1.2833333E+000,5.7750000E+000));
#700=IFCSTRUCTURALPOINTCONNECTION('23Yx$gnH15FwFStYLicieA',#95,'128',$,$,$,#701,$,$);
#701=IFCPRODUCTDEFINITIONSHAPE($,$,(#702));
#702=IFCTOPOLOGYREPRESENTATION(#99,$,'Vertex',(#703));
#703=IFCVERTEXPOINT(#704);
#704=IFCCARTESIANPOINT((1.0116667E+001,1.2833333E+000,5.7750000E+000));
#705=IFCSTRUCTURALPOINTCONNECTION('178Y7zmanFufLQ4AxvR65K',#95,'129',$,$,$,#706,$,$);
#706=IFCPRODUCTDEFINITIONSHAPE($,$,(#707));
#707=IFCTOPOLOGYREPRESENTATION(#99,$,'Vertex',(#708));
#708=IFCVERTEXPOINT(#709);
#709=IFCCARTESIANPOINT((1.0133333E+001,1.3333333E-001,6.6000000E+000));
#710=IFCSTRUCTURALPOINTCONNECTION('2FffZh9cT27eI1g5NCqvMs',#95,'130',$,$,$,#711,$,$);
#711=IFCPRODUCTDEFINITIONSHAPE($,$,(#712));
#712=IFCTOPOLOGYREPRESENTATION(#99,$,'Vertex',(#713));
#713=IFCVERTEXPOINT(#714);
#714=IFCCARTESIANPOINT((1.1266667E+001,1.3333333E-001,6.6000000E+000));
#715=IFCSTRUCTURALPOINTCONNECTION('39trl3NufF8RKUhbegRssr',#95,'131',$,$,$,#716,$,$);
#716=IFCPRODUCTDEFINITIONSHAPE($,$,(#717));
#717=IFCTOPOLOGYREPRESENTATION(#99,$,'Vertex',(#718));
#718=IFCVERTEXPOINT(#719);
#719=IFCCARTESIANPOINT((1.1266667E+001,1.2666667E+000,6.6000000E+000));
#720=IFCSTRUCTURALPOINTCONNECTION('03ZTSSfbL0F8ujN$oQNOuk',#95,'132',$,$,$,#721,$,$);
#721=IFCPRODUCTDEFINITIONSHAPE($,$,(#722));
#722=IFCTOPOLOGYREPRESENTATION(#99,$,'Vertex',(#723));
#723=IFCVERTEXPOINT(#724);
#724=IFCCARTESIANPOINT((1.0133333E+001,1.2666667E+000,6.6000000E+000));
#725=IFCSTRUCTURALPOINTCONNECTION('2ZKewUvuXEdAFqhKyemRPl',#95,'133',$,$,$,#726,$,$);
#726=IFCPRODUCTDEFINITIONSHAPE($,$,(#727));
#727=IFCTOPOLOGYREPRESENTATION(#99,$,'Vertex',(#728));
#728=IFCVERTEXPOINT(#729);
#729=IFCCARTESIANPOINT((1.0150000E+001,1.5000000E-001,7.4250000E+000));
#730=IFCSTRUCTURALPOINTCONNECTION('3fTl_I9dL45x2SXxT9UPlm',#95,'134',$,$,$,#731,$,$);
#731=IFCPRODUCTDEFINITIONSHAPE($,$,(#732));
#732=IFCTOPOLOGYREPRESENTATION(#99,$,'Vertex',(#733));
#733=IFCVERTEXPOINT(#734);
#734=IFCCARTESIANPOINT((1.1250000E+001,1.5000000E-001,7.4250000E+000));
#735=IFCSTRUCTURALPOINTCONNECTION('0D_NgrG3XD0wqPHxkSHoiR',#95,'135',$,$,$,#736,$,$);
#736=IFCPRODUCTDEFINITIONSHAPE($,$,(#737));
#737=IFCTOPOLOGYREPRESENTATION(#99,$,'Vertex',(#738));
#738=IFCVERTEXPOINT(#739);
#739=IFCCARTESIANPOINT((1.1250000E+001,1.2500000E+000,7.4250000E+000));
#740=IFCSTRUCTURALPOINTCONNECTION('1Ni$K3M3HCMgDElMDwXMfA',#95,'136',$,$,$,#741,$,$);
#741=IFCPRODUCTDEFINITIONSHAPE($,$,(#742));
#742=IFCTOPOLOGYREPRESENTATION(#99,$,'Vertex',(#743));
#743=IFCVERTEXPOINT(#744);
#744=IFCCARTESIANPOINT((1.0150000E+001,1.2500000E+000,7.4250000E+000));
#745=IFCSTRUCTURALPOINTCONNECTION('3eIHjfFwPFqwWdFFEC4pjC',#95,'137',$,$,$,#746,$,$);
#746=IFCPRODUCTDEFINITIONSHAPE($,$,(#747));
#747=IFCTOPOLOGYREPRESENTATION(#99,$,'Vertex',(#748));
#748=IFCVERTEXPOINT(#749);
#749=IFCCARTESIANPOINT((1.0166667E+001,1.6666667E-001,8.2500000E+000));
#750=IFCSTRUCTURALPOINTCONNECTION('3jgah5OGTDtuZml$up9dNV',#95,'138',$,$,$,#751,$,$);
#751=IFCPRODUCTDEFINITIONSHAPE($,$,(#752));
#752=IFCTOPOLOGYREPRESENTATION(#99,$,'Vertex',(#753));
#753=IFCVERTEXPOINT(#754);
#754=IFCCARTESIANPOINT((1.1233333E+001,1.6666667E-001,8.2500000E+000));
#755=IFCSTRUCTURALPOINTCONNECTION('038yW$PyHCJAAA0YjJK6Bh',#95,'139',$,$,$,#756,$,$);
#756=IFCPRODUCTDEFINITIONSHAPE($,$,(#757));
#757=IFCTOPOLOGYREPRESENTATION(#99,$,'Vertex',(#758));
#758=IFCVERTEXPOINT(#759);
#759=IFCCARTESIANPOINT((1.1233333E+001,1.2333333E+000,8.2500000E+000));
#760=IFCSTRUCTURALPOINTCONNECTION('1nDaWTBkP7zRimtaj2kg4k',#95,'140',$,$,$,#761,$,$);
#761=IFCPRODUCTDEFINITIONSHAPE($,$,(#762));
#762=IFCTOPOLOGYREPRESENTATION(#99,$,'Vertex',(#763));
#763=IFCVERTEXPOINT(#764);
#764=IFCCARTESIANPOINT((1.0166667E+001,1.2333333E+000,8.2500000E+000));
#765=IFCSTRUCTURALPOINTCONNECTION('3znukFnA11$RoVx6aLpQRu',#95,'141',$,$,$,#766,$,$);
#766=IFCPRODUCTDEFINITIONSHAPE($,$,(#767));
#767=IFCTOPOLOGYREPRESENTATION(#99,$,'Vertex',(#768));
#768=IFCVERTEXPOINT(#769);
#769=IFCCARTESIANPOINT((1.0183333E+001,1.8333333E-001,9.0750000E+000));
#770=IFCSTRUCTURALPOINTCONNECTION('0SguHChJT2BP3XtUtSLdA_',#95,'142',$,$,$,#771,$,$);
#771=IFCPRODUCTDEFINITIONSHAPE($,$,(#772));
#772=IFCTOPOLOGYREPRESENTATION(#99,$,'Vertex',(#773));
#773=IFCVERTEXPOINT(#774);
#774=IFCCARTESIANPOINT((1.1216667E+001,1.8333333E-001,9.0750000E+000));
#775=IFCSTRUCTURALPOINTCONNECTION('2HrTTw0Hv8RBpqFno6oUw2',#95,'143',$,$,$,#776,$,$);
#776=IFCPRODUCTDEFINITIONSHAPE($,$,(#777));
#777=IFCTOPOLOGYREPRESENTATION(#99,$,'Vertex',(#778));
#778=IFCVERTEXPOINT(#779);
#779=IFCCARTESIANPOINT((1.1216667E+001,1.2166667E+000,9.0750000E+000));
#780=IFCSTRUCTURALPOINTCONNECTION('3tVrVIirz5vOxZttjDhuUZ',#95,'144',$,$,$,#781,$,$);
#781=IFCPRODUCTDEFINITIONSHAPE($,$,(#782));
#782=IFCTOPOLOGYREPRESENTATION(#99,$,'Vertex',(#783));
#783=IFCVERTEXPOINT(#784);
#784=IFCCARTESIANPOINT((1.0183333E+001,1.2166667E+000,9.0750000E+000));
#785=IFCSTRUCTURALPOINTCONNECTION('32Bqtm_PbAK9UwEFBgdRq9',#95,'145',$,$,$,#786,$,$);
#786=IFCPRODUCTDEFINITIONSHAPE($,$,(#787));
#787=IFCTOPOLOGYREPRESENTATION(#99,$,'Vertex',(#788));
#788=IFCVERTEXPOINT(#789);
#789=IFCCARTESIANPOINT((1.0200000E+001,2.0000000E-001,9.9000000E+000));
#790=IFCSTRUCTURALPOINTCONNECTION('0Z128T2rL1VxprHEtS0DrZ',#95,'146',$,$,$,#791,$,$);
#791=IFCPRODUCTDEFINITIONSHAPE($,$,(#792));
#792=IFCTOPOLOGYREPRESENTATION(#99,$,'Vertex',(#793));
#793=IFCVERTEXPOINT(#794);
#794=IFCCARTESIANPOINT((1.1200000E+001,2.0000000E-001,9.9000000E+000));
#795=IFCSTRUCTURALPOINTCONNECTION('1dEXv4O3z0r9Mr7glZ6mes',#95,'147',$,$,$,#796,$,$);
#796=IFCPRODUCTDEFINITIONSHAPE($,$,(#797));
#797=IFCTOPOLOGYREPRESENTATION(#99,$,'Vertex',(#798));
#798=IFCVERTEXPOINT(#799);
#799=IFCCARTESIANPOINT((1.1200000E+001,1.2000000E+000,9.9000000E+000));
#800=IFCSTRUCTURALPOINTCONNECTION('3MFeqqZCDCxO71oKY8RlII',#95,'148',$,$,$,#801,$,$);
#801=IFCPRODUCTDEFINITIONSHAPE($,$,(#802));
#802=IFCTOPOLOGYREPRESENTATION(#99,$,'Vertex',(#803));
#803=IFCVERTEXPOINT(#804);
#804=IFCCARTESIANPOINT((1.0200000E+001,1.2000000E+000,9.9000000E+000));
#805=IFCSTRUCTURALPOINTCONNECTION('1EB$W7ouj1ue0DXu6WnanC',#95,'149',$,$,$,#806,$,$);
#806=IFCPRODUCTDEFINITIONSHAPE($,$,(#807));
#807=IFCTOPOLOGYREPRESENTATION(#99,$,'Vertex',(#808));
#808=IFCVERTEXPOINT(#809);
#809=IFCCARTESIANPOINT((1.0216667E+001,2.1666667E-001,1.0725000E+001));
#810=IFCSTRUCTURALPOINTCONNECTION('1WiHSBo9bEwfo2w1FgbvpW',#95,'150',$,$,$,#811,$,$);
#811=IFCPRODUCTDEFINITIONSHAPE($,$,(#812));
#812=IFCTOPOLOGYREPRESENTATION(#99,$,'Vertex',(#813));
#813=IFCVERTEXPOINT(#814);
#814=IFCCARTESIANPOINT((1.1183333E+001,2.1666667E-001,1.0725000E+001));
#815=IFCSTRUCTURALPOINTCONNECTION('36w7YW9fv67PKKXIrkmk19',#95,'151',$,$,$,#816,$,$);
#816=IFCPRODUCTDEFINITIONSHAPE($,$,(#817));
#817=IFCTOPOLOGYREPRESENTATION(#99,$,'Vertex',(#818));
#818=IFCVERTEXPOINT(#819);
#819=IFCCARTESIANPOINT((1.1183333E+001,1.1833333E+000,1.0725000E+001));
#820=IFCSTRUCTURALPOINTCONNECTION('2jkCTlVj5CdQ9piXJnj3sH',#95,'152',$,$,$,#821,$,$);
#821=IFCPRODUCTDEFINITIONSHAPE($,$,(#822));
#822=IFCTOPOLOGYREPRESENTATION(#99,$,'Vertex',(#823));
#823=IFCVERTEXPOINT(#824);
#824=IFCCARTESIANPOINT((1.0216667E+001,1.1833333E+000,1.0725000E+001));
#825=IFCSTRUCTURALPOINTCONNECTION('0q_jHMIWr6b8EsX9s26aq3',#95,'153',$,$,$,#826,$,$);
#826=IFCPRODUCTDEFINITIONSHAPE($,$,(#827));
#827=IFCTOPOLOGYREPRESENTATION(#99,$,'Vertex',(#828));
#828=IFCVERTEXPOINT(#829);
#829=IFCCARTESIANPOINT((1.0233333E+001,2.3333333E-001,1.1550000E+001));
#830=IFCSTRUCTURALPOINTCONNECTION('1HF9reGKD9t92o5tGlcfSO',#95,'154',$,$,$,#831,$,$);
#831=IFCPRODUCTDEFINITIONSHAPE($,$,(#832));
#832=IFCTOPOLOGYREPRESENTATION(#99,$,'Vertex',(#833));
#833=IFCVERTEXPOINT(#834);
#834=IFCCARTESIANPOINT((1.1166667E+001,2.3333333E-001,1.1550000E+001));
#835=IFCSTRUCTURALPOINTCONNECTION('2vAY0aAJP73BkcywMf2tOj',#95,'155',$,$,$,#836,$,$);
#836=IFCPRODUCTDEFINITIONSHAPE($,$,(#837));
#837=IFCTOPOLOGYREPRESENTATION(#99,$,'Vertex',(#838));
#838=IFCVERTEXPOINT(#839);
#839=IFCCARTESIANPOINT((1.1166667E+001,1.1666667E+000,1.1550000E+001));
#840=IFCSTRUCTURALPOINTCONNECTION('1C_0GQdvnElhin5feTLPY7',#95,'156',$,$,$,#841,$,$);
#841=IFCPRODUCTDEFINITIONSHAPE($,$,(#842));
#842=IFCTOPOLOGYREPRESENTATION(#99,$,'Vertex',(#843));
#843=IFCVERTEXPOINT(#844);
#844=IFCCARTESIANPOINT((1.0233333E+001,1.1666667E+000,1.1550000E+001));
#845=IFCSTRUCTURALPOINTCONNECTION('13bm5gRiHAdPcCdPR0D_Tl',#95,'157',$,$,$,#846,$,$);
#846=IFCPRODUCTDEFINITIONSHAPE($,$,(#847));
#847=IFCTOPOLOGYREPRESENTATION(#99,$,'Vertex',(#848));
#848=IFCVERTEXPOINT(#849);
#849=IFCCARTESIANPOINT((1.0250000E+001,2.5000000E-001,1.2375000E+001));
#850=IFCSTRUCTURALPOINTCONNECTION('2SNfq1ayT51uzjqRLHCus2',#95,'158',$,$,$,#851,$,$);
#851=IFCPRODUCTDEFINITIONSHAPE($,$,(#852));
#852=IFCTOPOLOGYREPRESENTATION(#99,$,'Vertex',(#853));
#853=IFCVERTEXPOINT(#854);
#854=IFCCARTESIANPOINT((1.1150000E+001,2.5000000E-001,1.2375000E+001));
#855=IFCSTRUCTURALPOINTCONNECTION('1I1Hi3ok179AvKTd_8zrU$',#95,'159',$,$,$,#856,$,$);
#856=IFCPRODUCTDEFINITIONSHAPE($,$,(#857));
#857=IFCTOPOLOGYREPRESENTATION(#99,$,'Vertex',(#858));
#858=IFCVERTEXPOINT(#859);
#859=IFCCARTESIANPOINT((1.1150000E+001,1.1500000E+000,1.2375000E+001));
#860=IFCSTRUCTURALPOINTCONNECTION('36BxC$kNz4ruPN$Dkmx4e9',#95,'160',$,$,$,#861,$,$);
#861=IFCPRODUCTDEFINITIONSHAPE($,$,(#862));
#862=IFCTOPOLOGYREPRESENTATION(#99,$,'Vertex',(#863));
#863=IFCVERTEXPOINT(#864);
#864=IFCCARTESIANPOINT((1.0250000E+001,1.1500000E+000,1.2375000E+001));
#865=IFCSTRUCTURALPOINTCONNECTION('1IYD2RJ0X3B9weiD7HGeVJ',#95,'161',$,$,$,#866,$,$);
#866=IFCPRODUCTDEFINITIONSHAPE($,$,(#867));
#867=IFCTOPOLOGYREPRESENTATION(#99,$,'Vertex',(#868));
#868=IFCVERTEXPOINT(#869);
#869=IFCCARTESIANPOINT((1.0266667E+001,2.6666667E-001,1.3200000E+001));
#870=IFCSTRUCTURALPOINTCONNECTION('3DYztU1i9198ici6trP9Sm',#95,'162',$,$,$,#871,$,$);
#871=IFCPRODUCTDEFINITIONSHAPE($,$,(#872));
#872=IFCTOPOLOGYREPRESENTATION(#99,$,'Vertex',(#873));
#873=IFCVERTEXPOINT(#874);
#874=IFCCARTESIANPOINT((1.1133333E+001,2.6666667E-001,1.3200000E+001));
#875=IFCSTRUCTURALPOINTCONNECTION('2UJFGwxlzBVu874Pw2P_Aj',#95,'163',$,$,$,#876,$,$);
#876=IFCPRODUCTDEFINITIONSHAPE($,$,(#877));
#877=IFCTOPOLOGYREPRESENTATION(#99,$,'Vertex',(#878));
#878=IFCVERTEXPOINT(#879);
#879=IFCCARTESIANPOINT((1.1133333E+001,1.1333333E+000,1.3200000E+001));
#880=IFCSTRUCTURALPOINTCONNECTION('1KkbiTb2nDARuPPMWpUfA6',#95,'164',$,$,$,#881,$,$);
#881=IFCPRODUCTDEFINITIONSHAPE($,$,(#882));
#882=IFCTOPOLOGYREPRESENTATION(#99,$,'Vertex',(#883));
#883=IFCVERTEXPOINT(#884);
#884=IFCCARTESIANPOINT((1.0266667E+001,1.1333333E+000,1.3200000E+001));
#885=IFCSTRUCTURALPOINTCONNECTION('3xgHInfNP0IQsd6vo3Kv9l',#95,'165',$,$,$,#886,$,$);
#886=IFCPRODUCTDEFINITIONSHAPE($,$,(#887));
#887=IFCTOPOLOGYREPRESENTATION(#99,$,'Vertex',(#888));
#888=IFCVERTEXPOINT(#889);
#889=IFCCARTESIANPOINT((1.0283333E+001,2.8333333E-001,1.4025000E+001));
#890=IFCSTRUCTURALPOINTCONNECTION('2ctwXTkdj9BOQsx71qB9iS',#95,'166',$,$,$,#891,$,$);
#891=IFCPRODUCTDEFINITIONSHAPE($,$,(#892));
#892=IFCTOPOLOGYREPRESENTATION(#99,$,'Vertex',(#893));
#893=IFCVERTEXPOINT(#894);
#894=IFCCARTESIANPOINT((1.1116667E+001,2.8333333E-001,1.4025000E+001));
#895=IFCSTRUCTURALPOINTCONNECTION('2XuZyeWXn6HflePbVr$Dp7',#95,'167',$,$,$,#896,$,$);
#896=IFCPRODUCTDEFINITIONSHAPE($,$,(#897));
#897=IFCTOPOLOGYREPRESENTATION(#99,$,'Vertex',(#898));
#898=IFCVERTEXPOINT(#899);
#899=IFCCARTESIANPOINT((1.1116667E+001,1.1166667E+000,1.4025000E+001));
#900=IFCSTRUCTURALPOINTCONNECTION('1foqil1RXFEgU4VEfXejTZ',#95,'168',$,$,$,#901,$,$);
#901=IFCPRODUCTDEFINITIONSHAPE($,$,(#902));
#902=IFCTOPOLOGYREPRESENTATION(#99,$,'Vertex',(#903));
#903=IFCVERTEXPOINT(#904);
#904=IFCCARTESIANPOINT((1.0283333E+001,1.1166667E+000,1.4025000E+001));
#905=IFCSTRUCTURALPOINTCONNECTION('3pIMu2UcH9hRIm_kwxBvZ0',#95,'169',$,$,$,#906,$,$);
#906=IFCPRODUCTDEFINITIONSHAPE($,$,(#907));
#907=IFCTOPOLOGYREPRESENTATION(#99,$,'Vertex',(#908));
#908=IFCVERTEXPOINT(#909);
#909=IFCCARTESIANPOINT((1.0900000E+001,5.0000000E-001,1.5350000E+001));
#910=IFCSTRUCTURALPOINTCONNECTION('0hZCzkW6DEAhrHKb3txqDq',#95,'170',$,$,$,#911,$,$);
#911=IFCPRODUCTDEFINITIONSHAPE($,$,(#912));
#912=IFCTOPOLOGYREPRESENTATION(#99,$,'Vertex',(#913));
#913=IFCVERTEXPOINT(#914);
#914=IFCCARTESIANPOINT((1.0900000E+001,9.0000000E-001,1.5350000E+001));
#915=IFCSTRUCTURALPOINTCONNECTION('2ScpTeVOb9Ou2Bur$m3RdY',#95,'171',$,$,$,#916,$,$);
#916=IFCPRODUCTDEFINITIONSHAPE($,$,(#917));
#917=IFCTOPOLOGYREPRESENTATION(#99,$,'Vertex',(#918));
#918=IFCVERTEXPOINT(#919);
#919=IFCCARTESIANPOINT((1.0500000E+001,9.0000000E-001,1.5350000E+001));
#920=IFCSTRUCTURALPOINTCONNECTION('3taCxsdafBlPjgK6jzJ2Vg',#95,'172',$,$,$,#921,$,$);
#921=IFCPRODUCTDEFINITIONSHAPE($,$,(#922));
#922=IFCTOPOLOGYREPRESENTATION(#99,$,'Vertex',(#923));
#923=IFCVERTEXPOINT(#924);
#924=IFCCARTESIANPOINT((1.0500000E+001,5.0000000E-001,1.5350000E+001));
#925=IFCSTRUCTURALPOINTCONNECTION('3CrDTLgoT3Lg0scnb0r9li',#95,'173',$,$,$,#926,#97,$);
#926=IFCPRODUCTDEFINITIONSHAPE($,$,(#927));
#927=IFCTOPOLOGYREPRESENTATION(#99,$,'Vertex',(#928));
#928=IFCVERTEXPOINT(#929);
#929=IFCCARTESIANPOINT((2.0000000E+001,0.0000000E+000,0.0000000E+000));
#930=IFCSTRUCTURALPOINTCONNECTION('19a8Jz$6j5ePIY_HYr3VEv',#95,'174',$,$,$,#931,$,$);
#931=IFCPRODUCTDEFINITIONSHAPE($,$,(#932));
#932=IFCTOPOLOGYREPRESENTATION(#99,$,'Vertex',(#933));
#933=IFCVERTEXPOINT(#934);
#934=IFCCARTESIANPOINT((2.0300000E+001,3.0000000E-001,1.4850000E+001));
#935=IFCSTRUCTURALPOINTCONNECTION('2X1zhsIIn0GvgSaryRnWMO',#95,'175',$,$,$,#936,#97,$);
#936=IFCPRODUCTDEFINITIONSHAPE($,$,(#937));
#937=IFCTOPOLOGYREPRESENTATION(#99,$,'Vertex',(#938));
#938=IFCVERTEXPOINT(#939);
#939=IFCCARTESIANPOINT((2.1400000E+001,0.0000000E+000,0.0000000E+000));
#940=IFCSTRUCTURALPOINTCONNECTION('1RnzvqLCr2fRehMyoEn4Bo',#95,'176',$,$,$,#941,$,$);
#941=IFCPRODUCTDEFINITIONSHAPE($,$,(#942));
#942=IFCTOPOLOGYREPRESENTATION(#99,$,'Vertex',(#943));
#943=IFCVERTEXPOINT(#944);
#944=IFCCARTESIANPOINT((2.1100000E+001,3.0000000E-001,1.4850000E+001));
#945=IFCSTRUCTURALPOINTCONNECTION('0e8GZ7paP6aBo7CboFpAtE',#95,'177',$,$,$,#946,#97,$);
#946=IFCPRODUCTDEFINITIONSHAPE($,$,(#947));
#947=IFCTOPOLOGYREPRESENTATION(#99,$,'Vertex',(#948));
#948=IFCVERTEXPOINT(#949);
#949=IFCCARTESIANPOINT((2.1400000E+001,1.4000000E+000,0.0000000E+000));
#950=IFCSTRUCTURALPOINTCONNECTION('11XwmPz0T0hvF2JcrvDw5m',#95,'178',$,$,$,#951,$,$);
#951=IFCPRODUCTDEFINITIONSHAPE($,$,(#952));
#952=IFCTOPOLOGYREPRESENTATION(#99,$,'Vertex',(#953));
#953=IFCVERTEXPOINT(#954);
#954=IFCCARTESIANPOINT((2.1100000E+001,1.1000000E+000,1.4850000E+001));
#955=IFCSTRUCTURALPOINTCONNECTION('0Ktj70B_b7IRUcC4nWj8h0',#95,'179',$,$,$,#956,#97,$);
#956=IFCPRODUCTDEFINITIONSHAPE($,$,(#957));
#957=IFCTOPOLOGYREPRESENTATION(#99,$,'Vertex',(#958));
#958=IFCVERTEXPOINT(#959);
#959=IFCCARTESIANPOINT((2.0000000E+001,1.4000000E+000,0.0000000E+000));
#960=IFCSTRUCTURALPOINTCONNECTION('3Y$aMpD7T7nBCUzdodS4Km',#95,'180',$,$,$,#961,$,$);
#961=IFCPRODUCTDEFINITIONSHAPE($,$,(#962));
#962=IFCTOPOLOGYREPRESENTATION(#99,$,'Vertex',(#963));
#963=IFCVERTEXPOINT(#964);
#964=IFCCARTESIANPOINT((2.0300000E+001,1.1000000E+000,1.4850000E+001));
#965=IFCSTRUCTURALPOINTCONNECTION('0eaNju1g948eEUaFjBmpKh',#95,'181',$,$,$,#969,$,$);
#966=IFCRELCONNECTSSTRUCTURALACTIVITY('1juEJ72kLCVgrQmuEk29M4',#3,$,$,#965,#970);
#967=IFCRELCONNECTSSTRUCTURALACTIVITY('3nvhltvWv7mgf2XyDy8uil',#3,$,$,#965,#971);
#968=IFCRELCONNECTSSTRUCTURALACTIVITY('3ZofKxjmr4ivZUJNAG4hSq',#3,$,$,#965,#972);
#969=IFCPRODUCTDEFINITIONSHAPE($,$,(#973));
#970=IFCSTRUCTURALPOINTACTION('3dCXKqUvDD8ROCp70ZX5lL',#3,$,$,$,$,$,#974,.GLOBAL_COORDS.,$);
#971=IFCSTRUCTURALPOINTACTION('0iuMYNsYLFJhqaD2gCsQVy',#3,$,$,$,$,$,#975,.GLOBAL_COORDS.,$);
#972=IFCSTRUCTURALPOINTACTION('13aOLH9_H0afVjSxbjhZPQ',#3,$,$,$,$,$,#976,.GLOBAL_COORDS.,$);
#973=IFCTOPOLOGYREPRESENTATION(#99,$,'Vertex',(#977));
#974=IFCSTRUCTURALLOADSINGLEFORCE($,$,$,-3.0000000E-002,$,$,$);
#975=IFCSTRUCTURALLOADSINGLEFORCE($,-4.9000000E-001,$,$,$,$,$);
#976=IFCSTRUCTURALLOADSINGLEFORCE($,$,3.0000000E-002,$,$,$,$);
#977=IFCVERTEXPOINT(#978);
#978=IFCCARTESIANPOINT((2.0700000E+001,7.0000000E-001,1.5850000E+001));
#979=IFCSTRUCTURALPOINTCONNECTION('2SWnNbZLPBjP28dBJ0UXdy',#95,'182',$,$,$,#980,$,$);
#980=IFCPRODUCTDEFINITIONSHAPE($,$,(#981));
#981=IFCTOPOLOGYREPRESENTATION(#99,$,'Vertex',(#982));
#982=IFCVERTEXPOINT(#983);
#983=IFCCARTESIANPOINT((2.0016667E+001,1.6666667E-002,8.2500000E-001));
#984=IFCSTRUCTURALPOINTCONNECTION('1hH0zXrsD9EOdS9D2Ct1Aj',#95,'183',$,$,$,#985,$,$);
#985=IFCPRODUCTDEFINITIONSHAPE($,$,(#986));
#986=IFCTOPOLOGYREPRESENTATION(#99,$,'Vertex',(#987));
#987=IFCVERTEXPOINT(#988);
#988=IFCCARTESIANPOINT((2.1383333E+001,1.6666667E-002,8.2500000E-001));
#989=IFCSTRUCTURALPOINTCONNECTION('10iNXF2VvFkfBVz5OZFsxL',#95,'184',$,$,$,#990,$,$);
#990=IFCPRODUCTDEFINITIONSHAPE($,$,(#991));
#991=IFCTOPOLOGYREPRESENTATION(#99,$,'Vertex',(#992));
#992=IFCVERTEXPOINT(#993);
#993=IFCCARTESIANPOINT((2.1383333E+001,1.3833333E+000,8.2500000E-001));
#994=IFCSTRUCTURALPOINTCONNECTION('3oAwIPSpL8K9WlIGjL81W2',#95,'185',$,$,$,#995,$,$);
#995=IFCPRODUCTDEFINITIONSHAPE($,$,(#996));
#996=IFCTOPOLOGYREPRESENTATION(#99,$,'Vertex',(#997));
#997=IFCVERTEXPOINT(#998);
#998=IFCCARTESIANPOINT((2.0016667E+001,1.3833333E+000,8.2500000E-001));
#999=IFCSTRUCTURALPOINTCONNECTION('2560U_yaP92Pr196ZrYmhd',#95,'186',$,$,$,#1000,$,$);
#1000=IFCPRODUCTDEFINITIONSHAPE($,$,(#1001));
#1001=IFCTOPOLOGYREPRESENTATION(#99,$,'Vertex',(#1002));
#1002=IFCVERTEXPOINT(#1003);
#1003=IFCCARTESIANPOINT((2.0033333E+001,3.3333333E-002,1.6500000E+000));
#1004=IFCSTRUCTURALPOINTCONNECTION('0y1rr4TPf9NezxvUH1gyUG',#95,'187',$,$,$,#1005,$,$);
#1005=IFCPRODUCTDEFINITIONSHAPE($,$,(#1006));
#1006=IFCTOPOLOGYREPRESENTATION(#99,$,'Vertex',(#1007));
#1007=IFCVERTEXPOINT(#1008);
#1008=IFCCARTESIANPOINT((2.1366667E+001,3.3333333E-002,1.6500000E+000));
#1009=IFCSTRUCTURALPOINTCONNECTION('3p6LZE09j6WPZcYVgootL8',#95,'188',$,$,$,#1010,$,$);
#1010=IFCPRODUCTDEFINITIONSHAPE($,$,(#1011));
#1011=IFCTOPOLOGYREPRESENTATION(#99,$,'Vertex',(#1012));
#1012=IFCVERTEXPOINT(#1013);
#1013=IFCCARTESIANPOINT((2.1366667E+001,1.3666667E+000,1.6500000E+000));
#1014=IFCSTRUCTURALPOINTCONNECTION('0tvvTT1av9rxk9ZfP2Vipt',#95,'189',$,$,$,#1015,$,$);
#1015=IFCPRODUCTDEFINITIONSHAPE($,$,(#1016));
#1016=IFCTOPOLOGYREPRESENTATION(#99,$,'Vertex',(#1017));
#1017=IFCVERTEXPOINT(#1018);
#1018=IFCCARTESIANPOINT((2.0033333E+001,1.3666667E+000,1.6500000E+000));
#1019=IFCSTRUCTURALPOINTCONNECTION('1b27$uGEz1tOFG7HoDAhBL',#95,'190',$,$,$,#1020,$,$);
#1020=IFCPRODUCTDEFINITIONSHAPE($,$,(#1021));
#1021=IFCTOPOLOGYREPRESENTATION(#99,$,'Vertex',(#1022));
#1022=IFCVERTEXPOINT(#1023);
#1023=IFCCARTESIANPOINT((2.0050000E+001,5.0000000E-002,2.4750000E+000));
#1024=IFCSTRUCTURALPOINTCONNECTION('3rvROQDYf0e8k1tUsuKDSJ',#95,'191',$,$,$,#1025,$,$);
#1025=IFCPRODUCTDEFINITIONSHAPE($,$,(#1026));
#1026=IFCTOPOLOGYREPRESENTATION(#99,$,'Vertex',(#1027));
#1027=IFCVERTEXPOINT(#1028);
#1028=IFCCARTESIANPOINT((2.1350000E+001,5.0000000E-002,2.4750000E+000));
#1029=IFCSTRUCTURALPOINTCONNECTION('07PwToPgX24hSq0r0av6AO',#95,'192',$,$,$,#1030,$,$);
#1030=IFCPRODUCTDEFINITIONSHAPE($,$,(#1031));
#1031=IFCTOPOLOGYREPRESENTATION(#99,$,'Vertex',(#1032));
#1032=IFCVERTEXPOINT(#1033);
#1033=IFCCARTESIANPOINT((2.1350000E+001,1.3500000E+000,2.4750000E+000));
#1034=IFCSTRUCTURALPOINTCONNECTION('0CYNTsdcbEXQtVDUg7_$B4',#95,'193',$,$,$,#1035,$,$);
#1035=IFCPRODUCTDEFINITIONSHAPE($,$,(#1036));
#1036=IFCTOPOLOGYREPRESENTATION(#99,$,'Vertex',(#1037));
#1037=IFCVERTEXPOINT(#1038);
#1038=IFCCARTESIANPOINT((2.0050000E+001,1.3500000E+000,2.4750000E+000));
#1039=IFCSTRUCTURALPOINTCONNECTION('1LjGSlTir0gPA76ddabsF1',#95,'194',$,$,$,#1040,$,$);
#1040=IFCPRODUCTDEFINITIONSHAPE($,$,(#1041));
#1041=IFCTOPOLOGYREPRESENTATION(#99,$,'Vertex',(#1042));
#1042=IFCVERTEXPOINT(#1043);
#1043=IFCCARTESIANPOINT((2.0066667E+001,6.6666667E-002,3.3000000E+000));
#1044=IFCSTRUCTURALPOINTCONNECTION('19u2eDdw1ALwpJ4THdDGfp',#95,'195',$,$,$,#1045,$,$);
#1045=IFCPRODUCTDEFINITIONSHAPE($,$,(#1046));
#1046=IFCTOPOLOGYREPRESENTATION(#99,$,'Vertex',(#1047));
#1047=IFCVERTEXPOINT(#1048);
#1048=IFCCARTESIANPOINT((2.1333333E+001,6.6666667E-002,3.3000000E+000));
#1049=IFCSTRUCTURALPOINTCONNECTION('0QN5WPRdz0WxHUcxFKf6o_',#95,'196',$,$,$,#1050,$,$);
#1050=IFCPRODUCTDEFINITIONSHAPE($,$,(#1051));
#1051=IFCTOPOLOGYREPRESENTATION(#99,$,'Vertex',(#1052));
#1052=IFCVERTEXPOINT(#1053);
#1053=IFCCARTESIANPOINT((2.1333333E+001,1.3333333E+000,3.3000000E+000));
#1054=IFCSTRUCTURALPOINTCONNECTION('3snV_VHqz5KRgeueS2qACe',#95,'197',$,$,$,#1055,$,$);
#1055=IFCPRODUCTDEFINITIONSHAPE($,$,(#1056));
#1056=IFCTOPOLOGYREPRESENTATION(#99,$,'Vertex',(#1057));
#1057=IFCVERTEXPOINT(#1058);
#1058=IFCCARTESIANPOINT((2.0066667E+001,1.3333333E+000,3.3000000E+000));
#1059=IFCSTRUCTURALPOINTCONNECTION('3y9G$7pTL5DvZ5YfmMNwFo',#95,'198',$,$,$,#1060,$,$);
#1060=IFCPRODUCTDEFINITIONSHAPE($,$,(#1061));
#1061=IFCTOPOLOGYREPRESENTATION(#99,$,'Vertex',(#1062));
#1062=IFCVERTEXPOINT(#1063);
#1063=IFCCARTESIANPOINT((2.0083333E+001,8.3333333E-002,4.1250000E+000));
#1064=IFCSTRUCTURALPOINTCONNECTION('2Fr4Y_ikX3lO$3Qb5c7TQr',#95,'199',$,$,$,#1065,$,$);
#1065=IFCPRODUCTDEFINITIONSHAPE($,$,(#1066));
#1066=IFCTOPOLOGYREPRESENTATION(#99,$,'Vertex',(#1067));
#1067=IFCVERTEXPOINT(#1068);
#1068=IFCCARTESIANPOINT((2.1316667E+001,8.3333333E-002,4.1250000E+000));
#1069=IFCSTRUCTURALPOINTCONNECTION('3imAIHtkP1uxNbSFeYCB10',#95,'200',$,$,$,#1070,$,$);
#1070=IFCPRODUCTDEFINITIONSHAPE($,$,(#1071));
#1071=IFCTOPOLOGYREPRESENTATION(#99,$,'Vertex',(#1072));
#1072=IFCVERTEXPOINT(#1073);
#1073=IFCCARTESIANPOINT((2.1316667E+001,1.3166667E+000,4.1250000E+000));
#1074=IFCSTRUCTURALPOINTCONNECTION('1tTBqdj$19iP6WlbKbQTpl',#95,'201',$,$,$,#1075,$,$);
#1075=IFCPRODUCTDEFINITIONSHAPE($,$,(#1076));
#1076=IFCTOPOLOGYREPRESENTATION(#99,$,'Vertex',(#1077));
#1077=IFCVERTEXPOINT(#1078);
#1078=IFCCARTESIANPOINT((2.0083333E+001,1.3166667E+000,4.1250000E+000));
#1079=IFCSTRUCTURALPOINTCONNECTION('13fpJgpf90fQhviESDwF8V',#95,'202',$,$,$,#1080,$,$);
#1080=IFCPRODUCTDEFINITIONSHAPE($,$,(#1081));
#1081=IFCTOPOLOGYREPRESENTATION(#99,$,'Vertex',(#1082));
#1082=IFCVERTEXPOINT(#1083);
#1083=IFCCARTESIANPOINT((2.0100000E+001,1.0000000E-001,4.9500000E+000));
#1084=IFCSTRUCTURALPOINTCONNECTION('3t78R0BB10luiOh4rXTS0H',#95,'203',$,$,$,#1085,$,$);
#1085=IFCPRODUCTDEFINITIONSHAPE($,$,(#1086));
#1086=IFCTOPOLOGYREPRESENTATION(#99,$,'Vertex',(#1087));
#1087=IFCVERTEXPOINT(#1088);
#1088=IFCCARTESIANPOINT((2.1300000E+001,1.0000000E-001,4.9500000E+000));
#1089=IFCSTRUCTURALPOINTCONNECTION('1GPnuFoS9Fhx3CiMS_Sk59',#95,'204',$,$,$,#1090,$,$);
#1090=IFCPRODUCTDEFINITIONSHAPE($,$,(#1091));
#1091=IFCTOPOLOGYREPRESENTATION(#99,$,'Vertex',(#1092));
#1092=IFCVERTEXPOINT(#1093);
#1093=IFCCARTESIANPOINT((2.1300000E+001,1.3000000E+000,4.9500000E+000));
#1094=IFCSTRUCTURALPOINTCONNECTION('1P9fYSNkr4Awncqu8stV9s',#95,'205',$,$,$,#1095,$,$);
#1095=IFCPRODUCTDEFINITIONSHAPE($,$,(#1096));
#1096=IFCTOPOLOGYREPRESENTATION(#99,$,'Vertex',(#1097));
#1097=IFCVERTEXPOINT(#1098);
#1098=IFCCARTESIANPOINT((2.0100000E+001,1.3000000E+000,4.9500000E+000));
#1099=IFCSTRUCTURALPOINTCONNECTION('2XqXB1gpr7_B9$8nnV2NQy',#95,'206',$,$,$,#1100,$,$);
#1100=IFCPRODUCTDEFINITIONSHAPE($,$,(#1101));
#1101=IFCTOPOLOGYREPRESENTATION(#99,$,'Vertex',(#1102));
#1102=IFCVERTEXPOINT(#1103);
#1103=IFCCARTESIANPOINT((2.0116667E+001,1.1666667E-001,5.7750000E+000));
#1104=IFCSTRUCTURALPOINTCONNECTION('28wpfVkKj5Mf0SaBluxlHd',#95,'207',$,$,$,#1105,$,$);
#1105=IFCPRODUCTDEFINITIONSHAPE($,$,(#1106));
#1106=IFCTOPOLOGYREPRESENTATION(#99,$,'Vertex',(#1107));
#1107=IFCVERTEXPOINT(#1108);
#1108=IFCCARTESIANPOINT((2.1283333E+001,1.1666667E-001,5.7750000E+000));
#1109=IFCSTRUCTURALPOINTCONNECTION('3NpooGZbnEJRmGJBEGqqFZ',#95,'208',$,$,$,#1110,$,$);
#1110=IFCPRODUCTDEFINITIONSHAPE($,$,(#1111));
#1111=IFCTOPOLOGYREPRESENTATION(#99,$,'Vertex',(#1112));
#1112=IFCVERTEXPOINT(#1113);
#1113=IFCCARTESIANPOINT((2.1283333E+001,1.2833333E+000,5.7750000E+000));
#1114=IFCSTRUCTURALPOINTCONNECTION('2E0kkOpQ58Bww9bNKZKmRN',#95,'209',$,$,$,#1115,$,$);
#1115=IFCPRODUCTDEFINITIONSHAPE($,$,(#1116));
#1116=IFCTOPOLOGYREPRESENTATION(#99,$,'Vertex',(#1117));
#1117=IFCVERTEXPOINT(#1118);
#1118=IFCCARTESIANPOINT((2.0116667E+001,1.2833333E+000,5.7750000E+000));
#1119=IFCSTRUCTURALPOINTCONNECTION('1nCd0BRwvEnOJzS7Rnmakv',#95,'210',$,$,$,#1120,$,$);
#1120=IFCPRODUCTDEFINITIONSHAPE($,$,(#1121));
#1121=IFCTOPOLOGYREPRESENTATION(#99,$,'Vertex',(#1122));
#1122=IFCVERTEXPOINT(#1123);
#1123=IFCCARTESIANPOINT((2.0133333E+001,1.3333333E-001,6.6000000E+000));
#1124=IFCSTRUCTURALPOINTCONNECTION('2PTTV4QdvC7QAI4IfIedqH',#95,'211',$,$,$,#1125,$,$);
#1125=IFCPRODUCTDEFINITIONSHAPE($,$,(#1126));
#1126=IFCTOPOLOGYREPRESENTATION(#99,$,'Vertex',(#1127));
#1127=IFCVERTEXPOINT(#1128);
#1128=IFCCARTESIANPOINT((2.1266667E+001,1.3333333E-001,6.6000000E+000));
#1129=IFCSTRUCTURALPOINTCONNECTION('2sVGBP2YbCjg6u6RCtuRtU',#95,'212',$,$,$,#1130,$,$);
#1130=IFCPRODUCTDEFINITIONSHAPE($,$,(#1131));
#1131=IFCTOPOLOGYREPRESENTATION(#99,$,'Vertex',(#1132));
#1132=IFCVERTEXPOINT(#1133);
#1133=IFCCARTESIANPOINT((2.1266667E+001,1.2666667E+000,6.6000000E+000));
#1134=IFCSTRUCTURALPOINTCONNECTION('1VaJkBbn5ClunkUXSVX45e',#95,'213',$,$,$,#1135,$,$);
#1135=IFCPRODUCTDEFINITIONSHAPE($,$,(#1136));
#1136=IFCTOPOLOGYREPRESENTATION(#99,$,'Vertex',(#1137));
#1137=IFCVERTEXPOINT(#1138);
#1138=IFCCARTESIANPOINT((2.0133333E+001,1.2666667E+000,6.6000000E+000));
#1139=IFCSTRUCTURALPOINTCONNECTION('1tJgFQ2wv7o8bKCcO7kf3Q',#95,'214',$,$,$,#1140,$,$);
#1140=IFCPRODUCTDEFINITIONSHAPE($,$,(#1141));
#1141=IFCTOPOLOGYREPRESENTATION(#99,$,'Vertex',(#1142));
#1142=IFCVERTEXPOINT(#1143);
#1143=IFCCARTESIANPOINT((2.0150000E+001,1.5000000E-001,7.4250000E+000));
#1144=IFCSTRUCTURALPOINTCONNECTION('2v0O7mDBv2pfftrEti4NLQ',#95,'215',$,$,$,#1145,$,$);
#1145=IFCPRODUCTDEFINITIONSHAPE($,$,(#1146));
#1146=IFCTOPOLOGYREPRESENTATION(#99,$,'Vertex',(#1147));
#1147=IFCVERTEXPOINT(#1148);
#1148=IFCCARTESIANPOINT((2.1250000E+001,1.5000000E-001,7.4250000E+000));
#1149=IFCSTRUCTURALPOINTCONNECTION('06OUbQvTj6YQe4WfAwseXo',#95,'216',$,$,$,#1150,$,$);
#1150=IFCPRODUCTDEFINITIONSHAPE($,$,(#1151));
#1151=IFCTOPOLOGYREPRESENTATION(#99,$,'Vertex',(#1152));
#1152=IFCVERTEXPOINT(#1153);
#1153=IFCCARTESIANPOINT((2.1250000E+001,1.2500000E+000,7.4250000E+000));
#1154=IFCSTRUCTURALPOINTCONNECTION('2KymWmXbXERPobVzKqX9Le',#95,'217',$,$,$,#1155,$,$);
#1155=IFCPRODUCTDEFINITIONSHAPE($,$,(#1156));
#1156=IFCTOPOLOGYREPRESENTATION(#99,$,'Vertex',(#1157));
#1157=IFCVERTEXPOINT(#1158);
#1158=IFCCARTESIANPOINT((2.0150000E+001,1.2500000E+000,7.4250000E+000));
#1159=IFCSTRUCTURALPOINTCONNECTION('1CV8$ZBVTDAQ7yKcHtvuwA',#95,'218',$,$,$,#1160,$,$);
#1160=IFCPRODUCTDEFINITIONSHAPE($,$,(#1161));
#1161=IFCTOPOLOGYREPRESENTATION(#99,$,'Vertex',(#1162));
#1162=IFCVERTEXPOINT(#1163);
#1163=IFCCARTESIANPOINT((2.0166667E+001,1.6666667E-001,8.2500000E+000));
#1164=IFCSTRUCTURALPOINTCONNECTION('1XDwI$X55DyuC0wFLgD7zG',#95,'219',$,$,$,#1165,$,$);
#1165=IFCPRODUCTDEFINITIONSHAPE($,$,(#1166));
#1166=IFCTOPOLOGYREPRESENTATION(#99,$,'Vertex',(#1167));
#1167=IFCVERTEXPOINT(#1168);
#1168=IFCCARTESIANPOINT((2.1233333E+001,1.6666667E-001,8.2500000E+000));
#1169=IFCSTRUCTURALPOINTCONNECTION('0j$dAUg3DDJ99BtcWUhShV',#95,'220',$,$,$,#1170,$,$);
#1170=IFCPRODUCTDEFINITIONSHAPE($,$,(#1171));
#1171=IFCTOPOLOGYREPRESENTATION(#99,$,'Vertex',(#1172));
#1172=IFCVERTEXPOINT(#1173);
#1173=IFCCARTESIANPOINT((2.1233333E+001,1.2333333E+000,8.2500000E+000));
#1174=IFCSTRUCTURALPOINTCONNECTION('3oJFR_T299FxFtwy1r7dWc',#95,'221',$,$,$,#1175,$,$);
#1175=IFCPRODUCTDEFINITIONSHAPE($,$,(#1176));
#1176=IFCTOPOLOGYREPRESENTATION(#99,$,'Vertex',(#1177));
#1177=IFCVERTEXPOINT(#1178);
#1178=IFCCARTESIANPOINT((2.0166667E+001,1.2333333E+000,8.2500000E+000));
#1179=IFCSTRUCTURALPOINTCONNECTION('3ZQQ7pKe58UwnzgKMBakAg',#95,'222',$,$,$,#1180,$,$);
#1180=IFCPRODUCTDEFINITIONSHAPE($,$,(#1181));
#1181=IFCTOPOLOGYREPRESENTATION(#99,$,'Vertex',(#1182));
#1182=IFCVERTEXPOINT(#1183);
#1183=IFCCARTESIANPOINT((2.0183333E+001,1.8333333E-001,9.0750000E+000));
#1184=IFCSTRUCTURALPOINTCONNECTION('2K31yqkML3_REPZDqAJUHT',#95,'223',$,$,$,#1185,$,$);
#1185=IFCPRODUCTDEFINITIONSHAPE($,$,(#1186));
#1186=IFCTOPOLOGYREPRESENTATION(#99,$,'Vertex',(#1187));
#1187=IFCVERTEXPOINT(#1188);
#1188=IFCCARTESIANPOINT((2.1216667E+001,1.8333333E-001,9.0750000E+000));
#1189=IFCSTRUCTURALPOINTCONNECTION('11I3ZLLtr4zQ5E4WpE5IQG',#95,'224',$,$,$,#1190,$,$);
#1190=IFCPRODUCTDEFINITIONSHAPE($,$,(#1191));
#1191=IFCTOPOLOGYREPRESENTATION(#99,$,'Vertex',(#1192));
#1192=IFCVERTEXPOINT(#1193);
#1193=IFCCARTESIANPOINT((2.1216667E+001,1.2166667E+000,9.0750000E+000));
#1194=IFCSTRUCTURALPOINTCONNECTION('0Ej8fe1AfBP968aRYfUIKo',#95,'225',$,$,$,#1195,$,$);
#1195=IFCPRODUCTDEFINITIONSHAPE($,$,(#1196));
#1196=IFCTOPOLOGYREPRESENTATION(#99,$,'Vertex',(#1197));
#1197=IFCVERTEXPOINT(#1198);
#1198=IFCCARTESIANPOINT((2.0183333E+001,1.2166667E+000,9.0750000E+000));
#1199=IFCSTRUCTURALPOINTCONNECTION('1MMnnW8ND2ghzx8b6CubVh',#95,'226',$,$,$,#1200,$,$);
#1200=IFCPRODUCTDEFINITIONSHAPE($,$,(#1201));
#1201=IFCTOPOLOGYREPRESENTATION(#99,$,'Vertex',(#1202));
#1202=IFCVERTEXPOINT(#1203);
#1203=IFCCARTESIANPOINT((2.0200000E+001,2.0000000E-001,9.9000000E+000));
#1204=IFCSTRUCTURALPOINTCONNECTION('2n6Per86HFcPCkEsFJOSva',#95,'227',$,$,$,#1205,$,$);
#1205=IFCPRODUCTDEFINITIONSHAPE($,$,(#1206));
#1206=IFCTOPOLOGYREPRESENTATION(#99,$,'Vertex',(#1207));
#1207=IFCVERTEXPOINT(#1208);
#1208=IFCCARTESIANPOINT((2.1200000E+001,2.0000000E-001,9.9000000E+000));
#1209=IFCSTRUCTURALPOINTCONNECTION('1cGXhKyaz5R9cyUycJtD0S',#95,'228',$,$,$,#1210,$,$);
#1210=IFCPRODUCTDEFINITIONSHAPE($,$,(#1211));
#1211=IFCTOPOLOGYREPRESENTATION(#99,$,'Vertex',(#1212));
#1212=IFCVERTEXPOINT(#1213);
#1213=IFCCARTESIANPOINT((2.1200000E+001,1.2000000E+000,9.9000000E+000));
#1214=IFCSTRUCTURALPOINTCONNECTION('0Ykk_oGGj9oANhtZLs1EI2',#95,'229',$,$,$,#1215,$,$);
#1215=IFCPRODUCTDEFINITIONSHAPE($,$,(#1216));
#1216=IFCTOPOLOGYREPRESENTATION(#99,$,'Vertex',(#1217));
#1217=IFCVERTEXPOINT(#1218);
#1218=IFCCARTESIANPOINT((2.0200000E+001,1.2000000E+000,9.9000000E+000));
#1219=IFCSTRUCTURALPOINTCONNECTION('2nBh1$P7r28eNa5CAJESdS',#95,'230',$,$,$,#1220,$,$);
#1220=IFCPRODUCTDEFINITIONSHAPE($,$,(#1221));
#1221=IFCTOPOLOGYREPRESENTATION(#99,$,'Vertex',(#1222));
#1222=IFCVERTEXPOINT(#1223);
#1223=IFCCARTESIANPOINT((2.0216667E+001,2.1666667E-001,1.0725000E+001));
#1224=IFCSTRUCTURALPOINTCONNECTION('2P4BYQkID6hwyOEbgS_Xt5',#95,'231',$,$,$,#1225,$,$);
#1225=IFCPRODUCTDEFINITIONSHAPE($,$,(#1226));
#1226=IFCTOPOLOGYREPRESENTATION(#99,$,'Vertex',(#1227));
#1227=IFCVERTEXPOINT(#1228);
#1228=IFCCARTESIANPOINT((2.1183333E+001,2.1666667E-001,1.0725000E+001));
#1229=IFCSTRUCTURALPOINTCONNECTION('1kMu$y4iH2PeC6NFvQ2gfe',#95,'232',$,$,$,#1230,$,$);
#1230=IFCPRODUCTDEFINITIONSHAPE($,$,(#1231));
#1231=IFCTOPOLOGYREPRESENTATION(#99,$,'Vertex',(#1232));
#1232=IFCVERTEXPOINT(#1233);
#1233=IFCCARTESIANPOINT((2.1183333E+001,1.1833333E+000,1.0725000E+001));
#1234=IFCSTRUCTURALPOINTCONNECTION('0WO0kyIDv8nfOGwXgpjbPO',#95,'233',$,$,$,#1235,$,$);
#1235=IFCPRODUCTDEFINITIONSHAPE($,$,(#1236));
#1236=IFCTOPOLOGYREPRESENTATION(#99,$,'Vertex',(#1237));
#1237=IFCVERTEXPOINT(#1238);
#1238=IFCCARTESIANPOINT((2.0216667E+001,1.1833333E+000,1.0725000E+001));
#1239=IFCSTRUCTURALPOINTCONNECTION('0icnUBzuf80hVfEEZXTofw',#95,'234',$,$,$,#1240,$,$);
#1240=IFCPRODUCTDEFINITIONSHAPE($,$,(#1241));
#1241=IFCTOPOLOGYREPRESENTATION(#99,$,'Vertex',(#1242));
#1242=IFCVERTEXPOINT(#1243);
#1243=IFCCARTESIANPOINT((2.0233333E+001,2.3333333E-001,1.1550000E+001));
#1244=IFCSTRUCTURALPOINTCONNECTION('05xDVzyoT19PkaDr7HDBw4',#95,'235',$,$,$,#1245,$,$);
#1245=IFCPRODUCTDEFINITIONSHAPE($,$,(#1246));
#1246=IFCTOPOLOGYREPRESENTATION(#99,$,'Vertex',(#1247));
#1247=IFCVERTEXPOINT(#1248);
#1248=IFCCARTESIANPOINT((2.1166667E+001,2.3333333E-001,1.1550000E+001));
#1249=IFCSTRUCTURALPOINTCONNECTION('1V7ypkPHD6BvNG2pDHsELu',#95,'236',$,$,$,#1250,$,$);
#1250=IFCPRODUCTDEFINITIONSHAPE($,$,(#1251));
#1251=IFCTOPOLOGYREPRESENTATION(#99,$,'Vertex',(#1252));
#1252=IFCVERTEXPOINT(#1253);
#1253=IFCCARTESIANPOINT((2.1166667E+001,1.1666667E+000,1.1550000E+001));
#1254=IFCSTRUCTURALPOINTCONNECTION('0pSosT045C1O5R8QfE33T8',#95,'237',$,$,$,#1255,$,$);
#1255=IFCPRODUCTDEFINITIONSHAPE($,$,(#1256));
#1256=IFCTOPOLOGYREPRESENTATION(#99,$,'Vertex',(#1257));
#1257=IFCVERTEXPOINT(#1258);
#1258=IFCCARTESIANPOINT((2.0233333E+001,1.1666667E+000,1.1550000E+001));
#1259=IFCSTRUCTURALPOINTCONNECTION('2mBbrt9$nBWPUEoK4Rz$eV',#95,'238',$,$,$,#1260,$,$);
#1260=IFCPRODUCTDEFINITIONSHAPE($,$,(#1261));
#1261=IFCTOPOLOGYREPRESENTATION(#99,$,'Vertex',(#1262));
#1262=IFCVERTEXPOINT(#1263);
#1263=IFCCARTESIANPOINT((2.0250000E+001,2.5000000E-001,1.2375000E+001));
#1264=IFCSTRUCTURALPOINTCONNECTION('1Uns$Po4TCLO4VfdIJ_ENt',#95,'239',$,$,$,#1265,$,$);
#1265=IFCPRODUCTDEFINITIONSHAPE($,$,(#1266));
#1266=IFCTOPOLOGYREPRESENTATION(#99,$,'Vertex',(#1267));
#1267=IFCVERTEXPOINT(#1268);
#1268=IFCCARTESIANPOINT((2.1150000E+001,2.5000000E-001,1.2375000E+001));
#1269=IFCSTRUCTURALPOINTCONNECTION('0lqna$dxP4zwFkLpgu3GM9',#95,'240',$,$,$,#1270,$,$);
#1270=IFCPRODUCTDEFINITIONSHAPE($,$,(#1271));
#1271=IFCTOPOLOGYREPRESENTATION(#99,$,'Vertex',(#1272));
#1272=IFCVERTEXPOINT(#1273);
#1273=IFCCARTESIANPOINT((2.1150000E+001,1.1500000E+000,1.2375000E+001));
#1274=IFCSTRUCTURALPOINTCONNECTION('2ZZ1QSWRT8JgXvuegf4UZY',#95,'241',$,$,$,#1275,$,$);
#1275=IFCPRODUCTDEFINITIONSHAPE($,$,(#1276));
#1276=IFCTOPOLOGYREPRESENTATION(#99,$,'Vertex',(#1277));
#1277=IFCVERTEXPOINT(#1278);
#1278=IFCCARTESIANPOINT((2.0250000E+001,1.1500000E+000,1.2375000E+001));
#1279=IFCSTRUCTURALPOINTCONNECTION('3qGjGoMoDFRuX9ukOzM2Tp',#95,'242',$,$,$,#1280,$,$);
#1280=IFCPRODUCTDEFINITIONSHAPE($,$,(#1281));
#1281=IFCTOPOLOGYREPRESENTATION(#99,$,'Vertex',(#1282));
#1282=IFCVERTEXPOINT(#1283);
#1283=IFCCARTESIANPOINT((2.0266667E+001,2.6666667E-001,1.3200000E+001));
#1284=IFCSTRUCTURALPOINTCONNECTION('1I7N56Dl15wfja$GGOx4pa',#95,'243',$,$,$,#1285,$,$);
#1285=IFCPRODUCTDEFINITIONSHAPE($,$,(#1286));
#1286=IFCTOPOLOGYREPRESENTATION(#99,$,'Vertex',(#1287));
#1287=IFCVERTEXPOINT(#1288);
#1288=IFCCARTESIANPOINT((2.1133333E+001,2.6666667E-001,1.3200000E+001));
#1289=IFCSTRUCTURALPOINTCONNECTION('2Ed15K6RX0VgRcosny3gtW',#95,'244',$,$,$,#1290,$,$);
#1290=IFCPRODUCTDEFINITIONSHAPE($,$,(#1291));
#1291=IFCTOPOLOGYREPRESENTATION(#99,$,'Vertex',(#1292));
#1292=IFCVERTEXPOINT(#1293);
#1293=IFCCARTESIANPOINT((2.1133333E+001,1.1333333E+000,1.3200000E+001));
#1294=IFCSTRUCTURALPOINTCONNECTION('1sEf0RMB1DNOqh7QiwU1dn',#95,'245',$,$,$,#1295,$,$);
#1295=IFCPRODUCTDEFINITIONSHAPE($,$,(#1296));
#1296=IFCTOPOLOGYREPRESENTATION(#99,$,'Vertex',(#1297));
#1297=IFCVERTEXPOINT(#1298);
#1298=IFCCARTESIANPOINT((2.0266667E+001,1.1333333E+000,1.3200000E+001));
#1299=IFCSTRUCTURALPOINTCONNECTION('1pQobToDnFtfXBycGlHlSL',#95,'246',$,$,$,#1300,$,$);
#1300=IFCPRODUCTDEFINITIONSHAPE($,$,(#1301));
#1301=IFCTOPOLOGYREPRESENTATION(#99,$,'Vertex',(#1302));
#1302=IFCVERTEXPOINT(#1303);
#1303=IFCCARTESIANPOINT((2.0283333E+001,2.8333333E-001,1.4025000E+001));
#1304=IFCSTRUCTURALPOINTCONNECTION('2CtUTYUnD9F9dsaiqs009F',#95,'247',$,$,$,#1305,$,$);
#1305=IFCPRODUCTDEFINITIONSHAPE($,$,(#1306));
#1306=IFCTOPOLOGYREPRESENTATION(#99,$,'Vertex',(#1307));
#1307=IFCVERTEXPOINT(#1308);
#1308=IFCCARTESIANPOINT((2.1116667E+001,2.8333333E-001,1.4025000E+001));
#1309=IFCSTRUCTURALPOINTCONNECTION('04PqLoBsXBVhQuipveZmos',#95,'248',$,$,$,#1310,$,$);
#1310=IFCPRODUCTDEFINITIONSHAPE($,$,(#1311));
#1311=IFCTOPOLOGYREPRESENTATION(#99,$,'Vertex',(#1312));
#1312=IFCVERTEXPOINT(#1313);
#1313=IFCCARTESIANPOINT((2.1116667E+001,1.1166667E+000,1.4025000E+001));
#1314=IFCSTRUCTURALPOINTCONNECTION('2s8BpWvxz0Y88JSvyzcgzf',#95,'249',$,$,$,#1315,$,$);
#1315=IFCPRODUCTDEFINITIONSHAPE($,$,(#1316));
#1316=IFCTOPOLOGYREPRESENTATION(#99,$,'Vertex',(#1317));
#1317=IFCVERTEXPOINT(#1318);
#1318=IFCCARTESIANPOINT((2.0283333E+001,1.1166667E+000,1.4025000E+001));
#1319=IFCSTRUCTURALPOINTCONNECTION('3vt2Y9b_jFeBYbYIMXVj_P',#95,'250',$,$,$,#1320,$,$);
#1320=IFCPRODUCTDEFINITIONSHAPE($,$,(#1321));
#1321=IFCTOPOLOGYREPRESENTATION(#99,$,'Vertex',(#1322));
#1322=IFCVERTEXPOINT(#1323);
#1323=IFCCARTESIANPOINT((2.0900000E+001,5.0000000E-001,1.5350000E+001));
#1324=IFCSTRUCTURALPOINTCONNECTION('0H1VTnwXD5QPTK8i$tF2R1',#95,'251',$,$,$,#1325,$,$);
#1325=IFCPRODUCTDEFINITIONSHAPE($,$,(#1326));
#1326=IFCTOPOLOGYREPRESENTATION(#99,$,'Vertex',(#1327));
#1327=IFCVERTEXPOINT(#1328);
#1328=IFCCARTESIANPOINT((2.0900000E+001,9.0000000E-001,1.5350000E+001));
#1329=IFCSTRUCTURALPOINTCONNECTION('2z73JYPH5EKhYtzQwGoDkB',#95,'252',$,$,$,#1330,$,$);
#1330=IFCPRODUCTDEFINITIONSHAPE($,$,(#1331));
#1331=IFCTOPOLOGYREPRESENTATION(#99,$,'Vertex',(#1332));
#1332=IFCVERTEXPOINT(#1333);
#1333=IFCCARTESIANPOINT((2.0500000E+001,9.0000000E-001,1.5350000E+001));
#1334=IFCSTRUCTURALPOINTCONNECTION('33$cVwFeX32RP3cYU3S$bj',#95,'253',$,$,$,#1335,$,$);
#1335=IFCPRODUCTDEFINITIONSHAPE($,$,(#1336));
#1336=IFCTOPOLOGYREPRESENTATION(#99,$,'Vertex',(#1337));
#1337=IFCVERTEXPOINT(#1338);
#1338=IFCCARTESIANPOINT((2.0500000E+001,5.0000000E-001,1.5350000E+001));
#1339=IFCSTRUCTURALPOINTCONNECTION('10luAnnVPDQABgyru0wxUm',#95,'254',$,$,$,#1340,$,$);
#1340=IFCPRODUCTDEFINITIONSHAPE($,$,(#1341));
#1341=IFCTOPOLOGYREPRESENTATION(#99,$,'Vertex',(#1342));
#1342=IFCVERTEXPOINT(#1343);
#1343=IFCCARTESIANPOINT((2.1500000E+000,3.0000000E-001,1.4050000E+001));
#1344=IFCSTRUCTURALPOINTCONNECTION('2hjvskodz2YAkThnEWS1fJ',#95,'255',$,$,$,#1345,$,$);
#1345=IFCPRODUCTDEFINITIONSHAPE($,$,(#1346));
#1346=IFCTOPOLOGYREPRESENTATION(#99,$,'Vertex',(#1347));
#1347=IFCVERTEXPOINT(#1348);
#1348=IFCCARTESIANPOINT((2.1500000E+000,1.1000000E+000,1.4050000E+001));
#1349=IFCSTRUCTURALPOINTCONNECTION('0rVEG9VZT9Wvrlhq2NQq99',#95,'256',$,$,$,#1350,$,$);
#1350=IFCPRODUCTDEFINITIONSHAPE($,$,(#1351));
#1351=IFCTOPOLOGYREPRESENTATION(#99,$,'Vertex',(#1352));
#1352=IFCVERTEXPOINT(#1353);
#1353=IFCCARTESIANPOINT((9.2500000E+000,1.1000000E+000,1.4050000E+001));
#1354=IFCSTRUCTURALPOINTCONNECTION('1rzHD9PM14uONd_Oa47yJl',#95,'257',$,$,$,#1355,$,$);
#1355=IFCPRODUCTDEFINITIONSHAPE($,$,(#1356));
#1356=IFCTOPOLOGYREPRESENTATION(#99,$,'Vertex',(#1357));
#1357=IFCVERTEXPOINT(#1358);
#1358=IFCCARTESIANPOINT((9.2500000E+000,3.0000000E-001,1.4050000E+001));
#1359=IFCSTRUCTURALPOINTCONNECTION('0sTKnyXt9E6vuilBLz25me',#95,'258',$,$,$,#1360,$,$);
#1360=IFCPRODUCTDEFINITIONSHAPE($,$,(#1361));
#1361=IFCTOPOLOGYREPRESENTATION(#99,$,'Vertex',(#1362));
#1362=IFCVERTEXPOINT(#1363);
#1363=IFCCARTESIANPOINT((2.1500000E+000,3.0000000E-001,1.4850000E+001));
#1364=IFCSTRUCTURALPOINTCONNECTION('2dKKANzgT1TP2bXvr9u8E4',#95,'259',$,$,$,#1365,$,$);
#1365=IFCPRODUCTDEFINITIONSHAPE($,$,(#1366));
#1366=IFCTOPOLOGYREPRESENTATION(#99,$,'Vertex',(#1367));
#1367=IFCVERTEXPOINT(#1368);
#1368=IFCCARTESIANPOINT((2.1500000E+000,1.1000000E+000,1.4850000E+001));
#1369=IFCSTRUCTURALPOINTCONNECTION('19JpOSOT9DhQcnYyu9mY4b',#95,'260',$,$,$,#1373,$,$);
#1370=IFCRELCONNECTSSTRUCTURALACTIVITY('0VBHBpliLBfxrTj5hrI2eP',#3,$,$,#1369,#1374);
#1371=IFCRELCONNECTSSTRUCTURALACTIVITY('0K1ugD16f7Fg9_6NxmaQTY',#3,$,$,#1369,#1375);
#1372=IFCRELCONNECTSSTRUCTURALACTIVITY('2vHNGVGxP8$R0tqYCau5eq',#3,$,$,#1369,#1376);
#1373=IFCPRODUCTDEFINITIONSHAPE($,$,(#1377));
#1374=IFCSTRUCTURALPOINTACTION('1foEmFP896IO09gPtp8ebn',#3,$,$,$,$,$,#1378,.GLOBAL_COORDS.,$);
#1375=IFCSTRUCTURALPOINTACTION('3KTnXuNaLA2Q1quOm4qM8A',#3,$,$,$,$,$,#1379,.GLOBAL_COORDS.,$);
#1376=IFCSTRUCTURALPOINTACTION('1t$R$k3$L8sOZMnTCbqcSP',#3,$,$,$,$,$,#1380,.GLOBAL_COORDS.,$);
#1377=IFCTOPOLOGYREPRESENTATION(#99,$,'Vertex',(#1381));
#1378=IFCSTRUCTURALLOADSINGLEFORCE($,$,$,-9.0000000E-002,$,$,$);
#1379=IFCSTRUCTURALLOADSINGLEFORCE($,$,-1.7600000E+000,$,$,$,$);
#1380=IFCSTRUCTURALLOADSINGLEFORCE($,1.0000000E-001,$,$,$,$,$);
#1381=IFCVERTEXPOINT(#1382);
#1382=IFCCARTESIANPOINT((3.2000000E+000,3.0000000E-001,1.4850000E+001));
#1383=IFCSTRUCTURALPOINTCONNECTION('2uRUDrjdv9XAXRzxJ2R0CA',#95,'262',$,$,$,#1384,$,$);
#1384=IFCPRODUCTDEFINITIONSHAPE($,$,(#1385));
#1385=IFCTOPOLOGYREPRESENTATION(#99,$,'Vertex',(#1386));
#1386=IFCVERTEXPOINT(#1387);
#1387=IFCCARTESIANPOINT((3.2000000E+000,1.1000000E+000,1.4850000E+001));
#1388=IFCSTRUCTURALPOINTCONNECTION('0VLgbA$FbAUOpMfSOBLRDK',#95,'264',$,$,$,#1389,$,$);
#1389=IFCPRODUCTDEFINITIONSHAPE($,$,(#1390));
#1390=IFCTOPOLOGYREPRESENTATION(#99,$,'Vertex',(#1391));
#1391=IFCVERTEXPOINT(#1392);
#1392=IFCCARTESIANPOINT((4.4500000E+000,3.0000000E-001,1.4850000E+001));
#1393=IFCSTRUCTURALPOINTCONNECTION('0niBnx2xnFPe72vVup3sGU',#95,'266',$,$,$,#1394,$,$);
#1394=IFCPRODUCTDEFINITIONSHAPE($,$,(#1395));
#1395=IFCTOPOLOGYREPRESENTATION(#99,$,'Vertex',(#1396));
#1396=IFCVERTEXPOINT(#1397);
#1397=IFCCARTESIANPOINT((4.4500000E+000,1.1000000E+000,1.4850000E+001));
#1398=IFCSTRUCTURALPOINTCONNECTION('1XXYsh_If31RW1KD3cuLNL',#95,'268',$,$,$,#1402,$,$);
#1399=IFCRELCONNECTSSTRUCTURALACTIVITY('2ZLE$M_V9CMBfvv$CRdiH_',#3,$,$,#1398,#1403);
#1400=IFCRELCONNECTSSTRUCTURALACTIVITY('2EsWo$s$5Evx8iUZcwoP5x',#3,$,$,#1398,#1404);
#1401=IFCRELCONNECTSSTRUCTURALACTIVITY('2w0iws06H99R5BXJC$qPFR',#3,$,$,#1398,#1405);
#1402=IFCPRODUCTDEFINITIONSHAPE($,$,(#1406));
#1403=IFCSTRUCTURALPOINTACTION('17HnKYl65Aex09Cm3qpkyR',#3,$,$,$,$,$,#1407,.GLOBAL_COORDS.,$);
#1404=IFCSTRUCTURALPOINTACTION('0cHwSEnYfDPODnMPBjYWJv',#3,$,$,$,$,$,#1408,.GLOBAL_COORDS.,$);
#1405=IFCSTRUCTURALPOINTACTION('3l6OJUTCvB99e8eUwbSADO',#3,$,$,$,$,$,#1409,.GLOBAL_COORDS.,$);
#1406=IFCTOPOLOGYREPRESENTATION(#99,$,'Vertex',(#1410));
#1407=IFCSTRUCTURALLOADSINGLEFORCE($,$,$,-9.0000000E-002,$,$,$);
#1408=IFCSTRUCTURALLOADSINGLEFORCE($,$,-1.7600000E+000,$,$,$,$);
#1409=IFCSTRUCTURALLOADSINGLEFORCE($,1.0000000E-001,$,$,$,$,$);
#1410=IFCVERTEXPOINT(#1411);
#1411=IFCCARTESIANPOINT((5.7000000E+000,3.0000000E-001,1.4850000E+001));
#1412=IFCSTRUCTURALPOINTCONNECTION('1Ybd1LDKL3khkS8OhapnjB',#95,'270',$,$,$,#1413,$,$);
#1413=IFCPRODUCTDEFINITIONSHAPE($,$,(#1414));
#1414=IFCTOPOLOGYREPRESENTATION(#99,$,'Vertex',(#1415));
#1415=IFCVERTEXPOINT(#1416);
#1416=IFCCARTESIANPOINT((5.7000000E+000,1.1000000E+000,1.4850000E+001));
#1417=IFCSTRUCTURALPOINTCONNECTION('3JUSb5KaLCWOmsMla_gsg6',#95,'272',$,$,$,#1418,$,$);
#1418=IFCPRODUCTDEFINITIONSHAPE($,$,(#1419));
#1419=IFCTOPOLOGYREPRESENTATION(#99,$,'Vertex',(#1420));
#1420=IFCVERTEXPOINT(#1421);
#1421=IFCCARTESIANPOINT((6.9500000E+000,3.0000000E-001,1.4850000E+001));
#1422=IFCSTRUCTURALPOINTCONNECTION('117D$E2Jn7QADpUJ9b9IMh',#95,'274',$,$,$,#1423,$,$);
#1423=IFCPRODUCTDEFINITIONSHAPE($,$,(#1424));
#1424=IFCTOPOLOGYREPRESENTATION(#99,$,'Vertex',(#1425));
#1425=IFCVERTEXPOINT(#1426);
#1426=IFCCARTESIANPOINT((6.9500000E+000,1.1000000E+000,1.4850000E+001));
#1427=IFCSTRUCTURALPOINTCONNECTION('2X9nS$wfH3RgAElAT$iXL_',#95,'276',$,$,$,#1431,$,$);
#1428=IFCRELCONNECTSSTRUCTURALACTIVITY('32myEpSdDFp94S$5VbxT$L',#3,$,$,#1427,#1432);
#1429=IFCRELCONNECTSSTRUCTURALACTIVITY('3G4_9a9XD8_PfZlpJfuoOU',#3,$,$,#1427,#1433);
#1430=IFCRELCONNECTSSTRUCTURALACTIVITY('0D$hMDPKrDuQq61cumZunx',#3,$,$,#1427,#1434);
#1431=IFCPRODUCTDEFINITIONSHAPE($,$,(#1435));
#1432=IFCSTRUCTURALPOINTACTION('3Gja4xy$DAcurtHYzETkIu',#3,$,$,$,$,$,#1436,.GLOBAL_COORDS.,$);
#1433=IFCSTRUCTURALPOINTACTION('2RRp24rDbFfBIvy4R7erho',#3,$,$,$,$,$,#1437,.GLOBAL_COORDS.,$);
#1434=IFCSTRUCTURALPOINTACTION('1APMYDdyXFr9HD2bCjRGMO',#3,$,$,$,$,$,#1438,.GLOBAL_COORDS.,$);
#1435=IFCTOPOLOGYREPRESENTATION(#99,$,'Vertex',(#1439));
#1436=IFCSTRUCTURALLOADSINGLEFORCE($,$,$,-9.0000000E-002,$,$,$);
#1437=IFCSTRUCTURALLOADSINGLEFORCE($,$,-1.7600000E+000,$,$,$,$);
#1438=IFCSTRUCTURALLOADSINGLEFORCE($,1.0000000E-001,$,$,$,$,$);
#1439=IFCVERTEXPOINT(#1440);
#1440=IFCCARTESIANPOINT((8.2000000E+000,3.0000000E-001,1.4850000E+001));
#1441=IFCSTRUCTURALPOINTCONNECTION('2eU6kiLwbD2wTF_ELT7zqm',#95,'278',$,$,$,#1442,$,$);
#1442=IFCPRODUCTDEFINITIONSHAPE($,$,(#1443));
#1443=IFCTOPOLOGYREPRESENTATION(#99,$,'Vertex',(#1444));
#1444=IFCVERTEXPOINT(#1445);
#1445=IFCCARTESIANPOINT((8.2000000E+000,1.1000000E+000,1.4850000E+001));
#1446=IFCSTRUCTURALPOINTCONNECTION('1XTNiUx2j6qRmIiaarlEtp',#95,'280',$,$,$,#1447,$,$);
#1447=IFCPRODUCTDEFINITIONSHAPE($,$,(#1448));
#1448=IFCTOPOLOGYREPRESENTATION(#99,$,'Vertex',(#1449));
#1449=IFCVERTEXPOINT(#1450);
#1450=IFCCARTESIANPOINT((9.2500000E+000,3.0000000E-001,1.4850000E+001));
#1451=IFCSTRUCTURALPOINTCONNECTION('1McQ0OqInCIAMzmp9aUZhk',#95,'281',$,$,$,#1452,$,$);
#1452=IFCPRODUCTDEFINITIONSHAPE($,$,(#1453));
#1453=IFCTOPOLOGYREPRESENTATION(#99,$,'Vertex',(#1454));
#1454=IFCVERTEXPOINT(#1455);
#1455=IFCCARTESIANPOINT((9.2500000E+000,1.1000000E+000,1.4850000E+001));
#1456=IFCSTRUCTURALPOINTCONNECTION('1_bB0T7RXBZhJeIrS7iPaT',#95,'282',$,$,$,#1457,$,$);
#1457=IFCPRODUCTDEFINITIONSHAPE($,$,(#1458));
#1458=IFCTOPOLOGYREPRESENTATION(#99,$,'Vertex',(#1459));
#1459=IFCVERTEXPOINT(#1460);
#1460=IFCCARTESIANPOINT((3.2000000E+000,3.0000000E-001,1.4050000E+001));
#1461=IFCSTRUCTURALPOINTCONNECTION('3Kdeos7ObCDQ_Z8Rjss5si',#95,'283',$,$,$,#1462,$,$);
#1462=IFCPRODUCTDEFINITIONSHAPE($,$,(#1463));
#1463=IFCTOPOLOGYREPRESENTATION(#99,$,'Vertex',(#1464));
#1464=IFCVERTEXPOINT(#1465);
#1465=IFCCARTESIANPOINT((4.4500000E+000,3.0000000E-001,1.4050000E+001));
#1466=IFCSTRUCTURALPOINTCONNECTION('1_bepLjz51tBnhaRepWWMc',#95,'284',$,$,$,#1467,$,$);
#1467=IFCPRODUCTDEFINITIONSHAPE($,$,(#1468));
#1468=IFCTOPOLOGYREPRESENTATION(#99,$,'Vertex',(#1469));
#1469=IFCVERTEXPOINT(#1470);
#1470=IFCCARTESIANPOINT((5.7000000E+000,3.0000000E-001,1.4050000E+001));
#1471=IFCSTRUCTURALPOINTCONNECTION('09fD8Ei6f159Dp3YLRsFvh',#95,'285',$,$,$,#1472,$,$);
#1472=IFCPRODUCTDEFINITIONSHAPE($,$,(#1473));
#1473=IFCTOPOLOGYREPRESENTATION(#99,$,'Vertex',(#1474));
#1474=IFCVERTEXPOINT(#1475);
#1475=IFCCARTESIANPOINT((6.9500000E+000,3.0000000E-001,1.4050000E+001));
#1476=IFCSTRUCTURALPOINTCONNECTION('3kskt1xI96K9eepwZV8rPA',#95,'286',$,$,$,#1477,$,$);
#1477=IFCPRODUCTDEFINITIONSHAPE($,$,(#1478));
#1478=IFCTOPOLOGYREPRESENTATION(#99,$,'Vertex',(#1479));
#1479=IFCVERTEXPOINT(#1480);
#1480=IFCCARTESIANPOINT((8.2000000E+000,3.0000000E-001,1.4050000E+001));
#1481=IFCSTRUCTURALPOINTCONNECTION('0z0Z5Gm5LB9fLYrCACUk2F',#95,'287',$,$,$,#1482,$,$);
#1482=IFCPRODUCTDEFINITIONSHAPE($,$,(#1483));
#1483=IFCTOPOLOGYREPRESENTATION(#99,$,'Vertex',(#1484));
#1484=IFCVERTEXPOINT(#1485);
#1485=IFCCARTESIANPOINT((3.2000000E+000,1.1000000E+000,1.4050000E+001));
#1486=IFCSTRUCTURALPOINTCONNECTION('2hrpUZ3_LDCuuy$sTXehCb',#95,'288',$,$,$,#1487,$,$);
#1487=IFCPRODUCTDEFINITIONSHAPE($,$,(#1488));
#1488=IFCTOPOLOGYREPRESENTATION(#99,$,'Vertex',(#1489));
#1489=IFCVERTEXPOINT(#1490);
#1490=IFCCARTESIANPOINT((4.4500000E+000,1.1000000E+000,1.4050000E+001));
#1491=IFCSTRUCTURALPOINTCONNECTION('0KKaKbjzn50vtmwEGpIuBy',#95,'289',$,$,$,#1492,$,$);
#1492=IFCPRODUCTDEFINITIONSHAPE($,$,(#1493));
#1493=IFCTOPOLOGYREPRESENTATION(#99,$,'Vertex',(#1494));
#1494=IFCVERTEXPOINT(#1495);
#1495=IFCCARTESIANPOINT((5.7000000E+000,1.1000000E+000,1.4050000E+001));
#1496=IFCSTRUCTURALPOINTCONNECTION('0Kwy2JONf95OrWTebf4P$W',#95,'290',$,$,$,#1497,$,$);
#1497=IFCPRODUCTDEFINITIONSHAPE($,$,(#1498));
#1498=IFCTOPOLOGYREPRESENTATION(#99,$,'Vertex',(#1499));
#1499=IFCVERTEXPOINT(#1500);
#1500=IFCCARTESIANPOINT((6.9500000E+000,1.1000000E+000,1.4050000E+001));
#1501=IFCSTRUCTURALPOINTCONNECTION('3ekbTowMDCb9rSqigSd_s1',#95,'291',$,$,$,#1502,$,$);
#1502=IFCPRODUCTDEFINITIONSHAPE($,$,(#1503));
#1503=IFCTOPOLOGYREPRESENTATION(#99,$,'Vertex',(#1504));
#1504=IFCVERTEXPOINT(#1505);
#1505=IFCCARTESIANPOINT((8.2000000E+000,1.1000000E+000,1.4050000E+001));
#1506=IFCSTRUCTURALPOINTCONNECTION('3lMGwJWG5388vgp3sybb9b',#95,'293',$,$,$,#1507,$,$);
#1507=IFCPRODUCTDEFINITIONSHAPE($,$,(#1508));
#1508=IFCTOPOLOGYREPRESENTATION(#99,$,'Vertex',(#1509));
#1509=IFCVERTEXPOINT(#1510);
#1510=IFCCARTESIANPOINT((1.2150000E+001,3.0000000E-001,1.4050000E+001));
#1511=IFCSTRUCTURALPOINTCONNECTION('1cTu0IYxDESheYrDIkzT$9',#95,'294',$,$,$,#1512,$,$);
#1512=IFCPRODUCTDEFINITIONSHAPE($,$,(#1513));
#1513=IFCTOPOLOGYREPRESENTATION(#99,$,'Vertex',(#1514));
#1514=IFCVERTEXPOINT(#1515);
#1515=IFCCARTESIANPOINT((1.2150000E+001,1.1000000E+000,1.4050000E+001));
#1516=IFCSTRUCTURALPOINTCONNECTION('0LAUoK5H52nwwW4jeNX_Ix',#95,'295',$,$,$,#1517,$,$);
#1517=IFCPRODUCTDEFINITIONSHAPE($,$,(#1518));
#1518=IFCTOPOLOGYREPRESENTATION(#99,$,'Vertex',(#1519));
#1519=IFCVERTEXPOINT(#1520);
#1520=IFCCARTESIANPOINT((1.9250000E+001,1.1000000E+000,1.4050000E+001));
#1521=IFCSTRUCTURALPOINTCONNECTION('0W31SFaN54_vyzFaFI2w8R',#95,'296',$,$,$,#1522,$,$);
#1522=IFCPRODUCTDEFINITIONSHAPE($,$,(#1523));
#1523=IFCTOPOLOGYREPRESENTATION(#99,$,'Vertex',(#1524));
#1524=IFCVERTEXPOINT(#1525);
#1525=IFCCARTESIANPOINT((1.9250000E+001,3.0000000E-001,1.4050000E+001));
#1526=IFCSTRUCTURALPOINTCONNECTION('1PNTvxcVv00eaQLoGUlBvP',#95,'297',$,$,$,#1527,$,$);
#1527=IFCPRODUCTDEFINITIONSHAPE($,$,(#1528));
#1528=IFCTOPOLOGYREPRESENTATION(#99,$,'Vertex',(#1529));
#1529=IFCVERTEXPOINT(#1530);
#1530=IFCCARTESIANPOINT((1.2150000E+001,3.0000000E-001,1.4850000E+001));
#1531=IFCSTRUCTURALPOINTCONNECTION('2RdqcYB799ChuyMwdSsVcv',#95,'298',$,$,$,#1532,$,$);
#1532=IFCPRODUCTDEFINITIONSHAPE($,$,(#1533));
#1533=IFCTOPOLOGYREPRESENTATION(#99,$,'Vertex',(#1534));
#1534=IFCVERTEXPOINT(#1535);
#1535=IFCCARTESIANPOINT((1.2150000E+001,1.1000000E+000,1.4850000E+001));
#1536=IFCSTRUCTURALPOINTCONNECTION('2UtwKd1Vf7ZhKFVFL$15Pw',#95,'299',$,$,$,#1540,$,$);
#1537=IFCRELCONNECTSSTRUCTURALACTIVITY('2pq39IxjPFPOZW7VuSAb97',#3,$,$,#1536,#1541);
#1538=IFCRELCONNECTSSTRUCTURALACTIVITY('3t_aNTZrnEiRFdY91nyq38',#3,$,$,#1536,#1542);
#1539=IFCRELCONNECTSSTRUCTURALACTIVITY('3kyRKFNpnBeQcetjX$RTvz',#3,$,$,#1536,#1543);
#1540=IFCPRODUCTDEFINITIONSHAPE($,$,(#1544));
#1541=IFCSTRUCTURALPOINTACTION('1bLvtNlQH5MPVYBP161abD',#3,$,$,$,$,$,#1545,.GLOBAL_COORDS.,$);
#1542=IFCSTRUCTURALPOINTACTION('0E40JffO98$eE_aPRC3CIr',#3,$,$,$,$,$,#1546,.GLOBAL_COORDS.,$);
#1543=IFCSTRUCTURALPOINTACTION('2nFha2nvn8p8i$lTQnh4IV',#3,$,$,$,$,$,#1547,.GLOBAL_COORDS.,$);
#1544=IFCTOPOLOGYREPRESENTATION(#99,$,'Vertex',(#1548));
#1545=IFCSTRUCTURALLOADSINGLEFORCE($,$,$,-9.0000000E-002,$,$,$);
#1546=IFCSTRUCTURALLOADSINGLEFORCE($,$,-1.7600000E+000,$,$,$,$);
#1547=IFCSTRUCTURALLOADSINGLEFORCE($,1.0000000E-001,$,$,$,$,$);
#1548=IFCVERTEXPOINT(#1549);
#1549=IFCCARTESIANPOINT((1.3200000E+001,3.0000000E-001,1.4850000E+001));
#1550=IFCSTRUCTURALPOINTCONNECTION('3H5N6tEPLAOO8mJAqwg_tc',#95,'300',$,$,$,#1551,$,$);
#1551=IFCPRODUCTDEFINITIONSHAPE($,$,(#1552));
#1552=IFCTOPOLOGYREPRESENTATION(#99,$,'Vertex',(#1553));
#1553=IFCVERTEXPOINT(#1554);
#1554=IFCCARTESIANPOINT((1.3200000E+001,1.1000000E+000,1.4850000E+001));
#1555=IFCSTRUCTURALPOINTCONNECTION('22vWxwMO16tgOrmooTWYO3',#95,'301',$,$,$,#1556,$,$);
#1556=IFCPRODUCTDEFINITIONSHAPE($,$,(#1557));
#1557=IFCTOPOLOGYREPRESENTATION(#99,$,'Vertex',(#1558));
#1558=IFCVERTEXPOINT(#1559);
#1559=IFCCARTESIANPOINT((1.4450000E+001,3.0000000E-001,1.4850000E+001));
#1560=IFCSTRUCTURALPOINTCONNECTION('03Dvigrjb0g9E3U3FKrG8R',#95,'302',$,$,$,#1561,$,$);
#1561=IFCPRODUCTDEFINITIONSHAPE($,$,(#1562));
#1562=IFCTOPOLOGYREPRESENTATION(#99,$,'Vertex',(#1563));
#1563=IFCVERTEXPOINT(#1564);
#1564=IFCCARTESIANPOINT((1.4450000E+001,1.1000000E+000,1.4850000E+001));
#1565=IFCSTRUCTURALPOINTCONNECTION('15C7YBeirFROhpnW8Y_6a$',#95,'303',$,$,$,#1569,$,$);
#1566=IFCRELCONNECTSSTRUCTURALACTIVITY('31LBw20qD25fN1kqFjkCgj',#3,$,$,#1565,#1570);
#1567=IFCRELCONNECTSSTRUCTURALACTIVITY('0N9DJf2aTCfB7WVsNTMYER',#3,$,$,#1565,#1571);
#1568=IFCRELCONNECTSSTRUCTURALACTIVITY('2A27rKE8X4BgfHOzW8exLj',#3,$,$,#1565,#1572);
#1569=IFCPRODUCTDEFINITIONSHAPE($,$,(#1573));
#1570=IFCSTRUCTURALPOINTACTION('3NjFpxnZH3dORoeTdLbGxP',#3,$,$,$,$,$,#1574,.GLOBAL_COORDS.,$);
#1571=IFCSTRUCTURALPOINTACTION('2qk3dTterAWeTzAvxwdunB',#3,$,$,$,$,$,#1575,.GLOBAL_COORDS.,$);
#1572=IFCSTRUCTURALPOINTACTION('2rEku$_oj3SBKS3R2X6bZE',#3,$,$,$,$,$,#1576,.GLOBAL_COORDS.,$);
#1573=IFCTOPOLOGYREPRESENTATION(#99,$,'Vertex',(#1577));
#1574=IFCSTRUCTURALLOADSINGLEFORCE($,$,$,-9.0000000E-002,$,$,$);
#1575=IFCSTRUCTURALLOADSINGLEFORCE($,$,-1.7600000E+000,$,$,$,$);
#1576=IFCSTRUCTURALLOADSINGLEFORCE($,1.0000000E-001,$,$,$,$,$);
#1577=IFCVERTEXPOINT(#1578);
#1578=IFCCARTESIANPOINT((1.5700000E+001,3.0000000E-001,1.4850000E+001));
#1579=IFCSTRUCTURALPOINTCONNECTION('0mLXOvF8f6UfCoIHG16FKg',#95,'304',$,$,$,#1580,$,$);
#1580=IFCPRODUCTDEFINITIONSHAPE($,$,(#1581));
#1581=IFCTOPOLOGYREPRESENTATION(#99,$,'Vertex',(#1582));
#1582=IFCVERTEXPOINT(#1583);
#1583=IFCCARTESIANPOINT((1.5700000E+001,1.1000000E+000,1.4850000E+001));
#1584=IFCSTRUCTURALPOINTCONNECTION('3bDo72GZf9bemYhvHOmEDY',#95,'305',$,$,$,#1585,$,$);
#1585=IFCPRODUCTDEFINITIONSHAPE($,$,(#1586));
#1586=IFCTOPOLOGYREPRESENTATION(#99,$,'Vertex',(#1587));
#1587=IFCVERTEXPOINT(#1588);
#1588=IFCCARTESIANPOINT((1.6950000E+001,3.0000000E-001,1.4850000E+001));
#1589=IFCSTRUCTURALPOINTCONNECTION('0phw1cPj97hwz$CcACO2YR',#95,'306',$,$,$,#1590,$,$);
#1590=IFCPRODUCTDEFINITIONSHAPE($,$,(#1591));
#1591=IFCTOPOLOGYREPRESENTATION(#99,$,'Vertex',(#1592));
#1592=IFCVERTEXPOINT(#1593);
#1593=IFCCARTESIANPOINT((1.6950000E+001,1.1000000E+000,1.4850000E+001));
#1594=IFCSTRUCTURALPOINTCONNECTION('35UbM7ciXDLw0n3ICb3A2$',#95,'307',$,$,$,#1598,$,$);
#1595=IFCRELCONNECTSSTRUCTURALACTIVITY('2Y6OZDAsH0K8Zix8FMVyJY',#3,$,$,#1594,#1599);
#1596=IFCRELCONNECTSSTRUCTURALACTIVITY('3nGBDLIfPFcAZGpc9kIE2T',#3,$,$,#1594,#1600);
#1597=IFCRELCONNECTSSTRUCTURALACTIVITY('0ERyyrNR16YuZepG7tHQvM',#3,$,$,#1594,#1601);
#1598=IFCPRODUCTDEFINITIONSHAPE($,$,(#1602));
#1599=IFCSTRUCTURALPOINTACTION('04zbrtcA161P9IR_h9CZK1',#3,$,$,$,$,$,#1603,.GLOBAL_COORDS.,$);
#1600=IFCSTRUCTURALPOINTACTION('1MLA2YvwX6JhItD2GPe4Dx',#3,$,$,$,$,$,#1604,.GLOBAL_COORDS.,$);
#1601=IFCSTRUCTURALPOINTACTION('3zE7JbCFbF_9NFMf8lZH_z',#3,$,$,$,$,$,#1605,.GLOBAL_COORDS.,$);
#1602=IFCTOPOLOGYREPRESENTATION(#99,$,'Vertex',(#1606));
#1603=IFCSTRUCTURALLOADSINGLEFORCE($,$,$,-9.0000000E-002,$,$,$);
#1604=IFCSTRUCTURALLOADSINGLEFORCE($,$,-1.7600000E+000,$,$,$,$);
#1605=IFCSTRUCTURALLOADSINGLEFORCE($,1.0000000E-001,$,$,$,$,$);
#1606=IFCVERTEXPOINT(#1607);
#1607=IFCCARTESIANPOINT((1.8200000E+001,3.0000000E-001,1.4850000E+001));
#1608=IFCSTRUCTURALPOINTCONNECTION('2oUq1m6N5DIuW0MUt1Ljsf',#95,'308',$,$,$,#1609,$,$);
#1609=IFCPRODUCTDEFINITIONSHAPE($,$,(#1610));
#1610=IFCTOPOLOGYREPRESENTATION(#99,$,'Vertex',(#1611));
#1611=IFCVERTEXPOINT(#1612);
#1612=IFCCARTESIANPOINT((1.8200000E+001,1.1000000E+000,1.4850000E+001));
#1613=IFCSTRUCTURALPOINTCONNECTION('2fkHNQBIT3WRtrVM9n19gr',#95,'309',$,$,$,#1614,$,$);
#1614=IFCPRODUCTDEFINITIONSHAPE($,$,(#1615));
#1615=IFCTOPOLOGYREPRESENTATION(#99,$,'Vertex',(#1616));
#1616=IFCVERTEXPOINT(#1617);
#1617=IFCCARTESIANPOINT((1.9250000E+001,3.0000000E-001,1.4850000E+001));
#1618=IFCSTRUCTURALPOINTCONNECTION('0S56EN4_jBpQfTIc_fTSom',#95,'310',$,$,$,#1619,$,$);
#1619=IFCPRODUCTDEFINITIONSHAPE($,$,(#1620));
#1620=IFCTOPOLOGYREPRESENTATION(#99,$,'Vertex',(#1621));
#1621=IFCVERTEXPOINT(#1622);
#1622=IFCCARTESIANPOINT((1.9250000E+001,1.1000000E+000,1.4850000E+001));
#1623=IFCSTRUCTURALPOINTCONNECTION('2N1RN_AhbBnhyfQGIyxHss',#95,'311',$,$,$,#1624,$,$);
#1624=IFCPRODUCTDEFINITIONSHAPE($,$,(#1625));
#1625=IFCTOPOLOGYREPRESENTATION(#99,$,'Vertex',(#1626));
#1626=IFCVERTEXPOINT(#1627);
#1627=IFCCARTESIANPOINT((1.3200000E+001,3.0000000E-001,1.4050000E+001));
#1628=IFCSTRUCTURALPOINTCONNECTION('0_gstiRH5BxO1dvybZBz$b',#95,'312',$,$,$,#1629,$,$);
#1629=IFCPRODUCTDEFINITIONSHAPE($,$,(#1630));
#1630=IFCTOPOLOGYREPRESENTATION(#99,$,'Vertex',(#1631));
#1631=IFCVERTEXPOINT(#1632);
#1632=IFCCARTESIANPOINT((1.4450000E+001,3.0000000E-001,1.4050000E+001));
#1633=IFCSTRUCTURALPOINTCONNECTION('3HCJ_HCCL3fOflZYRefBu2',#95,'313',$,$,$,#1634,$,$);
#1634=IFCPRODUCTDEFINITIONSHAPE($,$,(#1635));
#1635=IFCTOPOLOGYREPRESENTATION(#99,$,'Vertex',(#1636));
#1636=IFCVERTEXPOINT(#1637);
#1637=IFCCARTESIANPOINT((1.5700000E+001,3.0000000E-001,1.4050000E+001));
#1638=IFCSTRUCTURALPOINTCONNECTION('0zJ$T8$Q52ZvVcW4Pewqgy',#95,'314',$,$,$,#1639,$,$);
#1639=IFCPRODUCTDEFINITIONSHAPE($,$,(#1640));
#1640=IFCTOPOLOGYREPRESENTATION(#99,$,'Vertex',(#1641));
#1641=IFCVERTEXPOINT(#1642);
#1642=IFCCARTESIANPOINT((1.6950000E+001,3.0000000E-001,1.4050000E+001));
#1643=IFCSTRUCTURALPOINTCONNECTION('2RB2gbqpj1qQErOcEm$4Wv',#95,'315',$,$,$,#1644,$,$);
#1644=IFCPRODUCTDEFINITIONSHAPE($,$,(#1645));
#1645=IFCTOPOLOGYREPRESENTATION(#99,$,'Vertex',(#1646));
#1646=IFCVERTEXPOINT(#1647);
#1647=IFCCARTESIANPOINT((1.8200000E+001,3.0000000E-001,1.4050000E+001));
#1648=IFCSTRUCTURALPOINTCONNECTION('18cBhh18TFJg7clnoQJA_9',#95,'316',$,$,$,#1649,$,$);
#1649=IFCPRODUCTDEFINITIONSHAPE($,$,(#1650));
#1650=IFCTOPOLOGYREPRESENTATION(#99,$,'Vertex',(#1651));
#1651=IFCVERTEXPOINT(#1652);
#1652=IFCCARTESIANPOINT((1.3200000E+001,1.1000000E+000,1.4050000E+001));
#1653=IFCSTRUCTURALPOINTCONNECTION('1oLUakQAjB9B1IRqT6rjqi',#95,'317',$,$,$,#1654,$,$);
#1654=IFCPRODUCTDEFINITIONSHAPE($,$,(#1655));
#1655=IFCTOPOLOGYREPRESENTATION(#99,$,'Vertex',(#1656));
#1656=IFCVERTEXPOINT(#1657);
#1657=IFCCARTESIANPOINT((1.4450000E+001,1.1000000E+000,1.4050000E+001));
#1658=IFCSTRUCTURALPOINTCONNECTION('0vXVejFxHDAetkvUo1VSvB',#95,'318',$,$,$,#1659,$,$);
#1659=IFCPRODUCTDEFINITIONSHAPE($,$,(#1660));
#1660=IFCTOPOLOGYREPRESENTATION(#99,$,'Vertex',(#1661));
#1661=IFCVERTEXPOINT(#1662);
#1662=IFCCARTESIANPOINT((1.5700000E+001,1.1000000E+000,1.4050000E+001));
#1663=IFCSTRUCTURALPOINTCONNECTION('3XfWTdLS5D0esPJ8x9gAYo',#95,'319',$,$,$,#1664,$,$);
#1664=IFCPRODUCTDEFINITIONSHAPE($,$,(#1665));
#1665=IFCTOPOLOGYREPRESENTATION(#99,$,'Vertex',(#1666));
#1666=IFCVERTEXPOINT(#1667);
#1667=IFCCARTESIANPOINT((1.6950000E+001,1.1000000E+000,1.4050000E+001));
#1668=IFCSTRUCTURALPOINTCONNECTION('1t7HucwD5CdxOqQNBUJK7x',#95,'320',$,$,$,#1669,$,$);
#1669=IFCPRODUCTDEFINITIONSHAPE($,$,(#1670));
#1670=IFCTOPOLOGYREPRESENTATION(#99,$,'Vertex',(#1671));
#1671=IFCVERTEXPOINT(#1672);
#1672=IFCCARTESIANPOINT((1.8200000E+001,1.1000000E+000,1.4050000E+001));
#1673=IFCSTRUCTURALCURVEMEMBER('2l5b$uJJr7DOJVjocJ$xa2',#95,'3',$,$,$,#1679,.RIGID_JOINED_MEMBER.,#1680);
#1674=IFCRELCONNECTSSTRUCTURALMEMBER('2V$fFe3zn7cQPrS2ISFoAj',#3,$,$,#1673,#426,#97,$,$,$);
#1675=IFCRELCONNECTSSTRUCTURALMEMBER('2cYzW_xVj4qeFSToqD6EvA',#3,$,$,#1673,#411,#1681,$,$,$);
#1676=IFCPROFILEPROPERTIES('L51X51X4.8',$,(#1682,#1683,#1684,#1685,#1686,#1687,#1688,#1689,#1690,#1691,#1692,#1693,#1694,#1695),#1696);
#1677=IFCMATERIALPROPERTIES('A992Fy50',$,(#1697,#1698,#1699,#1700,#1701,#1702,#1703),#1704);
#1678=IFCRELASSOCIATESMATERIAL('3v1JeQcdn7zQehz5I5x0t5',#3,$,$,(#1673),#1705);
#1679=IFCPRODUCTDEFINITIONSHAPE($,$,(#1706));
#1680=IFCDIRECTION((0.0000000E+000,0.0000000E+000,1.0000000E+000));
#1681=IFCBOUNDARYNODECONDITION($,IFCBOOLEAN(.T.),IFCBOOLEAN(.T.),IFCBOOLEAN(.T.),IFCBOOLEAN(.T.),IFCBOOLEAN(.T.),IFCBOOLEAN(.T.));
#1682=IFCPROPERTYSINGLEVALUE('CrossSectionArea',$,IFCAREAMEASURE(4.6600000E-004),#16);
#1683=IFCPROPERTYSINGLEVALUE('MaximumSectionModulusY',$,IFCSECTIONMODULUSMEASURE(3.0874317E-006),#18);
#1684=IFCPROPERTYSINGLEVALUE('MaximumSectionModulusZ',$,IFCSECTIONMODULUSMEASURE(3.0874317E-006),#18);
#1685=IFCPROPERTYSINGLEVALUE('MinimumSectionModulusY',$,IFCSECTIONMODULUSMEASURE(3.0874317E-006),#18);
#1686=IFCPROPERTYSINGLEVALUE('MinimumSectionModulusZ',$,IFCSECTIONMODULUSMEASURE(3.0874317E-006),#18);
#1687=IFCPROPERTYSINGLEVALUE('MomentOfInertiaY',$,IFCMOMENTOFINERTIAMEASURE(1.1300000E-007),#19);
#1688=IFCPROPERTYSINGLEVALUE('MomentOfInertiaZ',$,IFCMOMENTOFINERTIAMEASURE(1.1300000E-007),#19);
#1689=IFCPROPERTYSINGLEVALUE('OverallDepth',$,IFCPOSITIVELENGTHMEASURE(5.3943222E-002),#15);
#1690=IFCPROPERTYSINGLEVALUE('OverallWidth',$,IFCPOSITIVELENGTHMEASURE(5.3943222E-002),#15);
#1691=IFCPROPERTYSINGLEVALUE('PlasticShapeFactorY',$,IFCPOSITIVERATIOMEASURE(5.5729815E-001),$);
#1692=IFCPROPERTYSINGLEVALUE('PlasticShapeFactorZ',$,IFCPOSITIVERATIOMEASURE(5.5729815E-001),$);
#1693=IFCPROPERTYSINGLEVALUE('ShearDeformationAreaY',$,IFCAREAMEASURE(2.4180800E-004),#16);
#1694=IFCPROPERTYSINGLEVALUE('ShearDeformationAreaZ',$,IFCAREAMEASURE(2.4180800E-004),#16);
#1695=IFCPROPERTYSINGLEVALUE('TorsionalConstantX',$,IFCMOMENTOFINERTIAMEASURE(3.8300000E-009),#19);
#1696=IFCLSHAPEPROFILEDEF(.AREA.,'L51X51X4.8',#1707,5.0799999E-002,5.0799999E-002,4.7600002E-003,6.3400002E-003,$,$);
#1697=IFCPROPERTYSINGLEVALUE('MassDensity',$,IFCMASSDENSITYMEASURE(7.8490474E+000),#23);
#1698=IFCPROPERTYSINGLEVALUE('PoissonRatio',$,IFCRATIOMEASURE(3.0000000E-001),$);
#1699=IFCPROPERTYSINGLEVALUE('ShearModulus',$,IFCSHEARMODULUSMEASURE(7.6903069E+007),#30);
#1700=IFCPROPERTYSINGLEVALUE('ThermalExpansionCoefficient',$,IFCTHERMALEXPANSIONCOEFFICIENTMEASURE(1.1699999E-005),#33);
#1701=IFCPROPERTYSINGLEVALUE('UltimateStress',$,IFCPRESSUREMEASURE(4.4815926E+005),#26);
#1702=IFCPROPERTYSINGLEVALUE('YieldStress',$,IFCPRESSUREMEASURE(3.4473789E+005),#26);
#1703=IFCPROPERTYSINGLEVALUE('YoungModulus',$,IFCMODULUSOFELASTICITYMEASURE(1.9994798E+008),#31);
#1704=IFCMATERIAL('A992Fy50',$,$);
#1705=IFCMATERIALPROFILESETUSAGE(#1708,10,$);
#1706=IFCTOPOLOGYREPRESENTATION(#99,$,'Edge',(#1709));
#1707=IFCAXIS2PLACEMENT2D(#1710,#1711);
#1708=IFCMATERIALPROFILESET($,$,(#1712),$);
#1709=IFCEDGE(#429,#414);
#1710=IFCCARTESIANPOINT((0.0000000E+000,0.0000000E+000));
#1711=IFCDIRECTION((1.0000000E+000,0.0000000E+000));
#1712=IFCMATERIALPROFILE($,$,#1704,#1696,$,$);
#1713=IFCSTRUCTURALCURVEMEMBER('0XC3RAWur5AxaIxmPA_pl9',#95,'4',$,$,$,#1717,.RIGID_JOINED_MEMBER.,#1680);
#1714=IFCRELCONNECTSSTRUCTURALMEMBER('1xzDySqzP3k8NtsPoOsqig',#3,$,$,#1713,#411,#97,$,$,$);
#1715=IFCRELCONNECTSSTRUCTURALMEMBER('0DG_Bb5QzCIghZrVU7A8xV',#3,$,$,#1713,#416,#1681,$,$,$);
#1716=IFCRELASSOCIATESMATERIAL('31fh6bwxP3neG4rGJnmFUC',#3,$,$,(#1713),#1718);
#1717=IFCPRODUCTDEFINITIONSHAPE($,$,(#1719));
#1718=IFCMATERIALPROFILESETUSAGE(#1720,10,$);
#1719=IFCTOPOLOGYREPRESENTATION(#99,$,'Edge',(#1721));
#1720=IFCMATERIALPROFILESET($,$,(#1722),$);
#1721=IFCEDGE(#414,#419);
#1722=IFCMATERIALPROFILE($,$,#1704,#1696,$,$);
#1723=IFCSTRUCTURALCURVEMEMBER('1YGCh$HwbBY9e8_vYb2c4M',#95,'5',$,$,$,#1727,.RIGID_JOINED_MEMBER.,#1680);
#1724=IFCRELCONNECTSSTRUCTURALMEMBER('2ngAOo_iHDDOoGdgdhC5oD',#3,$,$,#1723,#416,#97,$,$,$);
#1725=IFCRELCONNECTSSTRUCTURALMEMBER('0U1JQ_H251ov3UDG6USDEu',#3,$,$,#1723,#421,#1681,$,$,$);
#1726=IFCRELASSOCIATESMATERIAL('33mm_s5l93lOwoS3q00Rqn',#3,$,$,(#1723),#1728);
#1727=IFCPRODUCTDEFINITIONSHAPE($,$,(#1729));
#1728=IFCMATERIALPROFILESETUSAGE(#1730,10,$);
#1729=IFCTOPOLOGYREPRESENTATION(#99,$,'Edge',(#1731));
#1730=IFCMATERIALPROFILESET($,$,(#1732),$);
#1731=IFCEDGE(#419,#424);
#1732=IFCMATERIALPROFILE($,$,#1704,#1696,$,$);
#1733=IFCSTRUCTURALCURVEMEMBER('2_Z4FpKMHBZfHd3tAtlNQn',#95,'6',$,$,$,#1737,.RIGID_JOINED_MEMBER.,#1680);
#1734=IFCRELCONNECTSSTRUCTURALMEMBER('2Xyx5nkHf5hhDAQfFW73F2',#3,$,$,#1733,#421,#97,$,$,$);
#1735=IFCRELCONNECTSSTRUCTURALMEMBER('2fW7ODU9X6S9REioMPGCRa',#3,$,$,#1733,#426,#1681,$,$,$);
#1736=IFCRELASSOCIATESMATERIAL('2L5_XJN9f9FRVTVuoL2Qj7',#3,$,$,(#1733),#1738);
#1737=IFCPRODUCTDEFINITIONSHAPE($,$,(#1739));
#1738=IFCMATERIALPROFILESETUSAGE(#1740,10,$);
#1739=IFCTOPOLOGYREPRESENTATION(#99,$,'Edge',(#1741));
#1740=IFCMATERIALPROFILESET($,$,(#1742),$);
#1741=IFCEDGE(#424,#429);
#1742=IFCMATERIALPROFILE($,$,#1704,#1696,$,$);
#1743=IFCSTRUCTURALCURVEMEMBER('0uRtT12jH3mRnWVSrhoHEc',#95,'7',$,$,$,#1747,.RIGID_JOINED_MEMBER.,#1680);
#1744=IFCRELCONNECTSSTRUCTURALMEMBER('112MKqMR9C9fjDsT5oj$rg',#3,$,$,#1743,#426,#97,$,$,$);
#1745=IFCRELCONNECTSSTRUCTURALMEMBER('2i7awQg3D0ku5kZLCqGRIG',#3,$,$,#1743,#416,#1681,$,$,$);
#1746=IFCRELASSOCIATESMATERIAL('0vF5SHR4r0WuysM0Vqf9l9',#3,$,$,(#1743),#1748);
#1747=IFCPRODUCTDEFINITIONSHAPE($,$,(#1749));
#1748=IFCMATERIALPROFILESETUSAGE(#1750,10,$);
#1749=IFCTOPOLOGYREPRESENTATION(#99,$,'Edge',(#1751));
#1750=IFCMATERIALPROFILESET($,$,(#1752),$);
#1751=IFCEDGE(#429,#419);
#1752=IFCMATERIALPROFILE($,$,#1704,#1696,$,$);
#1753=IFCSTRUCTURALCURVEMEMBER('3JDXoessT15xjGTvZWegJ1',#95,'8',$,$,$,#1757,.RIGID_JOINED_MEMBER.,#1680);
#1754=IFCRELCONNECTSSTRUCTURALMEMBER('03qehqzALDkuk2hJOOqQbf',#3,$,$,#1753,#421,#97,$,$,$);
#1755=IFCRELCONNECTSSTRUCTURALMEMBER('3KZsycJtX6OumMhfrZ9uzb',#3,$,$,#1753,#411,#1681,$,$,$);
#1756=IFCRELASSOCIATESMATERIAL('0g8WVKMJ16UPGeYT_tro95',#3,$,$,(#1753),#1758);
#1757=IFCPRODUCTDEFINITIONSHAPE($,$,(#1759));
#1758=IFCMATERIALPROFILESETUSAGE(#1760,10,$);
#1759=IFCTOPOLOGYREPRESENTATION(#99,$,'Edge',(#1761));
#1760=IFCMATERIALPROFILESET($,$,(#1762),$);
#1761=IFCEDGE(#424,#414);
#1762=IFCMATERIALPROFILE($,$,#1704,#1696,$,$);
#1763=IFCSTRUCTURALCURVEMEMBER('2B8b83c$XBnvjs$tJW8_3Y',#95,'9',$,$,$,#1767,.RIGID_JOINED_MEMBER.,#1680);
#1764=IFCRELCONNECTSSTRUCTURALMEMBER('1PBLIgOXHCGustFgeE8tB_',#3,$,$,#1763,#840,#97,$,$,$);
#1765=IFCRELCONNECTSSTRUCTURALMEMBER('1CmOf_twL9hQVtssNQr$sA',#3,$,$,#1763,#825,#1681,$,$,$);
#1766=IFCRELASSOCIATESMATERIAL('0eIPojzUHDdv2uR6FGuLc5',#3,$,$,(#1763),#1768);
#1767=IFCPRODUCTDEFINITIONSHAPE($,$,(#1769));
#1768=IFCMATERIALPROFILESETUSAGE(#1770,10,$);
#1769=IFCTOPOLOGYREPRESENTATION(#99,$,'Edge',(#1771));
#1770=IFCMATERIALPROFILESET($,$,(#1772),$);
#1771=IFCEDGE(#843,#828);
#1772=IFCMATERIALPROFILE($,$,#1704,#1696,$,$);
#1773=IFCSTRUCTURALCURVEMEMBER('1Wk0kYBz90PxK7ie53_XAR',#95,'10',$,$,$,#1777,.RIGID_JOINED_MEMBER.,#1680);
#1774=IFCRELCONNECTSSTRUCTURALMEMBER('3w2EDwFvf6uhI3UcfWoOIe',#3,$,$,#1773,#825,#97,$,$,$);
#1775=IFCRELCONNECTSSTRUCTURALMEMBER('1QwStNGDr4M9IFHmT9uT_G',#3,$,$,#1773,#830,#1681,$,$,$);
#1776=IFCRELASSOCIATESMATERIAL('3x8yYDTD51KQgUKiYcbfYJ',#3,$,$,(#1773),#1778);
#1777=IFCPRODUCTDEFINITIONSHAPE($,$,(#1779));
#1778=IFCMATERIALPROFILESETUSAGE(#1780,10,$);
#1779=IFCTOPOLOGYREPRESENTATION(#99,$,'Edge',(#1781));
#1780=IFCMATERIALPROFILESET($,$,(#1782),$);
#1781=IFCEDGE(#828,#833);
#1782=IFCMATERIALPROFILE($,$,#1704,#1696,$,$);
#1783=IFCSTRUCTURALCURVEMEMBER('39D9x81O92IByQH5byvL_A',#95,'11',$,$,$,#1787,.RIGID_JOINED_MEMBER.,#1680);
#1784=IFCRELCONNECTSSTRUCTURALMEMBER('0o_MXmFHz6bhzeT6OLOLkp',#3,$,$,#1783,#830,#97,$,$,$);
#1785=IFCRELCONNECTSSTRUCTURALMEMBER('3OXUnG99r39hg2KdpqwVNg',#3,$,$,#1783,#835,#1681,$,$,$);
#1786=IFCRELASSOCIATESMATERIAL('0EjqiX8cjFSuyQRz9duY0O',#3,$,$,(#1783),#1788);
#1787=IFCPRODUCTDEFINITIONSHAPE($,$,(#1789));
#1788=IFCMATERIALPROFILESETUSAGE(#1790,10,$);
#1789=IFCTOPOLOGYREPRESENTATION(#99,$,'Edge',(#1791));
#1790=IFCMATERIALPROFILESET($,$,(#1792),$);
#1791=IFCEDGE(#833,#838);
#1792=IFCMATERIALPROFILE($,$,#1704,#1696,$,$);
#1793=IFCSTRUCTURALCURVEMEMBER('37S2GuMmn1LODlFwqv2rie',#95,'12',$,$,$,#1797,.RIGID_JOINED_MEMBER.,#1680);
#1794=IFCRELCONNECTSSTRUCTURALMEMBER('2Ipbdb_hX6bRkVSY3rd6fT',#3,$,$,#1793,#835,#97,$,$,$);
#1795=IFCRELCONNECTSSTRUCTURALMEMBER('2O5pbAKT1EiQVvtP5btSZI',#3,$,$,#1793,#840,#1681,$,$,$);
#1796=IFCRELASSOCIATESMATERIAL('0XDUzKBIrEvfc1N6Kc1J_D',#3,$,$,(#1793),#1798);
#1797=IFCPRODUCTDEFINITIONSHAPE($,$,(#1799));
#1798=IFCMATERIALPROFILESETUSAGE(#1800,10,$);
#1799=IFCTOPOLOGYREPRESENTATION(#99,$,'Edge',(#1801));
#1800=IFCMATERIALPROFILESET($,$,(#1802),$);
#1801=IFCEDGE(#838,#843);
#1802=IFCMATERIALPROFILE($,$,#1704,#1696,$,$);
#1803=IFCSTRUCTURALCURVEMEMBER('2m_W3xVJHDy9C5Y$ZMGDxz',#95,'13',$,$,$,#1807,.RIGID_JOINED_MEMBER.,#1680);
#1804=IFCRELCONNECTSSTRUCTURALMEMBER('3LdDt$J7T3VwHqZZVPi27n',#3,$,$,#1803,#840,#97,$,$,$);
#1805=IFCRELCONNECTSSTRUCTURALMEMBER('2rEGNrX8vFhggkS2xU7q3L',#3,$,$,#1803,#830,#1681,$,$,$);
#1806=IFCRELASSOCIATESMATERIAL('25YQtYhd1B9vkixKwtSPBf',#3,$,$,(#1803),#1808);
#1807=IFCPRODUCTDEFINITIONSHAPE($,$,(#1809));
#1808=IFCMATERIALPROFILESETUSAGE(#1810,10,$);
#1809=IFCTOPOLOGYREPRESENTATION(#99,$,'Edge',(#1811));
#1810=IFCMATERIALPROFILESET($,$,(#1812),$);
#1811=IFCEDGE(#843,#833);
#1812=IFCMATERIALPROFILE($,$,#1704,#1696,$,$);
#1813=IFCSTRUCTURALCURVEMEMBER('2F5RF5jxv5qwPAQkeLbl5e',#95,'14',$,$,$,#1817,.RIGID_JOINED_MEMBER.,#1680);
#1814=IFCRELCONNECTSSTRUCTURALMEMBER('0DEm1v7fX0xedJT_BbhGR7',#3,$,$,#1813,#835,#97,$,$,$);
#1815=IFCRELCONNECTSSTRUCTURALMEMBER('0cScRzSprDJOUL4OeMPTsA',#3,$,$,#1813,#825,#1681,$,$,$);
#1816=IFCRELASSOCIATESMATERIAL('0m_YAY0Or7ePTKyz5rkf6G',#3,$,$,(#1813),#1818);
#1817=IFCPRODUCTDEFINITIONSHAPE($,$,(#1819));
#1818=IFCMATERIALPROFILESETUSAGE(#1820,10,$);
#1819=IFCTOPOLOGYREPRESENTATION(#99,$,'Edge',(#1821));
#1820=IFCMATERIALPROFILESET($,$,(#1822),$);
#1821=IFCEDGE(#838,#828);
#1822=IFCMATERIALPROFILE($,$,#1704,#1696,$,$);
#1823=IFCSTRUCTURALCURVEMEMBER('2NlORDzSX7cwRrbcoNegm4',#95,'15',$,$,$,#1827,.RIGID_JOINED_MEMBER.,#1680);
#1824=IFCRELCONNECTSSTRUCTURALMEMBER('0QyUmVwgH6SQAr2UklX31p',#3,$,$,#1823,#1254,#97,$,$,$);
#1825=IFCRELCONNECTSSTRUCTURALMEMBER('0t3NjHWefCugwlK6EkPA1L',#3,$,$,#1823,#1239,#1681,$,$,$);
#1826=IFCRELASSOCIATESMATERIAL('2rl66GMgnFYQQcRzWhcljX',#3,$,$,(#1823),#1828);
#1827=IFCPRODUCTDEFINITIONSHAPE($,$,(#1829));
#1828=IFCMATERIALPROFILESETUSAGE(#1830,10,$);
#1829=IFCTOPOLOGYREPRESENTATION(#99,$,'Edge',(#1831));
#1830=IFCMATERIALPROFILESET($,$,(#1832),$);
#1831=IFCEDGE(#1257,#1242);
#1832=IFCMATERIALPROFILE($,$,#1704,#1696,$,$);
#1833=IFCSTRUCTURALCURVEMEMBER('3LOCU72Y15X8_9FSTauE7h',#95,'16',$,$,$,#1837,.RIGID_JOINED_MEMBER.,#1680);
#1834=IFCRELCONNECTSSTRUCTURALMEMBER('1xJM6jfkPAt9dY6pagXr8S',#3,$,$,#1833,#1239,#97,$,$,$);
#1835=IFCRELCONNECTSSTRUCTURALMEMBER('2XYVC9MQD9Lhe1qP9UgvCr',#3,$,$,#1833,#1244,#1681,$,$,$);
#1836=IFCRELASSOCIATESMATERIAL('06y1BNa_v1yfq4OLJURvzl',#3,$,$,(#1833),#1838);
#1837=IFCPRODUCTDEFINITIONSHAPE($,$,(#1839));
#1838=IFCMATERIALPROFILESETUSAGE(#1840,10,$);
#1839=IFCTOPOLOGYREPRESENTATION(#99,$,'Edge',(#1841));
#1840=IFCMATERIALPROFILESET($,$,(#1842),$);
#1841=IFCEDGE(#1242,#1247);
#1842=IFCMATERIALPROFILE($,$,#1704,#1696,$,$);
#1843=IFCSTRUCTURALCURVEMEMBER('0gf_ar_qjDch6IAO4yVvG4',#95,'17',$,$,$,#1847,.RIGID_JOINED_MEMBER.,#1680);
#1844=IFCRELCONNECTSSTRUCTURALMEMBER('35ZdPB5D5DTObu9DHZruiE',#3,$,$,#1843,#1244,#97,$,$,$);
#1845=IFCRELCONNECTSSTRUCTURALMEMBER('22cCUnvALDhgt4LFAc59_E',#3,$,$,#1843,#1249,#1681,$,$,$);
#1846=IFCRELASSOCIATESMATERIAL('0TLogAV8P0UuMHKjvXnU9p',#3,$,$,(#1843),#1848);
#1847=IFCPRODUCTDEFINITIONSHAPE($,$,(#1849));
#1848=IFCMATERIALPROFILESETUSAGE(#1850,10,$);
#1849=IFCTOPOLOGYREPRESENTATION(#99,$,'Edge',(#1851));
#1850=IFCMATERIALPROFILESET($,$,(#1852),$);
#1851=IFCEDGE(#1247,#1252);
#1852=IFCMATERIALPROFILE($,$,#1704,#1696,$,$);
#1853=IFCSTRUCTURALCURVEMEMBER('26Kv$k_WT8qha3TpkhUHeV',#95,'18',$,$,$,#1858,.RIGID_JOINED_MEMBER.,#1859);
#1854=IFCRELCONNECTSSTRUCTURALMEMBER('2bQ8Rsc1rBARwMEVpIUu5z',#3,$,$,#1853,#77,$,$,$,$);
#1855=IFCRELCONNECTSSTRUCTURALMEMBER('3AZ4yCra98hfF_YChb6EtN',#3,$,$,#1853,#151,$,$,$,$);
#1856=IFCPROFILEPROPERTIES('L76X76X7.9',$,(#1860,#1861,#1862,#1863,#1864,#1865,#1866,#1867,#1868,#1869,#1870,#1871,#1872,#1873),#1874);
#1857=IFCRELASSOCIATESMATERIAL('3sAH$vhw9AtOqQNnEtpfYc',#3,$,$,(#1853),#1875);
#1858=IFCPRODUCTDEFINITIONSHAPE($,$,(#1876));
#1859=IFCDIRECTION((-7.0681837E-001,-7.0681837E-001,2.8558318E-002));
#1860=IFCPROPERTYSINGLEVALUE('CrossSectionArea',$,IFCAREAMEASURE(1.1500000E-003),#16);
#1861=IFCPROPERTYSINGLEVALUE('MaximumSectionModulusY',$,IFCSECTIONMODULUSMEASURE(1.1470589E-005),#18);
#1862=IFCPROPERTYSINGLEVALUE('MaximumSectionModulusZ',$,IFCSECTIONMODULUSMEASURE(1.1470589E-005),#18);
#1863=IFCPROPERTYSINGLEVALUE('MinimumSectionModulusY',$,IFCSECTIONMODULUSMEASURE(1.1470589E-005),#18);
#1864=IFCPROPERTYSINGLEVALUE('MinimumSectionModulusZ',$,IFCSECTIONMODULUSMEASURE(1.1470589E-005),#18);
#1865=IFCPROPERTYSINGLEVALUE('MomentOfInertiaY',$,IFCMOMENTOFINERTIAMEASURE(6.2400000E-007),#19);
#1866=IFCPROPERTYSINGLEVALUE('MomentOfInertiaZ',$,IFCMOMENTOFINERTIAMEASURE(6.2400000E-007),#19);
#1867=IFCPROPERTYSINGLEVALUE('OverallDepth',$,IFCPOSITIVELENGTHMEASURE(8.0692654E-002),#15);
#1868=IFCPROPERTYSINGLEVALUE('OverallWidth',$,IFCPOSITIVELENGTHMEASURE(8.0692654E-002),#15);
#1869=IFCPROPERTYSINGLEVALUE('PlasticShapeFactorY',$,IFCPOSITIVERATIOMEASURE(5.5682470E-001),$);
#1870=IFCPROPERTYSINGLEVALUE('PlasticShapeFactorZ',$,IFCPOSITIVERATIOMEASURE(5.5682470E-001),$);
#1871=IFCPROPERTYSINGLEVALUE('ShearDeformationAreaY',$,IFCAREAMEASURE(6.0502802E-004),#16);
#1872=IFCPROPERTYSINGLEVALUE('ShearDeformationAreaZ',$,IFCAREAMEASURE(6.0502802E-004),#16);
#1873=IFCPROPERTYSINGLEVALUE('TorsionalConstantX',$,IFCMOMENTOFINERTIAMEASURE(2.4800000E-008),#19);
#1874=IFCLSHAPEPROFILEDEF(.AREA.,'L76X76X7.9',#1707,7.6199997E-002,7.6199997E-002,7.9400001E-003,9.5599995E-003,$,$);
#1875=IFCMATERIALPROFILESETUSAGE(#1877,10,$);
#1876=IFCTOPOLOGYREPRESENTATION(#99,$,'Edge',(#1878));
#1877=IFCMATERIALPROFILESET($,$,(#1879),$);
#1878=IFCEDGE(#100,#154);
#1879=IFCMATERIALPROFILE($,$,#1704,#1874,$,$);
#1880=IFCSTRUCTURALCURVEMEMBER('1jpZf1S_n5muAdfYPK8tiW',#95,'19',$,$,$,#1884,.RIGID_JOINED_MEMBER.,#1680);
#1881=IFCRELCONNECTSSTRUCTURALMEMBER('0WIXcqRhj1TQQTYFe35jy6',#3,$,$,#1880,#1249,#97,$,$,$);
#1882=IFCRELCONNECTSSTRUCTURALMEMBER('1P46lA5wz4Qf4cTpRdUffR',#3,$,$,#1880,#1254,#1681,$,$,$);
#1883=IFCRELASSOCIATESMATERIAL('1uT0fwhzLBLwsI91hxRkPF',#3,$,$,(#1880),#1885);
#1884=IFCPRODUCTDEFINITIONSHAPE($,$,(#1886));
#1885=IFCMATERIALPROFILESETUSAGE(#1887,10,$);
#1886=IFCTOPOLOGYREPRESENTATION(#99,$,'Edge',(#1888));
#1887=IFCMATERIALPROFILESET($,$,(#1889),$);
#1888=IFCEDGE(#1252,#1257);
#1889=IFCMATERIALPROFILE($,$,#1704,#1696,$,$);
#1890=IFCSTRUCTURALCURVEMEMBER('0tcxeb$hfBe9TQwo7nnu1P',#95,'20',$,$,$,#1894,.RIGID_JOINED_MEMBER.,#1895);
#1891=IFCRELCONNECTSSTRUCTURALMEMBER('3N1BKdqUvDwAJhQfeLnpBM',#3,$,$,#1890,#107,$,$,$,$);
#1892=IFCRELCONNECTSSTRUCTURALMEMBER('2Ie8zSms9EjuOCYvIL3wGf',#3,$,$,#1890,#156,$,$,$,$);
#1893=IFCRELASSOCIATESMATERIAL('2101y$tHf39gReLwE78luw',#3,$,$,(#1890),#1896);
#1894=IFCPRODUCTDEFINITIONSHAPE($,$,(#1897));
#1895=IFCDIRECTION((7.0681837E-001,-7.0681837E-001,2.8558318E-002));
#1896=IFCMATERIALPROFILESETUSAGE(#1898,10,$);
#1897=IFCTOPOLOGYREPRESENTATION(#99,$,'Edge',(#1899));
#1898=IFCMATERIALPROFILESET($,$,(#1900),$);
#1899=IFCEDGE(#110,#159);
#1900=IFCMATERIALPROFILE($,$,#1704,#1874,$,$);
#1901=IFCSTRUCTURALCURVEMEMBER('3JqdCd6h5B1BJv27ftVHyM',#95,'21',$,$,$,#1905,.RIGID_JOINED_MEMBER.,#1680);
#1902=IFCRELCONNECTSSTRUCTURALMEMBER('00RxzL8dj5xxJnh4UFfX_z',#3,$,$,#1901,#1254,#97,$,$,$);
#1903=IFCRELCONNECTSSTRUCTURALMEMBER('382RJ1u_HEQwZpBKyc8u3_',#3,$,$,#1901,#1244,#1681,$,$,$);
#1904=IFCRELASSOCIATESMATERIAL('3bMKoCzFD9KeMktL4JT5bA',#3,$,$,(#1901),#1906);
#1905=IFCPRODUCTDEFINITIONSHAPE($,$,(#1907));
#1906=IFCMATERIALPROFILESETUSAGE(#1908,10,$);
#1907=IFCTOPOLOGYREPRESENTATION(#99,$,'Edge',(#1909));
#1908=IFCMATERIALPROFILESET($,$,(#1910),$);
#1909=IFCEDGE(#1257,#1247);
#1910=IFCMATERIALPROFILE($,$,#1704,#1696,$,$);
#1911=IFCSTRUCTURALCURVEMEMBER('0v7Tn2t1f7QebcLQI1a7Xu',#95,'22',$,$,$,#1915,.RIGID_JOINED_MEMBER.,#1916);
#1912=IFCRELCONNECTSSTRUCTURALMEMBER('2gBgUvfsn4wgRquzpjALgv',#3,$,$,#1911,#117,$,$,$,$);
#1913=IFCRELCONNECTSSTRUCTURALMEMBER('3S_Co7rRj1WOPnANXD3q4G',#3,$,$,#1911,#161,$,$,$,$);
#1914=IFCRELASSOCIATESMATERIAL('03iP0EwTj8y9sgiGr1XrGf',#3,$,$,(#1911),#1917);
#1915=IFCPRODUCTDEFINITIONSHAPE($,$,(#1918));
#1916=IFCDIRECTION((7.0681837E-001,7.0681837E-001,2.8558318E-002));
#1917=IFCMATERIALPROFILESETUSAGE(#1919,10,$);
#1918=IFCTOPOLOGYREPRESENTATION(#99,$,'Edge',(#1920));
#1919=IFCMATERIALPROFILESET($,$,(#1921),$);
#1920=IFCEDGE(#120,#164);
#1921=IFCMATERIALPROFILE($,$,#1704,#1874,$,$);
#1922=IFCSTRUCTURALCURVEMEMBER('3ja9b7DxL0R9gb8matCdQR',#95,'23',$,$,$,#1926,.RIGID_JOINED_MEMBER.,#1680);
#1923=IFCRELCONNECTSSTRUCTURALMEMBER('03MQXyHV94vfuOOHiUk0Py',#3,$,$,#1922,#1249,#97,$,$,$);
#1924=IFCRELCONNECTSSTRUCTURALMEMBER('1dF6$bA2f3vOmrhe62vYFq',#3,$,$,#1922,#1239,#1681,$,$,$);
#1925=IFCRELASSOCIATESMATERIAL('1GRnfk_01A3uXMXW9Of9ba',#3,$,$,(#1922),#1927);
#1926=IFCPRODUCTDEFINITIONSHAPE($,$,(#1928));
#1927=IFCMATERIALPROFILESETUSAGE(#1929,10,$);
#1928=IFCTOPOLOGYREPRESENTATION(#99,$,'Edge',(#1930));
#1929=IFCMATERIALPROFILESET($,$,(#1931),$);
#1930=IFCEDGE(#1252,#1242);
#1931=IFCMATERIALPROFILE($,$,#1704,#1696,$,$);
#1932=IFCSTRUCTURALCURVEMEMBER('3WRIQdrQL61RiH1t$p$22I',#95,'24',$,$,$,#1936,.RIGID_JOINED_MEMBER.,#1937);
#1933=IFCRELCONNECTSSTRUCTURALMEMBER('1icCxo9E11JRfXZQElBpm6',#3,$,$,#1932,#127,$,$,$,$);
#1934=IFCRELCONNECTSSTRUCTURALMEMBER('3ePPHCR_T6rQRj2exdBz3S',#3,$,$,#1932,#166,$,$,$,$);
#1935=IFCRELASSOCIATESMATERIAL('0Yugw5MZv5neosGqoSK_ea',#3,$,$,(#1932),#1938);
#1936=IFCPRODUCTDEFINITIONSHAPE($,$,(#1939));
#1937=IFCDIRECTION((-7.0681837E-001,7.0681837E-001,2.8558318E-002));
#1938=IFCMATERIALPROFILESETUSAGE(#1940,10,$);
#1939=IFCTOPOLOGYREPRESENTATION(#99,$,'Edge',(#1941));
#1940=IFCMATERIALPROFILESET($,$,(#1942),$);
#1941=IFCEDGE(#130,#169);
#1942=IFCMATERIALPROFILE($,$,#1704,#1874,$,$);
#1943=IFCSTRUCTURALCURVEMEMBER('2SEpdbBKjF5eWXCyCa3gAr',#95,'26',$,$,$,#1947,.RIGID_JOINED_MEMBER.,#1859);
#1944=IFCRELCONNECTSSTRUCTURALMEMBER('3KNtxnGXH5VvinPxCl5rxI',#3,$,$,#1943,#151,$,$,$,$);
#1945=IFCRELCONNECTSSTRUCTURALMEMBER('0oBTLicLv7V9FyiM6OZoNC',#3,$,$,#1943,#171,$,$,$,$);
#1946=IFCRELASSOCIATESMATERIAL('0hcAy6fb10Bxuu48t9tRJM',#3,$,$,(#1943),#1948);
#1947=IFCPRODUCTDEFINITIONSHAPE($,$,(#1949));
#1948=IFCMATERIALPROFILESETUSAGE(#1950,10,$);
#1949=IFCTOPOLOGYREPRESENTATION(#99,$,'Edge',(#1951));
#1950=IFCMATERIALPROFILESET($,$,(#1952),$);
#1951=IFCEDGE(#154,#174);
#1952=IFCMATERIALPROFILE($,$,#1704,#1874,$,$);
#1953=IFCSTRUCTURALCURVEMEMBER('2GFF9Ox_v4NvZFJIoJ5hEF',#95,'28',$,$,$,#1957,.RIGID_JOINED_MEMBER.,#1895);
#1954=IFCRELCONNECTSSTRUCTURALMEMBER('2wJCaT8djCzOSsCsBc3LIm',#3,$,$,#1953,#156,$,$,$,$);
#1955=IFCRELCONNECTSSTRUCTURALMEMBER('2m5XUTqI1FMvgysfYNFK$O',#3,$,$,#1953,#176,$,$,$,$);
#1956=IFCRELASSOCIATESMATERIAL('1AGXN1bz5Faur9F8lL211x',#3,$,$,(#1953),#1958);
#1957=IFCPRODUCTDEFINITIONSHAPE($,$,(#1959));
#1958=IFCMATERIALPROFILESETUSAGE(#1960,10,$);
#1959=IFCTOPOLOGYREPRESENTATION(#99,$,'Edge',(#1961));
#1960=IFCMATERIALPROFILESET($,$,(#1962),$);
#1961=IFCEDGE(#159,#179);
#1962=IFCMATERIALPROFILE($,$,#1704,#1874,$,$);
#1963=IFCSTRUCTURALCURVEMEMBER('24i3RRJ7fDTwAWHIGmbni3',#95,'30',$,$,$,#1967,.RIGID_JOINED_MEMBER.,#1916);
#1964=IFCRELCONNECTSSTRUCTURALMEMBER('2gwBhFQ4H8RhsSCwkUK4Pu',#3,$,$,#1963,#161,$,$,$,$);
#1965=IFCRELCONNECTSSTRUCTURALMEMBER('3ZDUvRzp9FVe2g2MyVCGxd',#3,$,$,#1963,#181,$,$,$,$);
#1966=IFCRELASSOCIATESMATERIAL('0dgUZ83GfCygCu60tTQeJ4',#3,$,$,(#1963),#1968);
#1967=IFCPRODUCTDEFINITIONSHAPE($,$,(#1969));
#1968=IFCMATERIALPROFILESETUSAGE(#1970,10,$);
#1969=IFCTOPOLOGYREPRESENTATION(#99,$,'Edge',(#1971));
#1970=IFCMATERIALPROFILESET($,$,(#1972),$);
#1971=IFCEDGE(#164,#184);
#1972=IFCMATERIALPROFILE($,$,#1704,#1874,$,$);
#1973=IFCSTRUCTURALCURVEMEMBER('3eUAVtXQrDfegGLWqex62A',#95,'32',$,$,$,#1977,.RIGID_JOINED_MEMBER.,#1937);
#1974=IFCRELCONNECTSSTRUCTURALMEMBER('1UlZ_kLmH7vgNRpux9B6jm',#3,$,$,#1973,#166,$,$,$,$);
#1975=IFCRELCONNECTSSTRUCTURALMEMBER('12tsNofWX1r9x41Eoi9Tqx',#3,$,$,#1973,#186,$,$,$,$);
#1976=IFCRELASSOCIATESMATERIAL('1htVrha5rDPx$aaJgT1Xh6',#3,$,$,(#1973),#1978);
#1977=IFCPRODUCTDEFINITIONSHAPE($,$,(#1979));
#1978=IFCMATERIALPROFILESETUSAGE(#1980,10,$);
#1979=IFCTOPOLOGYREPRESENTATION(#99,$,'Edge',(#1981));
#1980=IFCMATERIALPROFILESET($,$,(#1982),$);
#1981=IFCEDGE(#169,#189);
#1982=IFCMATERIALPROFILE($,$,#1704,#1874,$,$);
#1983=IFCSTRUCTURALCURVEMEMBER('0jbOBDBOj9ruzIhmMdymfI',#95,'34',$,$,$,#1987,.RIGID_JOINED_MEMBER.,#1859);
#1984=IFCRELCONNECTSSTRUCTURALMEMBER('3v98qdndXBw912uEeXR$wg',#3,$,$,#1983,#171,$,$,$,$);
#1985=IFCRELCONNECTSSTRUCTURALMEMBER('14g30BIXDBLPaUo5DB3rXZ',#3,$,$,#1983,#191,$,$,$,$);
#1986=IFCRELASSOCIATESMATERIAL('10co1th497kugZWr2HVw0W',#3,$,$,(#1983),#1988);
#1987=IFCPRODUCTDEFINITIONSHAPE($,$,(#1989));
#1988=IFCMATERIALPROFILESETUSAGE(#1990,10,$);
#1989=IFCTOPOLOGYREPRESENTATION(#99,$,'Edge',(#1991));
#1990=IFCMATERIALPROFILESET($,$,(#1992),$);
#1991=IFCEDGE(#174,#194);
#1992=IFCMATERIALPROFILE($,$,#1704,#1874,$,$);
#1993=IFCSTRUCTURALCURVEMEMBER('3wSFjS1DPD4BT6R8iIzxUa',#95,'36',$,$,$,#1997,.RIGID_JOINED_MEMBER.,#1895);
#1994=IFCRELCONNECTSSTRUCTURALMEMBER('0_3A2VG2nB2fMOy9G3Gd5c',#3,$,$,#1993,#176,$,$,$,$);
#1995=IFCRELCONNECTSSTRUCTURALMEMBER('2QwgfBmDHFxxQYt$Qmb3TR',#3,$,$,#1993,#196,$,$,$,$);
#1996=IFCRELASSOCIATESMATERIAL('1$_o8DTrb1LhGiAdKNgObA',#3,$,$,(#1993),#1998);
#1997=IFCPRODUCTDEFINITIONSHAPE($,$,(#1999));
#1998=IFCMATERIALPROFILESETUSAGE(#2000,10,$);
#1999=IFCTOPOLOGYREPRESENTATION(#99,$,'Edge',(#2001));
#2000=IFCMATERIALPROFILESET($,$,(#2002),$);
#2001=IFCEDGE(#179,#199);
#2002=IFCMATERIALPROFILE($,$,#1704,#1874,$,$);
#2003=IFCSTRUCTURALCURVEMEMBER('0ZptV7gwHAeP8ZFUBBGhBU',#95,'38',$,$,$,#2007,.RIGID_JOINED_MEMBER.,#1916);
#2004=IFCRELCONNECTSSTRUCTURALMEMBER('3rb3_ZUFX0vvYX9_8TXcqY',#3,$,$,#2003,#181,$,$,$,$);
#2005=IFCRELCONNECTSSTRUCTURALMEMBER('03yuY1ijj7VPFiP0Ow4flh',#3,$,$,#2003,#201,$,$,$,$);
#2006=IFCRELASSOCIATESMATERIAL('0HC0aP3abAph8pnfp$98Iq',#3,$,$,(#2003),#2008);
#2007=IFCPRODUCTDEFINITIONSHAPE($,$,(#2009));
#2008=IFCMATERIALPROFILESETUSAGE(#2010,10,$);
#2009=IFCTOPOLOGYREPRESENTATION(#99,$,'Edge',(#2011));
#2010=IFCMATERIALPROFILESET($,$,(#2012),$);
#2011=IFCEDGE(#184,#204);
#2012=IFCMATERIALPROFILE($,$,#1704,#1874,$,$);
#2013=IFCSTRUCTURALCURVEMEMBER('2WPz2Rttf1b98eCk2XZKzX',#95,'40',$,$,$,#2017,.RIGID_JOINED_MEMBER.,#1937);
#2014=IFCRELCONNECTSSTRUCTURALMEMBER('1iksk67$n1JvyoLUWwY0dj',#3,$,$,#2013,#186,$,$,$,$);
#2015=IFCRELCONNECTSSTRUCTURALMEMBER('2Q14X9Ldf0W9qXKmsDSb97',#3,$,$,#2013,#206,$,$,$,$);
#2016=IFCRELASSOCIATESMATERIAL('0JdxI1$Fz5fPnx8qy87XHz',#3,$,$,(#2013),#2018);
#2017=IFCPRODUCTDEFINITIONSHAPE($,$,(#2019));
#2018=IFCMATERIALPROFILESETUSAGE(#2020,10,$);
#2019=IFCTOPOLOGYREPRESENTATION(#99,$,'Edge',(#2021));
#2020=IFCMATERIALPROFILESET($,$,(#2022),$);
#2021=IFCEDGE(#189,#209);
#2022=IFCMATERIALPROFILE($,$,#1704,#1874,$,$);
#2023=IFCSTRUCTURALCURVEMEMBER('0kn8AtHkX6gelA4JCnrJ$C',#95,'42',$,$,$,#2027,.RIGID_JOINED_MEMBER.,#1859);
#2024=IFCRELCONNECTSSTRUCTURALMEMBER('0NS92XcVLEZ8YvIY6YAuCZ',#3,$,$,#2023,#191,$,$,$,$);
#2025=IFCRELCONNECTSSTRUCTURALMEMBER('2oqDC8UG93rQ0dJEcAPnWo',#3,$,$,#2023,#211,$,$,$,$);
#2026=IFCRELASSOCIATESMATERIAL('2Bfe$tKK5E$wl7Mp1Qu0v_',#3,$,$,(#2023),#2028);
#2027=IFCPRODUCTDEFINITIONSHAPE($,$,(#2029));
#2028=IFCMATERIALPROFILESETUSAGE(#2030,10,$);
#2029=IFCTOPOLOGYREPRESENTATION(#99,$,'Edge',(#2031));
#2030=IFCMATERIALPROFILESET($,$,(#2032),$);
#2031=IFCEDGE(#194,#214);
#2032=IFCMATERIALPROFILE($,$,#1704,#1874,$,$);
#2033=IFCSTRUCTURALCURVEMEMBER('278PUzfkX8meRXWltLOPwc',#95,'44',$,$,$,#2037,.RIGID_JOINED_MEMBER.,#1895);
#2034=IFCRELCONNECTSSTRUCTURALMEMBER('1xGqL0sCf4WQvsHhXTd0lR',#3,$,$,#2033,#196,$,$,$,$);
#2035=IFCRELCONNECTSSTRUCTURALMEMBER('1dYpIJFpbCdfZG5PUokqhK',#3,$,$,#2033,#216,$,$,$,$);
#2036=IFCRELASSOCIATESMATERIAL('3nJTjRh81FtP8vXFU9O5Dy',#3,$,$,(#2033),#2038);
#2037=IFCPRODUCTDEFINITIONSHAPE($,$,(#2039));
#2038=IFCMATERIALPROFILESETUSAGE(#2040,10,$);
#2039=IFCTOPOLOGYREPRESENTATION(#99,$,'Edge',(#2041));
#2040=IFCMATERIALPROFILESET($,$,(#2042),$);
#2041=IFCEDGE(#199,#219);
#2042=IFCMATERIALPROFILE($,$,#1704,#1874,$,$);
#2043=IFCSTRUCTURALCURVEMEMBER('1e_71fuRXEHPDj8AXSSN5_',#95,'46',$,$,$,#2047,.RIGID_JOINED_MEMBER.,#1916);
#2044=IFCRELCONNECTSSTRUCTURALMEMBER('1KWEZIAU10BhgwoXQ$R5Eb',#3,$,$,#2043,#201,$,$,$,$);
#2045=IFCRELCONNECTSSTRUCTURALMEMBER('34FawaAeTAkOTvQCmnYNU7',#3,$,$,#2043,#221,$,$,$,$);
#2046=IFCRELASSOCIATESMATERIAL('0BkfTJmvTCwhvtRHmhMdEv',#3,$,$,(#2043),#2048);
#2047=IFCPRODUCTDEFINITIONSHAPE($,$,(#2049));
#2048=IFCMATERIALPROFILESETUSAGE(#2050,10,$);
#2049=IFCTOPOLOGYREPRESENTATION(#99,$,'Edge',(#2051));
#2050=IFCMATERIALPROFILESET($,$,(#2052),$);
#2051=IFCEDGE(#204,#224);
#2052=IFCMATERIALPROFILE($,$,#1704,#1874,$,$);
#2053=IFCSTRUCTURALCURVEMEMBER('3mn0wOcXH87fJFOL1DcMaM',#95,'48',$,$,$,#2057,.RIGID_JOINED_MEMBER.,#1937);
#2054=IFCRELCONNECTSSTRUCTURALMEMBER('31nd4$TmP86R67C1zYWGG7',#3,$,$,#2053,#206,$,$,$,$);
#2055=IFCRELCONNECTSSTRUCTURALMEMBER('0tzIHzEu9EBQehmEYJ8zqp',#3,$,$,#2053,#226,$,$,$,$);
#2056=IFCRELASSOCIATESMATERIAL('2Hyh6cINz0vBIfKxU3t7wJ',#3,$,$,(#2053),#2058);
#2057=IFCPRODUCTDEFINITIONSHAPE($,$,(#2059));
#2058=IFCMATERIALPROFILESETUSAGE(#2060,10,$);
#2059=IFCTOPOLOGYREPRESENTATION(#99,$,'Edge',(#2061));
#2060=IFCMATERIALPROFILESET($,$,(#2062),$);
#2061=IFCEDGE(#209,#229);
#2062=IFCMATERIALPROFILE($,$,#1704,#1874,$,$);
#2063=IFCSTRUCTURALCURVEMEMBER('3yCzENmcj0yvh4ltppqB0$',#95,'50',$,$,$,#2067,.RIGID_JOINED_MEMBER.,#1859);
#2064=IFCRELCONNECTSSTRUCTURALMEMBER('0XylARL9j4AR63WNLzsS34',#3,$,$,#2063,#211,$,$,$,$);
#2065=IFCRELCONNECTSSTRUCTURALMEMBER('0E8dmEFPr4qwBWuO78uG08',#3,$,$,#2063,#231,$,$,$,$);
#2066=IFCRELASSOCIATESMATERIAL('1IyJ3dX05DROdvgTA4Gglb',#3,$,$,(#2063),#2068);
#2067=IFCPRODUCTDEFINITIONSHAPE($,$,(#2069));
#2068=IFCMATERIALPROFILESETUSAGE(#2070,10,$);
#2069=IFCTOPOLOGYREPRESENTATION(#99,$,'Edge',(#2071));
#2070=IFCMATERIALPROFILESET($,$,(#2072),$);
#2071=IFCEDGE(#214,#234);
#2072=IFCMATERIALPROFILE($,$,#1704,#1874,$,$);
#2073=IFCSTRUCTURALCURVEMEMBER('30dADC9ED10xY8Tfk7U1AX',#95,'52',$,$,$,#2077,.RIGID_JOINED_MEMBER.,#1895);
#2074=IFCRELCONNECTSSTRUCTURALMEMBER('3bz1ME2Sb40h$18nBiue4b',#3,$,$,#2073,#216,$,$,$,$);
#2075=IFCRELCONNECTSSTRUCTURALMEMBER('0xgn_p_pn90f82rxr_bv8Q',#3,$,$,#2073,#236,$,$,$,$);
#2076=IFCRELASSOCIATESMATERIAL('3ou3m7DkT6Zesa5KPj9yhp',#3,$,$,(#2073),#2078);
#2077=IFCPRODUCTDEFINITIONSHAPE($,$,(#2079));
#2078=IFCMATERIALPROFILESETUSAGE(#2080,10,$);
#2079=IFCTOPOLOGYREPRESENTATION(#99,$,'Edge',(#2081));
#2080=IFCMATERIALPROFILESET($,$,(#2082),$);
#2081=IFCEDGE(#219,#239);
#2082=IFCMATERIALPROFILE($,$,#1704,#1874,$,$);
#2083=IFCSTRUCTURALCURVEMEMBER('0Df_jdcYHAagqSISmmhYmZ',#95,'54',$,$,$,#2087,.RIGID_JOINED_MEMBER.,#1916);
#2084=IFCRELCONNECTSSTRUCTURALMEMBER('0cs6lxrh9FfOPHVopuiJCK',#3,$,$,#2083,#221,$,$,$,$);
#2085=IFCRELCONNECTSSTRUCTURALMEMBER('1vyi4EahL12Q$A9DlUOZFg',#3,$,$,#2083,#241,$,$,$,$);
#2086=IFCRELASSOCIATESMATERIAL('0Evd_xwbb5dBKB6a3qc_Y5',#3,$,$,(#2083),#2088);
#2087=IFCPRODUCTDEFINITIONSHAPE($,$,(#2089));
#2088=IFCMATERIALPROFILESETUSAGE(#2090,10,$);
#2089=IFCTOPOLOGYREPRESENTATION(#99,$,'Edge',(#2091));
#2090=IFCMATERIALPROFILESET($,$,(#2092),$);
#2091=IFCEDGE(#224,#244);
#2092=IFCMATERIALPROFILE($,$,#1704,#1874,$,$);
#2093=IFCSTRUCTURALCURVEMEMBER('0HPJcnaE58bOFyj_CShXui',#95,'56',$,$,$,#2097,.RIGID_JOINED_MEMBER.,#1937);
#2094=IFCRELCONNECTSSTRUCTURALMEMBER('1xhBCN495BpRQqEZJPOvCj',#3,$,$,#2093,#226,$,$,$,$);
#2095=IFCRELCONNECTSSTRUCTURALMEMBER('3O4bjmkt92XeOLLLbcLYES',#3,$,$,#2093,#246,$,$,$,$);
#2096=IFCRELASSOCIATESMATERIAL('1wzQmSN2vAkuwNJqvu_y1P',#3,$,$,(#2093),#2098);
#2097=IFCPRODUCTDEFINITIONSHAPE($,$,(#2099));
#2098=IFCMATERIALPROFILESETUSAGE(#2100,10,$);
#2099=IFCTOPOLOGYREPRESENTATION(#99,$,'Edge',(#2101));
#2100=IFCMATERIALPROFILESET($,$,(#2102),$);
#2101=IFCEDGE(#229,#249);
#2102=IFCMATERIALPROFILE($,$,#1704,#1874,$,$);
#2103=IFCSTRUCTURALCURVEMEMBER('2Bf3lj9VPAowQ0oOhAsV23',#95,'58',$,$,$,#2107,.RIGID_JOINED_MEMBER.,#1859);
#2104=IFCRELCONNECTSSTRUCTURALMEMBER('0nq5LGHmDE4f4XywJ$s9wz',#3,$,$,#2103,#231,$,$,$,$);
#2105=IFCRELCONNECTSSTRUCTURALMEMBER('0k1XH4GDDC3vtxx0x1MMME',#3,$,$,#2103,#251,$,$,$,$);
#2106=IFCRELASSOCIATESMATERIAL('1B8UsNfv50dxdM28pjGsbF',#3,$,$,(#2103),#2108);
#2107=IFCPRODUCTDEFINITIONSHAPE($,$,(#2109));
#2108=IFCMATERIALPROFILESETUSAGE(#2110,10,$);
#2109=IFCTOPOLOGYREPRESENTATION(#99,$,'Edge',(#2111));
#2110=IFCMATERIALPROFILESET($,$,(#2112),$);
#2111=IFCEDGE(#234,#254);
#2112=IFCMATERIALPROFILE($,$,#1704,#1874,$,$);
#2113=IFCSTRUCTURALCURVEMEMBER('1CG5KhE_D3$83bFR$GXwUO',#95,'60',$,$,$,#2117,.RIGID_JOINED_MEMBER.,#1895);
#2114=IFCRELCONNECTSSTRUCTURALMEMBER('3i466lYPb3lPi82BHbOogR',#3,$,$,#2113,#236,$,$,$,$);
#2115=IFCRELCONNECTSSTRUCTURALMEMBER('0NUOIxicv17e8NO66OiEeU',#3,$,$,#2113,#256,$,$,$,$);
#2116=IFCRELASSOCIATESMATERIAL('2kHOirSL945OB7Q_QcjEPV',#3,$,$,(#2113),#2118);
#2117=IFCPRODUCTDEFINITIONSHAPE($,$,(#2119));
#2118=IFCMATERIALPROFILESETUSAGE(#2120,10,$);
#2119=IFCTOPOLOGYREPRESENTATION(#99,$,'Edge',(#2121));
#2120=IFCMATERIALPROFILESET($,$,(#2122),$);
#2121=IFCEDGE(#239,#259);
#2122=IFCMATERIALPROFILE($,$,#1704,#1874,$,$);
#2123=IFCSTRUCTURALCURVEMEMBER('3WMQq545nEK9udxGbn87oC',#95,'62',$,$,$,#2127,.RIGID_JOINED_MEMBER.,#1916);
#2124=IFCRELCONNECTSSTRUCTURALMEMBER('1MUdQ4MyPDEhFYA$NAcmEr',#3,$,$,#2123,#241,$,$,$,$);
#2125=IFCRELCONNECTSSTRUCTURALMEMBER('2xAzCwhrL0zO5sNIs8ibSL',#3,$,$,#2123,#261,$,$,$,$);
#2126=IFCRELASSOCIATESMATERIAL('0XGn1EnDHFDw4b41_JXm6n',#3,$,$,(#2123),#2128);
#2127=IFCPRODUCTDEFINITIONSHAPE($,$,(#2129));
#2128=IFCMATERIALPROFILESETUSAGE(#2130,10,$);
#2129=IFCTOPOLOGYREPRESENTATION(#99,$,'Edge',(#2131));
#2130=IFCMATERIALPROFILESET($,$,(#2132),$);
#2131=IFCEDGE(#244,#264);
#2132=IFCMATERIALPROFILE($,$,#1704,#1874,$,$);
#2133=IFCSTRUCTURALCURVEMEMBER('113bBdTvjAcvM1rtLk9coV',#95,'64',$,$,$,#2137,.RIGID_JOINED_MEMBER.,#1937);
#2134=IFCRELCONNECTSSTRUCTURALMEMBER('2JQQF$gpHFs8yhs9bpPE3w',#3,$,$,#2133,#246,$,$,$,$);
#2135=IFCRELCONNECTSSTRUCTURALMEMBER('0P$xv5pfb7WOyYSUpoGwlb',#3,$,$,#2133,#266,$,$,$,$);
#2136=IFCRELASSOCIATESMATERIAL('0ueFaysjf0tAtuhUF8aZ36',#3,$,$,(#2133),#2138);
#2137=IFCPRODUCTDEFINITIONSHAPE($,$,(#2139));
#2138=IFCMATERIALPROFILESETUSAGE(#2140,10,$);
#2139=IFCTOPOLOGYREPRESENTATION(#99,$,'Edge',(#2141));
#2140=IFCMATERIALPROFILESET($,$,(#2142),$);
#2141=IFCEDGE(#249,#269);
#2142=IFCMATERIALPROFILE($,$,#1704,#1874,$,$);
#2143=IFCSTRUCTURALCURVEMEMBER('28AtYSlkTEmew7X3jcebJi',#95,'66',$,$,$,#2147,.RIGID_JOINED_MEMBER.,#1859);
#2144=IFCRELCONNECTSSTRUCTURALMEMBER('344EQ8Uu50BQ70cN7YRKzW',#3,$,$,#2143,#251,$,$,$,$);
#2145=IFCRELCONNECTSSTRUCTURALMEMBER('0fGN_Zphz3WPggqJW3$wN3',#3,$,$,#2143,#271,$,$,$,$);
#2146=IFCRELASSOCIATESMATERIAL('2nwOzrc1v7DPUGFmnrYimW',#3,$,$,(#2143),#2148);
#2147=IFCPRODUCTDEFINITIONSHAPE($,$,(#2149));
#2148=IFCMATERIALPROFILESETUSAGE(#2150,10,$);
#2149=IFCTOPOLOGYREPRESENTATION(#99,$,'Edge',(#2151));
#2150=IFCMATERIALPROFILESET($,$,(#2152),$);
#2151=IFCEDGE(#254,#274);
#2152=IFCMATERIALPROFILE($,$,#1704,#1874,$,$);
#2153=IFCSTRUCTURALCURVEMEMBER('1KDFb_mIbEbAXUZ9WPuBs_',#95,'68',$,$,$,#2157,.RIGID_JOINED_MEMBER.,#1895);
#2154=IFCRELCONNECTSSTRUCTURALMEMBER('0HtroAWGb85QiRkr7UT55U',#3,$,$,#2153,#256,$,$,$,$);
#2155=IFCRELCONNECTSSTRUCTURALMEMBER('3_T4A$0eDAyRHo8z6lFOID',#3,$,$,#2153,#276,$,$,$,$);
#2156=IFCRELASSOCIATESMATERIAL('1ycxrz3SHBzhJV_ZUUhZv$',#3,$,$,(#2153),#2158);
#2157=IFCPRODUCTDEFINITIONSHAPE($,$,(#2159));
#2158=IFCMATERIALPROFILESETUSAGE(#2160,10,$);
#2159=IFCTOPOLOGYREPRESENTATION(#99,$,'Edge',(#2161));
#2160=IFCMATERIALPROFILESET($,$,(#2162),$);
#2161=IFCEDGE(#259,#279);
#2162=IFCMATERIALPROFILE($,$,#1704,#1874,$,$);
#2163=IFCSTRUCTURALCURVEMEMBER('2eWYhSdvr0fvxjpODaE34i',#95,'70',$,$,$,#2167,.RIGID_JOINED_MEMBER.,#1916);
#2164=IFCRELCONNECTSSTRUCTURALMEMBER('2I8PST3CD8fOSAsmqV5PM7',#3,$,$,#2163,#261,$,$,$,$);
#2165=IFCRELCONNECTSSTRUCTURALMEMBER('3F_QEMkq54cexbprurLpaZ',#3,$,$,#2163,#281,$,$,$,$);
#2166=IFCRELASSOCIATESMATERIAL('1e4KmlqTb5ugyXsmHzkraW',#3,$,$,(#2163),#2168);
#2167=IFCPRODUCTDEFINITIONSHAPE($,$,(#2169));
#2168=IFCMATERIALPROFILESETUSAGE(#2170,10,$);
#2169=IFCTOPOLOGYREPRESENTATION(#99,$,'Edge',(#2171));
#2170=IFCMATERIALPROFILESET($,$,(#2172),$);
#2171=IFCEDGE(#264,#284);
#2172=IFCMATERIALPROFILE($,$,#1704,#1874,$,$);
#2173=IFCSTRUCTURALCURVEMEMBER('0GbhxjysPFI9Zuq1VWvqVq',#95,'72',$,$,$,#2177,.RIGID_JOINED_MEMBER.,#1937);
#2174=IFCRELCONNECTSSTRUCTURALMEMBER('36qzfDzDP3Hhu3lIOjqwdj',#3,$,$,#2173,#266,$,$,$,$);
#2175=IFCRELCONNECTSSTRUCTURALMEMBER('0C8OIEpJn9cBjQC7N7RouX',#3,$,$,#2173,#286,$,$,$,$);
#2176=IFCRELASSOCIATESMATERIAL('1D_IsydTb6Ku5KrLkRE2sY',#3,$,$,(#2173),#2178);
#2177=IFCPRODUCTDEFINITIONSHAPE($,$,(#2179));
#2178=IFCMATERIALPROFILESETUSAGE(#2180,10,$);
#2179=IFCTOPOLOGYREPRESENTATION(#99,$,'Edge',(#2181));
#2180=IFCMATERIALPROFILESET($,$,(#2182),$);
#2181=IFCEDGE(#269,#289);
#2182=IFCMATERIALPROFILE($,$,#1704,#1874,$,$);
#2183=IFCSTRUCTURALCURVEMEMBER('0lazQVftnBYOaDm7CJboT_',#95,'74',$,$,$,#2187,.RIGID_JOINED_MEMBER.,#1859);
#2184=IFCRELCONNECTSSTRUCTURALMEMBER('2eN2pPc550vPKyT3zFMq0o',#3,$,$,#2183,#271,$,$,$,$);
#2185=IFCRELCONNECTSSTRUCTURALMEMBER('0Bjiu0dDnDGxTuqkygMOk4',#3,$,$,#2183,#291,$,$,$,$);
#2186=IFCRELASSOCIATESMATERIAL('3wclTQIjrFE9cStHphNG6S',#3,$,$,(#2183),#2188);
#2187=IFCPRODUCTDEFINITIONSHAPE($,$,(#2189));
#2188=IFCMATERIALPROFILESETUSAGE(#2190,10,$);
#2189=IFCTOPOLOGYREPRESENTATION(#99,$,'Edge',(#2191));
#2190=IFCMATERIALPROFILESET($,$,(#2192),$);
#2191=IFCEDGE(#274,#294);
#2192=IFCMATERIALPROFILE($,$,#1704,#1874,$,$);
#2193=IFCSTRUCTURALCURVEMEMBER('1UiAEZLpz28woBoduj7PLG',#95,'76',$,$,$,#2197,.RIGID_JOINED_MEMBER.,#1895);
#2194=IFCRELCONNECTSSTRUCTURALMEMBER('17xl5GAtLEiPlgqWAZ00BA',#3,$,$,#2193,#276,$,$,$,$);
#2195=IFCRELCONNECTSSTRUCTURALMEMBER('1K4ciu9ST4nOcvBc4fY$1A',#3,$,$,#2193,#296,$,$,$,$);
#2196=IFCRELASSOCIATESMATERIAL('1NyJA7aV51vODt9LHdcesm',#3,$,$,(#2193),#2198);
#2197=IFCPRODUCTDEFINITIONSHAPE($,$,(#2199));
#2198=IFCMATERIALPROFILESETUSAGE(#2200,10,$);
#2199=IFCTOPOLOGYREPRESENTATION(#99,$,'Edge',(#2201));
#2200=IFCMATERIALPROFILESET($,$,(#2202),$);
#2201=IFCEDGE(#279,#299);
#2202=IFCMATERIALPROFILE($,$,#1704,#1874,$,$);
#2203=IFCSTRUCTURALCURVEMEMBER('2fYtBDV0v2mgaLj2Fm8VFC',#95,'78',$,$,$,#2207,.RIGID_JOINED_MEMBER.,#1916);
#2204=IFCRELCONNECTSSTRUCTURALMEMBER('2gjlMPZDP9QOcnbNKuE6ga',#3,$,$,#2203,#281,$,$,$,$);
#2205=IFCRELCONNECTSSTRUCTURALMEMBER('3X3g$bEyTF_gufT3htuB6I',#3,$,$,#2203,#301,$,$,$,$);
#2206=IFCRELASSOCIATESMATERIAL('1IUCC8Ccz9XuqfFkC$zFt7',#3,$,$,(#2203),#2208);
#2207=IFCPRODUCTDEFINITIONSHAPE($,$,(#2209));
#2208=IFCMATERIALPROFILESETUSAGE(#2210,10,$);
#2209=IFCTOPOLOGYREPRESENTATION(#99,$,'Edge',(#2211));
#2210=IFCMATERIALPROFILESET($,$,(#2212),$);
#2211=IFCEDGE(#284,#304);
#2212=IFCMATERIALPROFILE($,$,#1704,#1874,$,$);
#2213=IFCSTRUCTURALCURVEMEMBER('2AGoYGBNz50uiVLTVwpGlQ',#95,'80',$,$,$,#2217,.RIGID_JOINED_MEMBER.,#1937);
#2214=IFCRELCONNECTSSTRUCTURALMEMBER('3npXActxzCpRRnQxQBkOkR',#3,$,$,#2213,#286,$,$,$,$);
#2215=IFCRELCONNECTSSTRUCTURALMEMBER('1CLmdtlFfAb8BpQUXufcIS',#3,$,$,#2213,#306,$,$,$,$);
#2216=IFCRELASSOCIATESMATERIAL('3CVGaTMlf05OTqNifjHD49',#3,$,$,(#2213),#2218);
#2217=IFCPRODUCTDEFINITIONSHAPE($,$,(#2219));
#2218=IFCMATERIALPROFILESETUSAGE(#2220,10,$);
#2219=IFCTOPOLOGYREPRESENTATION(#99,$,'Edge',(#2221));
#2220=IFCMATERIALPROFILESET($,$,(#2222),$);
#2221=IFCEDGE(#289,#309);
#2222=IFCMATERIALPROFILE($,$,#1704,#1874,$,$);
#2223=IFCSTRUCTURALCURVEMEMBER('2_h7cQuT51cgG3_$JcT5jG',#95,'82',$,$,$,#2227,.RIGID_JOINED_MEMBER.,#1859);
#2224=IFCRELCONNECTSSTRUCTURALMEMBER('03SYjJHsz9R8Q4C8OJ9rRM',#3,$,$,#2223,#291,$,$,$,$);
#2225=IFCRELCONNECTSSTRUCTURALMEMBER('27gKpVKmH9gwzsyN4iIM0q',#3,$,$,#2223,#311,$,$,$,$);
#2226=IFCRELASSOCIATESMATERIAL('0SlWS79Hv3EwatevvSLqDA',#3,$,$,(#2223),#2228);
#2227=IFCPRODUCTDEFINITIONSHAPE($,$,(#2229));
#2228=IFCMATERIALPROFILESETUSAGE(#2230,10,$);
#2229=IFCTOPOLOGYREPRESENTATION(#99,$,'Edge',(#2231));
#2230=IFCMATERIALPROFILESET($,$,(#2232),$);
#2231=IFCEDGE(#294,#314);
#2232=IFCMATERIALPROFILE($,$,#1704,#1874,$,$);
#2233=IFCSTRUCTURALCURVEMEMBER('0LybaDnx9Aegf9Zi2Ornbz',#95,'84',$,$,$,#2237,.RIGID_JOINED_MEMBER.,#1895);
#2234=IFCRELCONNECTSSTRUCTURALMEMBER('2r_oWV6W53WP6KWNp$s3VH',#3,$,$,#2233,#296,$,$,$,$);
#2235=IFCRELCONNECTSSTRUCTURALMEMBER('2VlEhzdrnD6fO$VgFX$YDU',#3,$,$,#2233,#316,$,$,$,$);
#2236=IFCRELASSOCIATESMATERIAL('1jOTCbHSj5au2w5uHr5MIR',#3,$,$,(#2233),#2238);
#2237=IFCPRODUCTDEFINITIONSHAPE($,$,(#2239));
#2238=IFCMATERIALPROFILESETUSAGE(#2240,10,$);
#2239=IFCTOPOLOGYREPRESENTATION(#99,$,'Edge',(#2241));
#2240=IFCMATERIALPROFILESET($,$,(#2242),$);
#2241=IFCEDGE(#299,#319);
#2242=IFCMATERIALPROFILE($,$,#1704,#1874,$,$);
#2243=IFCSTRUCTURALCURVEMEMBER('2MQUwpnlPBZgLotfNeYUQX',#95,'86',$,$,$,#2247,.RIGID_JOINED_MEMBER.,#1916);
#2244=IFCRELCONNECTSSTRUCTURALMEMBER('2OlE_ZKUXBXPt85_c6BpPv',#3,$,$,#2243,#301,$,$,$,$);
#2245=IFCRELCONNECTSSTRUCTURALMEMBER('1Yp1G33jLEMwzgVTFRKmVk',#3,$,$,#2243,#321,$,$,$,$);
#2246=IFCRELASSOCIATESMATERIAL('2gg1DwQ9jEH9OCRC0FY0gb',#3,$,$,(#2243),#2248);
#2247=IFCPRODUCTDEFINITIONSHAPE($,$,(#2249));
#2248=IFCMATERIALPROFILESETUSAGE(#2250,10,$);
#2249=IFCTOPOLOGYREPRESENTATION(#99,$,'Edge',(#2251));
#2250=IFCMATERIALPROFILESET($,$,(#2252),$);
#2251=IFCEDGE(#304,#324);
#2252=IFCMATERIALPROFILE($,$,#1704,#1874,$,$);
#2253=IFCSTRUCTURALCURVEMEMBER('2dUaHNUTf1zfPKARuUmawM',#95,'88',$,$,$,#2257,.RIGID_JOINED_MEMBER.,#1937);
#2254=IFCRELCONNECTSSTRUCTURALMEMBER('2nXenW0MP8xQM$Cg3DKkiJ',#3,$,$,#2253,#306,$,$,$,$);
#2255=IFCRELCONNECTSSTRUCTURALMEMBER('3tKlcJDJ588Pt9zhuBNRVs',#3,$,$,#2253,#326,$,$,$,$);
#2256=IFCRELASSOCIATESMATERIAL('3FOMhLnAX4T9$FrJ_4KR1d',#3,$,$,(#2253),#2258);
#2257=IFCPRODUCTDEFINITIONSHAPE($,$,(#2259));
#2258=IFCMATERIALPROFILESETUSAGE(#2260,10,$);
#2259=IFCTOPOLOGYREPRESENTATION(#99,$,'Edge',(#2261));
#2260=IFCMATERIALPROFILESET($,$,(#2262),$);
#2261=IFCEDGE(#309,#329);
#2262=IFCMATERIALPROFILE($,$,#1704,#1874,$,$);
#2263=IFCSTRUCTURALCURVEMEMBER('2ywOugL3L7vRD6GCsw19c6',#95,'90',$,$,$,#2267,.RIGID_JOINED_MEMBER.,#1859);
#2264=IFCRELCONNECTSSTRUCTURALMEMBER('2BlJkOHSb81xQczPF1L4h7',#3,$,$,#2263,#311,$,$,$,$);
#2265=IFCRELCONNECTSSTRUCTURALMEMBER('3AxLOf0n55HOx$cSQ9QgLN',#3,$,$,#2263,#331,$,$,$,$);
#2266=IFCRELASSOCIATESMATERIAL('03pe0jVdj7qheCjnci7rwV',#3,$,$,(#2263),#2268);
#2267=IFCPRODUCTDEFINITIONSHAPE($,$,(#2269));
#2268=IFCMATERIALPROFILESETUSAGE(#2270,10,$);
#2269=IFCTOPOLOGYREPRESENTATION(#99,$,'Edge',(#2271));
#2270=IFCMATERIALPROFILESET($,$,(#2272),$);
#2271=IFCEDGE(#314,#334);
#2272=IFCMATERIALPROFILE($,$,#1704,#1874,$,$);
#2273=IFCSTRUCTURALCURVEMEMBER('2q2rSyRMn9u8ou7OsfYCBO',#95,'92',$,$,$,#2277,.RIGID_JOINED_MEMBER.,#1895);
#2274=IFCRELCONNECTSSTRUCTURALMEMBER('0x20BSZY16PRIuCuBSM$aQ',#3,$,$,#2273,#316,$,$,$,$);
#2275=IFCRELCONNECTSSTRUCTURALMEMBER('1e49ppJZ516O8pxe8FT2Fk',#3,$,$,#2273,#336,$,$,$,$);
#2276=IFCRELASSOCIATESMATERIAL('2yWPywx0L5FPODR7dBgBuK',#3,$,$,(#2273),#2278);
#2277=IFCPRODUCTDEFINITIONSHAPE($,$,(#2279));
#2278=IFCMATERIALPROFILESETUSAGE(#2280,10,$);
#2279=IFCTOPOLOGYREPRESENTATION(#99,$,'Edge',(#2281));
#2280=IFCMATERIALPROFILESET($,$,(#2282),$);
#2281=IFCEDGE(#319,#339);
#2282=IFCMATERIALPROFILE($,$,#1704,#1874,$,$);
#2283=IFCSTRUCTURALCURVEMEMBER('3Z3HspgFz7kBf5qgPmbxMa',#95,'94',$,$,$,#2287,.RIGID_JOINED_MEMBER.,#1916);
#2284=IFCRELCONNECTSSTRUCTURALMEMBER('19C23oWYrBMB2uW8S8mpuv',#3,$,$,#2283,#321,$,$,$,$);
#2285=IFCRELCONNECTSSTRUCTURALMEMBER('1hl1uoEaT5TuwMUKkxsv12',#3,$,$,#2283,#341,$,$,$,$);
#2286=IFCRELASSOCIATESMATERIAL('1Vb145lm90EhuhFrhxiN2R',#3,$,$,(#2283),#2288);
#2287=IFCPRODUCTDEFINITIONSHAPE($,$,(#2289));
#2288=IFCMATERIALPROFILESETUSAGE(#2290,10,$);
#2289=IFCTOPOLOGYREPRESENTATION(#99,$,'Edge',(#2291));
#2290=IFCMATERIALPROFILESET($,$,(#2292),$);
#2291=IFCEDGE(#324,#344);
#2292=IFCMATERIALPROFILE($,$,#1704,#1874,$,$);
#2293=IFCSTRUCTURALCURVEMEMBER('3vo5Ulj2b5meO9bsPeGSmS',#95,'96',$,$,$,#2297,.RIGID_JOINED_MEMBER.,#1937);
#2294=IFCRELCONNECTSSTRUCTURALMEMBER('2X9yvaP5XBvfKwzSnfMo$M',#3,$,$,#2293,#326,$,$,$,$);
#2295=IFCRELCONNECTSSTRUCTURALMEMBER('0moJZjYh9EHgqedfbs3YZM',#3,$,$,#2293,#346,$,$,$,$);
#2296=IFCRELASSOCIATESMATERIAL('1yDa1oi517K9rLDityL6iQ',#3,$,$,(#2293),#2298);
#2297=IFCPRODUCTDEFINITIONSHAPE($,$,(#2299));
#2298=IFCMATERIALPROFILESETUSAGE(#2300,10,$);
#2299=IFCTOPOLOGYREPRESENTATION(#99,$,'Edge',(#2301));
#2300=IFCMATERIALPROFILESET($,$,(#2302),$);
#2301=IFCEDGE(#329,#349);
#2302=IFCMATERIALPROFILE($,$,#1704,#1874,$,$);
#2303=IFCSTRUCTURALCURVEMEMBER('0J$uJvn5L5_vyfRVY9oS7d',#95,'98',$,$,$,#2307,.RIGID_JOINED_MEMBER.,#1859);
#2304=IFCRELCONNECTSSTRUCTURALMEMBER('1DqIizugL3$hJn4O$MpqJv',#3,$,$,#2303,#331,$,$,$,$);
#2305=IFCRELCONNECTSSTRUCTURALMEMBER('3upOUtnvzCrvciwT8nWa0f',#3,$,$,#2303,#351,$,$,$,$);
#2306=IFCRELASSOCIATESMATERIAL('0Zx_NaeUzF5P2QfxRUsbZR',#3,$,$,(#2303),#2308);
#2307=IFCPRODUCTDEFINITIONSHAPE($,$,(#2309));
#2308=IFCMATERIALPROFILESETUSAGE(#2310,10,$);
#2309=IFCTOPOLOGYREPRESENTATION(#99,$,'Edge',(#2311));
#2310=IFCMATERIALPROFILESET($,$,(#2312),$);
#2311=IFCEDGE(#334,#354);
#2312=IFCMATERIALPROFILE($,$,#1704,#1874,$,$);
#2313=IFCSTRUCTURALCURVEMEMBER('1B7T5gMnb69g8h1JfkY3kh',#95,'100',$,$,$,#2317,.RIGID_JOINED_MEMBER.,#1895);
#2314=IFCRELCONNECTSSTRUCTURALMEMBER('2OTL8G7tn4$uajiWw9GKLZ',#3,$,$,#2313,#336,$,$,$,$);
#2315=IFCRELCONNECTSSTRUCTURALMEMBER('2yowQhn$D4MR8YbJYPg7_g',#3,$,$,#2313,#356,$,$,$,$);
#2316=IFCRELASSOCIATESMATERIAL('2VUV2zLe91ZvcFDGwlJ7B9',#3,$,$,(#2313),#2318);
#2317=IFCPRODUCTDEFINITIONSHAPE($,$,(#2319));
#2318=IFCMATERIALPROFILESETUSAGE(#2320,10,$);
#2319=IFCTOPOLOGYREPRESENTATION(#99,$,'Edge',(#2321));
#2320=IFCMATERIALPROFILESET($,$,(#2322),$);
#2321=IFCEDGE(#339,#359);
#2322=IFCMATERIALPROFILE($,$,#1704,#1874,$,$);
#2323=IFCSTRUCTURALCURVEMEMBER('0dmpCSiND0SxC_Pm90k$lq',#95,'102',$,$,$,#2327,.RIGID_JOINED_MEMBER.,#1916);
#2324=IFCRELCONNECTSSTRUCTURALMEMBER('0TK0RNyyD4phzueo4iNSP2',#3,$,$,#2323,#341,$,$,$,$);
#2325=IFCRELCONNECTSSTRUCTURALMEMBER('06xEFLFuLEMBz5JrmgWM3B',#3,$,$,#2323,#361,$,$,$,$);
#2326=IFCRELASSOCIATESMATERIAL('2FxFUvq6fDqeEtAG51GgvH',#3,$,$,(#2323),#2328);
#2327=IFCPRODUCTDEFINITIONSHAPE($,$,(#2329));
#2328=IFCMATERIALPROFILESETUSAGE(#2330,10,$);
#2329=IFCTOPOLOGYREPRESENTATION(#99,$,'Edge',(#2331));
#2330=IFCMATERIALPROFILESET($,$,(#2332),$);
#2331=IFCEDGE(#344,#364);
#2332=IFCMATERIALPROFILE($,$,#1704,#1874,$,$);
#2333=IFCSTRUCTURALCURVEMEMBER('3ZYeUsdCH7k9dYTvqo$BjN',#95,'104',$,$,$,#2337,.RIGID_JOINED_MEMBER.,#1937);
#2334=IFCRELCONNECTSSTRUCTURALMEMBER('0CnL6iFnT6ZxO3AKgVvwlm',#3,$,$,#2333,#346,$,$,$,$);
#2335=IFCRELCONNECTSSTRUCTURALMEMBER('1XIxMt6hPA3hfexz12$hBv',#3,$,$,#2333,#366,$,$,$,$);
#2336=IFCRELASSOCIATESMATERIAL('2rAPaMnMb3OwV2_HJHyrSO',#3,$,$,(#2333),#2338);
#2337=IFCPRODUCTDEFINITIONSHAPE($,$,(#2339));
#2338=IFCMATERIALPROFILESETUSAGE(#2340,10,$);
#2339=IFCTOPOLOGYREPRESENTATION(#99,$,'Edge',(#2341));
#2340=IFCMATERIALPROFILESET($,$,(#2342),$);
#2341=IFCEDGE(#349,#369);
#2342=IFCMATERIALPROFILE($,$,#1704,#1874,$,$);
#2343=IFCSTRUCTURALCURVEMEMBER('0lInogO89Csfs3bXgj08Pi',#95,'106',$,$,$,#2347,.RIGID_JOINED_MEMBER.,#1859);
#2344=IFCRELCONNECTSSTRUCTURALMEMBER('0ZIKqj0LvCyhiElo7BOP$p',#3,$,$,#2343,#351,$,$,$,$);
#2345=IFCRELCONNECTSSTRUCTURALMEMBER('1uf9Jyd3D4yAejGDHq6ZDq',#3,$,$,#2343,#371,$,$,$,$);
#2346=IFCRELASSOCIATESMATERIAL('0r8RsOEu5ClREntDeqhtF0',#3,$,$,(#2343),#2348);
#2347=IFCPRODUCTDEFINITIONSHAPE($,$,(#2349));
#2348=IFCMATERIALPROFILESETUSAGE(#2350,10,$);
#2349=IFCTOPOLOGYREPRESENTATION(#99,$,'Edge',(#2351));
#2350=IFCMATERIALPROFILESET($,$,(#2352),$);
#2351=IFCEDGE(#354,#374);
#2352=IFCMATERIALPROFILE($,$,#1704,#1874,$,$);
#2353=IFCSTRUCTURALCURVEMEMBER('34uy8lDkj83wD6G4Cx4yCq',#95,'108',$,$,$,#2357,.RIGID_JOINED_MEMBER.,#1895);
#2354=IFCRELCONNECTSSTRUCTURALMEMBER('07VfvFtLTCu8_Ifrrnw0Id',#3,$,$,#2353,#356,$,$,$,$);
#2355=IFCRELCONNECTSSTRUCTURALMEMBER('382nNiZQL0Nv2XsWBkD70d',#3,$,$,#2353,#376,$,$,$,$);
#2356=IFCRELASSOCIATESMATERIAL('1KpnxWQpLA7gtzcxsdIS1n',#3,$,$,(#2353),#2358);
#2357=IFCPRODUCTDEFINITIONSHAPE($,$,(#2359));
#2358=IFCMATERIALPROFILESETUSAGE(#2360,10,$);
#2359=IFCTOPOLOGYREPRESENTATION(#99,$,'Edge',(#2361));
#2360=IFCMATERIALPROFILESET($,$,(#2362),$);
#2361=IFCEDGE(#359,#379);
#2362=IFCMATERIALPROFILE($,$,#1704,#1874,$,$);
#2363=IFCSTRUCTURALCURVEMEMBER('2Kkk11FOf3Zf4OgCu_nLJN',#95,'110',$,$,$,#2367,.RIGID_JOINED_MEMBER.,#1916);
#2364=IFCRELCONNECTSSTRUCTURALMEMBER('3BgY6zha10iASZNqVH3brM',#3,$,$,#2363,#361,$,$,$,$);
#2365=IFCRELCONNECTSSTRUCTURALMEMBER('0Ejmfz9914HuS9tgxWJfSV',#3,$,$,#2363,#381,$,$,$,$);
#2366=IFCRELASSOCIATESMATERIAL('2kKqIQopT6BxL9gdUY77Ka',#3,$,$,(#2363),#2368);
#2367=IFCPRODUCTDEFINITIONSHAPE($,$,(#2369));
#2368=IFCMATERIALPROFILESETUSAGE(#2370,10,$);
#2369=IFCTOPOLOGYREPRESENTATION(#99,$,'Edge',(#2371));
#2370=IFCMATERIALPROFILESET($,$,(#2372),$);
#2371=IFCEDGE(#364,#384);
#2372=IFCMATERIALPROFILE($,$,#1704,#1874,$,$);
#2373=IFCSTRUCTURALCURVEMEMBER('2MMglXVLD8mfRiOw3$x4ag',#95,'112',$,$,$,#2377,.RIGID_JOINED_MEMBER.,#1937);
#2374=IFCRELCONNECTSSTRUCTURALMEMBER('2ogvMA9vXFEvC06FagHqDK',#3,$,$,#2373,#366,$,$,$,$);
#2375=IFCRELCONNECTSSTRUCTURALMEMBER('1nITa3oZj1oPtMKEYHx6C3',#3,$,$,#2373,#386,$,$,$,$);
#2376=IFCRELASSOCIATESMATERIAL('3MmuKZPrT04B47O9F5X7cJ',#3,$,$,(#2373),#2378);
#2377=IFCPRODUCTDEFINITIONSHAPE($,$,(#2379));
#2378=IFCMATERIALPROFILESETUSAGE(#2380,10,$);
#2379=IFCTOPOLOGYREPRESENTATION(#99,$,'Edge',(#2381));
#2380=IFCMATERIALPROFILESET($,$,(#2382),$);
#2381=IFCEDGE(#369,#389);
#2382=IFCMATERIALPROFILE($,$,#1704,#1874,$,$);
#2383=IFCSTRUCTURALCURVEMEMBER('0gGCUnbf5AeBn_0vE4inPD',#95,'114',$,$,$,#2387,.RIGID_JOINED_MEMBER.,#1859);
#2384=IFCRELCONNECTSSTRUCTURALMEMBER('1j287gO7H3J88folTB4uvI',#3,$,$,#2383,#371,$,$,$,$);
#2385=IFCRELCONNECTSSTRUCTURALMEMBER('2o7n3D8JP8ufmZ99eq1AWG',#3,$,$,#2383,#391,$,$,$,$);
#2386=IFCRELASSOCIATESMATERIAL('0gY1JOGT13B8B5LS_A5A$R',#3,$,$,(#2383),#2388);
#2387=IFCPRODUCTDEFINITIONSHAPE($,$,(#2389));
#2388=IFCMATERIALPROFILESETUSAGE(#2390,10,$);
#2389=IFCTOPOLOGYREPRESENTATION(#99,$,'Edge',(#2391));
#2390=IFCMATERIALPROFILESET($,$,(#2392),$);
#2391=IFCEDGE(#374,#394);
#2392=IFCMATERIALPROFILE($,$,#1704,#1874,$,$);
#2393=IFCSTRUCTURALCURVEMEMBER('0_UhiNeObBDuvAijqsnKv7',#95,'116',$,$,$,#2397,.RIGID_JOINED_MEMBER.,#1895);
#2394=IFCRELCONNECTSSTRUCTURALMEMBER('0qs1ewmDL0iOq5SOesgPfs',#3,$,$,#2393,#376,$,$,$,$);
#2395=IFCRELCONNECTSSTRUCTURALMEMBER('3QMN8L8111gA9OAIMWoyMQ',#3,$,$,#2393,#396,$,$,$,$);
#2396=IFCRELASSOCIATESMATERIAL('3WQI0CqGf2WhgHT___lSSK',#3,$,$,(#2393),#2398);
#2397=IFCPRODUCTDEFINITIONSHAPE($,$,(#2399));
#2398=IFCMATERIALPROFILESETUSAGE(#2400,10,$);
#2399=IFCTOPOLOGYREPRESENTATION(#99,$,'Edge',(#2401));
#2400=IFCMATERIALPROFILESET($,$,(#2402),$);
#2401=IFCEDGE(#379,#399);
#2402=IFCMATERIALPROFILE($,$,#1704,#1874,$,$);
#2403=IFCSTRUCTURALCURVEMEMBER('2PeCagI6XAxu9ii9A_sGc7',#95,'118',$,$,$,#2407,.RIGID_JOINED_MEMBER.,#1916);
#2404=IFCRELCONNECTSSTRUCTURALMEMBER('2daSqa43bB1xPQWLwlrK$3',#3,$,$,#2403,#381,$,$,$,$);
#2405=IFCRELCONNECTSSTRUCTURALMEMBER('0lABvooQPBhuUn1LBOGmv2',#3,$,$,#2403,#401,$,$,$,$);
#2406=IFCRELASSOCIATESMATERIAL('0d97Je6sz9yR9V$YhauOaF',#3,$,$,(#2403),#2408);
#2407=IFCPRODUCTDEFINITIONSHAPE($,$,(#2409));
#2408=IFCMATERIALPROFILESETUSAGE(#2410,10,$);
#2409=IFCTOPOLOGYREPRESENTATION(#99,$,'Edge',(#2411));
#2410=IFCMATERIALPROFILESET($,$,(#2412),$);
#2411=IFCEDGE(#384,#404);
#2412=IFCMATERIALPROFILE($,$,#1704,#1874,$,$);
#2413=IFCSTRUCTURALCURVEMEMBER('2r2FP$6wH1lhopZJcpc0ex',#95,'120',$,$,$,#2417,.RIGID_JOINED_MEMBER.,#1937);
#2414=IFCRELCONNECTSSTRUCTURALMEMBER('0OioZqE594SvbneaEAxFQC',#3,$,$,#2413,#386,$,$,$,$);
#2415=IFCRELCONNECTSSTRUCTURALMEMBER('3sOE4eJm5EvA_jUa2aKok1',#3,$,$,#2413,#406,$,$,$,$);
#2416=IFCRELASSOCIATESMATERIAL('24S17Y5zD7CREByKxe$4_a',#3,$,$,(#2413),#2418);
#2417=IFCPRODUCTDEFINITIONSHAPE($,$,(#2419));
#2418=IFCMATERIALPROFILESETUSAGE(#2420,10,$);
#2419=IFCTOPOLOGYREPRESENTATION(#99,$,'Edge',(#2421));
#2420=IFCMATERIALPROFILESET($,$,(#2422),$);
#2421=IFCEDGE(#389,#409);
#2422=IFCMATERIALPROFILE($,$,#1704,#1874,$,$);
#2423=IFCSTRUCTURALCURVEMEMBER('0JY7t0DcfFUwRm$18xymWA',#95,'122',$,$,$,#2427,.RIGID_JOINED_MEMBER.,#1859);
#2424=IFCRELCONNECTSSTRUCTURALMEMBER('3uN$36Q_P3qgbgWj3tPZEF',#3,$,$,#2423,#391,$,$,$,$);
#2425=IFCRELCONNECTSSTRUCTURALMEMBER('0ETyunLI5CfuqRX7VfdRbf',#3,$,$,#2423,#411,$,$,$,$);
#2426=IFCRELASSOCIATESMATERIAL('3LMvOjmefEtwQ6IN6WP4wk',#3,$,$,(#2423),#2428);
#2427=IFCPRODUCTDEFINITIONSHAPE($,$,(#2429));
#2428=IFCMATERIALPROFILESETUSAGE(#2430,10,$);
#2429=IFCTOPOLOGYREPRESENTATION(#99,$,'Edge',(#2431));
#2430=IFCMATERIALPROFILESET($,$,(#2432),$);
#2431=IFCEDGE(#394,#414);
#2432=IFCMATERIALPROFILE($,$,#1704,#1874,$,$);
#2433=IFCSTRUCTURALCURVEMEMBER('23yBtz6VfCYe9k7xlGqqz5',#95,'124',$,$,$,#2437,.RIGID_JOINED_MEMBER.,#1895);
#2434=IFCRELCONNECTSSTRUCTURALMEMBER('1tCACfVff6f8S2$3TzdcJS',#3,$,$,#2433,#396,$,$,$,$);
#2435=IFCRELCONNECTSSTRUCTURALMEMBER('1f0IPCYtj3YgqF3aoyG6O4',#3,$,$,#2433,#416,$,$,$,$);
#2436=IFCRELASSOCIATESMATERIAL('2aXRYb6zP5sxkHhRmDJHnq',#3,$,$,(#2433),#2438);
#2437=IFCPRODUCTDEFINITIONSHAPE($,$,(#2439));
#2438=IFCMATERIALPROFILESETUSAGE(#2440,10,$);
#2439=IFCTOPOLOGYREPRESENTATION(#99,$,'Edge',(#2441));
#2440=IFCMATERIALPROFILESET($,$,(#2442),$);
#2441=IFCEDGE(#399,#419);
#2442=IFCMATERIALPROFILE($,$,#1704,#1874,$,$);
#2443=IFCSTRUCTURALCURVEMEMBER('2PYniEcNTDqfWgvE$zqPA$',#95,'126',$,$,$,#2447,.RIGID_JOINED_MEMBER.,#1916);
#2444=IFCRELCONNECTSSTRUCTURALMEMBER('3rL_Zj0_jE_gQ6e2GB$LXN',#3,$,$,#2443,#401,$,$,$,$);
#2445=IFCRELCONNECTSSTRUCTURALMEMBER('26kicBI$P2XhK9JK5CiQpQ',#3,$,$,#2443,#421,$,$,$,$);
#2446=IFCRELASSOCIATESMATERIAL('38kePmQ0zFDORcqfYaWvDo',#3,$,$,(#2443),#2448);
#2447=IFCPRODUCTDEFINITIONSHAPE($,$,(#2449));
#2448=IFCMATERIALPROFILESETUSAGE(#2450,10,$);
#2449=IFCTOPOLOGYREPRESENTATION(#99,$,'Edge',(#2451));
#2450=IFCMATERIALPROFILESET($,$,(#2452),$);
#2451=IFCEDGE(#404,#424);
#2452=IFCMATERIALPROFILE($,$,#1704,#1874,$,$);
#2453=IFCSTRUCTURALCURVEMEMBER('3vGphiExT4MAw8ukJ0_fT7',#95,'128',$,$,$,#2457,.RIGID_JOINED_MEMBER.,#1937);
#2454=IFCRELCONNECTSSTRUCTURALMEMBER('2tH0kOQ918AfFmYSO38YA$',#3,$,$,#2453,#406,$,$,$,$);
#2455=IFCRELCONNECTSSTRUCTURALMEMBER('3mkKv$tsD50QXOk3RAgNSn',#3,$,$,#2453,#426,$,$,$,$);
#2456=IFCRELASSOCIATESMATERIAL('0HBo5J32T9bwoPw5V1eLNP',#3,$,$,(#2453),#2458);
#2457=IFCPRODUCTDEFINITIONSHAPE($,$,(#2459));
#2458=IFCMATERIALPROFILESETUSAGE(#2460,10,$);
#2459=IFCTOPOLOGYREPRESENTATION(#99,$,'Edge',(#2461));
#2460=IFCMATERIALPROFILESET($,$,(#2462),$);
#2461=IFCEDGE(#409,#429);
#2462=IFCMATERIALPROFILE($,$,#1704,#1874,$,$);
#2463=IFCSTRUCTURALCURVEMEMBER('0N$ttQ5Dv7yRa56ZVkVFJt',#95,'130',$,$,$,#2467,.RIGID_JOINED_MEMBER.,#1859);
#2464=IFCRELCONNECTSSTRUCTURALMEMBER('2O9iYTyiT7auueNWwAQNxM',#3,$,$,#2463,#411,$,$,$,$);
#2465=IFCRELCONNECTSSTRUCTURALMEMBER('1ROsc4bZPDtwVPVp7Ylg2a',#3,$,$,#2463,#431,$,$,$,$);
#2466=IFCRELASSOCIATESMATERIAL('1EKN$rC6bDT9MBfQR5r4mv',#3,$,$,(#2463),#2468);
#2467=IFCPRODUCTDEFINITIONSHAPE($,$,(#2469));
#2468=IFCMATERIALPROFILESETUSAGE(#2470,10,$);
#2469=IFCTOPOLOGYREPRESENTATION(#99,$,'Edge',(#2471));
#2470=IFCMATERIALPROFILESET($,$,(#2472),$);
#2471=IFCEDGE(#414,#434);
#2472=IFCMATERIALPROFILE($,$,#1704,#1874,$,$);
#2473=IFCSTRUCTURALCURVEMEMBER('239fErUO50dgE$HhwXG4ei',#95,'132',$,$,$,#2477,.RIGID_JOINED_MEMBER.,#1895);
#2474=IFCRELCONNECTSSTRUCTURALMEMBER('02zENNC_19DBclBmXIOmHM',#3,$,$,#2473,#416,$,$,$,$);
#2475=IFCRELCONNECTSSTRUCTURALMEMBER('2W6lRJRbT5VhcFAx9vPMA6',#3,$,$,#2473,#436,$,$,$,$);
#2476=IFCRELASSOCIATESMATERIAL('3aeM6LD01Cwf1SmMH3fmLL',#3,$,$,(#2473),#2478);
#2477=IFCPRODUCTDEFINITIONSHAPE($,$,(#2479));
#2478=IFCMATERIALPROFILESETUSAGE(#2480,10,$);
#2479=IFCTOPOLOGYREPRESENTATION(#99,$,'Edge',(#2481));
#2480=IFCMATERIALPROFILESET($,$,(#2482),$);
#2481=IFCEDGE(#419,#439);
#2482=IFCMATERIALPROFILE($,$,#1704,#1874,$,$);
#2483=IFCSTRUCTURALCURVEMEMBER('2a1Wg$BqH9N8WO7O4qIbkZ',#95,'134',$,$,$,#2487,.RIGID_JOINED_MEMBER.,#1916);
#2484=IFCRELCONNECTSSTRUCTURALMEMBER('3rgQsac8vEPOQe_e6YdLjQ',#3,$,$,#2483,#421,$,$,$,$);
#2485=IFCRELCONNECTSSTRUCTURALMEMBER('3kTK191i1DXfiO9y6Z746b',#3,$,$,#2483,#441,$,$,$,$);
#2486=IFCRELASSOCIATESMATERIAL('0KvYhegDH5gxzj7zJ2Kvtg',#3,$,$,(#2483),#2488);
#2487=IFCPRODUCTDEFINITIONSHAPE($,$,(#2489));
#2488=IFCMATERIALPROFILESETUSAGE(#2490,10,$);
#2489=IFCTOPOLOGYREPRESENTATION(#99,$,'Edge',(#2491));
#2490=IFCMATERIALPROFILESET($,$,(#2492),$);
#2491=IFCEDGE(#424,#444);
#2492=IFCMATERIALPROFILE($,$,#1704,#1874,$,$);
#2493=IFCSTRUCTURALCURVEMEMBER('3UI$NwDiPEU9_v8I0d2dM3',#95,'136',$,$,$,#2497,.RIGID_JOINED_MEMBER.,#1937);
#2494=IFCRELCONNECTSSTRUCTURALMEMBER('2WgxijzN10KwY8xzeatcAW',#3,$,$,#2493,#426,$,$,$,$);
#2495=IFCRELCONNECTSSTRUCTURALMEMBER('0ZnrC1Ff1DLex6znGWjKAb',#3,$,$,#2493,#446,$,$,$,$);
#2496=IFCRELASSOCIATESMATERIAL('28VMqR4IPC_uQXpeQY6Gda',#3,$,$,(#2493),#2498);
#2497=IFCPRODUCTDEFINITIONSHAPE($,$,(#2499));
#2498=IFCMATERIALPROFILESETUSAGE(#2500,10,$);
#2499=IFCTOPOLOGYREPRESENTATION(#99,$,'Edge',(#2501));
#2500=IFCMATERIALPROFILESET($,$,(#2502),$);
#2501=IFCEDGE(#429,#449);
#2502=IFCMATERIALPROFILE($,$,#1704,#1874,$,$);
#2503=IFCSTRUCTURALCURVEMEMBER('0$a8RxFa1BDAVg_$Y22hxq',#95,'138',$,$,$,#2507,.RIGID_JOINED_MEMBER.,#1859);
#2504=IFCRELCONNECTSSTRUCTURALMEMBER('3m654lEJzFFegJNl0g98I$',#3,$,$,#2503,#431,$,$,$,$);
#2505=IFCRELCONNECTSSTRUCTURALMEMBER('0g28TFmT18BOGphmaspsv8',#3,$,$,#2503,#451,$,$,$,$);
#2506=IFCRELASSOCIATESMATERIAL('2YOPzDdRrAWeL2dQNs3uuR',#3,$,$,(#2503),#2508);
#2507=IFCPRODUCTDEFINITIONSHAPE($,$,(#2509));
#2508=IFCMATERIALPROFILESETUSAGE(#2510,10,$);
#2509=IFCTOPOLOGYREPRESENTATION(#99,$,'Edge',(#2511));
#2510=IFCMATERIALPROFILESET($,$,(#2512),$);
#2511=IFCEDGE(#434,#454);
#2512=IFCMATERIALPROFILE($,$,#1704,#1874,$,$);
#2513=IFCSTRUCTURALCURVEMEMBER('29nYbkO11AP8rQl7wj$t4w',#95,'140',$,$,$,#2517,.RIGID_JOINED_MEMBER.,#1895);
#2514=IFCRELCONNECTSSTRUCTURALMEMBER('37DSD0_xTBiP0fhjZtg$8S',#3,$,$,#2513,#436,$,$,$,$);
#2515=IFCRELCONNECTSSTRUCTURALMEMBER('1fHiOhHJbAIPhFPB2XR_PG',#3,$,$,#2513,#456,$,$,$,$);
#2516=IFCRELASSOCIATESMATERIAL('0IYDoJqcL7tfb3CW0Jk8oo',#3,$,$,(#2513),#2518);
#2517=IFCPRODUCTDEFINITIONSHAPE($,$,(#2519));
#2518=IFCMATERIALPROFILESETUSAGE(#2520,10,$);
#2519=IFCTOPOLOGYREPRESENTATION(#99,$,'Edge',(#2521));
#2520=IFCMATERIALPROFILESET($,$,(#2522),$);
#2521=IFCEDGE(#439,#459);
#2522=IFCMATERIALPROFILE($,$,#1704,#1874,$,$);
#2523=IFCSTRUCTURALCURVEMEMBER('0UDtSNW6jAsv4XozeP9fsd',#95,'142',$,$,$,#2527,.RIGID_JOINED_MEMBER.,#1916);
#2524=IFCRELCONNECTSSTRUCTURALMEMBER('2NnHjZS5H2LBGp2Ln6iBhY',#3,$,$,#2523,#441,$,$,$,$);
#2525=IFCRELCONNECTSSTRUCTURALMEMBER('31e21UCLj4MBOBN_fyav3o',#3,$,$,#2523,#461,$,$,$,$);
#2526=IFCRELASSOCIATESMATERIAL('0lMRSTLt15RhCUQkv3L0o6',#3,$,$,(#2523),#2528);
#2527=IFCPRODUCTDEFINITIONSHAPE($,$,(#2529));
#2528=IFCMATERIALPROFILESETUSAGE(#2530,10,$);
#2529=IFCTOPOLOGYREPRESENTATION(#99,$,'Edge',(#2531));
#2530=IFCMATERIALPROFILESET($,$,(#2532),$);
#2531=IFCEDGE(#444,#464);
#2532=IFCMATERIALPROFILE($,$,#1704,#1874,$,$);
#2533=IFCSTRUCTURALCURVEMEMBER('16h9bmrS9CSBOG0xtA6PQK',#95,'144',$,$,$,#2537,.RIGID_JOINED_MEMBER.,#1937);
#2534=IFCRELCONNECTSSTRUCTURALMEMBER('0WBfQvaCn7QQflIDUdKRkY',#3,$,$,#2533,#446,$,$,$,$);
#2535=IFCRELCONNECTSSTRUCTURALMEMBER('2ykUOjjibBBAT1BMi9Gex0',#3,$,$,#2533,#466,$,$,$,$);
#2536=IFCRELASSOCIATESMATERIAL('3iCTMr971FYe4rjr6zSQbE',#3,$,$,(#2533),#2538);
#2537=IFCPRODUCTDEFINITIONSHAPE($,$,(#2539));
#2538=IFCMATERIALPROFILESETUSAGE(#2540,10,$);
#2539=IFCTOPOLOGYREPRESENTATION(#99,$,'Edge',(#2541));
#2540=IFCMATERIALPROFILESET($,$,(#2542),$);
#2541=IFCEDGE(#449,#469);
#2542=IFCMATERIALPROFILE($,$,#1704,#1874,$,$);
#2543=IFCSTRUCTURALCURVEMEMBER('2EPuq3Unz7FQ7Z37Mo0sH5',#95,'146',$,$,$,#2547,.RIGID_JOINED_MEMBER.,#1859);
#2544=IFCRELCONNECTSSTRUCTURALMEMBER('2o5u4_mEr9MwnKrIDLiDLy',#3,$,$,#2543,#451,$,$,$,$);
#2545=IFCRELCONNECTSSTRUCTURALMEMBER('0m17JqhAbDxwgyeHKu7cL6',#3,$,$,#2543,#471,$,$,$,$);
#2546=IFCRELASSOCIATESMATERIAL('2fzIPHTsD0xel_fyW03nNW',#3,$,$,(#2543),#2548);
#2547=IFCPRODUCTDEFINITIONSHAPE($,$,(#2549));
#2548=IFCMATERIALPROFILESETUSAGE(#2550,10,$);
#2549=IFCTOPOLOGYREPRESENTATION(#99,$,'Edge',(#2551));
#2550=IFCMATERIALPROFILESET($,$,(#2552),$);
#2551=IFCEDGE(#454,#474);
#2552=IFCMATERIALPROFILE($,$,#1704,#1874,$,$);
#2553=IFCSTRUCTURALCURVEMEMBER('0uRyJ5d_5Cqvwy_fXQZdnE',#95,'147',$,$,$,#2557,.RIGID_JOINED_MEMBER.,#1859);
#2554=IFCRELCONNECTSSTRUCTURALMEMBER('3mLKyfI4DDXw2KDOagv46D',#3,$,$,#2553,#471,$,$,$,$);
#2555=IFCRELCONNECTSSTRUCTURALMEMBER('1t6W3vtMD7uvUswF_iZX6s',#3,$,$,#2553,#102,$,$,$,$);
#2556=IFCRELASSOCIATESMATERIAL('3Fj6rjiBD1YPUo60fm6Cno',#3,$,$,(#2553),#2558);
#2557=IFCPRODUCTDEFINITIONSHAPE($,$,(#2559));
#2558=IFCMATERIALPROFILESETUSAGE(#2560,10,$);
#2559=IFCTOPOLOGYREPRESENTATION(#99,$,'Edge',(#2561));
#2560=IFCMATERIALPROFILESET($,$,(#2562),$);
#2561=IFCEDGE(#474,#105);
#2562=IFCMATERIALPROFILE($,$,#1704,#1874,$,$);
#2563=IFCSTRUCTURALCURVEMEMBER('14Ed9kDj10DQga6gHYAUvj',#95,'148',$,$,$,#2567,.RIGID_JOINED_MEMBER.,#1895);
#2564=IFCRELCONNECTSSTRUCTURALMEMBER('0kcWB9Z4rCevIxFwdKvVrt',#3,$,$,#2563,#456,$,$,$,$);
#2565=IFCRELCONNECTSSTRUCTURALMEMBER('3q1VYZZ79FWRVdvq0rMMjT',#3,$,$,#2563,#476,$,$,$,$);
#2566=IFCRELASSOCIATESMATERIAL('2eoogtxufB$8QQ29aVmr$E',#3,$,$,(#2563),#2568);
#2567=IFCPRODUCTDEFINITIONSHAPE($,$,(#2569));
#2568=IFCMATERIALPROFILESETUSAGE(#2570,10,$);
#2569=IFCTOPOLOGYREPRESENTATION(#99,$,'Edge',(#2571));
#2570=IFCMATERIALPROFILESET($,$,(#2572),$);
#2571=IFCEDGE(#459,#479);
#2572=IFCMATERIALPROFILE($,$,#1704,#1874,$,$);
#2573=IFCSTRUCTURALCURVEMEMBER('1mCBkKCDn5X8Tz7UoXMZhQ',#95,'149',$,$,$,#2577,.RIGID_JOINED_MEMBER.,#1895);
#2574=IFCRELCONNECTSSTRUCTURALMEMBER('3bMXbqJKL3ivS2PT83_t8X',#3,$,$,#2573,#476,$,$,$,$);
#2575=IFCRELCONNECTSSTRUCTURALMEMBER('2ryxyxJxbEoOVb93rWstod',#3,$,$,#2573,#112,$,$,$,$);
#2576=IFCRELASSOCIATESMATERIAL('2S0MjL_T5188REmdznmeo2',#3,$,$,(#2573),#2578);
#2577=IFCPRODUCTDEFINITIONSHAPE($,$,(#2579));
#2578=IFCMATERIALPROFILESETUSAGE(#2580,10,$);
#2579=IFCTOPOLOGYREPRESENTATION(#99,$,'Edge',(#2581));
#2580=IFCMATERIALPROFILESET($,$,(#2582),$);
#2581=IFCEDGE(#479,#115);
#2582=IFCMATERIALPROFILE($,$,#1704,#1874,$,$);
#2583=IFCSTRUCTURALCURVEMEMBER('1doDA0W7D3bvj6jWhLcKVL',#95,'150',$,$,$,#2587,.RIGID_JOINED_MEMBER.,#1916);
#2584=IFCRELCONNECTSSTRUCTURALMEMBER('393TqO3lT7qQntUjllZFRN',#3,$,$,#2583,#461,$,$,$,$);
#2585=IFCRELCONNECTSSTRUCTURALMEMBER('1mOrTUQR1CQecjxD6l5kkA',#3,$,$,#2583,#481,$,$,$,$);
#2586=IFCRELASSOCIATESMATERIAL('236DY1rBr3hfkxMzmJK6lF',#3,$,$,(#2583),#2588);
#2587=IFCPRODUCTDEFINITIONSHAPE($,$,(#2589));
#2588=IFCMATERIALPROFILESETUSAGE(#2590,10,$);
#2589=IFCTOPOLOGYREPRESENTATION(#99,$,'Edge',(#2591));
#2590=IFCMATERIALPROFILESET($,$,(#2592),$);
#2591=IFCEDGE(#464,#484);
#2592=IFCMATERIALPROFILE($,$,#1704,#1874,$,$);
#2593=IFCSTRUCTURALCURVEMEMBER('0KSVDS3Ub3BfMd4zA7l9Gi',#95,'151',$,$,$,#2597,.RIGID_JOINED_MEMBER.,#1916);
#2594=IFCRELCONNECTSSTRUCTURALMEMBER('2MLbe_D2vFP8Ygr84S8WbK',#3,$,$,#2593,#481,$,$,$,$);
#2595=IFCRELCONNECTSSTRUCTURALMEMBER('0GHaycyqH6zhYerdGxirP7',#3,$,$,#2593,#122,$,$,$,$);
#2596=IFCRELASSOCIATESMATERIAL('1si0auPszFShR3TbLYjBrX',#3,$,$,(#2593),#2598);
#2597=IFCPRODUCTDEFINITIONSHAPE($,$,(#2599));
#2598=IFCMATERIALPROFILESETUSAGE(#2600,10,$);
#2599=IFCTOPOLOGYREPRESENTATION(#99,$,'Edge',(#2601));
#2600=IFCMATERIALPROFILESET($,$,(#2602),$);
#2601=IFCEDGE(#484,#125);
#2602=IFCMATERIALPROFILE($,$,#1704,#1874,$,$);
#2603=IFCSTRUCTURALCURVEMEMBER('0$o1MyNijBDRJr6FT72tM2',#95,'152',$,$,$,#2607,.RIGID_JOINED_MEMBER.,#1937);
#2604=IFCRELCONNECTSSTRUCTURALMEMBER('3_qRAIxe50xfhszmmgbxd7',#3,$,$,#2603,#466,$,$,$,$);
#2605=IFCRELCONNECTSSTRUCTURALMEMBER('0u_o1bt3nB0vl891zG81FH',#3,$,$,#2603,#486,$,$,$,$);
#2606=IFCRELASSOCIATESMATERIAL('1e7yn91hX1yh6a_nQqfuge',#3,$,$,(#2603),#2608);
#2607=IFCPRODUCTDEFINITIONSHAPE($,$,(#2609));
#2608=IFCMATERIALPROFILESETUSAGE(#2610,10,$);
#2609=IFCTOPOLOGYREPRESENTATION(#99,$,'Edge',(#2611));
#2610=IFCMATERIALPROFILESET($,$,(#2612),$);
#2611=IFCEDGE(#469,#489);
#2612=IFCMATERIALPROFILE($,$,#1704,#1874,$,$);
#2613=IFCSTRUCTURALCURVEMEMBER('3C5GuMVPr5lxrCRFS9Mhmp',#95,'153',$,$,$,#2617,.RIGID_JOINED_MEMBER.,#1937);
#2614=IFCRELCONNECTSSTRUCTURALMEMBER('0YZaRW6GH2690cQTK6K6TZ',#3,$,$,#2613,#486,$,$,$,$);
#2615=IFCRELCONNECTSSTRUCTURALMEMBER('0zlRrPYXH1SOkE8JaZYqqB',#3,$,$,#2613,#132,$,$,$,$);
#2616=IFCRELASSOCIATESMATERIAL('2Cay6WcNLBhgpECU9mEtuv',#3,$,$,(#2613),#2618);
#2617=IFCPRODUCTDEFINITIONSHAPE($,$,(#2619));
#2618=IFCMATERIALPROFILESETUSAGE(#2620,10,$);
#2619=IFCTOPOLOGYREPRESENTATION(#99,$,'Edge',(#2621));
#2620=IFCMATERIALPROFILESET($,$,(#2622),$);
#2621=IFCEDGE(#489,#135);
#2622=IFCMATERIALPROFILE($,$,#1704,#1874,$,$);
#2623=IFCSTRUCTURALCURVEMEMBER('2HPdMHgM59ugO8i1I7Nktx',#95,'154',$,$,$,#2628,.RIGID_JOINED_MEMBER.,#2629);
#2624=IFCRELCONNECTSSTRUCTURALMEMBER('2oSEtrBXX8MuTOuSYcuC5M',#3,$,$,#2623,#77,#97,$,$,$);
#2625=IFCRELCONNECTSSTRUCTURALMEMBER('3lketoEVX0uvPPc7ivmKDV',#3,$,$,#2623,#156,#1681,$,$,$);
#2626=IFCPROFILEPROPERTIES('L51X51X6.4',$,(#2630,#2631,#2632,#2633,#2634,#2635,#2636,#2637,#2638,#2639,#2640,#2641,#2642,#2643),#2644);
#2627=IFCRELASSOCIATESMATERIAL('1L84iYOlH2vuRjVVSGFp8p',#3,$,$,(#2623),#2645);
#2628=IFCPRODUCTDEFINITIONSHAPE($,$,(#2646));
#2629=IFCDIRECTION((-5.1214676E-001,-6.1704429E-003,8.5887579E-001));
#2630=IFCPROPERTYSINGLEVALUE('CrossSectionArea',$,IFCAREAMEASURE(6.0900000E-004),#16);
#2631=IFCPROPERTYSINGLEVALUE('MaximumSectionModulusY',$,IFCSECTIONMODULUSMEASURE(4.0111421E-006),#18);
#2632=IFCPROPERTYSINGLEVALUE('MaximumSectionModulusZ',$,IFCSECTIONMODULUSMEASURE(4.0111421E-006),#18);
#2633=IFCPROPERTYSINGLEVALUE('MinimumSectionModulusY',$,IFCSECTIONMODULUSMEASURE(4.0111421E-006),#18);
#2634=IFCPROPERTYSINGLEVALUE('MinimumSectionModulusZ',$,IFCSECTIONMODULUSMEASURE(4.0111421E-006),#18);
#2635=IFCPROPERTYSINGLEVALUE('MomentOfInertiaY',$,IFCMOMENTOFINERTIAMEASURE(1.4400000E-007),#19);
#2636=IFCPROPERTYSINGLEVALUE('MomentOfInertiaZ',$,IFCMOMENTOFINERTIAMEASURE(1.4400000E-007),#19);
#2637=IFCPROPERTYSINGLEVALUE('OverallDepth',$,IFCPOSITIVELENGTHMEASURE(5.3267611E-002),#15);
#2638=IFCPROPERTYSINGLEVALUE('OverallWidth',$,IFCPOSITIVELENGTHMEASURE(5.3267611E-002),#15);
#2639=IFCPROPERTYSINGLEVALUE('PlasticShapeFactorY',$,IFCPOSITIVERATIOMEASURE(5.5633039E-001),$);
#2640=IFCPROPERTYSINGLEVALUE('PlasticShapeFactorZ',$,IFCPOSITIVERATIOMEASURE(5.5633039E-001),$);
#2641=IFCPROPERTYSINGLEVALUE('ShearDeformationAreaY',$,IFCAREAMEASURE(3.2257999E-004),#16);
#2642=IFCPROPERTYSINGLEVALUE('ShearDeformationAreaZ',$,IFCAREAMEASURE(3.2257999E-004),#16);
#2643=IFCPROPERTYSINGLEVALUE('TorsionalConstantX',$,IFCMOMENTOFINERTIAMEASURE(8.7000000E-009),#19);
#2644=IFCLSHAPEPROFILEDEF(.AREA.,'L51X51X6.4',#1707,5.0799999E-002,5.0799999E-002,6.3499999E-003,6.3499999E-003,$,$);
#2645=IFCMATERIALPROFILESETUSAGE(#2647,10,$);
#2646=IFCTOPOLOGYREPRESENTATION(#99,$,'Edge',(#2648));
#2647=IFCMATERIALPROFILESET($,$,(#2649),$);
#2648=IFCEDGE(#100,#159);
#2649=IFCMATERIALPROFILE($,$,#1704,#2644,$,$);
#2650=IFCSTRUCTURALCURVEMEMBER('1AxdCA0lD1tu5$z8AvFdnw',#95,'155',$,$,$,#2655,.RIGID_JOINED_MEMBER.,#2656);
#2651=IFCRELCONNECTSSTRUCTURALMEMBER('0e8QnzDmLEiwAIJS8T7TlX',#3,$,$,#2650,#156,#97,$,$,$);
#2652=IFCRELCONNECTSSTRUCTURALMEMBER('1ubcuDb6r6kgyHWSAgqoWc',#3,$,$,#2650,#171,#1681,$,$,$);
#2653=IFCRELASSOCIATESMATERIAL('3ne9xVelr94uAMaNU3eJKT',#3,$,$,(#2650),#2657);
#2654=IFCRELCONNECTSSTRUCTURALACTIVITY('0$IMm3Hlb5le1gis7Tvpxf',#3,$,$,#2650,#2658);
#2655=IFCPRODUCTDEFINITIONSHAPE($,$,(#2659));
#2656=IFCDIRECTION((5.2138135E-001,-6.4368067E-003,8.5329951E-001));
#2657=IFCMATERIALPROFILESETUSAGE(#2660,10,$);
#2658=IFCSTRUCTURALPOINTACTION('2cIFgPxD15gf32perCyilC',#3,$,$,$,$,#2661,#2662,.GLOBAL_COORDS.,$);
#2659=IFCTOPOLOGYREPRESENTATION(#99,$,'Edge',(#2663));
#2660=IFCMATERIALPROFILESET($,$,(#2664),$);
#2661=IFCPRODUCTDEFINITIONSHAPE($,$,(#2665));
#2662=IFCSTRUCTURALLOADSINGLEFORCE($,$,$,-1.5000000E+000,$,$,$);
#2663=IFCEDGE(#159,#174);
#2664=IFCMATERIALPROFILE($,$,#1704,#2644,$,$);
#2665=IFCTOPOLOGYREPRESENTATION(#99,$,'Vertex',(#2666));
#2666=IFCVERTEXPOINT(#2667);
#2667=IFCCARTESIANPOINT((7.0833333E-001,2.5000000E-002,1.2375000E+000));
#2668=IFCSTRUCTURALCURVEMEMBER('28xea2YanA89hR86_adUSh',#95,'156',$,$,$,#2672,.RIGID_JOINED_MEMBER.,#2673);
#2669=IFCRELCONNECTSSTRUCTURALMEMBER('2b1cPeKFr4Ohkcyse_u3PW',#3,$,$,#2668,#171,#97,$,$,$);
#2670=IFCRELCONNECTSSTRUCTURALMEMBER('0tfgD42WfAxRpshjBP7Li5',#3,$,$,#2668,#196,#1681,$,$,$);
#2671=IFCRELASSOCIATESMATERIAL('1rMWi_u3v5sQ61CpvGvkT9',#3,$,$,(#2668),#2674);
#2672=IFCPRODUCTDEFINITIONSHAPE($,$,(#2675));
#2673=IFCDIRECTION((-5.3088971E-001,-6.7201229E-003,8.4741428E-001));
#2674=IFCMATERIALPROFILESETUSAGE(#2676,10,$);
#2675=IFCTOPOLOGYREPRESENTATION(#99,$,'Edge',(#2677));
#2676=IFCMATERIALPROFILESET($,$,(#2678),$);
#2677=IFCEDGE(#174,#199);
#2678=IFCMATERIALPROFILE($,$,#1704,#2644,$,$);
#2679=IFCSTRUCTURALCURVEMEMBER('2xLNtw9W99chByn9iLpnGS',#95,'157',$,$,$,#2683,.RIGID_JOINED_MEMBER.,#2684);
#2680=IFCRELCONNECTSSTRUCTURALMEMBER('00_yyOTqf1eg1OG$_YqTET',#3,$,$,#2679,#196,#97,$,$,$);
#2681=IFCRELCONNECTSSTRUCTURALMEMBER('3tseb7$Yr9NAY093K_RjSF',#3,$,$,#2679,#211,#1681,$,$,$);
#2682=IFCRELASSOCIATESMATERIAL('1_IFLEI8HCwOI_5KvAm3t_',#3,$,$,(#2679),#2685);
#2683=IFCPRODUCTDEFINITIONSHAPE($,$,(#2686));
#2684=IFCDIRECTION((5.4067973E-001,-7.0218147E-003,8.4119922E-001));
#2685=IFCMATERIALPROFILESETUSAGE(#2687,10,$);
#2686=IFCTOPOLOGYREPRESENTATION(#99,$,'Edge',(#2688));
#2687=IFCMATERIALPROFILESET($,$,(#2689),$);
#2688=IFCEDGE(#199,#214);
#2689=IFCMATERIALPROFILE($,$,#1704,#2644,$,$);
#2690=IFCSTRUCTURALCURVEMEMBER('0Cyk16RET1kfKD4JxvO384',#95,'158',$,$,$,#2694,.RIGID_JOINED_MEMBER.,#2695);
#2691=IFCRELCONNECTSSTRUCTURALMEMBER('2Zu1$ieobCwAE0Sl$G0vEF',#3,$,$,#2690,#211,#97,$,$,$);
#2692=IFCRELCONNECTSSTRUCTURALMEMBER('3VYhMH$znFh8RoR8XhtJfY',#3,$,$,#2690,#236,#1681,$,$,$);
#2693=IFCRELASSOCIATESMATERIAL('1V6twQXGz3dPsZ5f4bPdbK',#3,$,$,(#2690),#2696);
#2694=IFCPRODUCTDEFINITIONSHAPE($,$,(#2697));
#2695=IFCDIRECTION((-5.5075915E-001,-7.3434553E-003,8.3463191E-001));
#2696=IFCMATERIALPROFILESETUSAGE(#2698,10,$);
#2697=IFCTOPOLOGYREPRESENTATION(#99,$,'Edge',(#2699));
#2698=IFCMATERIALPROFILESET($,$,(#2700),$);
#2699=IFCEDGE(#214,#239);
#2700=IFCMATERIALPROFILE($,$,#1704,#2644,$,$);
#2701=IFCSTRUCTURALCURVEMEMBER('0cOZxEexX2nR3rDrmISEOa',#95,'159',$,$,$,#2705,.RIGID_JOINED_MEMBER.,#2706);
#2702=IFCRELCONNECTSSTRUCTURALMEMBER('27imz75Sr9M8zXCpjaHwwm',#3,$,$,#2701,#236,#97,$,$,$);
#2703=IFCRELCONNECTSSTRUCTURALMEMBER('2Jc9J_YTf5afZBuyKuErgc',#3,$,$,#2701,#251,#1681,$,$,$);
#2704=IFCRELASSOCIATESMATERIAL('28tWxWvU12CwWdx3KP$2UC',#3,$,$,(#2701),#2707);
#2705=IFCPRODUCTDEFINITIONSHAPE($,$,(#2708));
#2706=IFCDIRECTION((5.6113541E-001,-7.6867865E-003,8.2768832E-001));
#2707=IFCMATERIALPROFILESETUSAGE(#2709,10,$);
#2708=IFCTOPOLOGYREPRESENTATION(#99,$,'Edge',(#2710));
#2709=IFCMATERIALPROFILESET($,$,(#2711),$);
#2710=IFCEDGE(#239,#254);
#2711=IFCMATERIALPROFILE($,$,#1704,#2644,$,$);
#2712=IFCSTRUCTURALCURVEMEMBER('30vNKVULPAvuDJ6e1Xce4x',#95,'160',$,$,$,#2716,.RIGID_JOINED_MEMBER.,#2717);
#2713=IFCRELCONNECTSSTRUCTURALMEMBER('0Q6Lj16g9EfQa4WrF9kV1Z',#3,$,$,#2712,#251,#97,$,$,$);
#2714=IFCRELCONNECTSSTRUCTURALMEMBER('13Zkz6mcb5c8VwzAQzQ488',#3,$,$,#2712,#276,#1681,$,$,$);
#2715=IFCRELASSOCIATESMATERIAL('1wyGS9KgP6MRoc$d29uCnU',#3,$,$,(#2712),#2718);
#2716=IFCPRODUCTDEFINITIONSHAPE($,$,(#2719));
#2717=IFCDIRECTION((-5.7181560E-001,-8.0537408E-003,8.2034265E-001));
#2718=IFCMATERIALPROFILESETUSAGE(#2720,10,$);
#2719=IFCTOPOLOGYREPRESENTATION(#99,$,'Edge',(#2721));
#2720=IFCMATERIALPROFILESET($,$,(#2722),$);
#2721=IFCEDGE(#254,#279);
#2722=IFCMATERIALPROFILE($,$,#1704,#2644,$,$);
#2723=IFCSTRUCTURALCURVEMEMBER('3uCiLxd11BQBzU1mQXcPJr',#95,'161',$,$,$,#2727,.RIGID_JOINED_MEMBER.,#2728);
#2724=IFCRELCONNECTSSTRUCTURALMEMBER('2h6ztynzvFQA9loHf8g212',#3,$,$,#2723,#276,#97,$,$,$);
#2725=IFCRELCONNECTSSTRUCTURALMEMBER('0RONOm07jAKwkiO8ivleol',#3,$,$,#2723,#291,#1681,$,$,$);
#2726=IFCRELASSOCIATESMATERIAL('3QAOK4h4T8LwGPFLRqrpEZ',#3,$,$,(#2723),#2729);
#2727=IFCPRODUCTDEFINITIONSHAPE($,$,(#2730));
#2728=IFCDIRECTION((5.8280626E-001,-8.4464675E-003,8.1256724E-001));
#2729=IFCMATERIALPROFILESETUSAGE(#2731,10,$);
#2730=IFCTOPOLOGYREPRESENTATION(#99,$,'Edge',(#2732));
#2731=IFCMATERIALPROFILESET($,$,(#2733),$);
#2732=IFCEDGE(#279,#294);
#2733=IFCMATERIALPROFILE($,$,#1704,#2644,$,$);
#2734=IFCSTRUCTURALCURVEMEMBER('0DnelJBY9Ce95NgIHBxwM0',#95,'162',$,$,$,#2738,.RIGID_JOINED_MEMBER.,#2739);
#2735=IFCRELCONNECTSSTRUCTURALMEMBER('2j9P_gxQ160P7PYZQghGo2',#3,$,$,#2734,#291,#97,$,$,$);
#2736=IFCRELCONNECTSSTRUCTURALMEMBER('2kkAbjItvCRwP1RZ2UbEuq',#3,$,$,#2734,#316,#1681,$,$,$);
#2737=IFCRELASSOCIATESMATERIAL('3TiImoZsfC7g5dRm6E9HOU',#3,$,$,(#2734),#2740);
#2738=IFCPRODUCTDEFINITIONSHAPE($,$,(#2741));
#2739=IFCDIRECTION((-5.9411330E-001,-8.8673627E-003,8.0433249E-001));
#2740=IFCMATERIALPROFILESETUSAGE(#2742,10,$);
#2741=IFCTOPOLOGYREPRESENTATION(#99,$,'Edge',(#2743));
#2742=IFCMATERIALPROFILESET($,$,(#2744),$);
#2743=IFCEDGE(#294,#319);
#2744=IFCMATERIALPROFILE($,$,#1704,#2644,$,$);
#2745=IFCSTRUCTURALCURVEMEMBER('2WbpYEEPvBLQiZvG8cVFxm',#95,'163',$,$,$,#2749,.RIGID_JOINED_MEMBER.,#2750);
#2746=IFCRELCONNECTSSTRUCTURALMEMBER('3o41cdenPAyBjCho4voiFo',#3,$,$,#2745,#316,#97,$,$,$);
#2747=IFCRELCONNECTSSTRUCTURALMEMBER('2JDk7SlSr3mOaY6wLw9scA',#3,$,$,#2745,#331,#1681,$,$,$);
#2748=IFCRELASSOCIATESMATERIAL('2wmMOMoMf1lhUiFZJj9HA_',#3,$,$,(#2745),#2751);
#2749=IFCPRODUCTDEFINITIONSHAPE($,$,(#2752));
#2750=IFCDIRECTION((6.0574176E-001,-9.3191040E-003,7.9560673E-001));
#2751=IFCMATERIALPROFILESETUSAGE(#2753,10,$);
#2752=IFCTOPOLOGYREPRESENTATION(#99,$,'Edge',(#2754));
#2753=IFCMATERIALPROFILESET($,$,(#2755),$);
#2754=IFCEDGE(#319,#334);
#2755=IFCMATERIALPROFILE($,$,#1704,#2644,$,$);
#2756=IFCSTRUCTURALCURVEMEMBER('3uD3Uj8e92$f3g5887QlQ7',#95,'164',$,$,$,#2760,.RIGID_JOINED_MEMBER.,#2761);
#2757=IFCRELCONNECTSSTRUCTURALMEMBER('0EKQmHrizCXumAPrTnw62H',#3,$,$,#2756,#331,#97,$,$,$);
#2758=IFCRELCONNECTSSTRUCTURALMEMBER('2EcRP$WbD4ivkfkXqF4yW5',#3,$,$,#2756,#356,#1681,$,$,$);
#2759=IFCRELASSOCIATESMATERIAL('0UZ9dQYs19pgqyiXwaWAe2',#3,$,$,(#2756),#2762);
#2760=IFCPRODUCTDEFINITIONSHAPE($,$,(#2763));
#2761=IFCDIRECTION((-6.1769562E-001,-9.8046925E-003,7.8635614E-001));
#2762=IFCMATERIALPROFILESETUSAGE(#2764,10,$);
#2763=IFCTOPOLOGYREPRESENTATION(#99,$,'Edge',(#2765));
#2764=IFCMATERIALPROFILESET($,$,(#2766),$);
#2765=IFCEDGE(#334,#359);
#2766=IFCMATERIALPROFILE($,$,#1704,#2644,$,$);
#2767=IFCSTRUCTURALCURVEMEMBER('3MGuHJt8PFNhn7T9vP7dzN',#95,'165',$,$,$,#2771,.RIGID_JOINED_MEMBER.,#2772);
#2768=IFCRELCONNECTSSTRUCTURALMEMBER('2M9RkCtVf20fP5X91VFLr5',#3,$,$,#2767,#356,#97,$,$,$);
#2769=IFCRELCONNECTSSTRUCTURALMEMBER('0rqWL182fAhOI5Nud_mgs8',#3,$,$,#2767,#371,#1681,$,$,$);
#2770=IFCRELASSOCIATESMATERIAL('3ziLco1_X5_fYYnuxmAnFF',#3,$,$,(#2767),#2773);
#2771=IFCPRODUCTDEFINITIONSHAPE($,$,(#2774));
#2772=IFCDIRECTION((6.2997758E-001,-1.0327501E-002,7.7654465E-001));
#2773=IFCMATERIALPROFILESETUSAGE(#2775,10,$);
#2774=IFCTOPOLOGYREPRESENTATION(#99,$,'Edge',(#2776));
#2775=IFCMATERIALPROFILESET($,$,(#2777),$);
#2776=IFCEDGE(#359,#374);
#2777=IFCMATERIALPROFILE($,$,#1704,#2644,$,$);
#2778=IFCSTRUCTURALCURVEMEMBER('1wRRhTIp12CBlVG3PFuShI',#95,'166',$,$,$,#2782,.RIGID_JOINED_MEMBER.,#2783);
#2779=IFCRELCONNECTSSTRUCTURALMEMBER('2ADKjQgoT13elf$kOvQxLX',#3,$,$,#2778,#371,#97,$,$,$);
#2780=IFCRELCONNECTSSTRUCTURALMEMBER('3EDHBjxOb7SwY4Vd3pw2qD',#3,$,$,#2778,#396,#1681,$,$,$);
#2781=IFCRELASSOCIATESMATERIAL('1SL9DhKfb7YgKhNsFcEb5p',#3,$,$,(#2778),#2784);
#2782=IFCPRODUCTDEFINITIONSHAPE($,$,(#2785));
#2783=IFCDIRECTION((-6.4258873E-001,-1.0891334E-002,7.6613387E-001));
#2784=IFCMATERIALPROFILESETUSAGE(#2786,10,$);
#2785=IFCTOPOLOGYREPRESENTATION(#99,$,'Edge',(#2787));
#2786=IFCMATERIALPROFILESET($,$,(#2788),$);
#2787=IFCEDGE(#374,#399);
#2788=IFCMATERIALPROFILE($,$,#1704,#2644,$,$);
#2789=IFCSTRUCTURALCURVEMEMBER('23pKvSisTDle6rdAYCLFQa',#95,'167',$,$,$,#2793,.RIGID_JOINED_MEMBER.,#2794);
#2790=IFCRELCONNECTSSTRUCTURALMEMBER('0K4uJCBHP4T96MuaB4oM7b',#3,$,$,#2789,#396,#97,$,$,$);
#2791=IFCRELCONNECTSSTRUCTURALMEMBER('1rvXGn__b5YAsVANQwTOQh',#3,$,$,#2789,#411,#1681,$,$,$);
#2792=IFCRELASSOCIATESMATERIAL('3fCk4Bdrr2kxuOt3SMPzXu',#3,$,$,(#2789),#2795);
#2793=IFCPRODUCTDEFINITIONSHAPE($,$,(#2796));
#2794=IFCDIRECTION((6.5552827E-001,-1.1500496E-002,7.5508306E-001));
#2795=IFCMATERIALPROFILESETUSAGE(#2797,10,$);
#2796=IFCTOPOLOGYREPRESENTATION(#99,$,'Edge',(#2798));
#2797=IFCMATERIALPROFILESET($,$,(#2799),$);
#2798=IFCEDGE(#399,#414);
#2799=IFCMATERIALPROFILE($,$,#1704,#2644,$,$);
#2800=IFCSTRUCTURALCURVEMEMBER('1MqTdlTxT3XvGkH8vPrn3t',#95,'168',$,$,$,#2804,.RIGID_JOINED_MEMBER.,#2805);
#2801=IFCRELCONNECTSSTRUCTURALMEMBER('1vMjSl7EX6DA4BR8KUq_y6',#3,$,$,#2800,#411,#97,$,$,$);
#2802=IFCRELCONNECTSSTRUCTURALMEMBER('0Tis$24OT5lvRPtxu3EpDx',#3,$,$,#2800,#436,#1681,$,$,$);
#2803=IFCRELASSOCIATESMATERIAL('0Qi9sLPxjCVRdYRuI98T3L',#3,$,$,(#2800),#2806);
#2804=IFCPRODUCTDEFINITIONSHAPE($,$,(#2807));
#2805=IFCDIRECTION((-6.6879311E-001,-1.2159875E-002,7.4334912E-001));
#2806=IFCMATERIALPROFILESETUSAGE(#2808,10,$);
#2807=IFCTOPOLOGYREPRESENTATION(#99,$,'Edge',(#2809));
#2808=IFCMATERIALPROFILESET($,$,(#2810),$);
#2809=IFCEDGE(#414,#439);
#2810=IFCMATERIALPROFILE($,$,#1704,#2644,$,$);
#2811=IFCSTRUCTURALCURVEMEMBER('1ZJo6USnfEp8skyeMCbNg6',#95,'169',$,$,$,#2815,.RIGID_JOINED_MEMBER.,#2816);
#2812=IFCRELCONNECTSSTRUCTURALMEMBER('1mBoTDnPHES9xNsGwFJrG3',#3,$,$,#2811,#436,#97,$,$,$);
#2813=IFCRELCONNECTSSTRUCTURALMEMBER('0Qs6iE7gX3pQWa13GrBlY9',#3,$,$,#2811,#451,#1681,$,$,$);
#2814=IFCRELASSOCIATESMATERIAL('0QgoKVBKj4NBJvPIIyf3wk',#3,$,$,(#2811),#2817);
#2815=IFCPRODUCTDEFINITIONSHAPE($,$,(#2818));
#2816=IFCDIRECTION((6.8237753E-001,-1.2875048E-002,7.3088655E-001));
#2817=IFCMATERIALPROFILESETUSAGE(#2819,10,$);
#2818=IFCTOPOLOGYREPRESENTATION(#99,$,'Edge',(#2820));
#2819=IFCMATERIALPROFILESET($,$,(#2821),$);
#2820=IFCEDGE(#439,#454);
#2821=IFCMATERIALPROFILE($,$,#1704,#2644,$,$);
#2822=IFCSTRUCTURALCURVEMEMBER('3ClR6hK$PBNf3CKx6EmpFT',#95,'170',$,$,$,#2826,.RIGID_JOINED_MEMBER.,#2827);
#2823=IFCRELCONNECTSSTRUCTURALMEMBER('39midES8DD08Qpe7UBRG03',#3,$,$,#2822,#451,#97,$,$,$);
#2824=IFCRELCONNECTSSTRUCTURALMEMBER('0ePKKxHnr8MQ8dU$t8k8Tn',#3,$,$,#2822,#476,#1681,$,$,$);
#2825=IFCRELASSOCIATESMATERIAL('2syEvuRTX6_BeOhKuvb9No',#3,$,$,(#2822),#2828);
#2826=IFCPRODUCTDEFINITIONSHAPE($,$,(#2829));
#2827=IFCDIRECTION((-6.9627261E-001,-1.3652404E-002,7.1764759E-001));
#2828=IFCMATERIALPROFILESETUSAGE(#2830,10,$);
#2829=IFCTOPOLOGYREPRESENTATION(#99,$,'Edge',(#2831));
#2830=IFCMATERIALPROFILESET($,$,(#2832),$);
#2831=IFCEDGE(#454,#479);
#2832=IFCMATERIALPROFILE($,$,#1704,#2644,$,$);
#2833=IFCSTRUCTURALCURVEMEMBER('2U9BoYTdTDle6M7VLqWWCX',#95,'171',$,$,$,#2837,.RIGID_JOINED_MEMBER.,#2838);
#2834=IFCRELCONNECTSSTRUCTURALMEMBER('0wEaK6Hpz2W8mmXjU1OcGW',#3,$,$,#2833,#476,#97,$,$,$);
#2835=IFCRELCONNECTSSTRUCTURALMEMBER('0jOmEwGjv86A40J8b7x8Ry',#3,$,$,#2833,#102,#1681,$,$,$);
#2836=IFCRELASSOCIATESMATERIAL('1ZVHGPkVX0LP2$XLI5k1ap',#3,$,$,(#2833),#2839);
#2837=IFCPRODUCTDEFINITIONSHAPE($,$,(#2840));
#2838=IFCDIRECTION((7.1046583E-001,-1.4499303E-002,7.0358232E-001));
#2839=IFCMATERIALPROFILESETUSAGE(#2841,10,$);
#2840=IFCTOPOLOGYREPRESENTATION(#99,$,'Edge',(#2842));
#2841=IFCMATERIALPROFILESET($,$,(#2843),$);
#2842=IFCEDGE(#479,#105);
#2843=IFCMATERIALPROFILE($,$,#1704,#2644,$,$);
#2844=IFCSTRUCTURALCURVEMEMBER('2wWUM_cjr6QxpN6rIyy3N8',#95,'172',$,$,$,#2849,.RIGID_JOINED_MEMBER.,#1680);
#2845=IFCRELCONNECTSSTRUCTURALMEMBER('2QZk8xsg5ENBzyMFAw5I1C',#3,$,$,#2844,#102,#97,$,$,$);
#2846=IFCRELCONNECTSSTRUCTURALMEMBER('1HhO3dIkb9LRCvNT3OPwcQ',#3,$,$,#2844,#112,#1681,$,$,$);
#2847=IFCRELASSOCIATESMATERIAL('2SoIDNBzfFKfAztsv3HCuB',#3,$,$,(#2844),#2850);
#2848=IFCRELCONNECTSSTRUCTURALACTIVITY('0MNiswO7903BHss7iBGtws',#3,$,$,#2844,#2851);
#2849=IFCPRODUCTDEFINITIONSHAPE($,$,(#2852));
#2850=IFCMATERIALPROFILESETUSAGE(#2853,10,$);
#2851=IFCSTRUCTURALPOINTACTION('0ttreLC_f2zxvHjwkMZOmQ',#3,$,$,$,$,#2854,#2855,.GLOBAL_COORDS.,$);
#2852=IFCTOPOLOGYREPRESENTATION(#99,$,'Edge',(#2856));
#2853=IFCMATERIALPROFILESET($,$,(#2857),$);
#2854=IFCPRODUCTDEFINITIONSHAPE($,$,(#2858));
#2855=IFCSTRUCTURALLOADSINGLEFORCE($,$,$,-1.5000000E+000,$,$,$);
#2856=IFCEDGE(#105,#115);
#2857=IFCMATERIALPROFILE($,$,#1704,#2644,$,$);
#2858=IFCTOPOLOGYREPRESENTATION(#99,$,'Vertex',(#2859));
#2859=IFCVERTEXPOINT(#2860);
#2860=IFCCARTESIANPOINT((7.0000000E-001,3.0000000E-001,1.4850000E+001));
#2861=IFCSTRUCTURALCURVEMEMBER('2MVjIZZo14LP28uvbwtYMi',#95,'173',$,$,$,#2865,.RIGID_JOINED_MEMBER.,#1680);
#2862=IFCRELCONNECTSSTRUCTURALMEMBER('2877_2iy929ugaGXqiUCW6',#3,$,$,#2861,#471,#97,$,$,$);
#2863=IFCRELCONNECTSSTRUCTURALMEMBER('2yt4lh91HEpR1qZgP$ERaH',#3,$,$,#2861,#476,#1681,$,$,$);
#2864=IFCRELASSOCIATESMATERIAL('08PqVgz$j6lvEsvDwPh10$',#3,$,$,(#2861),#2866);
#2865=IFCPRODUCTDEFINITIONSHAPE($,$,(#2867));
#2866=IFCMATERIALPROFILESETUSAGE(#2868,10,$);
#2867=IFCTOPOLOGYREPRESENTATION(#99,$,'Edge',(#2869));
#2868=IFCMATERIALPROFILESET($,$,(#2870),$);
#2869=IFCEDGE(#474,#479);
#2870=IFCMATERIALPROFILE($,$,#1704,#2644,$,$);
#2871=IFCSTRUCTURALCURVEMEMBER('3onNmaswj5SBvxopmNiCY8',#95,'174',$,$,$,#2875,.RIGID_JOINED_MEMBER.,#2876);
#2872=IFCRELCONNECTSSTRUCTURALMEMBER('147XqH985EGwXge738nMQY',#3,$,$,#2871,#107,#97,$,$,$);
#2873=IFCRELCONNECTSSTRUCTURALMEMBER('0rD3_rRZDDLebCjbFVr6po',#3,$,$,#2871,#161,#1681,$,$,$);
#2874=IFCRELASSOCIATESMATERIAL('1mvagzyS90yR_HKZAryzMr',#3,$,$,(#2871),#2877);
#2875=IFCPRODUCTDEFINITIONSHAPE($,$,(#2878));
#2876=IFCDIRECTION((6.1704429E-003,-5.1214676E-001,8.5887579E-001));
#2877=IFCMATERIALPROFILESETUSAGE(#2879,10,$);
#2878=IFCTOPOLOGYREPRESENTATION(#99,$,'Edge',(#2880));
#2879=IFCMATERIALPROFILESET($,$,(#2881),$);
#2880=IFCEDGE(#110,#164);
#2881=IFCMATERIALPROFILE($,$,#1704,#2644,$,$);
#2882=IFCSTRUCTURALCURVEMEMBER('33laFkKG12gg1mVpF7rFb$',#95,'175',$,$,$,#2886,.RIGID_JOINED_MEMBER.,#2887);
#2883=IFCRELCONNECTSSTRUCTURALMEMBER('0A0dgmJ8L1rgz1Oq7fEyrf',#3,$,$,#2882,#161,#97,$,$,$);
#2884=IFCRELCONNECTSSTRUCTURALMEMBER('2aWU9Efnf6fhvR7rQy0ONh',#3,$,$,#2882,#176,#1681,$,$,$);
#2885=IFCRELASSOCIATESMATERIAL('2XleyQzOLDZ9nBMpDECU3h',#3,$,$,(#2882),#2888);
#2886=IFCPRODUCTDEFINITIONSHAPE($,$,(#2889));
#2887=IFCDIRECTION((6.4368067E-003,5.2138135E-001,8.5329951E-001));
#2888=IFCMATERIALPROFILESETUSAGE(#2890,10,$);
#2889=IFCTOPOLOGYREPRESENTATION(#99,$,'Edge',(#2891));
#2890=IFCMATERIALPROFILESET($,$,(#2892),$);
#2891=IFCEDGE(#164,#179);
#2892=IFCMATERIALPROFILE($,$,#1704,#2644,$,$);
#2893=IFCSTRUCTURALCURVEMEMBER('31j88Zc6XETQuEfK$OXEH3',#95,'176',$,$,$,#2897,.RIGID_JOINED_MEMBER.,#2898);
#2894=IFCRELCONNECTSSTRUCTURALMEMBER('0I3EYOV01DDujHHU_LRTPX',#3,$,$,#2893,#176,#97,$,$,$);
#2895=IFCRELCONNECTSSTRUCTURALMEMBER('2ba1DxglT5sR9810$_Urdt',#3,$,$,#2893,#201,#1681,$,$,$);
#2896=IFCRELASSOCIATESMATERIAL('078Q0Kt4PEvBYii6Ww5ZTa',#3,$,$,(#2893),#2899);
#2897=IFCPRODUCTDEFINITIONSHAPE($,$,(#2900));
#2898=IFCDIRECTION((6.7201229E-003,-5.3088971E-001,8.4741428E-001));
#2899=IFCMATERIALPROFILESETUSAGE(#2901,10,$);
#2900=IFCTOPOLOGYREPRESENTATION(#99,$,'Edge',(#2902));
#2901=IFCMATERIALPROFILESET($,$,(#2903),$);
#2902=IFCEDGE(#179,#204);
#2903=IFCMATERIALPROFILE($,$,#1704,#2644,$,$);
#2904=IFCSTRUCTURALCURVEMEMBER('2mqoBjFZP6g8fF8DkA00Ri',#95,'177',$,$,$,#2908,.RIGID_JOINED_MEMBER.,#2909);
#2905=IFCRELCONNECTSSTRUCTURALMEMBER('2yc544j7n1$hBwsAq6GwZw',#3,$,$,#2904,#201,#97,$,$,$);
#2906=IFCRELCONNECTSSTRUCTURALMEMBER('3IumcbbD9AIuuM7r0azM_z',#3,$,$,#2904,#216,#1681,$,$,$);
#2907=IFCRELASSOCIATESMATERIAL('3zQicLiaj0iA7N4oSAqFUB',#3,$,$,(#2904),#2910);
#2908=IFCPRODUCTDEFINITIONSHAPE($,$,(#2911));
#2909=IFCDIRECTION((7.0218147E-003,5.4067973E-001,8.4119922E-001));
#2910=IFCMATERIALPROFILESETUSAGE(#2912,10,$);
#2911=IFCTOPOLOGYREPRESENTATION(#99,$,'Edge',(#2913));
#2912=IFCMATERIALPROFILESET($,$,(#2914),$);
#2913=IFCEDGE(#204,#219);
#2914=IFCMATERIALPROFILE($,$,#1704,#2644,$,$);
#2915=IFCSTRUCTURALCURVEMEMBER('29U1TJpx18PwrO7xMhSPK$',#95,'178',$,$,$,#2919,.RIGID_JOINED_MEMBER.,#2920);
#2916=IFCRELCONNECTSSTRUCTURALMEMBER('0MXlhw3oj7zfr2SL0DCnPQ',#3,$,$,#2915,#216,#97,$,$,$);
#2917=IFCRELCONNECTSSTRUCTURALMEMBER('1zQy$4Pa55VRGzFr9WupIn',#3,$,$,#2915,#241,#1681,$,$,$);
#2918=IFCRELASSOCIATESMATERIAL('171lVpO_z4wBtTLFFtJWdD',#3,$,$,(#2915),#2921);
#2919=IFCPRODUCTDEFINITIONSHAPE($,$,(#2922));
#2920=IFCDIRECTION((7.3434553E-003,-5.5075915E-001,8.3463191E-001));
#2921=IFCMATERIALPROFILESETUSAGE(#2923,10,$);
#2922=IFCTOPOLOGYREPRESENTATION(#99,$,'Edge',(#2924));
#2923=IFCMATERIALPROFILESET($,$,(#2925),$);
#2924=IFCEDGE(#219,#244);
#2925=IFCMATERIALPROFILE($,$,#1704,#2644,$,$);
#2926=IFCSTRUCTURALCURVEMEMBER('1usnStap52exOgXdsTkHpy',#95,'179',$,$,$,#2930,.RIGID_JOINED_MEMBER.,#2931);
#2927=IFCRELCONNECTSSTRUCTURALMEMBER('0fmJ7LT094ah3QqPDeECUx',#3,$,$,#2926,#241,#97,$,$,$);
#2928=IFCRELCONNECTSSTRUCTURALMEMBER('3kOtYRelfFpR_7hJP3fLYS',#3,$,$,#2926,#256,#1681,$,$,$);
#2929=IFCRELASSOCIATESMATERIAL('1rhrvcr0P4RfyB9nPqnOoh',#3,$,$,(#2926),#2932);
#2930=IFCPRODUCTDEFINITIONSHAPE($,$,(#2933));
#2931=IFCDIRECTION((7.6867865E-003,5.6113541E-001,8.2768832E-001));
#2932=IFCMATERIALPROFILESETUSAGE(#2934,10,$);
#2933=IFCTOPOLOGYREPRESENTATION(#99,$,'Edge',(#2935));
#2934=IFCMATERIALPROFILESET($,$,(#2936),$);
#2935=IFCEDGE(#244,#259);
#2936=IFCMATERIALPROFILE($,$,#1704,#2644,$,$);
#2937=IFCSTRUCTURALCURVEMEMBER('1V6cca3B59ZukHwYFKyDBA',#95,'180',$,$,$,#2941,.RIGID_JOINED_MEMBER.,#2942);
#2938=IFCRELCONNECTSSTRUCTURALMEMBER('1LNnA_zUvFPB6QY$F4mbK6',#3,$,$,#2937,#256,#97,$,$,$);
#2939=IFCRELCONNECTSSTRUCTURALMEMBER('3$QtjRuhH3Cg6wuIkSnfPS',#3,$,$,#2937,#281,#1681,$,$,$);
#2940=IFCRELASSOCIATESMATERIAL('1ZgDtcxM55gQHMskMKp$v_',#3,$,$,(#2937),#2943);
#2941=IFCPRODUCTDEFINITIONSHAPE($,$,(#2944));
#2942=IFCDIRECTION((8.0537408E-003,-5.7181560E-001,8.2034265E-001));
#2943=IFCMATERIALPROFILESETUSAGE(#2945,10,$);
#2944=IFCTOPOLOGYREPRESENTATION(#99,$,'Edge',(#2946));
#2945=IFCMATERIALPROFILESET($,$,(#2947),$);
#2946=IFCEDGE(#259,#284);
#2947=IFCMATERIALPROFILE($,$,#1704,#2644,$,$);
#2948=IFCSTRUCTURALCURVEMEMBER('2gd2FKY9nFKRrWMRnhJhbL',#95,'181',$,$,$,#2952,.RIGID_JOINED_MEMBER.,#2953);
#2949=IFCRELCONNECTSSTRUCTURALMEMBER('23dqXU_dD1KQRfcQ0nA_sA',#3,$,$,#2948,#281,#97,$,$,$);
#2950=IFCRELCONNECTSSTRUCTURALMEMBER('33oV9TNTrAzOpLclzk_IbQ',#3,$,$,#2948,#296,#1681,$,$,$);
#2951=IFCRELASSOCIATESMATERIAL('3PLNlHpRf6Xfn$3PGlawNh',#3,$,$,(#2948),#2954);
#2952=IFCPRODUCTDEFINITIONSHAPE($,$,(#2955));
#2953=IFCDIRECTION((8.4464675E-003,5.8280626E-001,8.1256724E-001));
#2954=IFCMATERIALPROFILESETUSAGE(#2956,10,$);
#2955=IFCTOPOLOGYREPRESENTATION(#99,$,'Edge',(#2957));
#2956=IFCMATERIALPROFILESET($,$,(#2958),$);
#2957=IFCEDGE(#284,#299);
#2958=IFCMATERIALPROFILE($,$,#1704,#2644,$,$);
#2959=IFCSTRUCTURALCURVEMEMBER('1hibEcq$v7yey56d7tI5Zq',#95,'182',$,$,$,#2963,.RIGID_JOINED_MEMBER.,#2964);
#2960=IFCRELCONNECTSSTRUCTURALMEMBER('1xamgiD2PFoPagEPW$ve5T',#3,$,$,#2959,#296,#97,$,$,$);
#2961=IFCRELCONNECTSSTRUCTURALMEMBER('2I$1v3ilz2Ov$feTLzI1yZ',#3,$,$,#2959,#321,#1681,$,$,$);
#2962=IFCRELASSOCIATESMATERIAL('2eRv6spjLFnuhCYabnua9T',#3,$,$,(#2959),#2965);
#2963=IFCPRODUCTDEFINITIONSHAPE($,$,(#2966));
#2964=IFCDIRECTION((8.8673627E-003,-5.9411330E-001,8.0433249E-001));
#2965=IFCMATERIALPROFILESETUSAGE(#2967,10,$);
#2966=IFCTOPOLOGYREPRESENTATION(#99,$,'Edge',(#2968));
#2967=IFCMATERIALPROFILESET($,$,(#2969),$);
#2968=IFCEDGE(#299,#324);
#2969=IFCMATERIALPROFILE($,$,#1704,#2644,$,$);
#2970=IFCSTRUCTURALCURVEMEMBER('05U_QYljz7ABtPBJgRxvBv',#95,'183',$,$,$,#2974,.RIGID_JOINED_MEMBER.,#2975);
#2971=IFCRELCONNECTSSTRUCTURALMEMBER('3EeZWFGyf0Hvd1Px5cvJ$G',#3,$,$,#2970,#321,#97,$,$,$);
#2972=IFCRELCONNECTSSTRUCTURALMEMBER('2aqWmk8T91XOEGWaPy5BkH',#3,$,$,#2970,#336,#1681,$,$,$);
#2973=IFCRELASSOCIATESMATERIAL('2UXggb0ODD7OYhc9_rstYg',#3,$,$,(#2970),#2976);
#2974=IFCPRODUCTDEFINITIONSHAPE($,$,(#2977));
#2975=IFCDIRECTION((9.3191040E-003,6.0574176E-001,7.9560673E-001));
#2976=IFCMATERIALPROFILESETUSAGE(#2978,10,$);
#2977=IFCTOPOLOGYREPRESENTATION(#99,$,'Edge',(#2979));
#2978=IFCMATERIALPROFILESET($,$,(#2980),$);
#2979=IFCEDGE(#324,#339);
#2980=IFCMATERIALPROFILE($,$,#1704,#2644,$,$);
#2981=IFCSTRUCTURALCURVEMEMBER('1MDo18r0X3PRwlBeFrf$1H',#95,'184',$,$,$,#2985,.RIGID_JOINED_MEMBER.,#2986);
#2982=IFCRELCONNECTSSTRUCTURALMEMBER('0oOdehl$X12B5QptI3l7_d',#3,$,$,#2981,#336,#97,$,$,$);
#2983=IFCRELCONNECTSSTRUCTURALMEMBER('3QYiC3sZDF_hBnuhdoov80',#3,$,$,#2981,#361,#1681,$,$,$);
#2984=IFCRELASSOCIATESMATERIAL('1MtBQGOtXDkAKA4nwJb_4K',#3,$,$,(#2981),#2987);
#2985=IFCPRODUCTDEFINITIONSHAPE($,$,(#2988));
#2986=IFCDIRECTION((9.8046925E-003,-6.1769562E-001,7.8635614E-001));
#2987=IFCMATERIALPROFILESETUSAGE(#2989,10,$);
#2988=IFCTOPOLOGYREPRESENTATION(#99,$,'Edge',(#2990));
#2989=IFCMATERIALPROFILESET($,$,(#2991),$);
#2990=IFCEDGE(#339,#364);
#2991=IFCMATERIALPROFILE($,$,#1704,#2644,$,$);
#2992=IFCSTRUCTURALCURVEMEMBER('2KSZtJS9H4vR$VC1FOcmEF',#95,'185',$,$,$,#2996,.RIGID_JOINED_MEMBER.,#2997);
#2993=IFCRELCONNECTSSTRUCTURALMEMBER('0yO8LcpWjCiONJutEFEX5h',#3,$,$,#2992,#361,#97,$,$,$);
#2994=IFCRELCONNECTSSTRUCTURALMEMBER('1UtfBi19X6WBgHT9awH98b',#3,$,$,#2992,#376,#1681,$,$,$);
#2995=IFCRELASSOCIATESMATERIAL('3Re8egnNf2UfMfp40ctWBh',#3,$,$,(#2992),#2998);
#2996=IFCPRODUCTDEFINITIONSHAPE($,$,(#2999));
#2997=IFCDIRECTION((1.0327501E-002,6.2997758E-001,7.7654465E-001));
#2998=IFCMATERIALPROFILESETUSAGE(#3000,10,$);
#2999=IFCTOPOLOGYREPRESENTATION(#99,$,'Edge',(#3001));
#3000=IFCMATERIALPROFILESET($,$,(#3002),$);
#3001=IFCEDGE(#364,#379);
#3002=IFCMATERIALPROFILE($,$,#1704,#2644,$,$);
#3003=IFCSTRUCTURALCURVEMEMBER('03AX9tEi13BgiJQ2fqvJG0',#95,'186',$,$,$,#3007,.RIGID_JOINED_MEMBER.,#3008);
#3004=IFCRELCONNECTSSTRUCTURALMEMBER('0IiD8AeJT51g9LE2d1ZnYk',#3,$,$,#3003,#376,#97,$,$,$);
#3005=IFCRELCONNECTSSTRUCTURALMEMBER('116V4$lGj6nPiK4DGcHai1',#3,$,$,#3003,#401,#1681,$,$,$);
#3006=IFCRELASSOCIATESMATERIAL('2bUsCx7990E8Q2jsGZQzIe',#3,$,$,(#3003),#3009);
#3007=IFCPRODUCTDEFINITIONSHAPE($,$,(#3010));
#3008=IFCDIRECTION((1.0891334E-002,-6.4258873E-001,7.6613387E-001));
#3009=IFCMATERIALPROFILESETUSAGE(#3011,10,$);
#3010=IFCTOPOLOGYREPRESENTATION(#99,$,'Edge',(#3012));
#3011=IFCMATERIALPROFILESET($,$,(#3013),$);
#3012=IFCEDGE(#379,#404);
#3013=IFCMATERIALPROFILE($,$,#1704,#2644,$,$);
#3014=IFCSTRUCTURALCURVEMEMBER('04FXQYnqD01fEAbiBl4bI3',#95,'187',$,$,$,#3018,.RIGID_JOINED_MEMBER.,#3019);
#3015=IFCRELCONNECTSSTRUCTURALMEMBER('23OTzPjA53ngZ01TiXJ65N',#3,$,$,#3014,#401,#97,$,$,$);
#3016=IFCRELCONNECTSSTRUCTURALMEMBER('0i1vnRFzr518vca4G8mzD3',#3,$,$,#3014,#416,#1681,$,$,$);
#3017=IFCRELASSOCIATESMATERIAL('0H13ESxZP7wg4cYAmy1_qt',#3,$,$,(#3014),#3020);
#3018=IFCPRODUCTDEFINITIONSHAPE($,$,(#3021));
#3019=IFCDIRECTION((1.1500496E-002,6.5552827E-001,7.5508306E-001));
#3020=IFCMATERIALPROFILESETUSAGE(#3022,10,$);
#3021=IFCTOPOLOGYREPRESENTATION(#99,$,'Edge',(#3023));
#3022=IFCMATERIALPROFILESET($,$,(#3024),$);
#3023=IFCEDGE(#404,#419);
#3024=IFCMATERIALPROFILE($,$,#1704,#2644,$,$);
#3025=IFCSTRUCTURALCURVEMEMBER('3Ijk_7NnbDAwfp7cFKqGmI',#95,'188',$,$,$,#3029,.RIGID_JOINED_MEMBER.,#3030);
#3026=IFCRELCONNECTSSTRUCTURALMEMBER('0gkjHK75v4zhwvn0ysqDmn',#3,$,$,#3025,#416,#97,$,$,$);
#3027=IFCRELCONNECTSSTRUCTURALMEMBER('3WnejgOVv2BAPnSjyQpL2D',#3,$,$,#3025,#441,#1681,$,$,$);
#3028=IFCRELASSOCIATESMATERIAL('1cyClj5iP7w9dGQgmpQLCQ',#3,$,$,(#3025),#3031);
#3029=IFCPRODUCTDEFINITIONSHAPE($,$,(#3032));
#3030=IFCDIRECTION((1.2159875E-002,-6.6879311E-001,7.4334912E-001));
#3031=IFCMATERIALPROFILESETUSAGE(#3033,10,$);
#3032=IFCTOPOLOGYREPRESENTATION(#99,$,'Edge',(#3034));
#3033=IFCMATERIALPROFILESET($,$,(#3035),$);
#3034=IFCEDGE(#419,#444);
#3035=IFCMATERIALPROFILE($,$,#1704,#2644,$,$);
#3036=IFCSTRUCTURALCURVEMEMBER('1gdjEWXjX2N8J6l1HLCfkv',#95,'189',$,$,$,#3040,.RIGID_JOINED_MEMBER.,#3041);
#3037=IFCRELCONNECTSSTRUCTURALMEMBER('1l$TD$Hav7O8tkMG8VrhOk',#3,$,$,#3036,#441,#97,$,$,$);
#3038=IFCRELCONNECTSSTRUCTURALMEMBER('1X9gPg7ML6FeTYKpMCiGWd',#3,$,$,#3036,#456,#1681,$,$,$);
#3039=IFCRELASSOCIATESMATERIAL('2RKzATJEj89OTayd_xdrOT',#3,$,$,(#3036),#3042);
#3040=IFCPRODUCTDEFINITIONSHAPE($,$,(#3043));
#3041=IFCDIRECTION((1.2875048E-002,6.8237753E-001,7.3088655E-001));
#3042=IFCMATERIALPROFILESETUSAGE(#3044,10,$);
#3043=IFCTOPOLOGYREPRESENTATION(#99,$,'Edge',(#3045));
#3044=IFCMATERIALPROFILESET($,$,(#3046),$);
#3045=IFCEDGE(#444,#459);
#3046=IFCMATERIALPROFILE($,$,#1704,#2644,$,$);
#3047=IFCSTRUCTURALCURVEMEMBER('0iy98VsZf2kBZ3lGXz7rLp',#95,'190',$,$,$,#3051,.RIGID_JOINED_MEMBER.,#3052);
#3048=IFCRELCONNECTSSTRUCTURALMEMBER('0GZTDypUP7kh4rX6y3jc$N',#3,$,$,#3047,#456,#97,$,$,$);
#3049=IFCRELCONNECTSSTRUCTURALMEMBER('06OfCBC316fR809EJZCsAj',#3,$,$,#3047,#481,#1681,$,$,$);
#3050=IFCRELASSOCIATESMATERIAL('33QG2yGx94qB$jfABuLDzW',#3,$,$,(#3047),#3053);
#3051=IFCPRODUCTDEFINITIONSHAPE($,$,(#3054));
#3052=IFCDIRECTION((1.3652404E-002,-6.9627261E-001,7.1764759E-001));
#3053=IFCMATERIALPROFILESETUSAGE(#3055,10,$);
#3054=IFCTOPOLOGYREPRESENTATION(#99,$,'Edge',(#3056));
#3055=IFCMATERIALPROFILESET($,$,(#3057),$);
#3056=IFCEDGE(#459,#484);
#3057=IFCMATERIALPROFILE($,$,#1704,#2644,$,$);
#3058=IFCSTRUCTURALCURVEMEMBER('2ZCD_1OMXEbwI0N4T04lUk',#95,'191',$,$,$,#3062,.RIGID_JOINED_MEMBER.,#3063);
#3059=IFCRELCONNECTSSTRUCTURALMEMBER('1tQ2k1jZrBqRF10uivHhtb',#3,$,$,#3058,#481,#97,$,$,$);
#3060=IFCRELCONNECTSSTRUCTURALMEMBER('25PZFvTpb01PjQbFIJUw$1',#3,$,$,#3058,#112,#1681,$,$,$);
#3061=IFCRELASSOCIATESMATERIAL('1wXmHmhUD72h7W6WuUZXry',#3,$,$,(#3058),#3064);
#3062=IFCPRODUCTDEFINITIONSHAPE($,$,(#3065));
#3063=IFCDIRECTION((1.4499303E-002,7.1046583E-001,7.0358232E-001));
#3064=IFCMATERIALPROFILESETUSAGE(#3066,10,$);
#3065=IFCTOPOLOGYREPRESENTATION(#99,$,'Edge',(#3067));
#3066=IFCMATERIALPROFILESET($,$,(#3068),$);
#3067=IFCEDGE(#484,#115);
#3068=IFCMATERIALPROFILE($,$,#1704,#2644,$,$);
#3069=IFCSTRUCTURALCURVEMEMBER('0_hECjXMX0sQWMBjGPBqGb',#95,'192',$,$,$,#3073,.RIGID_JOINED_MEMBER.,#1680);
#3070=IFCRELCONNECTSSTRUCTURALMEMBER('07Gy1Fs5rEBuzjrV1kmIh0',#3,$,$,#3069,#112,#97,$,$,$);
#3071=IFCRELCONNECTSSTRUCTURALMEMBER('1PCanUfln4PRlHRoWFawvg',#3,$,$,#3069,#122,#1681,$,$,$);
#3072=IFCRELASSOCIATESMATERIAL('0QXq8y2fv2ywX3EnaOewgo',#3,$,$,(#3069),#3074);
#3073=IFCPRODUCTDEFINITIONSHAPE($,$,(#3075));
#3074=IFCMATERIALPROFILESETUSAGE(#3076,10,$);
#3075=IFCTOPOLOGYREPRESENTATION(#99,$,'Edge',(#3077));
#3076=IFCMATERIALPROFILESET($,$,(#3078),$);
#3077=IFCEDGE(#115,#125);
#3078=IFCMATERIALPROFILE($,$,#1704,#2644,$,$);
#3079=IFCSTRUCTURALCURVEMEMBER('3x5FJ5T6X9zBLy4Olgvh8R',#95,'193',$,$,$,#3083,.RIGID_JOINED_MEMBER.,#1680);
#3080=IFCRELCONNECTSSTRUCTURALMEMBER('1EPA6RHifEjh6Vz7ZgPgSL',#3,$,$,#3079,#476,#97,$,$,$);
#3081=IFCRELCONNECTSSTRUCTURALMEMBER('2gKQ6KDRv5gOAJNbgAtLwA',#3,$,$,#3079,#481,#1681,$,$,$);
#3082=IFCRELASSOCIATESMATERIAL('2_HOeQV513pOLPYjM2tGJ3',#3,$,$,(#3079),#3084);
#3083=IFCPRODUCTDEFINITIONSHAPE($,$,(#3085));
#3084=IFCMATERIALPROFILESETUSAGE(#3086,10,$);
#3085=IFCTOPOLOGYREPRESENTATION(#99,$,'Edge',(#3087));
#3086=IFCMATERIALPROFILESET($,$,(#3088),$);
#3087=IFCEDGE(#479,#484);
#3088=IFCMATERIALPROFILE($,$,#1704,#2644,$,$);
#3089=IFCSTRUCTURALCURVEMEMBER('1erMU$$ivCgxwJUPWtnOdk',#95,'194',$,$,$,#3093,.RIGID_JOINED_MEMBER.,#3094);
#3090=IFCRELCONNECTSSTRUCTURALMEMBER('327626x8b7tOa0QQL3E9_4',#3,$,$,#3089,#117,#97,$,$,$);
#3091=IFCRELCONNECTSSTRUCTURALMEMBER('2rN_V6Vav4nP5Xux6julEw',#3,$,$,#3089,#166,#1681,$,$,$);
#3092=IFCRELASSOCIATESMATERIAL('00SkW$mX92V94TbB1K9Q9j',#3,$,$,(#3089),#3095);
#3093=IFCPRODUCTDEFINITIONSHAPE($,$,(#3096));
#3094=IFCDIRECTION((5.1214676E-001,6.1704429E-003,8.5887579E-001));
#3095=IFCMATERIALPROFILESETUSAGE(#3097,10,$);
#3096=IFCTOPOLOGYREPRESENTATION(#99,$,'Edge',(#3098));
#3097=IFCMATERIALPROFILESET($,$,(#3099),$);
#3098=IFCEDGE(#120,#169);
#3099=IFCMATERIALPROFILE($,$,#1704,#2644,$,$);
#3100=IFCSTRUCTURALCURVEMEMBER('1l$K8M0AT7Vx6N3lx3eEuT',#95,'195',$,$,$,#3104,.RIGID_JOINED_MEMBER.,#3105);
#3101=IFCRELCONNECTSSTRUCTURALMEMBER('2EnAhth59FVRMYRcNWdjGM',#3,$,$,#3100,#166,#97,$,$,$);
#3102=IFCRELCONNECTSSTRUCTURALMEMBER('28eIVPXnX6Dw9Z$TnmKuGm',#3,$,$,#3100,#181,#1681,$,$,$);
#3103=IFCRELASSOCIATESMATERIAL('3IwO0DlmfFLOC96ZxMbQis',#3,$,$,(#3100),#3106);
#3104=IFCPRODUCTDEFINITIONSHAPE($,$,(#3107));
#3105=IFCDIRECTION((-5.2138135E-001,6.4368067E-003,8.5329951E-001));
#3106=IFCMATERIALPROFILESETUSAGE(#3108,10,$);
#3107=IFCTOPOLOGYREPRESENTATION(#99,$,'Edge',(#3109));
#3108=IFCMATERIALPROFILESET($,$,(#3110),$);
#3109=IFCEDGE(#169,#184);
#3110=IFCMATERIALPROFILE($,$,#1704,#2644,$,$);
#3111=IFCSTRUCTURALCURVEMEMBER('27BRLvceLFv9hb2024VVqW',#95,'196',$,$,$,#3115,.RIGID_JOINED_MEMBER.,#3116);
#3112=IFCRELCONNECTSSTRUCTURALMEMBER('0dcKFZ4c5CmRYl9esjO$cx',#3,$,$,#3111,#181,#97,$,$,$);
#3113=IFCRELCONNECTSSTRUCTURALMEMBER('2umAOj5898b8kECiPH8kEW',#3,$,$,#3111,#206,#1681,$,$,$);
#3114=IFCRELASSOCIATESMATERIAL('3fwyHNdlvELA5dgDClcf0Z',#3,$,$,(#3111),#3117);
#3115=IFCPRODUCTDEFINITIONSHAPE($,$,(#3118));
#3116=IFCDIRECTION((5.3088971E-001,6.7201229E-003,8.4741428E-001));
#3117=IFCMATERIALPROFILESETUSAGE(#3119,10,$);
#3118=IFCTOPOLOGYREPRESENTATION(#99,$,'Edge',(#3120));
#3119=IFCMATERIALPROFILESET($,$,(#3121),$);
#3120=IFCEDGE(#184,#209);
#3121=IFCMATERIALPROFILE($,$,#1704,#2644,$,$);
#3122=IFCSTRUCTURALCURVEMEMBER('0$lwAk8RrBRf6CAJ96BMO5',#95,'197',$,$,$,#3126,.RIGID_JOINED_MEMBER.,#3127);
#3123=IFCRELCONNECTSSTRUCTURALMEMBER('2PKTWPJPT2FvAs0cC4RRKn',#3,$,$,#3122,#206,#97,$,$,$);
#3124=IFCRELCONNECTSSTRUCTURALMEMBER('0oL5AtirH9BvWmmQVFdh3z',#3,$,$,#3122,#221,#1681,$,$,$);
#3125=IFCRELASSOCIATESMATERIAL('35BAsVLCTFgf6knhadE_z9',#3,$,$,(#3122),#3128);
#3126=IFCPRODUCTDEFINITIONSHAPE($,$,(#3129));
#3127=IFCDIRECTION((-5.4067973E-001,7.0218147E-003,8.4119922E-001));
#3128=IFCMATERIALPROFILESETUSAGE(#3130,10,$);
#3129=IFCTOPOLOGYREPRESENTATION(#99,$,'Edge',(#3131));
#3130=IFCMATERIALPROFILESET($,$,(#3132),$);
#3131=IFCEDGE(#209,#224);
#3132=IFCMATERIALPROFILE($,$,#1704,#2644,$,$);
#3133=IFCSTRUCTURALCURVEMEMBER('3drQAKXcr2NPgLw_4YJY_Y',#95,'198',$,$,$,#3137,.RIGID_JOINED_MEMBER.,#3138);
#3134=IFCRELCONNECTSSTRUCTURALMEMBER('3FY5Yl3_b9TwPFNCpQbgvK',#3,$,$,#3133,#221,#97,$,$,$);
#3135=IFCRELCONNECTSSTRUCTURALMEMBER('0VfwQ3AKbDkR_21Mg9nKBA',#3,$,$,#3133,#246,#1681,$,$,$);
#3136=IFCRELASSOCIATESMATERIAL('1aIR9nUfb4IxGwF4Wu44KA',#3,$,$,(#3133),#3139);
#3137=IFCPRODUCTDEFINITIONSHAPE($,$,(#3140));
#3138=IFCDIRECTION((5.5075915E-001,7.3434553E-003,8.3463191E-001));
#3139=IFCMATERIALPROFILESETUSAGE(#3141,10,$);
#3140=IFCTOPOLOGYREPRESENTATION(#99,$,'Edge',(#3142));
#3141=IFCMATERIALPROFILESET($,$,(#3143),$);
#3142=IFCEDGE(#224,#249);
#3143=IFCMATERIALPROFILE($,$,#1704,#2644,$,$);
#3144=IFCSTRUCTURALCURVEMEMBER('1qIeQiWGL7H8h8_aHnfYIS',#95,'199',$,$,$,#3148,.RIGID_JOINED_MEMBER.,#3149);
#3145=IFCRELCONNECTSSTRUCTURALMEMBER('1PVitiV6vE$u3R$0oLEHbV',#3,$,$,#3144,#246,#97,$,$,$);
#3146=IFCRELCONNECTSSTRUCTURALMEMBER('0QvUycRNfB98XMJX8LjvXk',#3,$,$,#3144,#261,#1681,$,$,$);
#3147=IFCRELASSOCIATESMATERIAL('3tPfeP6cD7zeBbnIwVtfWg',#3,$,$,(#3144),#3150);
#3148=IFCPRODUCTDEFINITIONSHAPE($,$,(#3151));
#3149=IFCDIRECTION((-5.6113541E-001,7.6867865E-003,8.2768832E-001));
#3150=IFCMATERIALPROFILESETUSAGE(#3152,10,$);
#3151=IFCTOPOLOGYREPRESENTATION(#99,$,'Edge',(#3153));
#3152=IFCMATERIALPROFILESET($,$,(#3154),$);
#3153=IFCEDGE(#249,#264);
#3154=IFCMATERIALPROFILE($,$,#1704,#2644,$,$);
#3155=IFCSTRUCTURALCURVEMEMBER('0rq4P3XZDAdPxhpyv75CPm',#95,'200',$,$,$,#3159,.RIGID_JOINED_MEMBER.,#3160);
#3156=IFCRELCONNECTSSTRUCTURALMEMBER('2gYIChIUT5NwzwxOdbqOf7',#3,$,$,#3155,#261,#97,$,$,$);
#3157=IFCRELCONNECTSSTRUCTURALMEMBER('3lBPTnWLrEMejAJO8lxOrx',#3,$,$,#3155,#286,#1681,$,$,$);
#3158=IFCRELASSOCIATESMATERIAL('3YsV5MBDH2_uB56VgSV1Ms',#3,$,$,(#3155),#3161);
#3159=IFCPRODUCTDEFINITIONSHAPE($,$,(#3162));
#3160=IFCDIRECTION((5.7181560E-001,8.0537408E-003,8.2034265E-001));
#3161=IFCMATERIALPROFILESETUSAGE(#3163,10,$);
#3162=IFCTOPOLOGYREPRESENTATION(#99,$,'Edge',(#3164));
#3163=IFCMATERIALPROFILESET($,$,(#3165),$);
#3164=IFCEDGE(#264,#289);
#3165=IFCMATERIALPROFILE($,$,#1704,#2644,$,$);
#3166=IFCSTRUCTURALCURVEMEMBER('3031xVGCX8bwkxGX$ThzID',#95,'201',$,$,$,#3170,.RIGID_JOINED_MEMBER.,#3171);
#3167=IFCRELCONNECTSSTRUCTURALMEMBER('0t7hGawaD88PxBDMIMUA3n',#3,$,$,#3166,#286,#97,$,$,$);
#3168=IFCRELCONNECTSSTRUCTURALMEMBER('0stcbAKsn2NgLbT3LVzMp2',#3,$,$,#3166,#301,#1681,$,$,$);
#3169=IFCRELASSOCIATESMATERIAL('1SPCG_7MHDhA6ATuqN8q9F',#3,$,$,(#3166),#3172);
#3170=IFCPRODUCTDEFINITIONSHAPE($,$,(#3173));
#3171=IFCDIRECTION((-5.8280626E-001,8.4464675E-003,8.1256724E-001));
#3172=IFCMATERIALPROFILESETUSAGE(#3174,10,$);
#3173=IFCTOPOLOGYREPRESENTATION(#99,$,'Edge',(#3175));
#3174=IFCMATERIALPROFILESET($,$,(#3176),$);
#3175=IFCEDGE(#289,#304);
#3176=IFCMATERIALPROFILE($,$,#1704,#2644,$,$);
#3177=IFCSTRUCTURALCURVEMEMBER('0yc3G7$mrFex212JgdVP3s',#95,'202',$,$,$,#3181,.RIGID_JOINED_MEMBER.,#3182);
#3178=IFCRELCONNECTSSTRUCTURALMEMBER('0o8UbxGnbBUAO$qLw56euV',#3,$,$,#3177,#301,#97,$,$,$);
#3179=IFCRELCONNECTSSTRUCTURALMEMBER('1641eqeJn0mg4dP2UfknzW',#3,$,$,#3177,#326,#1681,$,$,$);
#3180=IFCRELASSOCIATESMATERIAL('3$vjpJ0ub9Sv19rnFQu0yu',#3,$,$,(#3177),#3183);
#3181=IFCPRODUCTDEFINITIONSHAPE($,$,(#3184));
#3182=IFCDIRECTION((5.9411330E-001,8.8673627E-003,8.0433249E-001));
#3183=IFCMATERIALPROFILESETUSAGE(#3185,10,$);
#3184=IFCTOPOLOGYREPRESENTATION(#99,$,'Edge',(#3186));
#3185=IFCMATERIALPROFILESET($,$,(#3187),$);
#3186=IFCEDGE(#304,#329);
#3187=IFCMATERIALPROFILE($,$,#1704,#2644,$,$);
#3188=IFCSTRUCTURALCURVEMEMBER('0gKWSSmhL23e3_Wx6pp8rh',#95,'203',$,$,$,#3192,.RIGID_JOINED_MEMBER.,#3193);
#3189=IFCRELCONNECTSSTRUCTURALMEMBER('2qOLuJYe17EePElJe$m2sN',#3,$,$,#3188,#326,#97,$,$,$);
#3190=IFCRELCONNECTSSTRUCTURALMEMBER('0fNIzJfaz2ofrzGykEpWc6',#3,$,$,#3188,#341,#1681,$,$,$);
#3191=IFCRELASSOCIATESMATERIAL('11BRVOQvT2vAAKWzqjeij1',#3,$,$,(#3188),#3194);
#3192=IFCPRODUCTDEFINITIONSHAPE($,$,(#3195));
#3193=IFCDIRECTION((-6.0574176E-001,9.3191040E-003,7.9560673E-001));
#3194=IFCMATERIALPROFILESETUSAGE(#3196,10,$);
#3195=IFCTOPOLOGYREPRESENTATION(#99,$,'Edge',(#3197));
#3196=IFCMATERIALPROFILESET($,$,(#3198),$);
#3197=IFCEDGE(#329,#344);
#3198=IFCMATERIALPROFILE($,$,#1704,#2644,$,$);
#3199=IFCSTRUCTURALCURVEMEMBER('3k1B9z6YH3we4XfEs04Xhu',#95,'204',$,$,$,#3203,.RIGID_JOINED_MEMBER.,#3204);
#3200=IFCRELCONNECTSSTRUCTURALMEMBER('0qRPh9DU96AhAa8Cux8xtu',#3,$,$,#3199,#341,#97,$,$,$);
#3201=IFCRELCONNECTSSTRUCTURALMEMBER('27CgAVbrn4tAQg$Q4HN1KA',#3,$,$,#3199,#366,#1681,$,$,$);
#3202=IFCRELASSOCIATESMATERIAL('2$umvFr8nAOfppYPz9_Cf7',#3,$,$,(#3199),#3205);
#3203=IFCPRODUCTDEFINITIONSHAPE($,$,(#3206));
#3204=IFCDIRECTION((6.1769562E-001,9.8046925E-003,7.8635614E-001));
#3205=IFCMATERIALPROFILESETUSAGE(#3207,10,$);
#3206=IFCTOPOLOGYREPRESENTATION(#99,$,'Edge',(#3208));
#3207=IFCMATERIALPROFILESET($,$,(#3209),$);
#3208=IFCEDGE(#344,#369);
#3209=IFCMATERIALPROFILE($,$,#1704,#2644,$,$);
#3210=IFCSTRUCTURALCURVEMEMBER('0T2tyoKW528B9R4d5txET6',#95,'205',$,$,$,#3214,.RIGID_JOINED_MEMBER.,#3215);
#3211=IFCRELCONNECTSSTRUCTURALMEMBER('2gzFu667r8owbcGdwOeOdj',#3,$,$,#3210,#366,#97,$,$,$);
#3212=IFCRELCONNECTSSTRUCTURALMEMBER('0ZzJXlj1jCqwfEYDDAZ6FE',#3,$,$,#3210,#381,#1681,$,$,$);
#3213=IFCRELASSOCIATESMATERIAL('0pVlteakfAIBRYa70ghAEm',#3,$,$,(#3210),#3216);
#3214=IFCPRODUCTDEFINITIONSHAPE($,$,(#3217));
#3215=IFCDIRECTION((-6.2997758E-001,1.0327501E-002,7.7654465E-001));
#3216=IFCMATERIALPROFILESETUSAGE(#3218,10,$);
#3217=IFCTOPOLOGYREPRESENTATION(#99,$,'Edge',(#3219));
#3218=IFCMATERIALPROFILESET($,$,(#3220),$);
#3219=IFCEDGE(#369,#384);
#3220=IFCMATERIALPROFILE($,$,#1704,#2644,$,$);
#3221=IFCSTRUCTURALCURVEMEMBER('1oI1B6TuL5oewUrkzb5Qk7',#95,'206',$,$,$,#3225,.RIGID_JOINED_MEMBER.,#3226);
#3222=IFCRELCONNECTSSTRUCTURALMEMBER('15PS$UZHrFNf6LgHcbIr9d',#3,$,$,#3221,#381,#97,$,$,$);
#3223=IFCRELCONNECTSSTRUCTURALMEMBER('0YTlkrRq1FZgiX5J6xkW_9',#3,$,$,#3221,#406,#1681,$,$,$);
#3224=IFCRELASSOCIATESMATERIAL('2jTPRqXCD0XxhMjp76Mo1F',#3,$,$,(#3221),#3227);
#3225=IFCPRODUCTDEFINITIONSHAPE($,$,(#3228));
#3226=IFCDIRECTION((6.4258873E-001,1.0891334E-002,7.6613387E-001));
#3227=IFCMATERIALPROFILESETUSAGE(#3229,10,$);
#3228=IFCTOPOLOGYREPRESENTATION(#99,$,'Edge',(#3230));
#3229=IFCMATERIALPROFILESET($,$,(#3231),$);
#3230=IFCEDGE(#384,#409);
#3231=IFCMATERIALPROFILE($,$,#1704,#2644,$,$);
#3232=IFCSTRUCTURALCURVEMEMBER('1OPf5kyjDE5wWZFWfZmdl4',#95,'207',$,$,$,#3236,.RIGID_JOINED_MEMBER.,#3237);
#3233=IFCRELCONNECTSSTRUCTURALMEMBER('3yff2SRSv8_AloBRnVt6p_',#3,$,$,#3232,#406,#97,$,$,$);
#3234=IFCRELCONNECTSSTRUCTURALMEMBER('2UFO0N7WT15gja5eRRkm0p',#3,$,$,#3232,#421,#1681,$,$,$);
#3235=IFCRELASSOCIATESMATERIAL('0enoZ93tr3ZeXEXltTA$mQ',#3,$,$,(#3232),#3238);
#3236=IFCPRODUCTDEFINITIONSHAPE($,$,(#3239));
#3237=IFCDIRECTION((-6.5552827E-001,1.1500496E-002,7.5508306E-001));
#3238=IFCMATERIALPROFILESETUSAGE(#3240,10,$);
#3239=IFCTOPOLOGYREPRESENTATION(#99,$,'Edge',(#3241));
#3240=IFCMATERIALPROFILESET($,$,(#3242),$);
#3241=IFCEDGE(#409,#424);
#3242=IFCMATERIALPROFILE($,$,#1704,#2644,$,$);
#3243=IFCSTRUCTURALCURVEMEMBER('34i6UeCG54OODO5XYuYOnn',#95,'208',$,$,$,#3247,.RIGID_JOINED_MEMBER.,#3248);
#3244=IFCRELCONNECTSSTRUCTURALMEMBER('0EMCaww_H3kOSYWxDkaWQf',#3,$,$,#3243,#421,#97,$,$,$);
#3245=IFCRELCONNECTSSTRUCTURALMEMBER('0xP0ASai90NwdTbx9JFSTJ',#3,$,$,#3243,#446,#1681,$,$,$);
#3246=IFCRELASSOCIATESMATERIAL('3_vjtlh8b338D$CBLsMoEh',#3,$,$,(#3243),#3249);
#3247=IFCPRODUCTDEFINITIONSHAPE($,$,(#3250));
#3248=IFCDIRECTION((6.6879311E-001,1.2159875E-002,7.4334912E-001));
#3249=IFCMATERIALPROFILESETUSAGE(#3251,10,$);
#3250=IFCTOPOLOGYREPRESENTATION(#99,$,'Edge',(#3252));
#3251=IFCMATERIALPROFILESET($,$,(#3253),$);
#3252=IFCEDGE(#424,#449);
#3253=IFCMATERIALPROFILE($,$,#1704,#2644,$,$);
#3254=IFCSTRUCTURALCURVEMEMBER('1F4N7B30n3SuL$$POmo2gX',#95,'209',$,$,$,#3258,.RIGID_JOINED_MEMBER.,#3259);
#3255=IFCRELCONNECTSSTRUCTURALMEMBER('1VxtUgY0X4wxG58BqcmGlW',#3,$,$,#3254,#446,#97,$,$,$);
#3256=IFCRELCONNECTSSTRUCTURALMEMBER('2OnNKSUjr4AuiFoRCo4adU',#3,$,$,#3254,#461,#1681,$,$,$);
#3257=IFCRELASSOCIATESMATERIAL('3yc5XBNtT6289$3PtT99Y0',#3,$,$,(#3254),#3260);
#3258=IFCPRODUCTDEFINITIONSHAPE($,$,(#3261));
#3259=IFCDIRECTION((-6.8237753E-001,1.2875048E-002,7.3088655E-001));
#3260=IFCMATERIALPROFILESETUSAGE(#3262,10,$);
#3261=IFCTOPOLOGYREPRESENTATION(#99,$,'Edge',(#3263));
#3262=IFCMATERIALPROFILESET($,$,(#3264),$);
#3263=IFCEDGE(#449,#464);
#3264=IFCMATERIALPROFILE($,$,#1704,#2644,$,$);
#3265=IFCSTRUCTURALCURVEMEMBER('1ARc5XMrP7tAhGVxEB3ebJ',#95,'210',$,$,$,#3269,.RIGID_JOINED_MEMBER.,#3270);
#3266=IFCRELCONNECTSSTRUCTURALMEMBER('09TJMKVunDXgwxUssUHtl6',#3,$,$,#3265,#461,#97,$,$,$);
#3267=IFCRELCONNECTSSTRUCTURALMEMBER('1oBWpnnmL9mvf09rXuJTAn',#3,$,$,#3265,#486,#1681,$,$,$);
#3268=IFCRELASSOCIATESMATERIAL('1YmNpxZY99ww3gY69lhE_y',#3,$,$,(#3265),#3271);
#3269=IFCPRODUCTDEFINITIONSHAPE($,$,(#3272));
#3270=IFCDIRECTION((6.9627261E-001,1.3652404E-002,7.1764759E-001));
#3271=IFCMATERIALPROFILESETUSAGE(#3273,10,$);
#3272=IFCTOPOLOGYREPRESENTATION(#99,$,'Edge',(#3274));
#3273=IFCMATERIALPROFILESET($,$,(#3275),$);
#3274=IFCEDGE(#464,#489);
#3275=IFCMATERIALPROFILE($,$,#1704,#2644,$,$);
#3276=IFCSTRUCTURALCURVEMEMBER('3dsGVX_ubCiAAsdECb59fE',#95,'211',$,$,$,#3280,.RIGID_JOINED_MEMBER.,#3281);
#3277=IFCRELCONNECTSSTRUCTURALMEMBER('0tCEST3299$O_JcwkNRICw',#3,$,$,#3276,#486,#97,$,$,$);
#3278=IFCRELCONNECTSSTRUCTURALMEMBER('0la0cHb5n8Fe$S23ORGe44',#3,$,$,#3276,#122,#1681,$,$,$);
#3279=IFCRELASSOCIATESMATERIAL('1ZuclDZsn2dvU3Qb6uuv4B',#3,$,$,(#3276),#3282);
#3280=IFCPRODUCTDEFINITIONSHAPE($,$,(#3283));
#3281=IFCDIRECTION((-7.1046583E-001,1.4499303E-002,7.0358232E-001));
#3282=IFCMATERIALPROFILESETUSAGE(#3284,10,$);
#3283=IFCTOPOLOGYREPRESENTATION(#99,$,'Edge',(#3285));
#3284=IFCMATERIALPROFILESET($,$,(#3286),$);
#3285=IFCEDGE(#489,#125);
#3286=IFCMATERIALPROFILE($,$,#1704,#2644,$,$);
#3287=IFCSTRUCTURALCURVEMEMBER('3Hi6ZjFOrBx9ozgk5EfDY6',#95,'212',$,$,$,#3291,.RIGID_JOINED_MEMBER.,#1680);
#3288=IFCRELCONNECTSSTRUCTURALMEMBER('1fmZAxzGbBrPRr8zPWynRz',#3,$,$,#3287,#122,#97,$,$,$);
#3289=IFCRELCONNECTSSTRUCTURALMEMBER('3jDFYxFD9EYwkeC4XBj7xE',#3,$,$,#3287,#132,#1681,$,$,$);
#3290=IFCRELASSOCIATESMATERIAL('25Y8gqvUnAuBeF5zECuilh',#3,$,$,(#3287),#3292);
#3291=IFCPRODUCTDEFINITIONSHAPE($,$,(#3293));
#3292=IFCMATERIALPROFILESETUSAGE(#3294,10,$);
#3293=IFCTOPOLOGYREPRESENTATION(#99,$,'Edge',(#3295));
#3294=IFCMATERIALPROFILESET($,$,(#3296),$);
#3295=IFCEDGE(#125,#135);
#3296=IFCMATERIALPROFILE($,$,#1704,#2644,$,$);
#3297=IFCSTRUCTURALCURVEMEMBER('1IXixj82rCERxMbwDwW1zo',#95,'213',$,$,$,#3301,.RIGID_JOINED_MEMBER.,#1680);
#3298=IFCRELCONNECTSSTRUCTURALMEMBER('2UhfrPg9L8193Pg$AcCY4W',#3,$,$,#3297,#481,#97,$,$,$);
#3299=IFCRELCONNECTSSTRUCTURALMEMBER('132umV5MfE7fIiAGKlwGqh',#3,$,$,#3297,#486,#1681,$,$,$);
#3300=IFCRELASSOCIATESMATERIAL('3h$3bdxBj6P9NVobpKoaMG',#3,$,$,(#3297),#3302);
#3301=IFCPRODUCTDEFINITIONSHAPE($,$,(#3303));
#3302=IFCMATERIALPROFILESETUSAGE(#3304,10,$);
#3303=IFCTOPOLOGYREPRESENTATION(#99,$,'Edge',(#3305));
#3304=IFCMATERIALPROFILESET($,$,(#3306),$);
#3305=IFCEDGE(#484,#489);
#3306=IFCMATERIALPROFILE($,$,#1704,#2644,$,$);
#3307=IFCSTRUCTURALCURVEMEMBER('2Fu9ZQPKH7WQOpPIjlsfZb',#95,'214',$,$,$,#3311,.RIGID_JOINED_MEMBER.,#3312);
#3308=IFCRELCONNECTSSTRUCTURALMEMBER('25xCSs5MT3eOM7pmnFkUuy',#3,$,$,#3307,#127,#97,$,$,$);
#3309=IFCRELCONNECTSSTRUCTURALMEMBER('25V5nYljr8MhPSjE__Twq$',#3,$,$,#3307,#151,#1681,$,$,$);
#3310=IFCRELASSOCIATESMATERIAL('2gf3ajLw1F69V_9lhrYdfF',#3,$,$,(#3307),#3313);
#3311=IFCPRODUCTDEFINITIONSHAPE($,$,(#3314));
#3312=IFCDIRECTION((-6.1704429E-003,5.1214676E-001,8.5887579E-001));
#3313=IFCMATERIALPROFILESETUSAGE(#3315,10,$);
#3314=IFCTOPOLOGYREPRESENTATION(#99,$,'Edge',(#3316));
#3315=IFCMATERIALPROFILESET($,$,(#3317),$);
#3316=IFCEDGE(#130,#154);
#3317=IFCMATERIALPROFILE($,$,#1704,#2644,$,$);
#3318=IFCSTRUCTURALCURVEMEMBER('1tITh1$uL01Bxkw4jAV0U9',#95,'215',$,$,$,#3322,.RIGID_JOINED_MEMBER.,#3323);
#3319=IFCRELCONNECTSSTRUCTURALMEMBER('3GfLsCz_L4RQyOUqTbfn2e',#3,$,$,#3318,#151,#97,$,$,$);
#3320=IFCRELCONNECTSSTRUCTURALMEMBER('1G4C9XLIP7Mhp7PVxSbyUV',#3,$,$,#3318,#186,#1681,$,$,$);
#3321=IFCRELASSOCIATESMATERIAL('3$eX$v2R95fPa4SRG9ma3g',#3,$,$,(#3318),#3324);
#3322=IFCPRODUCTDEFINITIONSHAPE($,$,(#3325));
#3323=IFCDIRECTION((-6.4368067E-003,-5.2138135E-001,8.5329951E-001));
#3324=IFCMATERIALPROFILESETUSAGE(#3326,10,$);
#3325=IFCTOPOLOGYREPRESENTATION(#99,$,'Edge',(#3327));
#3326=IFCMATERIALPROFILESET($,$,(#3328),$);
#3327=IFCEDGE(#154,#189);
#3328=IFCMATERIALPROFILE($,$,#1704,#2644,$,$);
#3329=IFCSTRUCTURALCURVEMEMBER('1QhwtLuRTDX8iFOaznn7MU',#95,'216',$,$,$,#3333,.RIGID_JOINED_MEMBER.,#3334);
#3330=IFCRELCONNECTSSTRUCTURALMEMBER('1nkoKWaf14sRazFPoTtzAm',#3,$,$,#3329,#186,#97,$,$,$);
#3331=IFCRELCONNECTSSTRUCTURALMEMBER('1EJxAJBnv5bxKL7XvUDz2b',#3,$,$,#3329,#191,#1681,$,$,$);
#3332=IFCRELASSOCIATESMATERIAL('2rGhxeNZr9vueV5lfar1uD',#3,$,$,(#3329),#3335);
#3333=IFCPRODUCTDEFINITIONSHAPE($,$,(#3336));
#3334=IFCDIRECTION((-6.7201229E-003,5.3088971E-001,8.4741428E-001));
#3335=IFCMATERIALPROFILESETUSAGE(#3337,10,$);
#3336=IFCTOPOLOGYREPRESENTATION(#99,$,'Edge',(#3338));
#3337=IFCMATERIALPROFILESET($,$,(#3339),$);
#3338=IFCEDGE(#189,#194);
#3339=IFCMATERIALPROFILE($,$,#1704,#2644,$,$);
#3340=IFCSTRUCTURALCURVEMEMBER('3VtMUNLUL4ifF15hZXyRm0',#95,'217',$,$,$,#3344,.RIGID_JOINED_MEMBER.,#3345);
#3341=IFCRELCONNECTSSTRUCTURALMEMBER('0pN$UGWNPA_wU5QRuCYLy5',#3,$,$,#3340,#191,#97,$,$,$);
#3342=IFCRELCONNECTSSTRUCTURALMEMBER('0euSCq43b4OviA1zMGyF8X',#3,$,$,#3340,#226,#1681,$,$,$);
#3343=IFCRELASSOCIATESMATERIAL('1bi3zPd4T2WfGz977fTi0P',#3,$,$,(#3340),#3346);
#3344=IFCPRODUCTDEFINITIONSHAPE($,$,(#3347));
#3345=IFCDIRECTION((-7.0218147E-003,-5.4067973E-001,8.4119922E-001));
#3346=IFCMATERIALPROFILESETUSAGE(#3348,10,$);
#3347=IFCTOPOLOGYREPRESENTATION(#99,$,'Edge',(#3349));
#3348=IFCMATERIALPROFILESET($,$,(#3350),$);
#3349=IFCEDGE(#194,#229);
#3350=IFCMATERIALPROFILE($,$,#1704,#2644,$,$);
#3351=IFCSTRUCTURALCURVEMEMBER('2QRjbjOMHCCREGrxZ9o4eU',#95,'218',$,$,$,#3355,.RIGID_JOINED_MEMBER.,#3356);
#3352=IFCRELCONNECTSSTRUCTURALMEMBER('1ML$xrXFj2q82xCDfIGhro',#3,$,$,#3351,#226,#97,$,$,$);
#3353=IFCRELCONNECTSSTRUCTURALMEMBER('1y4Eu87nv9j80HCcNf1Vgw',#3,$,$,#3351,#231,#1681,$,$,$);
#3354=IFCRELASSOCIATESMATERIAL('1Edew5gIzEP9eZXneGTu16',#3,$,$,(#3351),#3357);
#3355=IFCPRODUCTDEFINITIONSHAPE($,$,(#3358));
#3356=IFCDIRECTION((-7.3434553E-003,5.5075915E-001,8.3463191E-001));
#3357=IFCMATERIALPROFILESETUSAGE(#3359,10,$);
#3358=IFCTOPOLOGYREPRESENTATION(#99,$,'Edge',(#3360));
#3359=IFCMATERIALPROFILESET($,$,(#3361),$);
#3360=IFCEDGE(#229,#234);
#3361=IFCMATERIALPROFILE($,$,#1704,#2644,$,$);
#3362=IFCSTRUCTURALCURVEMEMBER('0$$OsxFxL1iwUefonZJ1$G',#95,'219',$,$,$,#3366,.RIGID_JOINED_MEMBER.,#3367);
#3363=IFCRELCONNECTSSTRUCTURALMEMBER('1JeOsWXGL5Gf$HGxSgO8FN',#3,$,$,#3362,#231,#97,$,$,$);
#3364=IFCRELCONNECTSSTRUCTURALMEMBER('1bJlFcVlj6aBlz4uMiorVE',#3,$,$,#3362,#266,#1681,$,$,$);
#3365=IFCRELASSOCIATESMATERIAL('3gLp1y7GP2TvsQ8FRgjXLj',#3,$,$,(#3362),#3368);
#3366=IFCPRODUCTDEFINITIONSHAPE($,$,(#3369));
#3367=IFCDIRECTION((-7.6867865E-003,-5.6113541E-001,8.2768832E-001));
#3368=IFCMATERIALPROFILESETUSAGE(#3370,10,$);
#3369=IFCTOPOLOGYREPRESENTATION(#99,$,'Edge',(#3371));
#3370=IFCMATERIALPROFILESET($,$,(#3372),$);
#3371=IFCEDGE(#234,#269);
#3372=IFCMATERIALPROFILE($,$,#1704,#2644,$,$);
#3373=IFCSTRUCTURALCURVEMEMBER('0TEwcXY9b0POEY2bxE2yJw',#95,'220',$,$,$,#3377,.RIGID_JOINED_MEMBER.,#3378);
#3374=IFCRELCONNECTSSTRUCTURALMEMBER('2WzT4FIWP7eunzLGVgads$',#3,$,$,#3373,#266,#97,$,$,$);
#3375=IFCRELCONNECTSSTRUCTURALMEMBER('386DnPV$z8QORSJTz0pPm_',#3,$,$,#3373,#271,#1681,$,$,$);
#3376=IFCRELASSOCIATESMATERIAL('30WcPWOZnALPoRDbMZ10mh',#3,$,$,(#3373),#3379);
#3377=IFCPRODUCTDEFINITIONSHAPE($,$,(#3380));
#3378=IFCDIRECTION((-8.0537408E-003,5.7181560E-001,8.2034265E-001));
#3379=IFCMATERIALPROFILESETUSAGE(#3381,10,$);
#3380=IFCTOPOLOGYREPRESENTATION(#99,$,'Edge',(#3382));
#3381=IFCMATERIALPROFILESET($,$,(#3383),$);
#3382=IFCEDGE(#269,#274);
#3383=IFCMATERIALPROFILE($,$,#1704,#2644,$,$);
#3384=IFCSTRUCTURALCURVEMEMBER('2Wa28s6pDDSQ6KUIb7vyUO',#95,'221',$,$,$,#3388,.RIGID_JOINED_MEMBER.,#3389);
#3385=IFCRELCONNECTSSTRUCTURALMEMBER('0xtQuBvenCjO3XIFBlDlvo',#3,$,$,#3384,#271,#97,$,$,$);
#3386=IFCRELCONNECTSSTRUCTURALMEMBER('2R4yoL9sD5FPqAIrNudgSR',#3,$,$,#3384,#306,#1681,$,$,$);
#3387=IFCRELASSOCIATESMATERIAL('1pzKIO$Mb1mvA1ImXPMCFg',#3,$,$,(#3384),#3390);
#3388=IFCPRODUCTDEFINITIONSHAPE($,$,(#3391));
#3389=IFCDIRECTION((-8.4464675E-003,-5.8280626E-001,8.1256724E-001));
#3390=IFCMATERIALPROFILESETUSAGE(#3392,10,$);
#3391=IFCTOPOLOGYREPRESENTATION(#99,$,'Edge',(#3393));
#3392=IFCMATERIALPROFILESET($,$,(#3394),$);
#3393=IFCEDGE(#274,#309);
#3394=IFCMATERIALPROFILE($,$,#1704,#2644,$,$);
#3395=IFCSTRUCTURALCURVEMEMBER('01NCqdaVn4J9fh0nPMOj0D',#95,'222',$,$,$,#3399,.RIGID_JOINED_MEMBER.,#3400);
#3396=IFCRELCONNECTSSTRUCTURALMEMBER('0_YwOScCT7yQ_E8iF5xpfI',#3,$,$,#3395,#306,#97,$,$,$);
#3397=IFCRELCONNECTSSTRUCTURALMEMBER('0gf7HuPdX0DvY$rESn2aA9',#3,$,$,#3395,#311,#1681,$,$,$);
#3398=IFCRELASSOCIATESMATERIAL('3BhMf6AeDBtw9FpFXjHENu',#3,$,$,(#3395),#3401);
#3399=IFCPRODUCTDEFINITIONSHAPE($,$,(#3402));
#3400=IFCDIRECTION((-8.8673627E-003,5.9411330E-001,8.0433249E-001));
#3401=IFCMATERIALPROFILESETUSAGE(#3403,10,$);
#3402=IFCTOPOLOGYREPRESENTATION(#99,$,'Edge',(#3404));
#3403=IFCMATERIALPROFILESET($,$,(#3405),$);
#3404=IFCEDGE(#309,#314);
#3405=IFCMATERIALPROFILE($,$,#1704,#2644,$,$);
#3406=IFCSTRUCTURALCURVEMEMBER('3LiKRPDID9yPsyQnMi474h',#95,'223',$,$,$,#3410,.RIGID_JOINED_MEMBER.,#3411);
#3407=IFCRELCONNECTSSTRUCTURALMEMBER('1ix7Wclwv6aeK64v5okPIg',#3,$,$,#3406,#311,#97,$,$,$);
#3408=IFCRELCONNECTSSTRUCTURALMEMBER('0vs$WBt9T3tBRK3fmtO1Lg',#3,$,$,#3406,#346,#1681,$,$,$);
#3409=IFCRELASSOCIATESMATERIAL('0FHj_qhsjEMfzIyrXHWDfv',#3,$,$,(#3406),#3412);
#3410=IFCPRODUCTDEFINITIONSHAPE($,$,(#3413));
#3411=IFCDIRECTION((-9.3191040E-003,-6.0574176E-001,7.9560673E-001));
#3412=IFCMATERIALPROFILESETUSAGE(#3414,10,$);
#3413=IFCTOPOLOGYREPRESENTATION(#99,$,'Edge',(#3415));
#3414=IFCMATERIALPROFILESET($,$,(#3416),$);
#3415=IFCEDGE(#314,#349);
#3416=IFCMATERIALPROFILE($,$,#1704,#2644,$,$);
#3417=IFCSTRUCTURALCURVEMEMBER('2qB8BOy6f91ObdtPOifUI0',#95,'224',$,$,$,#3421,.RIGID_JOINED_MEMBER.,#3422);
#3418=IFCRELCONNECTSSTRUCTURALMEMBER('26GT2Zq6j8afxNw_dwnulr',#3,$,$,#3417,#346,#97,$,$,$);
#3419=IFCRELCONNECTSSTRUCTURALMEMBER('1WvCuaQxb9Y9rM0n6VRKAm',#3,$,$,#3417,#351,#1681,$,$,$);
#3420=IFCRELASSOCIATESMATERIAL('250D1FNEf40QH01_RwsdzA',#3,$,$,(#3417),#3423);
#3421=IFCPRODUCTDEFINITIONSHAPE($,$,(#3424));
#3422=IFCDIRECTION((-9.8046925E-003,6.1769562E-001,7.8635614E-001));
#3423=IFCMATERIALPROFILESETUSAGE(#3425,10,$);
#3424=IFCTOPOLOGYREPRESENTATION(#99,$,'Edge',(#3426));
#3425=IFCMATERIALPROFILESET($,$,(#3427),$);
#3426=IFCEDGE(#349,#354);
#3427=IFCMATERIALPROFILE($,$,#1704,#2644,$,$);
#3428=IFCSTRUCTURALCURVEMEMBER('3q87zwo$PBSR2JNaCevooL',#95,'225',$,$,$,#3432,.RIGID_JOINED_MEMBER.,#3433);
#3429=IFCRELCONNECTSSTRUCTURALMEMBER('0hyGomVJz8z932aycS2sMN',#3,$,$,#3428,#351,#97,$,$,$);
#3430=IFCRELCONNECTSSTRUCTURALMEMBER('0xPvZci4HDVOvnkfq1QGKL',#3,$,$,#3428,#386,#1681,$,$,$);
#3431=IFCRELASSOCIATESMATERIAL('1KXVKEAH1FSBBr1gEqOFvU',#3,$,$,(#3428),#3434);
#3432=IFCPRODUCTDEFINITIONSHAPE($,$,(#3435));
#3433=IFCDIRECTION((-1.0327501E-002,-6.2997758E-001,7.7654465E-001));
#3434=IFCMATERIALPROFILESETUSAGE(#3436,10,$);
#3435=IFCTOPOLOGYREPRESENTATION(#99,$,'Edge',(#3437));
#3436=IFCMATERIALPROFILESET($,$,(#3438),$);
#3437=IFCEDGE(#354,#389);
#3438=IFCMATERIALPROFILE($,$,#1704,#2644,$,$);
#3439=IFCSTRUCTURALCURVEMEMBER('1hgnnZk81EFPBTUwkx_j7J',#95,'226',$,$,$,#3443,.RIGID_JOINED_MEMBER.,#3444);
#3440=IFCRELCONNECTSSTRUCTURALMEMBER('3LdooRtN14VwyqY46$vD51',#3,$,$,#3439,#386,#97,$,$,$);
#3441=IFCRELCONNECTSSTRUCTURALMEMBER('2g7DHHYyDCogbAmVJ1kFQw',#3,$,$,#3439,#391,#1681,$,$,$);
#3442=IFCRELASSOCIATESMATERIAL('2LB3d$ysX8IvPGaQJV2quI',#3,$,$,(#3439),#3445);
#3443=IFCPRODUCTDEFINITIONSHAPE($,$,(#3446));
#3444=IFCDIRECTION((-1.0891334E-002,6.4258873E-001,7.6613387E-001));
#3445=IFCMATERIALPROFILESETUSAGE(#3447,10,$);
#3446=IFCTOPOLOGYREPRESENTATION(#99,$,'Edge',(#3448));
#3447=IFCMATERIALPROFILESET($,$,(#3449),$);
#3448=IFCEDGE(#389,#394);
#3449=IFCMATERIALPROFILE($,$,#1704,#2644,$,$);
#3450=IFCSTRUCTURALCURVEMEMBER('3w7hrXLhv3g985rM14qqFi',#95,'227',$,$,$,#3454,.RIGID_JOINED_MEMBER.,#3455);
#3451=IFCRELCONNECTSSTRUCTURALMEMBER('3TqNxf_KrEwwCyeibJ4tcR',#3,$,$,#3450,#391,#97,$,$,$);
#3452=IFCRELCONNECTSSTRUCTURALMEMBER('0uPNwTY2r5CwVgtbzFf4G9',#3,$,$,#3450,#426,#1681,$,$,$);
#3453=IFCRELASSOCIATESMATERIAL('36CIjh6WTFgezzP4M3VPZL',#3,$,$,(#3450),#3456);
#3454=IFCPRODUCTDEFINITIONSHAPE($,$,(#3457));
#3455=IFCDIRECTION((-1.1500496E-002,-6.5552827E-001,7.5508306E-001));
#3456=IFCMATERIALPROFILESETUSAGE(#3458,10,$);
#3457=IFCTOPOLOGYREPRESENTATION(#99,$,'Edge',(#3459));
#3458=IFCMATERIALPROFILESET($,$,(#3460),$);
#3459=IFCEDGE(#394,#429);
#3460=IFCMATERIALPROFILE($,$,#1704,#2644,$,$);
#3461=IFCSTRUCTURALCURVEMEMBER('11c13GpwfC2PTXpLMDkihp',#95,'228',$,$,$,#3465,.RIGID_JOINED_MEMBER.,#3466);
#3462=IFCRELCONNECTSSTRUCTURALMEMBER('1Du5U_xaD72QXDFAGswSi8',#3,$,$,#3461,#426,#97,$,$,$);
#3463=IFCRELCONNECTSSTRUCTURALMEMBER('2YA$oR7yPAfg_vAGJMVGwr',#3,$,$,#3461,#431,#1681,$,$,$);
#3464=IFCRELASSOCIATESMATERIAL('17IsNO$sXD4OBbwSO_eLwf',#3,$,$,(#3461),#3467);
#3465=IFCPRODUCTDEFINITIONSHAPE($,$,(#3468));
#3466=IFCDIRECTION((-1.2159875E-002,6.6879311E-001,7.4334912E-001));
#3467=IFCMATERIALPROFILESETUSAGE(#3469,10,$);
#3468=IFCTOPOLOGYREPRESENTATION(#99,$,'Edge',(#3470));
#3469=IFCMATERIALPROFILESET($,$,(#3471),$);
#3470=IFCEDGE(#429,#434);
#3471=IFCMATERIALPROFILE($,$,#1704,#2644,$,$);
#3472=IFCSTRUCTURALCURVEMEMBER('21sayYHRf0LxtNPwYoQhpT',#95,'229',$,$,$,#3476,.RIGID_JOINED_MEMBER.,#3477);
#3473=IFCRELCONNECTSSTRUCTURALMEMBER('2NSWz5Q0H15xCj$XqIDKF8',#3,$,$,#3472,#431,#97,$,$,$);
#3474=IFCRELCONNECTSSTRUCTURALMEMBER('3NmKN7_Jf3n9jGTD1tbV3_',#3,$,$,#3472,#466,#1681,$,$,$);
#3475=IFCRELASSOCIATESMATERIAL('2bUs6r74n6e9B7yuLJZcsm',#3,$,$,(#3472),#3478);
#3476=IFCPRODUCTDEFINITIONSHAPE($,$,(#3479));
#3477=IFCDIRECTION((-1.2875048E-002,-6.8237753E-001,7.3088655E-001));
#3478=IFCMATERIALPROFILESETUSAGE(#3480,10,$);
#3479=IFCTOPOLOGYREPRESENTATION(#99,$,'Edge',(#3481));
#3480=IFCMATERIALPROFILESET($,$,(#3482),$);
#3481=IFCEDGE(#434,#469);
#3482=IFCMATERIALPROFILE($,$,#1704,#2644,$,$);
#3483=IFCSTRUCTURALCURVEMEMBER('06_s_fxv15XeIbkcoKJ_8u',#95,'230',$,$,$,#3487,.RIGID_JOINED_MEMBER.,#3488);
#3484=IFCRELCONNECTSSTRUCTURALMEMBER('0ZCCEHNwHDdw8QxSNL$N1H',#3,$,$,#3483,#466,#97,$,$,$);
#3485=IFCRELCONNECTSSTRUCTURALMEMBER('0NgF1T1RbCJg7nzryWsn2u',#3,$,$,#3483,#471,#1681,$,$,$);
#3486=IFCRELASSOCIATESMATERIAL('3yJPNKV0L1avHIFvDwU7V2',#3,$,$,(#3483),#3489);
#3487=IFCPRODUCTDEFINITIONSHAPE($,$,(#3490));
#3488=IFCDIRECTION((-1.3652404E-002,6.9627261E-001,7.1764759E-001));
#3489=IFCMATERIALPROFILESETUSAGE(#3491,10,$);
#3490=IFCTOPOLOGYREPRESENTATION(#99,$,'Edge',(#3492));
#3491=IFCMATERIALPROFILESET($,$,(#3493),$);
#3492=IFCEDGE(#469,#474);
#3493=IFCMATERIALPROFILE($,$,#1704,#2644,$,$);
#3494=IFCSTRUCTURALCURVEMEMBER('2JVGtPrE92DB3WCZBzFSIr',#95,'231',$,$,$,#3498,.RIGID_JOINED_MEMBER.,#3499);
#3495=IFCRELCONNECTSSTRUCTURALMEMBER('1lcHU1WFT3TPl0snrf$MYD',#3,$,$,#3494,#471,#97,$,$,$);
#3496=IFCRELCONNECTSSTRUCTURALMEMBER('0xZKRZy0r3Hf7lqIQSCfsk',#3,$,$,#3494,#132,#1681,$,$,$);
#3497=IFCRELASSOCIATESMATERIAL('0qWdYIPlf6TvqokAZKitPr',#3,$,$,(#3494),#3500);
#3498=IFCPRODUCTDEFINITIONSHAPE($,$,(#3501));
#3499=IFCDIRECTION((-1.4499303E-002,-7.1046583E-001,7.0358232E-001));
#3500=IFCMATERIALPROFILESETUSAGE(#3502,10,$);
#3501=IFCTOPOLOGYREPRESENTATION(#99,$,'Edge',(#3503));
#3502=IFCMATERIALPROFILESET($,$,(#3504),$);
#3503=IFCEDGE(#474,#135);
#3504=IFCMATERIALPROFILE($,$,#1704,#2644,$,$);
#3505=IFCSTRUCTURALCURVEMEMBER('0fpCo0GO5Fb9R6cx1v_RQQ',#95,'232',$,$,$,#3509,.RIGID_JOINED_MEMBER.,#1680);
#3506=IFCRELCONNECTSSTRUCTURALMEMBER('0RaEv56jLEKRHF1Dbnw1gy',#3,$,$,#3505,#132,#97,$,$,$);
#3507=IFCRELCONNECTSSTRUCTURALMEMBER('0WHDgU0$b52hgz9U8thwoa',#3,$,$,#3505,#102,#1681,$,$,$);
#3508=IFCRELASSOCIATESMATERIAL('3wgzBvsYXEpBwKW2Pq0esD',#3,$,$,(#3505),#3510);
#3509=IFCPRODUCTDEFINITIONSHAPE($,$,(#3511));
#3510=IFCMATERIALPROFILESETUSAGE(#3512,10,$);
#3511=IFCTOPOLOGYREPRESENTATION(#99,$,'Edge',(#3513));
#3512=IFCMATERIALPROFILESET($,$,(#3514),$);
#3513=IFCEDGE(#135,#105);
#3514=IFCMATERIALPROFILE($,$,#1704,#2644,$,$);
#3515=IFCSTRUCTURALCURVEMEMBER('2oWevsecPAX9zlwKuhohNv',#95,'233',$,$,$,#3519,.RIGID_JOINED_MEMBER.,#1680);
#3516=IFCRELCONNECTSSTRUCTURALMEMBER('2ajCJR$_P6ABgtZ1lFEThP',#3,$,$,#3515,#486,#97,$,$,$);
#3517=IFCRELCONNECTSSTRUCTURALMEMBER('0SL9P29HL5NQZ9zGYS1_sX',#3,$,$,#3515,#471,#1681,$,$,$);
#3518=IFCRELASSOCIATESMATERIAL('1RfzKBdRDDKw08QkdrokDi',#3,$,$,(#3515),#3520);
#3519=IFCPRODUCTDEFINITIONSHAPE($,$,(#3521));
#3520=IFCMATERIALPROFILESETUSAGE(#3522,10,$);
#3521=IFCTOPOLOGYREPRESENTATION(#99,$,'Edge',(#3523));
#3522=IFCMATERIALPROFILESET($,$,(#3524),$);
#3523=IFCEDGE(#489,#474);
#3524=IFCMATERIALPROFILE($,$,#1704,#2644,$,$);
#3525=IFCSTRUCTURALCURVEMEMBER('0gEp8A8W11letAOFUy3PN7',#95,'234',$,$,$,#3529,.RIGID_JOINED_MEMBER.,#3530);
#3526=IFCRELCONNECTSSTRUCTURALMEMBER('3thP78nk1AxOT82yZbIeZv',#3,$,$,#3525,#112,$,$,$,$);
#3527=IFCRELCONNECTSSTRUCTURALMEMBER('3Z1braaArB0QEo3KkLch1o',#3,$,$,#3525,#491,$,$,$,$);
#3528=IFCRELASSOCIATESMATERIAL('0wF9rnlwTC3fjHtgTe2xEV',#3,$,$,(#3525),#3531);
#3529=IFCPRODUCTDEFINITIONSHAPE($,$,(#3532));
#3530=IFCDIRECTION((6.1545745E-001,-6.1545745E-001,4.9236596E-001));
#3531=IFCMATERIALPROFILESETUSAGE(#3533,10,$);
#3532=IFCTOPOLOGYREPRESENTATION(#99,$,'Edge',(#3534));
#3533=IFCMATERIALPROFILESET($,$,(#3535),$);
#3534=IFCEDGE(#115,#494);
#3535=IFCMATERIALPROFILE($,$,#1704,#2644,$,$);
#3536=IFCSTRUCTURALCURVEMEMBER('3sx41z9n95ewLWfrBubGO4',#95,'235',$,$,$,#3540,.RIGID_JOINED_MEMBER.,#3530);
#3537=IFCRELCONNECTSSTRUCTURALMEMBER('3fI8fOfAf1QR2Fvhr$ahAK',#3,$,$,#3536,#491,$,$,$,$);
#3538=IFCRELCONNECTSSTRUCTURALMEMBER('2jDBPIrrH3Th$H$iYWFPZ3',#3,$,$,#3536,#137,$,$,$,$);
#3539=IFCRELASSOCIATESMATERIAL('2SrOuSNuz489xpnEx81j9d',#3,$,$,(#3536),#3541);
#3540=IFCPRODUCTDEFINITIONSHAPE($,$,(#3542));
#3541=IFCMATERIALPROFILESETUSAGE(#3543,10,$);
#3542=IFCTOPOLOGYREPRESENTATION(#99,$,'Edge',(#3544));
#3543=IFCMATERIALPROFILESET($,$,(#3545),$);
#3544=IFCEDGE(#494,#149);
#3545=IFCMATERIALPROFILE($,$,#1704,#2644,$,$);
#3546=IFCSTRUCTURALCURVEMEMBER('24InJklGX71gVy8KopvQri',#95,'236',$,$,$,#3550,.RIGID_JOINED_MEMBER.,#3551);
#3547=IFCRELCONNECTSSTRUCTURALMEMBER('2aQaKZ3xzA8OvLMTHFCq9$',#3,$,$,#3546,#122,$,$,$,$);
#3548=IFCRELCONNECTSSTRUCTURALMEMBER('2$$FyPofj2YRv92gUDvNN0',#3,$,$,#3546,#496,$,$,$,$);
#3549=IFCRELASSOCIATESMATERIAL('2fLPyr9x16wBwZ6eHAUcBI',#3,$,$,(#3546),#3552);
#3550=IFCPRODUCTDEFINITIONSHAPE($,$,(#3553));
#3551=IFCDIRECTION((6.1545745E-001,6.1545745E-001,4.9236596E-001));
#3552=IFCMATERIALPROFILESETUSAGE(#3554,10,$);
#3553=IFCTOPOLOGYREPRESENTATION(#99,$,'Edge',(#3555));
#3554=IFCMATERIALPROFILESET($,$,(#3556),$);
#3555=IFCEDGE(#125,#499);
#3556=IFCMATERIALPROFILE($,$,#1704,#2644,$,$);
#3557=IFCSTRUCTURALCURVEMEMBER('27D$3ibiTAb95Kb8RuyrPY',#95,'237',$,$,$,#3561,.RIGID_JOINED_MEMBER.,#3551);
#3558=IFCRELCONNECTSSTRUCTURALMEMBER('3EzmGAHZj5zuJQFrsKikS$',#3,$,$,#3557,#496,$,$,$,$);
#3559=IFCRELCONNECTSSTRUCTURALMEMBER('0NCALl$6TFZuKUVU9mzJFg',#3,$,$,#3557,#137,$,$,$,$);
#3560=IFCRELASSOCIATESMATERIAL('3nvXYSeqj72hga1NCy1uTp',#3,$,$,(#3557),#3562);
#3561=IFCPRODUCTDEFINITIONSHAPE($,$,(#3563));
#3562=IFCMATERIALPROFILESETUSAGE(#3564,10,$);
#3563=IFCTOPOLOGYREPRESENTATION(#99,$,'Edge',(#3565));
#3564=IFCMATERIALPROFILESET($,$,(#3566),$);
#3565=IFCEDGE(#499,#149);
#3566=IFCMATERIALPROFILE($,$,#1704,#2644,$,$);
#3567=IFCSTRUCTURALCURVEMEMBER('26qBximWjEz8pbIERfcp2Y',#95,'238',$,$,$,#3571,.RIGID_JOINED_MEMBER.,#3572);
#3568=IFCRELCONNECTSSTRUCTURALMEMBER('21yNwzhELB1PrkckRkuy56',#3,$,$,#3567,#132,$,$,$,$);
#3569=IFCRELCONNECTSSTRUCTURALMEMBER('1AhNIl5nfA1OpOu7FF$nED',#3,$,$,#3567,#501,$,$,$,$);
#3570=IFCRELASSOCIATESMATERIAL('1RJ72gCQH7ABlemBW53cde',#3,$,$,(#3567),#3573);
#3571=IFCPRODUCTDEFINITIONSHAPE($,$,(#3574));
#3572=IFCDIRECTION((-6.1545745E-001,6.1545745E-001,4.9236596E-001));
#3573=IFCMATERIALPROFILESETUSAGE(#3575,10,$);
#3574=IFCTOPOLOGYREPRESENTATION(#99,$,'Edge',(#3576));
#3575=IFCMATERIALPROFILESET($,$,(#3577),$);
#3576=IFCEDGE(#135,#504);
#3577=IFCMATERIALPROFILE($,$,#1704,#2644,$,$);
#3578=IFCSTRUCTURALCURVEMEMBER('1D_ZArgUv5WfEre8idmbyB',#95,'239',$,$,$,#3582,.RIGID_JOINED_MEMBER.,#3572);
#3579=IFCRELCONNECTSSTRUCTURALMEMBER('3yRPe7VbTAlwsR_RazBSOW',#3,$,$,#3578,#501,$,$,$,$);
#3580=IFCRELCONNECTSSTRUCTURALMEMBER('27kOqOjL167wXRl50mhWoQ',#3,$,$,#3578,#137,$,$,$,$);
#3581=IFCRELASSOCIATESMATERIAL('2R$hNul_T1eAvcckZyKAI2',#3,$,$,(#3578),#3583);
#3582=IFCPRODUCTDEFINITIONSHAPE($,$,(#3584));
#3583=IFCMATERIALPROFILESETUSAGE(#3585,10,$);
#3584=IFCTOPOLOGYREPRESENTATION(#99,$,'Edge',(#3586));
#3585=IFCMATERIALPROFILESET($,$,(#3587),$);
#3586=IFCEDGE(#504,#149);
#3587=IFCMATERIALPROFILE($,$,#1704,#2644,$,$);
#3588=IFCSTRUCTURALCURVEMEMBER('3XFb$EGt9DIg$La3i$JgRL',#95,'240',$,$,$,#3592,.RIGID_JOINED_MEMBER.,#3593);
#3589=IFCRELCONNECTSSTRUCTURALMEMBER('1uAeqbTyz4fQ1V0tuvYA8$',#3,$,$,#3588,#102,$,$,$,$);
#3590=IFCRELCONNECTSSTRUCTURALMEMBER('3iPCcezW55lhcgjfKtf5xz',#3,$,$,#3588,#506,$,$,$,$);
#3591=IFCRELASSOCIATESMATERIAL('1Dp9HjzlH5_OsCuWeAap5I',#3,$,$,(#3588),#3594);
#3592=IFCPRODUCTDEFINITIONSHAPE($,$,(#3595));
#3593=IFCDIRECTION((-6.1545745E-001,-6.1545745E-001,4.9236596E-001));
#3594=IFCMATERIALPROFILESETUSAGE(#3596,10,$);
#3595=IFCTOPOLOGYREPRESENTATION(#99,$,'Edge',(#3597));
#3596=IFCMATERIALPROFILESET($,$,(#3598),$);
#3597=IFCEDGE(#105,#509);
#3598=IFCMATERIALPROFILE($,$,#1704,#2644,$,$);
#3599=IFCSTRUCTURALCURVEMEMBER('3eUmBSNGP0kg_NbymfQPfB',#95,'241',$,$,$,#3603,.RIGID_JOINED_MEMBER.,#3593);
#3600=IFCRELCONNECTSSTRUCTURALMEMBER('1jyUGUlA12wR7pz32tMbd9',#3,$,$,#3599,#506,$,$,$,$);
#3601=IFCRELCONNECTSSTRUCTURALMEMBER('2Y3tFA4cv2KgLrA60VTeJy',#3,$,$,#3599,#137,$,$,$,$);
#3602=IFCRELASSOCIATESMATERIAL('1Hu35CPbb8Q9JrT95qNhzQ',#3,$,$,(#3599),#3604);
#3603=IFCPRODUCTDEFINITIONSHAPE($,$,(#3605));
#3604=IFCMATERIALPROFILESETUSAGE(#3606,10,$);
#3605=IFCTOPOLOGYREPRESENTATION(#99,$,'Edge',(#3607));
#3606=IFCMATERIALPROFILESET($,$,(#3608),$);
#3607=IFCEDGE(#509,#149);
#3608=IFCMATERIALPROFILE($,$,#1704,#2644,$,$);
#3609=IFCSTRUCTURALCURVEMEMBER('08agXZQVr1Egt9EtGtUVXT',#95,'242',$,$,$,#3613,.RIGID_JOINED_MEMBER.,#3614);
#3610=IFCRELCONNECTSSTRUCTURALMEMBER('3vuespWmX9nh$dsBaHil8T',#3,$,$,#3609,#102,#97,$,$,$);
#3611=IFCRELCONNECTSSTRUCTURALMEMBER('3HW_HxWePCggUEdfyAntEN',#3,$,$,#3609,#491,#1681,$,$,$);
#3612=IFCRELASSOCIATESMATERIAL('1f$bFmFgP6QOrG3JBuJaFM',#3,$,$,(#3609),#3615);
#3613=IFCPRODUCTDEFINITIONSHAPE($,$,(#3616));
#3614=IFCDIRECTION((-5.8834841E-001,-1.9611614E-001,7.8446454E-001));
#3615=IFCMATERIALPROFILESETUSAGE(#3617,10,$);
#3616=IFCTOPOLOGYREPRESENTATION(#99,$,'Edge',(#3618));
#3617=IFCMATERIALPROFILESET($,$,(#3619),$);
#3618=IFCEDGE(#105,#494);
#3619=IFCMATERIALPROFILE($,$,#1704,#2644,$,$);
#3620=IFCSTRUCTURALCURVEMEMBER('2GRI_pF5H19vKTT4AoULpy',#95,'243',$,$,$,#3624,.RIGID_JOINED_MEMBER.,#1680);
#3621=IFCRELCONNECTSSTRUCTURALMEMBER('3mDalsgfL6$f17UCiWH1T5',#3,$,$,#3620,#491,#97,$,$,$);
#3622=IFCRELCONNECTSSTRUCTURALMEMBER('1vauavWBrFZ9qo83F$YKYb',#3,$,$,#3620,#506,#1681,$,$,$);
#3623=IFCRELASSOCIATESMATERIAL('0tBlPkWOz7jvC0Lsffdt_Z',#3,$,$,(#3620),#3625);
#3624=IFCPRODUCTDEFINITIONSHAPE($,$,(#3626));
#3625=IFCMATERIALPROFILESETUSAGE(#3627,10,$);
#3626=IFCTOPOLOGYREPRESENTATION(#99,$,'Edge',(#3628));
#3627=IFCMATERIALPROFILESET($,$,(#3629),$);
#3628=IFCEDGE(#494,#509);
#3629=IFCMATERIALPROFILE($,$,#1704,#1696,$,$);
#3630=IFCSTRUCTURALCURVEMEMBER('17CWlnDLLFswDpmhCGHBT7',#95,'244',$,$,$,#3634,.RIGID_JOINED_MEMBER.,#3635);
#3631=IFCRELCONNECTSSTRUCTURALMEMBER('1Z9QdY1Xr3m8Y956WT5N5D',#3,$,$,#3630,#132,#97,$,$,$);
#3632=IFCRELCONNECTSSTRUCTURALMEMBER('0jbScljRHCf9qNmLetRpKn',#3,$,$,#3630,#506,#1681,$,$,$);
#3633=IFCRELASSOCIATESMATERIAL('0XbhLWwJ10FQboGFRxmqvQ',#3,$,$,(#3630),#3636);
#3634=IFCPRODUCTDEFINITIONSHAPE($,$,(#3637));
#3635=IFCDIRECTION((-1.9611614E-001,5.8834841E-001,7.8446454E-001));
#3636=IFCMATERIALPROFILESETUSAGE(#3638,10,$);
#3637=IFCTOPOLOGYREPRESENTATION(#99,$,'Edge',(#3639));
#3638=IFCMATERIALPROFILESET($,$,(#3640),$);
#3639=IFCEDGE(#135,#509);
#3640=IFCMATERIALPROFILE($,$,#1704,#2644,$,$);
#3641=IFCSTRUCTURALCURVEMEMBER('0ExbLY0j590AC4Y5$gdSbF',#95,'245',$,$,$,#3645,.RIGID_JOINED_MEMBER.,#1680);
#3642=IFCRELCONNECTSSTRUCTURALMEMBER('1KNAZtdHD7cBUc2PSlkD0H',#3,$,$,#3641,#506,#97,$,$,$);
#3643=IFCRELCONNECTSSTRUCTURALMEMBER('14d$mJ7jn8aRABfVxQbVcf',#3,$,$,#3641,#501,#1681,$,$,$);
#3644=IFCRELASSOCIATESMATERIAL('0Jxf$C2ijDbwPyv6IdrrFB',#3,$,$,(#3641),#3646);
#3645=IFCPRODUCTDEFINITIONSHAPE($,$,(#3647));
#3646=IFCMATERIALPROFILESETUSAGE(#3648,10,$);
#3647=IFCTOPOLOGYREPRESENTATION(#99,$,'Edge',(#3649));
#3648=IFCMATERIALPROFILESET($,$,(#3650),$);
#3649=IFCEDGE(#509,#504);
#3650=IFCMATERIALPROFILE($,$,#1704,#1696,$,$);
#3651=IFCSTRUCTURALCURVEMEMBER('2lAPa$JS1A1v2U6zsEhbIi',#95,'246',$,$,$,#3655,.RIGID_JOINED_MEMBER.,#3656);
#3652=IFCRELCONNECTSSTRUCTURALMEMBER('1EAI6RAs97SAtn3pV68LVo',#3,$,$,#3651,#122,#97,$,$,$);
#3653=IFCRELCONNECTSSTRUCTURALMEMBER('1Yo0S$rqPDjQDKoHZeWwXz',#3,$,$,#3651,#501,#1681,$,$,$);
#3654=IFCRELASSOCIATESMATERIAL('2pkC3L0iP0VhRtThdLMoHE',#3,$,$,(#3651),#3657);
#3655=IFCPRODUCTDEFINITIONSHAPE($,$,(#3658));
#3656=IFCDIRECTION((5.8834841E-001,1.9611614E-001,7.8446454E-001));
#3657=IFCMATERIALPROFILESETUSAGE(#3659,10,$);
#3658=IFCTOPOLOGYREPRESENTATION(#99,$,'Edge',(#3660));
#3659=IFCMATERIALPROFILESET($,$,(#3661),$);
#3660=IFCEDGE(#125,#504);
#3661=IFCMATERIALPROFILE($,$,#1704,#2644,$,$);
#3662=IFCSTRUCTURALCURVEMEMBER('2w3_zUqbf6uPMugiojBkms',#95,'247',$,$,$,#3666,.RIGID_JOINED_MEMBER.,#1680);
#3663=IFCRELCONNECTSSTRUCTURALMEMBER('3aVWlTQOD05eoHaKT4qAPy',#3,$,$,#3662,#501,#97,$,$,$);
#3664=IFCRELCONNECTSSTRUCTURALMEMBER('3TSh1oNOXC0gpnHDZLi_cb',#3,$,$,#3662,#496,#1681,$,$,$);
#3665=IFCRELASSOCIATESMATERIAL('0D5RzyQF54WekefG23wWqK',#3,$,$,(#3662),#3667);
#3666=IFCPRODUCTDEFINITIONSHAPE($,$,(#3668));
#3667=IFCMATERIALPROFILESETUSAGE(#3669,10,$);
#3668=IFCTOPOLOGYREPRESENTATION(#99,$,'Edge',(#3670));
#3669=IFCMATERIALPROFILESET($,$,(#3671),$);
#3670=IFCEDGE(#504,#499);
#3671=IFCMATERIALPROFILE($,$,#1704,#1696,$,$);
#3672=IFCSTRUCTURALCURVEMEMBER('3mvC9tD_HA3RzzywYiYLP3',#95,'248',$,$,$,#3676,.RIGID_JOINED_MEMBER.,#3677);
#3673=IFCRELCONNECTSSTRUCTURALMEMBER('0fPvIXtEvDFBWoLwOUZSTc',#3,$,$,#3672,#112,#97,$,$,$);
#3674=IFCRELCONNECTSSTRUCTURALMEMBER('1fMFFWmKz9H9x3kkDoIbjO',#3,$,$,#3672,#496,#1681,$,$,$);
#3675=IFCRELASSOCIATESMATERIAL('2FmWJlc$TCPuAU56Xz5OLD',#3,$,$,(#3672),#3678);
#3676=IFCPRODUCTDEFINITIONSHAPE($,$,(#3679));
#3677=IFCDIRECTION((1.9611614E-001,-5.8834841E-001,7.8446454E-001));
#3678=IFCMATERIALPROFILESETUSAGE(#3680,10,$);
#3679=IFCTOPOLOGYREPRESENTATION(#99,$,'Edge',(#3681));
#3680=IFCMATERIALPROFILESET($,$,(#3682),$);
#3681=IFCEDGE(#115,#499);
#3682=IFCMATERIALPROFILE($,$,#1704,#2644,$,$);
#3683=IFCSTRUCTURALCURVEMEMBER('1lzJowpdn4BB00qp_gGtZ7',#95,'249',$,$,$,#3687,.RIGID_JOINED_MEMBER.,#1680);
#3684=IFCRELCONNECTSSTRUCTURALMEMBER('3jhNmjlB9AzwYJzqKLxchA',#3,$,$,#3683,#496,#97,$,$,$);
#3685=IFCRELCONNECTSSTRUCTURALMEMBER('1mItlmrVv248ffqh591LFl',#3,$,$,#3683,#491,#1681,$,$,$);
#3686=IFCRELASSOCIATESMATERIAL('0EIsH3V7jFdOcXOO5P8bTy',#3,$,$,(#3683),#3688);
#3687=IFCPRODUCTDEFINITIONSHAPE($,$,(#3689));
#3688=IFCMATERIALPROFILESETUSAGE(#3690,10,$);
#3689=IFCTOPOLOGYREPRESENTATION(#99,$,'Edge',(#3691));
#3690=IFCMATERIALPROFILESET($,$,(#3692),$);
#3691=IFCEDGE(#499,#494);
#3692=IFCMATERIALPROFILE($,$,#1704,#1696,$,$);
#3693=IFCSTRUCTURALCURVEMEMBER('21hqKaw2bFBAu0fgDICSKI',#95,'250',$,$,$,#3697,.RIGID_JOINED_MEMBER.,#1859);
#3694=IFCRELCONNECTSSTRUCTURALMEMBER('3tkLJxvnfBCAujSYwZb_Tw',#3,$,$,#3693,#511,$,$,$,$);
#3695=IFCRELCONNECTSSTRUCTURALMEMBER('35zoCaXnb1I8zj4mZelsEj',#3,$,$,#3693,#565,$,$,$,$);
#3696=IFCRELASSOCIATESMATERIAL('1qLQjrEs9FNgB7f3T4BCM9',#3,$,$,(#3693),#3698);
#3697=IFCPRODUCTDEFINITIONSHAPE($,$,(#3699));
#3698=IFCMATERIALPROFILESETUSAGE(#3700,10,$);
#3699=IFCTOPOLOGYREPRESENTATION(#99,$,'Edge',(#3701));
#3700=IFCMATERIALPROFILESET($,$,(#3702),$);
#3701=IFCEDGE(#514,#568);
#3702=IFCMATERIALPROFILE($,$,#1704,#1874,$,$);
#3703=IFCSTRUCTURALCURVEMEMBER('1hQtQ4dlj76eARqdGjAqye',#95,'251',$,$,$,#3707,.RIGID_JOINED_MEMBER.,#1895);
#3704=IFCRELCONNECTSSTRUCTURALMEMBER('1ahoBFHjj4chRXZ1ZPctBn',#3,$,$,#3703,#521,$,$,$,$);
#3705=IFCRELCONNECTSSTRUCTURALMEMBER('0QzdGGH9L0Ux9oPwMKzdNp',#3,$,$,#3703,#570,$,$,$,$);
#3706=IFCRELASSOCIATESMATERIAL('07on8p$sjATQRcB7EFaEOb',#3,$,$,(#3703),#3708);
#3707=IFCPRODUCTDEFINITIONSHAPE($,$,(#3709));
#3708=IFCMATERIALPROFILESETUSAGE(#3710,10,$);
#3709=IFCTOPOLOGYREPRESENTATION(#99,$,'Edge',(#3711));
#3710=IFCMATERIALPROFILESET($,$,(#3712),$);
#3711=IFCEDGE(#524,#573);
#3712=IFCMATERIALPROFILE($,$,#1704,#1874,$,$);
#3713=IFCSTRUCTURALCURVEMEMBER('3I0GJAwP57DOXBwpPbqFdd',#95,'252',$,$,$,#3717,.RIGID_JOINED_MEMBER.,#1916);
#3714=IFCRELCONNECTSSTRUCTURALMEMBER('3blRI9nKX3Ih5Umw7hHj6F',#3,$,$,#3713,#531,$,$,$,$);
#3715=IFCRELCONNECTSSTRUCTURALMEMBER('2qPRVGThb2DOxEyiwI1Esz',#3,$,$,#3713,#575,$,$,$,$);
#3716=IFCRELASSOCIATESMATERIAL('38wCTAON5D1PlQbi_fxCnc',#3,$,$,(#3713),#3718);
#3717=IFCPRODUCTDEFINITIONSHAPE($,$,(#3719));
#3718=IFCMATERIALPROFILESETUSAGE(#3720,10,$);
#3719=IFCTOPOLOGYREPRESENTATION(#99,$,'Edge',(#3721));
#3720=IFCMATERIALPROFILESET($,$,(#3722),$);
#3721=IFCEDGE(#534,#578);
#3722=IFCMATERIALPROFILE($,$,#1704,#1874,$,$);
#3723=IFCSTRUCTURALCURVEMEMBER('236pESDZnFmw_bAljXfbTX',#95,'253',$,$,$,#3727,.RIGID_JOINED_MEMBER.,#1937);
#3724=IFCRELCONNECTSSTRUCTURALMEMBER('0YI7uycWv70h8zBS_WlyJM',#3,$,$,#3723,#541,$,$,$,$);
#3725=IFCRELCONNECTSSTRUCTURALMEMBER('2lk73Hezf4_AViH$AfTmTQ',#3,$,$,#3723,#580,$,$,$,$);
#3726=IFCRELASSOCIATESMATERIAL('2Gb0cOFhH1heEGYtvCw$Ri',#3,$,$,(#3723),#3728);
#3727=IFCPRODUCTDEFINITIONSHAPE($,$,(#3729));
#3728=IFCMATERIALPROFILESETUSAGE(#3730,10,$);
#3729=IFCTOPOLOGYREPRESENTATION(#99,$,'Edge',(#3731));
#3730=IFCMATERIALPROFILESET($,$,(#3732),$);
#3731=IFCEDGE(#544,#583);
#3732=IFCMATERIALPROFILE($,$,#1704,#1874,$,$);
#3733=IFCSTRUCTURALCURVEMEMBER('23I_nVi$11DusuyvbM89i3',#95,'254',$,$,$,#3737,.RIGID_JOINED_MEMBER.,#1859);
#3734=IFCRELCONNECTSSTRUCTURALMEMBER('39l2_nW1HEju_55BH0oQjQ',#3,$,$,#3733,#565,$,$,$,$);
#3735=IFCRELCONNECTSSTRUCTURALMEMBER('2CzerIAgnF$OkQEY_53G4A',#3,$,$,#3733,#585,$,$,$,$);
#3736=IFCRELASSOCIATESMATERIAL('1dbK0ZbjnBKxzQg_dv2b2o',#3,$,$,(#3733),#3738);
#3737=IFCPRODUCTDEFINITIONSHAPE($,$,(#3739));
#3738=IFCMATERIALPROFILESETUSAGE(#3740,10,$);
#3739=IFCTOPOLOGYREPRESENTATION(#99,$,'Edge',(#3741));
#3740=IFCMATERIALPROFILESET($,$,(#3742),$);
#3741=IFCEDGE(#568,#588);
#3742=IFCMATERIALPROFILE($,$,#1704,#1874,$,$);
#3743=IFCSTRUCTURALCURVEMEMBER('2PqchUWjz6o8QLmIhhokB9',#95,'255',$,$,$,#3747,.RIGID_JOINED_MEMBER.,#1895);
#3744=IFCRELCONNECTSSTRUCTURALMEMBER('37bqxSrLj4TAy5sLkKBvEZ',#3,$,$,#3743,#570,$,$,$,$);
#3745=IFCRELCONNECTSSTRUCTURALMEMBER('2UOqGOKOL65AOX1MlmHor1',#3,$,$,#3743,#590,$,$,$,$);
#3746=IFCRELASSOCIATESMATERIAL('0iQJYMNrbB6xN80_5TXG7G',#3,$,$,(#3743),#3748);
#3747=IFCPRODUCTDEFINITIONSHAPE($,$,(#3749));
#3748=IFCMATERIALPROFILESETUSAGE(#3750,10,$);
#3749=IFCTOPOLOGYREPRESENTATION(#99,$,'Edge',(#3751));
#3750=IFCMATERIALPROFILESET($,$,(#3752),$);
#3751=IFCEDGE(#573,#593);
#3752=IFCMATERIALPROFILE($,$,#1704,#1874,$,$);
#3753=IFCSTRUCTURALCURVEMEMBER('29S8lWysnFsvoLWLcI$ln_',#95,'256',$,$,$,#3757,.RIGID_JOINED_MEMBER.,#1916);
#3754=IFCRELCONNECTSSTRUCTURALMEMBER('0xSPgW7Fz6WQbxh603A$ox',#3,$,$,#3753,#575,$,$,$,$);
#3755=IFCRELCONNECTSSTRUCTURALMEMBER('1fW8Jjj_58wxjD1hHeqT8h',#3,$,$,#3753,#595,$,$,$,$);
#3756=IFCRELASSOCIATESMATERIAL('1GefUd4f9Bp91EESbGRLs$',#3,$,$,(#3753),#3758);
#3757=IFCPRODUCTDEFINITIONSHAPE($,$,(#3759));
#3758=IFCMATERIALPROFILESETUSAGE(#3760,10,$);
#3759=IFCTOPOLOGYREPRESENTATION(#99,$,'Edge',(#3761));
#3760=IFCMATERIALPROFILESET($,$,(#3762),$);
#3761=IFCEDGE(#578,#598);
#3762=IFCMATERIALPROFILE($,$,#1704,#1874,$,$);
#3763=IFCSTRUCTURALCURVEMEMBER('2cWpoR_1j5vf5yFVU02Glk',#95,'257',$,$,$,#3767,.RIGID_JOINED_MEMBER.,#1937);
#3764=IFCRELCONNECTSSTRUCTURALMEMBER('2uji0DQwL0bu6SD$jz7ZYS',#3,$,$,#3763,#580,$,$,$,$);
#3765=IFCRELCONNECTSSTRUCTURALMEMBER('0ZT9kCYV91XP4atDH7bQ0B',#3,$,$,#3763,#600,$,$,$,$);
#3766=IFCRELASSOCIATESMATERIAL('0OgpmIfsr7awe3zKh1pvyF',#3,$,$,(#3763),#3768);
#3767=IFCPRODUCTDEFINITIONSHAPE($,$,(#3769));
#3768=IFCMATERIALPROFILESETUSAGE(#3770,10,$);
#3769=IFCTOPOLOGYREPRESENTATION(#99,$,'Edge',(#3771));
#3770=IFCMATERIALPROFILESET($,$,(#3772),$);
#3771=IFCEDGE(#583,#603);
#3772=IFCMATERIALPROFILE($,$,#1704,#1874,$,$);
#3773=IFCSTRUCTURALCURVEMEMBER('0PxKrH$wTDVPwxkAt1HPDN',#95,'258',$,$,$,#3777,.RIGID_JOINED_MEMBER.,#1859);
#3774=IFCRELCONNECTSSTRUCTURALMEMBER('1KTp_t60H7FQAkRHaf7xg7',#3,$,$,#3773,#585,$,$,$,$);
#3775=IFCRELCONNECTSSTRUCTURALMEMBER('2nYw6ztGb3lRcz$wwWjh2S',#3,$,$,#3773,#605,$,$,$,$);
#3776=IFCRELASSOCIATESMATERIAL('18croG$dT3Zfuu4j6yLU8l',#3,$,$,(#3773),#3778);
#3777=IFCPRODUCTDEFINITIONSHAPE($,$,(#3779));
#3778=IFCMATERIALPROFILESETUSAGE(#3780,10,$);
#3779=IFCTOPOLOGYREPRESENTATION(#99,$,'Edge',(#3781));
#3780=IFCMATERIALPROFILESET($,$,(#3782),$);
#3781=IFCEDGE(#588,#608);
#3782=IFCMATERIALPROFILE($,$,#1704,#1874,$,$);
#3783=IFCSTRUCTURALCURVEMEMBER('2_khHlb2b1yvRjbbIY$vFu',#95,'259',$,$,$,#3787,.RIGID_JOINED_MEMBER.,#1895);
#3784=IFCRELCONNECTSSTRUCTURALMEMBER('1rC7OYmwr6nhQMkU7lb6Au',#3,$,$,#3783,#590,$,$,$,$);
#3785=IFCRELCONNECTSSTRUCTURALMEMBER('26sUYzCXX1y80EaZYXdXgw',#3,$,$,#3783,#610,$,$,$,$);
#3786=IFCRELASSOCIATESMATERIAL('18TrYyNI17pgU9egASTEKM',#3,$,$,(#3783),#3788);
#3787=IFCPRODUCTDEFINITIONSHAPE($,$,(#3789));
#3788=IFCMATERIALPROFILESETUSAGE(#3790,10,$);
#3789=IFCTOPOLOGYREPRESENTATION(#99,$,'Edge',(#3791));
#3790=IFCMATERIALPROFILESET($,$,(#3792),$);
#3791=IFCEDGE(#593,#613);
#3792=IFCMATERIALPROFILE($,$,#1704,#1874,$,$);
#3793=IFCSTRUCTURALCURVEMEMBER('3tw0DkCHn93fh_1yK5wIYD',#95,'260',$,$,$,#3797,.RIGID_JOINED_MEMBER.,#1916);
#3794=IFCRELCONNECTSSTRUCTURALMEMBER('2FzSdUzeb0geK06SCcm1Tq',#3,$,$,#3793,#595,$,$,$,$);
#3795=IFCRELCONNECTSSTRUCTURALMEMBER('2CpW7QfXb1GfUEH5YYvCQH',#3,$,$,#3793,#615,$,$,$,$);
#3796=IFCRELASSOCIATESMATERIAL('2LTzwTq2v33BwF4R3Nqhyh',#3,$,$,(#3793),#3798);
#3797=IFCPRODUCTDEFINITIONSHAPE($,$,(#3799));
#3798=IFCMATERIALPROFILESETUSAGE(#3800,10,$);
#3799=IFCTOPOLOGYREPRESENTATION(#99,$,'Edge',(#3801));
#3800=IFCMATERIALPROFILESET($,$,(#3802),$);
#3801=IFCEDGE(#598,#618);
#3802=IFCMATERIALPROFILE($,$,#1704,#1874,$,$);
#3803=IFCSTRUCTURALCURVEMEMBER('1AjquESLzAWx28dCzcvWLt',#95,'261',$,$,$,#3807,.RIGID_JOINED_MEMBER.,#1937);
#3804=IFCRELCONNECTSSTRUCTURALMEMBER('0TLAidcILEqfAwir8BbBPD',#3,$,$,#3803,#600,$,$,$,$);
#3805=IFCRELCONNECTSSTRUCTURALMEMBER('06Z6LO5wn7eQhxvJS95IJB',#3,$,$,#3803,#620,$,$,$,$);
#3806=IFCRELASSOCIATESMATERIAL('3kqr$wjzj02fhMWw82ji5D',#3,$,$,(#3803),#3808);
#3807=IFCPRODUCTDEFINITIONSHAPE($,$,(#3809));
#3808=IFCMATERIALPROFILESETUSAGE(#3810,10,$);
#3809=IFCTOPOLOGYREPRESENTATION(#99,$,'Edge',(#3811));
#3810=IFCMATERIALPROFILESET($,$,(#3812),$);
#3811=IFCEDGE(#603,#623);
#3812=IFCMATERIALPROFILE($,$,#1704,#1874,$,$);
#3813=IFCSTRUCTURALCURVEMEMBER('0v2yY1x1z4AebfV7U7ixxZ',#95,'262',$,$,$,#3817,.RIGID_JOINED_MEMBER.,#1859);
#3814=IFCRELCONNECTSSTRUCTURALMEMBER('0ZdGPi6EjCee$EAYSJx_iO',#3,$,$,#3813,#605,$,$,$,$);
#3815=IFCRELCONNECTSSTRUCTURALMEMBER('3eBHcKpej9PAia$f4cbnOP',#3,$,$,#3813,#625,$,$,$,$);
#3816=IFCRELASSOCIATESMATERIAL('278I67J_r33xGD2sHjLRZ3',#3,$,$,(#3813),#3818);
#3817=IFCPRODUCTDEFINITIONSHAPE($,$,(#3819));
#3818=IFCMATERIALPROFILESETUSAGE(#3820,10,$);
#3819=IFCTOPOLOGYREPRESENTATION(#99,$,'Edge',(#3821));
#3820=IFCMATERIALPROFILESET($,$,(#3822),$);
#3821=IFCEDGE(#608,#628);
#3822=IFCMATERIALPROFILE($,$,#1704,#1874,$,$);
#3823=IFCSTRUCTURALCURVEMEMBER('19K1AqJRX5RAAIMxqpOyV2',#95,'263',$,$,$,#3827,.RIGID_JOINED_MEMBER.,#1895);
#3824=IFCRELCONNECTSSTRUCTURALMEMBER('3dacHcIz9A3Qo8_z3Rz$pI',#3,$,$,#3823,#610,$,$,$,$);
#3825=IFCRELCONNECTSSTRUCTURALMEMBER('0iKDMRDVTBEwRByzIBlLwX',#3,$,$,#3823,#630,$,$,$,$);
#3826=IFCRELASSOCIATESMATERIAL('1KEKitAgDEG9ZJlsOC3VV_',#3,$,$,(#3823),#3828);
#3827=IFCPRODUCTDEFINITIONSHAPE($,$,(#3829));
#3828=IFCMATERIALPROFILESETUSAGE(#3830,10,$);
#3829=IFCTOPOLOGYREPRESENTATION(#99,$,'Edge',(#3831));
#3830=IFCMATERIALPROFILESET($,$,(#3832),$);
#3831=IFCEDGE(#613,#633);
#3832=IFCMATERIALPROFILE($,$,#1704,#1874,$,$);
#3833=IFCSTRUCTURALCURVEMEMBER('3CG3zEuB14lgJZ4e5YEA7s',#95,'264',$,$,$,#3837,.RIGID_JOINED_MEMBER.,#1916);
#3834=IFCRELCONNECTSSTRUCTURALMEMBER('2OGWl$_HL2AuhKoJm1CPHe',#3,$,$,#3833,#615,$,$,$,$);
#3835=IFCRELCONNECTSSTRUCTURALMEMBER('0fZKAJGLrBZ8SsgmDHTikE',#3,$,$,#3833,#635,$,$,$,$);
#3836=IFCRELASSOCIATESMATERIAL('0wjY8QLQD5PP6Azeu4KIc2',#3,$,$,(#3833),#3838);
#3837=IFCPRODUCTDEFINITIONSHAPE($,$,(#3839));
#3838=IFCMATERIALPROFILESETUSAGE(#3840,10,$);
#3839=IFCTOPOLOGYREPRESENTATION(#99,$,'Edge',(#3841));
#3840=IFCMATERIALPROFILESET($,$,(#3842),$);
#3841=IFCEDGE(#618,#638);
#3842=IFCMATERIALPROFILE($,$,#1704,#1874,$,$);
#3843=IFCSTRUCTURALCURVEMEMBER('2R6bfhxb1EwAHsZXIAjeEc',#95,'265',$,$,$,#3847,.RIGID_JOINED_MEMBER.,#1937);
#3844=IFCRELCONNECTSSTRUCTURALMEMBER('0NUrxUBP97ZvHOiJmlYTv7',#3,$,$,#3843,#620,$,$,$,$);
#3845=IFCRELCONNECTSSTRUCTURALMEMBER('0PMjh98ef49OeZ9XzHcvH_',#3,$,$,#3843,#640,$,$,$,$);
#3846=IFCRELASSOCIATESMATERIAL('3yLZtM2f94qAn0Gt5c4hIJ',#3,$,$,(#3843),#3848);
#3847=IFCPRODUCTDEFINITIONSHAPE($,$,(#3849));
#3848=IFCMATERIALPROFILESETUSAGE(#3850,10,$);
#3849=IFCTOPOLOGYREPRESENTATION(#99,$,'Edge',(#3851));
#3850=IFCMATERIALPROFILESET($,$,(#3852),$);
#3851=IFCEDGE(#623,#643);
#3852=IFCMATERIALPROFILE($,$,#1704,#1874,$,$);
#3853=IFCSTRUCTURALCURVEMEMBER('2pdbw06FH9BPeMJmo_qY3r',#95,'266',$,$,$,#3857,.RIGID_JOINED_MEMBER.,#1859);
#3854=IFCRELCONNECTSSTRUCTURALMEMBER('3rfxBHBizFw83yX4CGQwgw',#3,$,$,#3853,#625,$,$,$,$);
#3855=IFCRELCONNECTSSTRUCTURALMEMBER('2yzA3DkYf2IPIYCDQYT0Ho',#3,$,$,#3853,#645,$,$,$,$);
#3856=IFCRELASSOCIATESMATERIAL('1oI0Xqk7TFaR9s6zkZV4oq',#3,$,$,(#3853),#3858);
#3857=IFCPRODUCTDEFINITIONSHAPE($,$,(#3859));
#3858=IFCMATERIALPROFILESETUSAGE(#3860,10,$);
#3859=IFCTOPOLOGYREPRESENTATION(#99,$,'Edge',(#3861));
#3860=IFCMATERIALPROFILESET($,$,(#3862),$);
#3861=IFCEDGE(#628,#648);
#3862=IFCMATERIALPROFILE($,$,#1704,#1874,$,$);
#3863=IFCSTRUCTURALCURVEMEMBER('3_kYZduGzFmect8GcZiIfp',#95,'267',$,$,$,#3867,.RIGID_JOINED_MEMBER.,#1895);
#3864=IFCRELCONNECTSSTRUCTURALMEMBER('3oYUvooWr5hPXASRlW4o6J',#3,$,$,#3863,#630,$,$,$,$);
#3865=IFCRELCONNECTSSTRUCTURALMEMBER('33F78Z4I55Wux_ztRN$UDv',#3,$,$,#3863,#650,$,$,$,$);
#3866=IFCRELASSOCIATESMATERIAL('3JjY5KO595XOyAy_KSlCG2',#3,$,$,(#3863),#3868);
#3867=IFCPRODUCTDEFINITIONSHAPE($,$,(#3869));
#3868=IFCMATERIALPROFILESETUSAGE(#3870,10,$);
#3869=IFCTOPOLOGYREPRESENTATION(#99,$,'Edge',(#3871));
#3870=IFCMATERIALPROFILESET($,$,(#3872),$);
#3871=IFCEDGE(#633,#653);
#3872=IFCMATERIALPROFILE($,$,#1704,#1874,$,$);
#3873=IFCSTRUCTURALCURVEMEMBER('0UOrJNOdT6W8PWYFZzHL6U',#95,'268',$,$,$,#3877,.RIGID_JOINED_MEMBER.,#1916);
#3874=IFCRELCONNECTSSTRUCTURALMEMBER('0OgmK0YwrCdAt3X$rP7C5F',#3,$,$,#3873,#635,$,$,$,$);
#3875=IFCRELCONNECTSSTRUCTURALMEMBER('3br9E9Egv7vvJQ49vH6smR',#3,$,$,#3873,#655,$,$,$,$);
#3876=IFCRELASSOCIATESMATERIAL('0dG3xmwFDDmwAYxd9TvfP3',#3,$,$,(#3873),#3878);
#3877=IFCPRODUCTDEFINITIONSHAPE($,$,(#3879));
#3878=IFCMATERIALPROFILESETUSAGE(#3880,10,$);
#3879=IFCTOPOLOGYREPRESENTATION(#99,$,'Edge',(#3881));
#3880=IFCMATERIALPROFILESET($,$,(#3882),$);
#3881=IFCEDGE(#638,#658);
#3882=IFCMATERIALPROFILE($,$,#1704,#1874,$,$);
#3883=IFCSTRUCTURALCURVEMEMBER('3AEIYZzAT5DvVqW3j0MzVQ',#95,'269',$,$,$,#3887,.RIGID_JOINED_MEMBER.,#1937);
#3884=IFCRELCONNECTSSTRUCTURALMEMBER('2mbjaT4Fz1fBk3mXQdfLFV',#3,$,$,#3883,#640,$,$,$,$);
#3885=IFCRELCONNECTSSTRUCTURALMEMBER('2OxEjDAP568BBETGGRluXF',#3,$,$,#3883,#660,$,$,$,$);
#3886=IFCRELASSOCIATESMATERIAL('1Uu4V8iXv9ewJo_x_i0f3M',#3,$,$,(#3883),#3888);
#3887=IFCPRODUCTDEFINITIONSHAPE($,$,(#3889));
#3888=IFCMATERIALPROFILESETUSAGE(#3890,10,$);
#3889=IFCTOPOLOGYREPRESENTATION(#99,$,'Edge',(#3891));
#3890=IFCMATERIALPROFILESET($,$,(#3892),$);
#3891=IFCEDGE(#643,#663);
#3892=IFCMATERIALPROFILE($,$,#1704,#1874,$,$);
#3893=IFCSTRUCTURALCURVEMEMBER('1P4zQgPzn9_QBfUGQrtFfR',#95,'270',$,$,$,#3897,.RIGID_JOINED_MEMBER.,#1859);
#3894=IFCRELCONNECTSSTRUCTURALMEMBER('0VDaWaXtT4veFy9dybhDCz',#3,$,$,#3893,#645,$,$,$,$);
#3895=IFCRELCONNECTSSTRUCTURALMEMBER('1OoQ2TTUj40uj$DPoVFW4z',#3,$,$,#3893,#665,$,$,$,$);
#3896=IFCRELASSOCIATESMATERIAL('1YH5cWQO5Fu86OvhWjr5kG',#3,$,$,(#3893),#3898);
#3897=IFCPRODUCTDEFINITIONSHAPE($,$,(#3899));
#3898=IFCMATERIALPROFILESETUSAGE(#3900,10,$);
#3899=IFCTOPOLOGYREPRESENTATION(#99,$,'Edge',(#3901));
#3900=IFCMATERIALPROFILESET($,$,(#3902),$);
#3901=IFCEDGE(#648,#668);
#3902=IFCMATERIALPROFILE($,$,#1704,#1874,$,$);
#3903=IFCSTRUCTURALCURVEMEMBER('01X0cMe1T8tx_hMTCAEREl',#95,'271',$,$,$,#3907,.RIGID_JOINED_MEMBER.,#1895);
#3904=IFCRELCONNECTSSTRUCTURALMEMBER('0rGAIkLp57_ur8nEKYSVZs',#3,$,$,#3903,#650,$,$,$,$);
#3905=IFCRELCONNECTSSTRUCTURALMEMBER('1HgZtEsoj68g_AIrL4RdUl',#3,$,$,#3903,#670,$,$,$,$);
#3906=IFCRELASSOCIATESMATERIAL('2FEFynUlP0s8Y2po05qZ$A',#3,$,$,(#3903),#3908);
#3907=IFCPRODUCTDEFINITIONSHAPE($,$,(#3909));
#3908=IFCMATERIALPROFILESETUSAGE(#3910,10,$);
#3909=IFCTOPOLOGYREPRESENTATION(#99,$,'Edge',(#3911));
#3910=IFCMATERIALPROFILESET($,$,(#3912),$);
#3911=IFCEDGE(#653,#673);
#3912=IFCMATERIALPROFILE($,$,#1704,#1874,$,$);
#3913=IFCSTRUCTURALCURVEMEMBER('3vFwtypmX8rx$pBDVU0ngm',#95,'272',$,$,$,#3917,.RIGID_JOINED_MEMBER.,#1916);
#3914=IFCRELCONNECTSSTRUCTURALMEMBER('2JgMk_t7vB_ftvhBRvuajc',#3,$,$,#3913,#655,$,$,$,$);
#3915=IFCRELCONNECTSSTRUCTURALMEMBER('2zcpvJjp1CPPF3pdEE9wuY',#3,$,$,#3913,#675,$,$,$,$);
#3916=IFCRELASSOCIATESMATERIAL('3iQZBq26L2r9y1YOO7ZvpS',#3,$,$,(#3913),#3918);
#3917=IFCPRODUCTDEFINITIONSHAPE($,$,(#3919));
#3918=IFCMATERIALPROFILESETUSAGE(#3920,10,$);
#3919=IFCTOPOLOGYREPRESENTATION(#99,$,'Edge',(#3921));
#3920=IFCMATERIALPROFILESET($,$,(#3922),$);
#3921=IFCEDGE(#658,#678);
#3922=IFCMATERIALPROFILE($,$,#1704,#1874,$,$);
#3923=IFCSTRUCTURALCURVEMEMBER('2CAMEeVvT3fROh5MmPGBSd',#95,'273',$,$,$,#3927,.RIGID_JOINED_MEMBER.,#1937);
#3924=IFCRELCONNECTSSTRUCTURALMEMBER('0jyaNab_X4sBZQLD69OpUe',#3,$,$,#3923,#660,$,$,$,$);
#3925=IFCRELCONNECTSSTRUCTURALMEMBER('089td3BRX7suwECCN4bCRk',#3,$,$,#3923,#680,$,$,$,$);
#3926=IFCRELASSOCIATESMATERIAL('02M7K24xLBTPfPp$dxl3XU',#3,$,$,(#3923),#3928);
#3927=IFCPRODUCTDEFINITIONSHAPE($,$,(#3929));
#3928=IFCMATERIALPROFILESETUSAGE(#3930,10,$);
#3929=IFCTOPOLOGYREPRESENTATION(#99,$,'Edge',(#3931));
#3930=IFCMATERIALPROFILESET($,$,(#3932),$);
#3931=IFCEDGE(#663,#683);
#3932=IFCMATERIALPROFILE($,$,#1704,#1874,$,$);
#3933=IFCSTRUCTURALCURVEMEMBER('2NkYREdJbDePy7w3oyzQxX',#95,'274',$,$,$,#3937,.RIGID_JOINED_MEMBER.,#1859);
#3934=IFCRELCONNECTSSTRUCTURALMEMBER('2jatl28lrEUh8a123SFm31',#3,$,$,#3933,#665,$,$,$,$);
#3935=IFCRELCONNECTSSTRUCTURALMEMBER('0ArwvlsTz2bPxPmZBWzGL2',#3,$,$,#3933,#685,$,$,$,$);
#3936=IFCRELASSOCIATESMATERIAL('3CutySgN1BRB91DivCDAQc',#3,$,$,(#3933),#3938);
#3937=IFCPRODUCTDEFINITIONSHAPE($,$,(#3939));
#3938=IFCMATERIALPROFILESETUSAGE(#3940,10,$);
#3939=IFCTOPOLOGYREPRESENTATION(#99,$,'Edge',(#3941));
#3940=IFCMATERIALPROFILESET($,$,(#3942),$);
#3941=IFCEDGE(#668,#688);
#3942=IFCMATERIALPROFILE($,$,#1704,#1874,$,$);
#3943=IFCSTRUCTURALCURVEMEMBER('2swI7ESRr2ke6iNL4xdhFf',#95,'275',$,$,$,#3947,.RIGID_JOINED_MEMBER.,#1895);
#3944=IFCRELCONNECTSSTRUCTURALMEMBER('2$LLO28ibBWfuhyfi_ex37',#3,$,$,#3943,#670,$,$,$,$);
#3945=IFCRELCONNECTSSTRUCTURALMEMBER('2W04TZJKD6MhlpLnH1vKBP',#3,$,$,#3943,#690,$,$,$,$);
#3946=IFCRELASSOCIATESMATERIAL('0Jex5JaG158viEbLXrEbBt',#3,$,$,(#3943),#3948);
#3947=IFCPRODUCTDEFINITIONSHAPE($,$,(#3949));
#3948=IFCMATERIALPROFILESETUSAGE(#3950,10,$);
#3949=IFCTOPOLOGYREPRESENTATION(#99,$,'Edge',(#3951));
#3950=IFCMATERIALPROFILESET($,$,(#3952),$);
#3951=IFCEDGE(#673,#693);
#3952=IFCMATERIALPROFILE($,$,#1704,#1874,$,$);
#3953=IFCSTRUCTURALCURVEMEMBER('28QJBQaqD5RuGhseKIpbPD',#95,'276',$,$,$,#3957,.RIGID_JOINED_MEMBER.,#1916);
#3954=IFCRELCONNECTSSTRUCTURALMEMBER('2zrFMcE315qxLblV2tKVnK',#3,$,$,#3953,#675,$,$,$,$);
#3955=IFCRELCONNECTSSTRUCTURALMEMBER('312K3MoGf3U8FvynfocBl_',#3,$,$,#3953,#695,$,$,$,$);
#3956=IFCRELASSOCIATESMATERIAL('2kfDkAN4bFqu5h1EvqJ4OC',#3,$,$,(#3953),#3958);
#3957=IFCPRODUCTDEFINITIONSHAPE($,$,(#3959));
#3958=IFCMATERIALPROFILESETUSAGE(#3960,10,$);
#3959=IFCTOPOLOGYREPRESENTATION(#99,$,'Edge',(#3961));
#3960=IFCMATERIALPROFILESET($,$,(#3962),$);
#3961=IFCEDGE(#678,#698);
#3962=IFCMATERIALPROFILE($,$,#1704,#1874,$,$);
#3963=IFCSTRUCTURALCURVEMEMBER('0tNzFj_G93dhUsI4B62XUP',#95,'277',$,$,$,#3967,.RIGID_JOINED_MEMBER.,#1937);
#3964=IFCRELCONNECTSSTRUCTURALMEMBER('3yAY6kpvj6bRVKdhfDAdhq',#3,$,$,#3963,#680,$,$,$,$);
#3965=IFCRELCONNECTSSTRUCTURALMEMBER('3SMSynTDH1S91wacWqB1Vo',#3,$,$,#3963,#700,$,$,$,$);
#3966=IFCRELASSOCIATESMATERIAL('39iLbZKoD0JwcpeOuqqcGc',#3,$,$,(#3963),#3968);
#3967=IFCPRODUCTDEFINITIONSHAPE($,$,(#3969));
#3968=IFCMATERIALPROFILESETUSAGE(#3970,10,$);
#3969=IFCTOPOLOGYREPRESENTATION(#99,$,'Edge',(#3971));
#3970=IFCMATERIALPROFILESET($,$,(#3972),$);
#3971=IFCEDGE(#683,#703);
#3972=IFCMATERIALPROFILE($,$,#1704,#1874,$,$);
#3973=IFCSTRUCTURALCURVEMEMBER('0QbCVpLkf8qPQ5akL_9_S4',#95,'278',$,$,$,#3977,.RIGID_JOINED_MEMBER.,#1859);
#3974=IFCRELCONNECTSSTRUCTURALMEMBER('3vjTTsJKH0xPtu_dbNQpxu',#3,$,$,#3973,#685,$,$,$,$);
#3975=IFCRELCONNECTSSTRUCTURALMEMBER('322vZqWkzAJvRQa76vMiHy',#3,$,$,#3973,#705,$,$,$,$);
#3976=IFCRELASSOCIATESMATERIAL('3DlzBzVrX4S8pBvDau9ufA',#3,$,$,(#3973),#3978);
#3977=IFCPRODUCTDEFINITIONSHAPE($,$,(#3979));
#3978=IFCMATERIALPROFILESETUSAGE(#3980,10,$);
#3979=IFCTOPOLOGYREPRESENTATION(#99,$,'Edge',(#3981));
#3980=IFCMATERIALPROFILESET($,$,(#3982),$);
#3981=IFCEDGE(#688,#708);
#3982=IFCMATERIALPROFILE($,$,#1704,#1874,$,$);
#3983=IFCSTRUCTURALCURVEMEMBER('1us9EO8MzDvw7UtMn4TwmX',#95,'279',$,$,$,#3987,.RIGID_JOINED_MEMBER.,#1895);
#3984=IFCRELCONNECTSSTRUCTURALMEMBER('2ydYESFuH1BQkMKkKRxhVa',#3,$,$,#3983,#690,$,$,$,$);
#3985=IFCRELCONNECTSSTRUCTURALMEMBER('0wYmD0ahfAtvNfv1dkqwwZ',#3,$,$,#3983,#710,$,$,$,$);
#3986=IFCRELASSOCIATESMATERIAL('165HMRuRvB7PvS7VSBnAFM',#3,$,$,(#3983),#3988);
#3987=IFCPRODUCTDEFINITIONSHAPE($,$,(#3989));
#3988=IFCMATERIALPROFILESETUSAGE(#3990,10,$);
#3989=IFCTOPOLOGYREPRESENTATION(#99,$,'Edge',(#3991));
#3990=IFCMATERIALPROFILESET($,$,(#3992),$);
#3991=IFCEDGE(#693,#713);
#3992=IFCMATERIALPROFILE($,$,#1704,#1874,$,$);
#3993=IFCSTRUCTURALCURVEMEMBER('37DG7iFqT4HQKPnl6Q624y',#95,'280',$,$,$,#3997,.RIGID_JOINED_MEMBER.,#1916);
#3994=IFCRELCONNECTSSTRUCTURALMEMBER('3BImC0$DbEkRYhM2_2yQAB',#3,$,$,#3993,#695,$,$,$,$);
#3995=IFCRELCONNECTSSTRUCTURALMEMBER('121yHQedP249_8K707wbn$',#3,$,$,#3993,#715,$,$,$,$);
#3996=IFCRELASSOCIATESMATERIAL('3nK$kqdDrAyxSdFd7iDYz_',#3,$,$,(#3993),#3998);
#3997=IFCPRODUCTDEFINITIONSHAPE($,$,(#3999));
#3998=IFCMATERIALPROFILESETUSAGE(#4000,10,$);
#3999=IFCTOPOLOGYREPRESENTATION(#99,$,'Edge',(#4001));
#4000=IFCMATERIALPROFILESET($,$,(#4002),$);
#4001=IFCEDGE(#698,#718);
#4002=IFCMATERIALPROFILE($,$,#1704,#1874,$,$);
#4003=IFCSTRUCTURALCURVEMEMBER('0jlIOigUD2gRAgMAFx6nib',#95,'281',$,$,$,#4007,.RIGID_JOINED_MEMBER.,#1937);
#4004=IFCRELCONNECTSSTRUCTURALMEMBER('2QO$d6Elf6wBG6EeteV_F0',#3,$,$,#4003,#700,$,$,$,$);
#4005=IFCRELCONNECTSSTRUCTURALMEMBER('3KIRQRSov0vP4kmCZAtlLi',#3,$,$,#4003,#720,$,$,$,$);
#4006=IFCRELASSOCIATESMATERIAL('20rJneapbAi9zmCKyAHeb9',#3,$,$,(#4003),#4008);
#4007=IFCPRODUCTDEFINITIONSHAPE($,$,(#4009));
#4008=IFCMATERIALPROFILESETUSAGE(#4010,10,$);
#4009=IFCTOPOLOGYREPRESENTATION(#99,$,'Edge',(#4011));
#4010=IFCMATERIALPROFILESET($,$,(#4012),$);
#4011=IFCEDGE(#703,#723);
#4012=IFCMATERIALPROFILE($,$,#1704,#1874,$,$);
#4013=IFCSTRUCTURALCURVEMEMBER('2IlpdN4cb7igJKDvLvtYEF',#95,'282',$,$,$,#4017,.RIGID_JOINED_MEMBER.,#1859);
#4014=IFCRELCONNECTSSTRUCTURALMEMBER('3Wl3An3Yn7GeTWeW3MPgOH',#3,$,$,#4013,#705,$,$,$,$);
#4015=IFCRELCONNECTSSTRUCTURALMEMBER('2o0RzRLarFRetHlVf2sD5c',#3,$,$,#4013,#725,$,$,$,$);
#4016=IFCRELASSOCIATESMATERIAL('2eT3Nw79vD9AYlP$XmjjPD',#3,$,$,(#4013),#4018);
#4017=IFCPRODUCTDEFINITIONSHAPE($,$,(#4019));
#4018=IFCMATERIALPROFILESETUSAGE(#4020,10,$);
#4019=IFCTOPOLOGYREPRESENTATION(#99,$,'Edge',(#4021));
#4020=IFCMATERIALPROFILESET($,$,(#4022),$);
#4021=IFCEDGE(#708,#728);
#4022=IFCMATERIALPROFILE($,$,#1704,#1874,$,$);
#4023=IFCSTRUCTURALCURVEMEMBER('0AsoIfJTn8jwQJhV6Cpyif',#95,'283',$,$,$,#4027,.RIGID_JOINED_MEMBER.,#1895);
#4024=IFCRELCONNECTSSTRUCTURALMEMBER('3m7p6nIvv9JwayT_zK98Wa',#3,$,$,#4023,#710,$,$,$,$);
#4025=IFCRELCONNECTSSTRUCTURALMEMBER('2Kbd41P4D5Xh_SmDbJ5c34',#3,$,$,#4023,#730,$,$,$,$);
#4026=IFCRELASSOCIATESMATERIAL('3Tygy5EVb4wR8Ztkny6yVm',#3,$,$,(#4023),#4028);
#4027=IFCPRODUCTDEFINITIONSHAPE($,$,(#4029));
#4028=IFCMATERIALPROFILESETUSAGE(#4030,10,$);
#4029=IFCTOPOLOGYREPRESENTATION(#99,$,'Edge',(#4031));
#4030=IFCMATERIALPROFILESET($,$,(#4032),$);
#4031=IFCEDGE(#713,#733);
#4032=IFCMATERIALPROFILE($,$,#1704,#1874,$,$);
#4033=IFCSTRUCTURALCURVEMEMBER('0K5DFlCyb6eAkpTgFyq4rV',#95,'284',$,$,$,#4037,.RIGID_JOINED_MEMBER.,#1916);
#4034=IFCRELCONNECTSSTRUCTURALMEMBER('3AWDYer_T6xRZP8LX7IgPK',#3,$,$,#4033,#715,$,$,$,$);
#4035=IFCRELCONNECTSSTRUCTURALMEMBER('3aUvF0ql183vwhiEzBBiXu',#3,$,$,#4033,#735,$,$,$,$);
#4036=IFCRELASSOCIATESMATERIAL('1S5j0P46LDuPU7PBlDfuXo',#3,$,$,(#4033),#4038);
#4037=IFCPRODUCTDEFINITIONSHAPE($,$,(#4039));
#4038=IFCMATERIALPROFILESETUSAGE(#4040,10,$);
#4039=IFCTOPOLOGYREPRESENTATION(#99,$,'Edge',(#4041));
#4040=IFCMATERIALPROFILESET($,$,(#4042),$);
#4041=IFCEDGE(#718,#738);
#4042=IFCMATERIALPROFILE($,$,#1704,#1874,$,$);
#4043=IFCSTRUCTURALCURVEMEMBER('0HfajIzgvERxYjZUiXBYpK',#95,'285',$,$,$,#4047,.RIGID_JOINED_MEMBER.,#1937);
#4044=IFCRELCONNECTSSTRUCTURALMEMBER('1153IYf0TABPN8ES2AoZ0c',#3,$,$,#4043,#720,$,$,$,$);
#4045=IFCRELCONNECTSSTRUCTURALMEMBER('2nz8Yg1jH8$OF5dOYgZskz',#3,$,$,#4043,#740,$,$,$,$);
#4046=IFCRELASSOCIATESMATERIAL('3AexMxhxD8S9Cwrkn5Lku9',#3,$,$,(#4043),#4048);
#4047=IFCPRODUCTDEFINITIONSHAPE($,$,(#4049));
#4048=IFCMATERIALPROFILESETUSAGE(#4050,10,$);
#4049=IFCTOPOLOGYREPRESENTATION(#99,$,'Edge',(#4051));
#4050=IFCMATERIALPROFILESET($,$,(#4052),$);
#4051=IFCEDGE(#723,#743);
#4052=IFCMATERIALPROFILE($,$,#1704,#1874,$,$);
#4053=IFCSTRUCTURALCURVEMEMBER('1cRCcENinCbRMFzUz5aDtQ',#95,'286',$,$,$,#4057,.RIGID_JOINED_MEMBER.,#1859);
#4054=IFCRELCONNECTSSTRUCTURALMEMBER('1DxYZDcsfDF85cc$kbUSzw',#3,$,$,#4053,#725,$,$,$,$);
#4055=IFCRELCONNECTSSTRUCTURALMEMBER('3UOVvA84DFPeHr4QVrC9rw',#3,$,$,#4053,#745,$,$,$,$);
#4056=IFCRELASSOCIATESMATERIAL('06lFsK0s1F4fnIOdKjGhTY',#3,$,$,(#4053),#4058);
#4057=IFCPRODUCTDEFINITIONSHAPE($,$,(#4059));
#4058=IFCMATERIALPROFILESETUSAGE(#4060,10,$);
#4059=IFCTOPOLOGYREPRESENTATION(#99,$,'Edge',(#4061));
#4060=IFCMATERIALPROFILESET($,$,(#4062),$);
#4061=IFCEDGE(#728,#748);
#4062=IFCMATERIALPROFILE($,$,#1704,#1874,$,$);
#4063=IFCSTRUCTURALCURVEMEMBER('2$KWtu7brBxe9e1SE75WBr',#95,'287',$,$,$,#4067,.RIGID_JOINED_MEMBER.,#1895);
#4064=IFCRELCONNECTSSTRUCTURALMEMBER('1eWQ1T57n3QPbFxdhA8pWK',#3,$,$,#4063,#730,$,$,$,$);
#4065=IFCRELCONNECTSSTRUCTURALMEMBER('1Tfd1fmCnEcRnC29bgH3Zj',#3,$,$,#4063,#750,$,$,$,$);
#4066=IFCRELASSOCIATESMATERIAL('0haTBJRpX4H9Kli2qERLpS',#3,$,$,(#4063),#4068);
#4067=IFCPRODUCTDEFINITIONSHAPE($,$,(#4069));
#4068=IFCMATERIALPROFILESETUSAGE(#4070,10,$);
#4069=IFCTOPOLOGYREPRESENTATION(#99,$,'Edge',(#4071));
#4070=IFCMATERIALPROFILESET($,$,(#4072),$);
#4071=IFCEDGE(#733,#753);
#4072=IFCMATERIALPROFILE($,$,#1704,#1874,$,$);
#4073=IFCSTRUCTURALCURVEMEMBER('1Kj9RUsiHAEBbFJtVOaIRE',#95,'288',$,$,$,#4077,.RIGID_JOINED_MEMBER.,#1916);
#4074=IFCRELCONNECTSSTRUCTURALMEMBER('1lXzvYjcLDTRYvUJx4j9L4',#3,$,$,#4073,#735,$,$,$,$);
#4075=IFCRELCONNECTSSTRUCTURALMEMBER('2WJ0zp4gT7Vx_Zwhemy$A1',#3,$,$,#4073,#755,$,$,$,$);
#4076=IFCRELASSOCIATESMATERIAL('1uYTqXSlb6bfpkllp6MMbv',#3,$,$,(#4073),#4078);
#4077=IFCPRODUCTDEFINITIONSHAPE($,$,(#4079));
#4078=IFCMATERIALPROFILESETUSAGE(#4080,10,$);
#4079=IFCTOPOLOGYREPRESENTATION(#99,$,'Edge',(#4081));
#4080=IFCMATERIALPROFILESET($,$,(#4082),$);
#4081=IFCEDGE(#738,#758);
#4082=IFCMATERIALPROFILE($,$,#1704,#1874,$,$);
#4083=IFCSTRUCTURALCURVEMEMBER('1oKdklDtnAxeJkoXuoDe82',#95,'289',$,$,$,#4087,.RIGID_JOINED_MEMBER.,#1937);
#4084=IFCRELCONNECTSSTRUCTURALMEMBER('3jxlnci2L3uf4jHLElgsxn',#3,$,$,#4083,#740,$,$,$,$);
#4085=IFCRELCONNECTSSTRUCTURALMEMBER('0mqWpNYtbD_vtatTFRSu1o',#3,$,$,#4083,#760,$,$,$,$);
#4086=IFCRELASSOCIATESMATERIAL('2FgKmPG7bEmgpMXcLPaO8D',#3,$,$,(#4083),#4088);
#4087=IFCPRODUCTDEFINITIONSHAPE($,$,(#4089));
#4088=IFCMATERIALPROFILESETUSAGE(#4090,10,$);
#4089=IFCTOPOLOGYREPRESENTATION(#99,$,'Edge',(#4091));
#4090=IFCMATERIALPROFILESET($,$,(#4092),$);
#4091=IFCEDGE(#743,#763);
#4092=IFCMATERIALPROFILE($,$,#1704,#1874,$,$);
#4093=IFCSTRUCTURALCURVEMEMBER('1Yf8_MFeX0Nu2YXkqPdcTh',#95,'290',$,$,$,#4097,.RIGID_JOINED_MEMBER.,#1859);
#4094=IFCRELCONNECTSSTRUCTURALMEMBER('2GMnh377142RNHYK1TyNad',#3,$,$,#4093,#745,$,$,$,$);
#4095=IFCRELCONNECTSSTRUCTURALMEMBER('2xqfQmFX9AX8PRQeToECtX',#3,$,$,#4093,#765,$,$,$,$);
#4096=IFCRELASSOCIATESMATERIAL('1KMIWZgtf3FwCjTD5NzxoK',#3,$,$,(#4093),#4098);
#4097=IFCPRODUCTDEFINITIONSHAPE($,$,(#4099));
#4098=IFCMATERIALPROFILESETUSAGE(#4100,10,$);
#4099=IFCTOPOLOGYREPRESENTATION(#99,$,'Edge',(#4101));
#4100=IFCMATERIALPROFILESET($,$,(#4102),$);
#4101=IFCEDGE(#748,#768);
#4102=IFCMATERIALPROFILE($,$,#1704,#1874,$,$);
#4103=IFCSTRUCTURALCURVEMEMBER('2wv1ykI455m86YrODzBDLm',#95,'291',$,$,$,#4107,.RIGID_JOINED_MEMBER.,#1895);
#4104=IFCRELCONNECTSSTRUCTURALMEMBER('3vvN00G956ehuXOYyK$cOX',#3,$,$,#4103,#750,$,$,$,$);
#4105=IFCRELCONNECTSSTRUCTURALMEMBER('0yT44KU497vxPmeo_BA11D',#3,$,$,#4103,#770,$,$,$,$);
#4106=IFCRELASSOCIATESMATERIAL('0g087RXMLE2foRe9RWnJc$',#3,$,$,(#4103),#4108);
#4107=IFCPRODUCTDEFINITIONSHAPE($,$,(#4109));
#4108=IFCMATERIALPROFILESETUSAGE(#4110,10,$);
#4109=IFCTOPOLOGYREPRESENTATION(#99,$,'Edge',(#4111));
#4110=IFCMATERIALPROFILESET($,$,(#4112),$);
#4111=IFCEDGE(#753,#773);
#4112=IFCMATERIALPROFILE($,$,#1704,#1874,$,$);
#4113=IFCSTRUCTURALCURVEMEMBER('0G6Z$r_yz8i9P42Lp5pZs_',#95,'292',$,$,$,#4117,.RIGID_JOINED_MEMBER.,#1916);
#4114=IFCRELCONNECTSSTRUCTURALMEMBER('23bB8VzIj3NhM9MORcYDZa',#3,$,$,#4113,#755,$,$,$,$);
#4115=IFCRELCONNECTSSTRUCTURALMEMBER('01NfZWBqH4t9QsEkihrhGF',#3,$,$,#4113,#775,$,$,$,$);
#4116=IFCRELASSOCIATESMATERIAL('2iuHcOnzrCtQVSxS_n7Yd6',#3,$,$,(#4113),#4118);
#4117=IFCPRODUCTDEFINITIONSHAPE($,$,(#4119));
#4118=IFCMATERIALPROFILESETUSAGE(#4120,10,$);
#4119=IFCTOPOLOGYREPRESENTATION(#99,$,'Edge',(#4121));
#4120=IFCMATERIALPROFILESET($,$,(#4122),$);
#4121=IFCEDGE(#758,#778);
#4122=IFCMATERIALPROFILE($,$,#1704,#1874,$,$);
#4123=IFCSTRUCTURALCURVEMEMBER('0BQmJCZ9rFzB$1LcnQH1xR',#95,'293',$,$,$,#4127,.RIGID_JOINED_MEMBER.,#1937);
#4124=IFCRELCONNECTSSTRUCTURALMEMBER('2dXfJRGez0JfI8e66sMZ5g',#3,$,$,#4123,#760,$,$,$,$);
#4125=IFCRELCONNECTSSTRUCTURALMEMBER('1DU1LbGdL1lORXGSwYPI4a',#3,$,$,#4123,#780,$,$,$,$);
#4126=IFCRELASSOCIATESMATERIAL('0nxBsDoor3de5j7Am7ZjLZ',#3,$,$,(#4123),#4128);
#4127=IFCPRODUCTDEFINITIONSHAPE($,$,(#4129));
#4128=IFCMATERIALPROFILESETUSAGE(#4130,10,$);
#4129=IFCTOPOLOGYREPRESENTATION(#99,$,'Edge',(#4131));
#4130=IFCMATERIALPROFILESET($,$,(#4132),$);
#4131=IFCEDGE(#763,#783);
#4132=IFCMATERIALPROFILE($,$,#1704,#1874,$,$);
#4133=IFCSTRUCTURALCURVEMEMBER('3zvPrzNz9CohG$8eLeCSTW',#95,'294',$,$,$,#4137,.RIGID_JOINED_MEMBER.,#1859);
#4134=IFCRELCONNECTSSTRUCTURALMEMBER('2A7GDrdDrCz8i8_rEfBfT2',#3,$,$,#4133,#765,$,$,$,$);
#4135=IFCRELCONNECTSSTRUCTURALMEMBER('3BaGuu9pjAyxVgKO$iG5w1',#3,$,$,#4133,#785,$,$,$,$);
#4136=IFCRELASSOCIATESMATERIAL('2vcS56Xe1BphXas5UHl2gm',#3,$,$,(#4133),#4138);
#4137=IFCPRODUCTDEFINITIONSHAPE($,$,(#4139));
#4138=IFCMATERIALPROFILESETUSAGE(#4140,10,$);
#4139=IFCTOPOLOGYREPRESENTATION(#99,$,'Edge',(#4141));
#4140=IFCMATERIALPROFILESET($,$,(#4142),$);
#4141=IFCEDGE(#768,#788);
#4142=IFCMATERIALPROFILE($,$,#1704,#1874,$,$);
#4143=IFCSTRUCTURALCURVEMEMBER('1CyUIGMw96_AtCZdkGGZAp',#95,'295',$,$,$,#4147,.RIGID_JOINED_MEMBER.,#1895);
#4144=IFCRELCONNECTSSTRUCTURALMEMBER('3uBjcEzOf0uQZPb4E5Iiok',#3,$,$,#4143,#770,$,$,$,$);
#4145=IFCRELCONNECTSSTRUCTURALMEMBER('2f2lr5QaT5Q9QRPPlv88Ww',#3,$,$,#4143,#790,$,$,$,$);
#4146=IFCRELASSOCIATESMATERIAL('22OExCrjT5YPFStokdJj1f',#3,$,$,(#4143),#4148);
#4147=IFCPRODUCTDEFINITIONSHAPE($,$,(#4149));
#4148=IFCMATERIALPROFILESETUSAGE(#4150,10,$);
#4149=IFCTOPOLOGYREPRESENTATION(#99,$,'Edge',(#4151));
#4150=IFCMATERIALPROFILESET($,$,(#4152),$);
#4151=IFCEDGE(#773,#793);
#4152=IFCMATERIALPROFILE($,$,#1704,#1874,$,$);
#4153=IFCSTRUCTURALCURVEMEMBER('0XuXwX1qD9jBkguAD28xK2',#95,'296',$,$,$,#4157,.RIGID_JOINED_MEMBER.,#1916);
#4154=IFCRELCONNECTSSTRUCTURALMEMBER('1frbJ8SjDA_xbKLZr$5YVy',#3,$,$,#4153,#775,$,$,$,$);
#4155=IFCRELCONNECTSSTRUCTURALMEMBER('1vKyAReR125BsqyX83pBzS',#3,$,$,#4153,#795,$,$,$,$);
#4156=IFCRELASSOCIATESMATERIAL('2AGJiTQTXAgh2RN35IH5$n',#3,$,$,(#4153),#4158);
#4157=IFCPRODUCTDEFINITIONSHAPE($,$,(#4159));
#4158=IFCMATERIALPROFILESETUSAGE(#4160,10,$);
#4159=IFCTOPOLOGYREPRESENTATION(#99,$,'Edge',(#4161));
#4160=IFCMATERIALPROFILESET($,$,(#4162),$);
#4161=IFCEDGE(#778,#798);
#4162=IFCMATERIALPROFILE($,$,#1704,#1874,$,$);
#4163=IFCSTRUCTURALCURVEMEMBER('0GVFxYzJ53fQGYckG1nt99',#95,'297',$,$,$,#4167,.RIGID_JOINED_MEMBER.,#1937);
#4164=IFCRELCONNECTSSTRUCTURALMEMBER('3FGqr97JzC4OTHbUFZy3WR',#3,$,$,#4163,#780,$,$,$,$);
#4165=IFCRELCONNECTSSTRUCTURALMEMBER('0PNe2JBzn7JvaHAQdY9w90',#3,$,$,#4163,#800,$,$,$,$);
#4166=IFCRELASSOCIATESMATERIAL('0_iYWgYHP1LwjlgHZswst4',#3,$,$,(#4163),#4168);
#4167=IFCPRODUCTDEFINITIONSHAPE($,$,(#4169));
#4168=IFCMATERIALPROFILESETUSAGE(#4170,10,$);
#4169=IFCTOPOLOGYREPRESENTATION(#99,$,'Edge',(#4171));
#4170=IFCMATERIALPROFILESET($,$,(#4172),$);
#4171=IFCEDGE(#783,#803);
#4172=IFCMATERIALPROFILE($,$,#1704,#1874,$,$);
#4173=IFCSTRUCTURALCURVEMEMBER('3o3z7WdSH9Gxf54Dt2oOSi',#95,'298',$,$,$,#4177,.RIGID_JOINED_MEMBER.,#1859);
#4174=IFCRELCONNECTSSTRUCTURALMEMBER('2xSgnSYQX2CvwQo8dlwa20',#3,$,$,#4173,#785,$,$,$,$);
#4175=IFCRELCONNECTSSTRUCTURALMEMBER('33I79KMGX3ne5xcrlGxc4j',#3,$,$,#4173,#805,$,$,$,$);
#4176=IFCRELASSOCIATESMATERIAL('06$NbLvML9l88F$lc0WV18',#3,$,$,(#4173),#4178);
#4177=IFCPRODUCTDEFINITIONSHAPE($,$,(#4179));
#4178=IFCMATERIALPROFILESETUSAGE(#4180,10,$);
#4179=IFCTOPOLOGYREPRESENTATION(#99,$,'Edge',(#4181));
#4180=IFCMATERIALPROFILESET($,$,(#4182),$);
#4181=IFCEDGE(#788,#808);
#4182=IFCMATERIALPROFILE($,$,#1704,#1874,$,$);
#4183=IFCSTRUCTURALCURVEMEMBER('3SZ5nZOhnDMe_WFcOF6htc',#95,'299',$,$,$,#4187,.RIGID_JOINED_MEMBER.,#1895);
#4184=IFCRELCONNECTSSTRUCTURALMEMBER('0nZ4zOqkPEKg1as9I2yZEH',#3,$,$,#4183,#790,$,$,$,$);
#4185=IFCRELCONNECTSSTRUCTURALMEMBER('1jmHke0r9F6gK59$c4_rYm',#3,$,$,#4183,#810,$,$,$,$);
#4186=IFCRELASSOCIATESMATERIAL('1JDCgk7PnDG8I1ridieiVm',#3,$,$,(#4183),#4188);
#4187=IFCPRODUCTDEFINITIONSHAPE($,$,(#4189));
#4188=IFCMATERIALPROFILESETUSAGE(#4190,10,$);
#4189=IFCTOPOLOGYREPRESENTATION(#99,$,'Edge',(#4191));
#4190=IFCMATERIALPROFILESET($,$,(#4192),$);
#4191=IFCEDGE(#793,#813);
#4192=IFCMATERIALPROFILE($,$,#1704,#1874,$,$);
#4193=IFCSTRUCTURALCURVEMEMBER('13U$9xJ2fFXu3rWGpUJXos',#95,'300',$,$,$,#4197,.RIGID_JOINED_MEMBER.,#1916);
#4194=IFCRELCONNECTSSTRUCTURALMEMBER('0xy9mAE2fBsvL4XDsvGjv1',#3,$,$,#4193,#795,$,$,$,$);
#4195=IFCRELCONNECTSSTRUCTURALMEMBER('30pZttTsv2TPFze3hAnQ1F',#3,$,$,#4193,#815,$,$,$,$);
#4196=IFCRELASSOCIATESMATERIAL('0YWZX2JmfCwx$8HIzKqpoX',#3,$,$,(#4193),#4198);
#4197=IFCPRODUCTDEFINITIONSHAPE($,$,(#4199));
#4198=IFCMATERIALPROFILESETUSAGE(#4200,10,$);
#4199=IFCTOPOLOGYREPRESENTATION(#99,$,'Edge',(#4201));
#4200=IFCMATERIALPROFILESET($,$,(#4202),$);
#4201=IFCEDGE(#798,#818);
#4202=IFCMATERIALPROFILE($,$,#1704,#1874,$,$);
#4203=IFCSTRUCTURALCURVEMEMBER('3vSM4BV6n5IQZqZz8q2EMT',#95,'301',$,$,$,#4207,.RIGID_JOINED_MEMBER.,#1937);
#4204=IFCRELCONNECTSSTRUCTURALMEMBER('3BFTVcssrDEOhXRtFQ9s1r',#3,$,$,#4203,#800,$,$,$,$);
#4205=IFCRELCONNECTSSTRUCTURALMEMBER('0XgmSYwQrFF9R30CAiCiYb',#3,$,$,#4203,#820,$,$,$,$);
#4206=IFCRELASSOCIATESMATERIAL('0hJrUN1pf0c99ied9$61CK',#3,$,$,(#4203),#4208);
#4207=IFCPRODUCTDEFINITIONSHAPE($,$,(#4209));
#4208=IFCMATERIALPROFILESETUSAGE(#4210,10,$);
#4209=IFCTOPOLOGYREPRESENTATION(#99,$,'Edge',(#4211));
#4210=IFCMATERIALPROFILESET($,$,(#4212),$);
#4211=IFCEDGE(#803,#823);
#4212=IFCMATERIALPROFILE($,$,#1704,#1874,$,$);
#4213=IFCSTRUCTURALCURVEMEMBER('0b8C$agPj7AA4qukvrciA5',#95,'302',$,$,$,#4217,.RIGID_JOINED_MEMBER.,#1859);
#4214=IFCRELCONNECTSSTRUCTURALMEMBER('0Z0u4lOCDCefMDUYEunhx_',#3,$,$,#4213,#805,$,$,$,$);
#4215=IFCRELCONNECTSSTRUCTURALMEMBER('3tXrkM3ir1ughWnKIGqwjt',#3,$,$,#4213,#825,$,$,$,$);
#4216=IFCRELASSOCIATESMATERIAL('1gtR0FZpP2Bu2K8IzYvjdo',#3,$,$,(#4213),#4218);
#4217=IFCPRODUCTDEFINITIONSHAPE($,$,(#4219));
#4218=IFCMATERIALPROFILESETUSAGE(#4220,10,$);
#4219=IFCTOPOLOGYREPRESENTATION(#99,$,'Edge',(#4221));
#4220=IFCMATERIALPROFILESET($,$,(#4222),$);
#4221=IFCEDGE(#808,#828);
#4222=IFCMATERIALPROFILE($,$,#1704,#1874,$,$);
#4223=IFCSTRUCTURALCURVEMEMBER('2u12ZU7WXEd85rWHTtq8PG',#95,'303',$,$,$,#4227,.RIGID_JOINED_MEMBER.,#1895);
#4224=IFCRELCONNECTSSTRUCTURALMEMBER('3uJDhCvFH1SuptT96XMO8B',#3,$,$,#4223,#810,$,$,$,$);
#4225=IFCRELCONNECTSSTRUCTURALMEMBER('1uiVbUnvPCxh9oimV7d981',#3,$,$,#4223,#830,$,$,$,$);
#4226=IFCRELASSOCIATESMATERIAL('3ORJmiEf5D78z5xtRKSZe5',#3,$,$,(#4223),#4228);
#4227=IFCPRODUCTDEFINITIONSHAPE($,$,(#4229));
#4228=IFCMATERIALPROFILESETUSAGE(#4230,10,$);
#4229=IFCTOPOLOGYREPRESENTATION(#99,$,'Edge',(#4231));
#4230=IFCMATERIALPROFILESET($,$,(#4232),$);
#4231=IFCEDGE(#813,#833);
#4232=IFCMATERIALPROFILE($,$,#1704,#1874,$,$);
#4233=IFCSTRUCTURALCURVEMEMBER('0WryhzJM15lQrLD8NqKbz7',#95,'304',$,$,$,#4237,.RIGID_JOINED_MEMBER.,#1916);
#4234=IFCRELCONNECTSSTRUCTURALMEMBER('3a8RJZgDj2s9iie2Nq$7qm',#3,$,$,#4233,#815,$,$,$,$);
#4235=IFCRELCONNECTSSTRUCTURALMEMBER('1iPwlZbh54OQkXk0XuyGVf',#3,$,$,#4233,#835,$,$,$,$);
#4236=IFCRELASSOCIATESMATERIAL('0lyAyRNdr8mfggVSAfEheF',#3,$,$,(#4233),#4238);
#4237=IFCPRODUCTDEFINITIONSHAPE($,$,(#4239));
#4238=IFCMATERIALPROFILESETUSAGE(#4240,10,$);
#4239=IFCTOPOLOGYREPRESENTATION(#99,$,'Edge',(#4241));
#4240=IFCMATERIALPROFILESET($,$,(#4242),$);
#4241=IFCEDGE(#818,#838);
#4242=IFCMATERIALPROFILE($,$,#1704,#1874,$,$);
#4243=IFCSTRUCTURALCURVEMEMBER('0pBpqvpirFCeulUF5n9v3I',#95,'305',$,$,$,#4247,.RIGID_JOINED_MEMBER.,#1937);
#4244=IFCRELCONNECTSSTRUCTURALMEMBER('1BV4l9Ncz1mekY7RtAJIhM',#3,$,$,#4243,#820,$,$,$,$);
#4245=IFCRELCONNECTSSTRUCTURALMEMBER('1CxLqNqLr1QRiCDmDZP52F',#3,$,$,#4243,#840,$,$,$,$);
#4246=IFCRELASSOCIATESMATERIAL('01oOU7IGn1RuvVnH4lWMDj',#3,$,$,(#4243),#4248);
#4247=IFCPRODUCTDEFINITIONSHAPE($,$,(#4249));
#4248=IFCMATERIALPROFILESETUSAGE(#4250,10,$);
#4249=IFCTOPOLOGYREPRESENTATION(#99,$,'Edge',(#4251));
#4250=IFCMATERIALPROFILESET($,$,(#4252),$);
#4251=IFCEDGE(#823,#843);
#4252=IFCMATERIALPROFILE($,$,#1704,#1874,$,$);
#4253=IFCSTRUCTURALCURVEMEMBER('19ZM3vFSr75Q0KxrpgiYzH',#95,'306',$,$,$,#4257,.RIGID_JOINED_MEMBER.,#1859);
#4254=IFCRELCONNECTSSTRUCTURALMEMBER('0KzZoe4iP5IwEEZJXudkiP',#3,$,$,#4253,#825,$,$,$,$);
#4255=IFCRELCONNECTSSTRUCTURALMEMBER('3qkZysj$T7e8qrRSxz2tCH',#3,$,$,#4253,#845,$,$,$,$);
#4256=IFCRELASSOCIATESMATERIAL('3WllJdAsz9IAqwXEJE9uVN',#3,$,$,(#4253),#4258);
#4257=IFCPRODUCTDEFINITIONSHAPE($,$,(#4259));
#4258=IFCMATERIALPROFILESETUSAGE(#4260,10,$);
#4259=IFCTOPOLOGYREPRESENTATION(#99,$,'Edge',(#4261));
#4260=IFCMATERIALPROFILESET($,$,(#4262),$);
#4261=IFCEDGE(#828,#848);
#4262=IFCMATERIALPROFILE($,$,#1704,#1874,$,$);
#4263=IFCSTRUCTURALCURVEMEMBER('2coZmqwnH8KgJU5n4QiUER',#95,'307',$,$,$,#4267,.RIGID_JOINED_MEMBER.,#1895);
#4264=IFCRELCONNECTSSTRUCTURALMEMBER('0g4ibcxdL5zASwr$15lAIF',#3,$,$,#4263,#830,$,$,$,$);
#4265=IFCRELCONNECTSSTRUCTURALMEMBER('2tNihEUEb9dx7Mb403sZLf',#3,$,$,#4263,#850,$,$,$,$);
#4266=IFCRELASSOCIATESMATERIAL('2qCIigaxf8jhBBxO06C2XD',#3,$,$,(#4263),#4268);
#4267=IFCPRODUCTDEFINITIONSHAPE($,$,(#4269));
#4268=IFCMATERIALPROFILESETUSAGE(#4270,10,$);
#4269=IFCTOPOLOGYREPRESENTATION(#99,$,'Edge',(#4271));
#4270=IFCMATERIALPROFILESET($,$,(#4272),$);
#4271=IFCEDGE(#833,#853);
#4272=IFCMATERIALPROFILE($,$,#1704,#1874,$,$);
#4273=IFCSTRUCTURALCURVEMEMBER('2mGTm_Z092ke9iBvtZy8G5',#95,'308',$,$,$,#4277,.RIGID_JOINED_MEMBER.,#1916);
#4274=IFCRELCONNECTSSTRUCTURALMEMBER('0ztRjroTzEqBYY6Sx7Skrg',#3,$,$,#4273,#835,$,$,$,$);
#4275=IFCRELCONNECTSSTRUCTURALMEMBER('3x3g$bJH9BORX5dokMAMzK',#3,$,$,#4273,#855,$,$,$,$);
#4276=IFCRELASSOCIATESMATERIAL('24mYKsfVj8SvvBKFzCCS0a',#3,$,$,(#4273),#4278);
#4277=IFCPRODUCTDEFINITIONSHAPE($,$,(#4279));
#4278=IFCMATERIALPROFILESETUSAGE(#4280,10,$);
#4279=IFCTOPOLOGYREPRESENTATION(#99,$,'Edge',(#4281));
#4280=IFCMATERIALPROFILESET($,$,(#4282),$);
#4281=IFCEDGE(#838,#858);
#4282=IFCMATERIALPROFILE($,$,#1704,#1874,$,$);
#4283=IFCSTRUCTURALCURVEMEMBER('0reJKLXNz05RKZLgtokHA$',#95,'309',$,$,$,#4287,.RIGID_JOINED_MEMBER.,#1937);
#4284=IFCRELCONNECTSSTRUCTURALMEMBER('1VAm9zI_XEqQ3zIPfkl2ii',#3,$,$,#4283,#840,$,$,$,$);
#4285=IFCRELCONNECTSSTRUCTURALMEMBER('04mF9MyqvAHRymG7XiRcZ4',#3,$,$,#4283,#860,$,$,$,$);
#4286=IFCRELASSOCIATESMATERIAL('0a5IWKOij8nPmJbgbJEuyQ',#3,$,$,(#4283),#4288);
#4287=IFCPRODUCTDEFINITIONSHAPE($,$,(#4289));
#4288=IFCMATERIALPROFILESETUSAGE(#4290,10,$);
#4289=IFCTOPOLOGYREPRESENTATION(#99,$,'Edge',(#4291));
#4290=IFCMATERIALPROFILESET($,$,(#4292),$);
#4291=IFCEDGE(#843,#863);
#4292=IFCMATERIALPROFILE($,$,#1704,#1874,$,$);
#4293=IFCSTRUCTURALCURVEMEMBER('1eOZrkStT2uvwvoGl3T9_2',#95,'310',$,$,$,#4297,.RIGID_JOINED_MEMBER.,#1859);
#4294=IFCRELCONNECTSSTRUCTURALMEMBER('1B7wl8VFf9Du5sjU_ADPvF',#3,$,$,#4293,#845,$,$,$,$);
#4295=IFCRELCONNECTSSTRUCTURALMEMBER('1kdxmx4sj0q91f_KdZ95Zk',#3,$,$,#4293,#865,$,$,$,$);
#4296=IFCRELASSOCIATESMATERIAL('14V0tju$5Cjva33kTpertj',#3,$,$,(#4293),#4298);
#4297=IFCPRODUCTDEFINITIONSHAPE($,$,(#4299));
#4298=IFCMATERIALPROFILESETUSAGE(#4300,10,$);
#4299=IFCTOPOLOGYREPRESENTATION(#99,$,'Edge',(#4301));
#4300=IFCMATERIALPROFILESET($,$,(#4302),$);
#4301=IFCEDGE(#848,#868);
#4302=IFCMATERIALPROFILE($,$,#1704,#1874,$,$);
#4303=IFCSTRUCTURALCURVEMEMBER('0GNTl4qDv11PJmPG7bKaZJ',#95,'311',$,$,$,#4307,.RIGID_JOINED_MEMBER.,#1895);
#4304=IFCRELCONNECTSSTRUCTURALMEMBER('3LaIq8NKH5jfOU8qblC4hC',#3,$,$,#4303,#850,$,$,$,$);
#4305=IFCRELCONNECTSSTRUCTURALMEMBER('0EJvwfZzbFgetYmUrkmdJa',#3,$,$,#4303,#870,$,$,$,$);
#4306=IFCRELASSOCIATESMATERIAL('1ljR3UoKT5rwbPgaaXpJwl',#3,$,$,(#4303),#4308);
#4307=IFCPRODUCTDEFINITIONSHAPE($,$,(#4309));
#4308=IFCMATERIALPROFILESETUSAGE(#4310,10,$);
#4309=IFCTOPOLOGYREPRESENTATION(#99,$,'Edge',(#4311));
#4310=IFCMATERIALPROFILESET($,$,(#4312),$);
#4311=IFCEDGE(#853,#873);
#4312=IFCMATERIALPROFILE($,$,#1704,#1874,$,$);
#4313=IFCSTRUCTURALCURVEMEMBER('3x8ZbU0uH6VgRZD5AjSR6e',#95,'312',$,$,$,#4317,.RIGID_JOINED_MEMBER.,#1916);
#4314=IFCRELCONNECTSSTRUCTURALMEMBER('3k$Fk7LW5FBR3mDrtk0dDe',#3,$,$,#4313,#855,$,$,$,$);
#4315=IFCRELCONNECTSSTRUCTURALMEMBER('1shuhFv7L0bvoHamr96Qg8',#3,$,$,#4313,#875,$,$,$,$);
#4316=IFCRELASSOCIATESMATERIAL('3mF756xjH4kQOje_8JMu7_',#3,$,$,(#4313),#4318);
#4317=IFCPRODUCTDEFINITIONSHAPE($,$,(#4319));
#4318=IFCMATERIALPROFILESETUSAGE(#4320,10,$);
#4319=IFCTOPOLOGYREPRESENTATION(#99,$,'Edge',(#4321));
#4320=IFCMATERIALPROFILESET($,$,(#4322),$);
#4321=IFCEDGE(#858,#878);
#4322=IFCMATERIALPROFILE($,$,#1704,#1874,$,$);
#4323=IFCSTRUCTURALCURVEMEMBER('3tltPqEo51GxdSKzdsPoqD',#95,'313',$,$,$,#4327,.RIGID_JOINED_MEMBER.,#1937);
#4324=IFCRELCONNECTSSTRUCTURALMEMBER('1$tUQokxXFjQXNy5mnx4HD',#3,$,$,#4323,#860,$,$,$,$);
#4325=IFCRELCONNECTSSTRUCTURALMEMBER('019l_8r5bDWPSVdtf5Twhq',#3,$,$,#4323,#880,$,$,$,$);
#4326=IFCRELASSOCIATESMATERIAL('0m6HKVIkf6APAI04Yg5AZP',#3,$,$,(#4323),#4328);
#4327=IFCPRODUCTDEFINITIONSHAPE($,$,(#4329));
#4328=IFCMATERIALPROFILESETUSAGE(#4330,10,$);
#4329=IFCTOPOLOGYREPRESENTATION(#99,$,'Edge',(#4331));
#4330=IFCMATERIALPROFILESET($,$,(#4332),$);
#4331=IFCEDGE(#863,#883);
#4332=IFCMATERIALPROFILE($,$,#1704,#1874,$,$);
#4333=IFCSTRUCTURALCURVEMEMBER('1XtcYj1ATFjxybg2UQCwaU',#95,'314',$,$,$,#4337,.RIGID_JOINED_MEMBER.,#1859);
#4334=IFCRELCONNECTSSTRUCTURALMEMBER('2ibtof4dD5zxUYsroLIhyH',#3,$,$,#4333,#865,$,$,$,$);
#4335=IFCRELCONNECTSSTRUCTURALMEMBER('36EJ6m8iPCgRvGK0nLN0Zp',#3,$,$,#4333,#885,$,$,$,$);
#4336=IFCRELASSOCIATESMATERIAL('0ixjrYP61CnuySp3wnWU6J',#3,$,$,(#4333),#4338);
#4337=IFCPRODUCTDEFINITIONSHAPE($,$,(#4339));
#4338=IFCMATERIALPROFILESETUSAGE(#4340,10,$);
#4339=IFCTOPOLOGYREPRESENTATION(#99,$,'Edge',(#4341));
#4340=IFCMATERIALPROFILESET($,$,(#4342),$);
#4341=IFCEDGE(#868,#888);
#4342=IFCMATERIALPROFILE($,$,#1704,#1874,$,$);
#4343=IFCSTRUCTURALCURVEMEMBER('2LlEtMGy91gQXY2FeHpz7i',#95,'315',$,$,$,#4347,.RIGID_JOINED_MEMBER.,#1859);
#4344=IFCRELCONNECTSSTRUCTURALMEMBER('2XhWV32EjEdOHg$BwwwXa8',#3,$,$,#4343,#885,$,$,$,$);
#4345=IFCRELCONNECTSSTRUCTURALMEMBER('1H3ZvxSEDCkR49IpbZmn$q',#3,$,$,#4343,#516,$,$,$,$);
#4346=IFCRELASSOCIATESMATERIAL('0sAaIkukHEUB208Y3a_VUk',#3,$,$,(#4343),#4348);
#4347=IFCPRODUCTDEFINITIONSHAPE($,$,(#4349));
#4348=IFCMATERIALPROFILESETUSAGE(#4350,10,$);
#4349=IFCTOPOLOGYREPRESENTATION(#99,$,'Edge',(#4351));
#4350=IFCMATERIALPROFILESET($,$,(#4352),$);
#4351=IFCEDGE(#888,#519);
#4352=IFCMATERIALPROFILE($,$,#1704,#1874,$,$);
#4353=IFCSTRUCTURALCURVEMEMBER('3N2$1kg09AGfXJRp34ZHcB',#95,'316',$,$,$,#4357,.RIGID_JOINED_MEMBER.,#1895);
#4354=IFCRELCONNECTSSTRUCTURALMEMBER('147MWt25z4B9Sc6xKVFz$$',#3,$,$,#4353,#870,$,$,$,$);
#4355=IFCRELCONNECTSSTRUCTURALMEMBER('2bksooVOH23g8c0JFz26iy',#3,$,$,#4353,#890,$,$,$,$);
#4356=IFCRELASSOCIATESMATERIAL('1rQzSCxNj9cOt0kZSLc4PG',#3,$,$,(#4353),#4358);
#4357=IFCPRODUCTDEFINITIONSHAPE($,$,(#4359));
#4358=IFCMATERIALPROFILESETUSAGE(#4360,10,$);
#4359=IFCTOPOLOGYREPRESENTATION(#99,$,'Edge',(#4361));
#4360=IFCMATERIALPROFILESET($,$,(#4362),$);
#4361=IFCEDGE(#873,#893);
#4362=IFCMATERIALPROFILE($,$,#1704,#1874,$,$);
#4363=IFCSTRUCTURALCURVEMEMBER('0jnKxyUKL29fVqdtVaJ4_D',#95,'317',$,$,$,#4367,.RIGID_JOINED_MEMBER.,#1895);
#4364=IFCRELCONNECTSSTRUCTURALMEMBER('0XuGaKf2P9tw3_G4ntdqox',#3,$,$,#4363,#890,$,$,$,$);
#4365=IFCRELCONNECTSSTRUCTURALMEMBER('37A73jQwv1jBxeNHC$XfQY',#3,$,$,#4363,#526,$,$,$,$);
#4366=IFCRELASSOCIATESMATERIAL('2JRSOBwm95WhiAjUOwf01z',#3,$,$,(#4363),#4368);
#4367=IFCPRODUCTDEFINITIONSHAPE($,$,(#4369));
#4368=IFCMATERIALPROFILESETUSAGE(#4370,10,$);
#4369=IFCTOPOLOGYREPRESENTATION(#99,$,'Edge',(#4371));
#4370=IFCMATERIALPROFILESET($,$,(#4372),$);
#4371=IFCEDGE(#893,#529);
#4372=IFCMATERIALPROFILE($,$,#1704,#1874,$,$);
#4373=IFCSTRUCTURALCURVEMEMBER('3Yqd_0_jXD$wQBMfASTF$K',#95,'318',$,$,$,#4377,.RIGID_JOINED_MEMBER.,#1916);
#4374=IFCRELCONNECTSSTRUCTURALMEMBER('3LgLINGz91ZhPysiyUKPtz',#3,$,$,#4373,#875,$,$,$,$);
#4375=IFCRELCONNECTSSTRUCTURALMEMBER('3BMZ90KP5BPgIP2gMIDW4v',#3,$,$,#4373,#895,$,$,$,$);
#4376=IFCRELASSOCIATESMATERIAL('0HVy59W3bDkPjjNP86QZ0N',#3,$,$,(#4373),#4378);
#4377=IFCPRODUCTDEFINITIONSHAPE($,$,(#4379));
#4378=IFCMATERIALPROFILESETUSAGE(#4380,10,$);
#4379=IFCTOPOLOGYREPRESENTATION(#99,$,'Edge',(#4381));
#4380=IFCMATERIALPROFILESET($,$,(#4382),$);
#4381=IFCEDGE(#878,#898);
#4382=IFCMATERIALPROFILE($,$,#1704,#1874,$,$);
#4383=IFCSTRUCTURALCURVEMEMBER('23Ip8G95L74gJ_3mmGQyR3',#95,'319',$,$,$,#4387,.RIGID_JOINED_MEMBER.,#1916);
#4384=IFCRELCONNECTSSTRUCTURALMEMBER('1ZVgmsanX5MQBXBjvwdhHy',#3,$,$,#4383,#895,$,$,$,$);
#4385=IFCRELCONNECTSSTRUCTURALMEMBER('2Dm3$5XMP6yA9gYNvLPzE2',#3,$,$,#4383,#536,$,$,$,$);
#4386=IFCRELASSOCIATESMATERIAL('3T7pUBE1H5RPAeDEIz_$jd',#3,$,$,(#4383),#4388);
#4387=IFCPRODUCTDEFINITIONSHAPE($,$,(#4389));
#4388=IFCMATERIALPROFILESETUSAGE(#4390,10,$);
#4389=IFCTOPOLOGYREPRESENTATION(#99,$,'Edge',(#4391));
#4390=IFCMATERIALPROFILESET($,$,(#4392),$);
#4391=IFCEDGE(#898,#539);
#4392=IFCMATERIALPROFILE($,$,#1704,#1874,$,$);
#4393=IFCSTRUCTURALCURVEMEMBER('1oCu__2Pv7aPcy9M5kbjpa',#95,'320',$,$,$,#4397,.RIGID_JOINED_MEMBER.,#1937);
#4394=IFCRELCONNECTSSTRUCTURALMEMBER('2BLFSY_SHBGxqC$vCLN0bR',#3,$,$,#4393,#880,$,$,$,$);
#4395=IFCRELCONNECTSSTRUCTURALMEMBER('0c8x$jioz1cxnzjjWiiYEf',#3,$,$,#4393,#900,$,$,$,$);
#4396=IFCRELASSOCIATESMATERIAL('0GzdvhXlf60eArfrmlFszu',#3,$,$,(#4393),#4398);
#4397=IFCPRODUCTDEFINITIONSHAPE($,$,(#4399));
#4398=IFCMATERIALPROFILESETUSAGE(#4400,10,$);
#4399=IFCTOPOLOGYREPRESENTATION(#99,$,'Edge',(#4401));
#4400=IFCMATERIALPROFILESET($,$,(#4402),$);
#4401=IFCEDGE(#883,#903);
#4402=IFCMATERIALPROFILE($,$,#1704,#1874,$,$);
#4403=IFCSTRUCTURALCURVEMEMBER('2mHQOoiQ91dxO7KDQh_UjU',#95,'321',$,$,$,#4407,.RIGID_JOINED_MEMBER.,#1937);
#4404=IFCRELCONNECTSSTRUCTURALMEMBER('2ZfSWh9hf2NR$n$oDjVKyV',#3,$,$,#4403,#900,$,$,$,$);
#4405=IFCRELCONNECTSSTRUCTURALMEMBER('10oKt3I8v3o8g0jwzF0jz4',#3,$,$,#4403,#546,$,$,$,$);
#4406=IFCRELASSOCIATESMATERIAL('0jh3u81hn6ywVs417bToUd',#3,$,$,(#4403),#4408);
#4407=IFCPRODUCTDEFINITIONSHAPE($,$,(#4409));
#4408=IFCMATERIALPROFILESETUSAGE(#4410,10,$);
#4409=IFCTOPOLOGYREPRESENTATION(#99,$,'Edge',(#4411));
#4410=IFCMATERIALPROFILESET($,$,(#4412),$);
#4411=IFCEDGE(#903,#549);
#4412=IFCMATERIALPROFILE($,$,#1704,#1874,$,$);
#4413=IFCSTRUCTURALCURVEMEMBER('02V8SsTWDAFQLQTSmFYcSh',#95,'322',$,$,$,#4417,.RIGID_JOINED_MEMBER.,#2629);
#4414=IFCRELCONNECTSSTRUCTURALMEMBER('1KIFE9DQ5F7x5aSRVTmEoI',#3,$,$,#4413,#511,#97,$,$,$);
#4415=IFCRELCONNECTSSTRUCTURALMEMBER('2TeMb164rEWA4B_5iJTF7y',#3,$,$,#4413,#570,#1681,$,$,$);
#4416=IFCRELASSOCIATESMATERIAL('0YzVcJvLX7FAR05sGb0X8U',#3,$,$,(#4413),#4418);
#4417=IFCPRODUCTDEFINITIONSHAPE($,$,(#4419));
#4418=IFCMATERIALPROFILESETUSAGE(#4420,10,$);
#4419=IFCTOPOLOGYREPRESENTATION(#99,$,'Edge',(#4421));
#4420=IFCMATERIALPROFILESET($,$,(#4422),$);
#4421=IFCEDGE(#514,#573);
#4422=IFCMATERIALPROFILE($,$,#1704,#2644,$,$);
#4423=IFCSTRUCTURALCURVEMEMBER('03G7qFCjn7JPPDSKGsk6Yd',#95,'323',$,$,$,#4427,.RIGID_JOINED_MEMBER.,#2656);
#4424=IFCRELCONNECTSSTRUCTURALMEMBER('0TBAHcoSb6keWIh2lW$WNM',#3,$,$,#4423,#570,#97,$,$,$);
#4425=IFCRELCONNECTSSTRUCTURALMEMBER('2z0KkkfGD4ROejf6V_KwKZ',#3,$,$,#4423,#585,#1681,$,$,$);
#4426=IFCRELASSOCIATESMATERIAL('1NJ4OSg1zDeulQkgCzD2RT',#3,$,$,(#4423),#4428);
#4427=IFCPRODUCTDEFINITIONSHAPE($,$,(#4429));
#4428=IFCMATERIALPROFILESETUSAGE(#4430,10,$);
#4429=IFCTOPOLOGYREPRESENTATION(#99,$,'Edge',(#4431));
#4430=IFCMATERIALPROFILESET($,$,(#4432),$);
#4431=IFCEDGE(#573,#588);
#4432=IFCMATERIALPROFILE($,$,#1704,#2644,$,$);
#4433=IFCSTRUCTURALCURVEMEMBER('1cUbnn9Uz7BfGuW$tWZZYL',#95,'324',$,$,$,#4437,.RIGID_JOINED_MEMBER.,#2673);
#4434=IFCRELCONNECTSSTRUCTURALMEMBER('148JnvurvDxu9pS4rDOCgM',#3,$,$,#4433,#585,#97,$,$,$);
#4435=IFCRELCONNECTSSTRUCTURALMEMBER('28e_utyLP7FOY9brIeKDO8',#3,$,$,#4433,#610,#1681,$,$,$);
#4436=IFCRELASSOCIATESMATERIAL('1aQKLaKmr9JegYd677mum0',#3,$,$,(#4433),#4438);
#4437=IFCPRODUCTDEFINITIONSHAPE($,$,(#4439));
#4438=IFCMATERIALPROFILESETUSAGE(#4440,10,$);
#4439=IFCTOPOLOGYREPRESENTATION(#99,$,'Edge',(#4441));
#4440=IFCMATERIALPROFILESET($,$,(#4442),$);
#4441=IFCEDGE(#588,#613);
#4442=IFCMATERIALPROFILE($,$,#1704,#2644,$,$);
#4443=IFCSTRUCTURALCURVEMEMBER('0gNd2tLvj83fcA6hdd3iVR',#95,'325',$,$,$,#4447,.RIGID_JOINED_MEMBER.,#2684);
#4444=IFCRELCONNECTSSTRUCTURALMEMBER('231ICBUOD0QfJc8g8fh_7Z',#3,$,$,#4443,#610,#97,$,$,$);
#4445=IFCRELCONNECTSSTRUCTURALMEMBER('2mf7aCDdj6lww$FRgRemD6',#3,$,$,#4443,#625,#1681,$,$,$);
#4446=IFCRELASSOCIATESMATERIAL('0QDHXgtnP0aQlCSbrBvy9m',#3,$,$,(#4443),#4448);
#4447=IFCPRODUCTDEFINITIONSHAPE($,$,(#4449));
#4448=IFCMATERIALPROFILESETUSAGE(#4450,10,$);
#4449=IFCTOPOLOGYREPRESENTATION(#99,$,'Edge',(#4451));
#4450=IFCMATERIALPROFILESET($,$,(#4452),$);
#4451=IFCEDGE(#613,#628);
#4452=IFCMATERIALPROFILE($,$,#1704,#2644,$,$);
#4453=IFCSTRUCTURALCURVEMEMBER('1c1Oh2IkjAQxyG$f8XCa8q',#95,'326',$,$,$,#4457,.RIGID_JOINED_MEMBER.,#2695);
#4454=IFCRELCONNECTSSTRUCTURALMEMBER('0wTEZi2B99setqzhYeD3tZ',#3,$,$,#4453,#625,#97,$,$,$);
#4455=IFCRELCONNECTSSTRUCTURALMEMBER('18Vxs$uGX1mwx_IU2XH1MU',#3,$,$,#4453,#650,#1681,$,$,$);
#4456=IFCRELASSOCIATESMATERIAL('2DttnAE0HFewxSAvRIrpoB',#3,$,$,(#4453),#4458);
#4457=IFCPRODUCTDEFINITIONSHAPE($,$,(#4459));
#4458=IFCMATERIALPROFILESETUSAGE(#4460,10,$);
#4459=IFCTOPOLOGYREPRESENTATION(#99,$,'Edge',(#4461));
#4460=IFCMATERIALPROFILESET($,$,(#4462),$);
#4461=IFCEDGE(#628,#653);
#4462=IFCMATERIALPROFILE($,$,#1704,#2644,$,$);
#4463=IFCSTRUCTURALCURVEMEMBER('29zQV_v795OBMi3H75CjL2',#95,'327',$,$,$,#4467,.RIGID_JOINED_MEMBER.,#2706);
#4464=IFCRELCONNECTSSTRUCTURALMEMBER('3H6mfqMeb3LOpKHb1KSQN$',#3,$,$,#4463,#650,#97,$,$,$);
#4465=IFCRELCONNECTSSTRUCTURALMEMBER('04kZOmCW1AuPfuVrFZIHgv',#3,$,$,#4463,#665,#1681,$,$,$);
#4466=IFCRELASSOCIATESMATERIAL('0cWw4qCbHBIhXdJ1qYn1tw',#3,$,$,(#4463),#4468);
#4467=IFCPRODUCTDEFINITIONSHAPE($,$,(#4469));
#4468=IFCMATERIALPROFILESETUSAGE(#4470,10,$);
#4469=IFCTOPOLOGYREPRESENTATION(#99,$,'Edge',(#4471));
#4470=IFCMATERIALPROFILESET($,$,(#4472),$);
#4471=IFCEDGE(#653,#668);
#4472=IFCMATERIALPROFILE($,$,#1704,#2644,$,$);
#4473=IFCSTRUCTURALCURVEMEMBER('00ZWk5thDDag45w8Jhj$qc',#95,'328',$,$,$,#4477,.RIGID_JOINED_MEMBER.,#2717);
#4474=IFCRELCONNECTSSTRUCTURALMEMBER('3l79j1Rt542P$8GTP_Prpb',#3,$,$,#4473,#665,#97,$,$,$);
#4475=IFCRELCONNECTSSTRUCTURALMEMBER('3rxge_bLX7cAucEY7TXoWg',#3,$,$,#4473,#690,#1681,$,$,$);
#4476=IFCRELASSOCIATESMATERIAL('1cpCVRqBf3RAXcUSKWW_r0',#3,$,$,(#4473),#4478);
#4477=IFCPRODUCTDEFINITIONSHAPE($,$,(#4479));
#4478=IFCMATERIALPROFILESETUSAGE(#4480,10,$);
#4479=IFCTOPOLOGYREPRESENTATION(#99,$,'Edge',(#4481));
#4480=IFCMATERIALPROFILESET($,$,(#4482),$);
#4481=IFCEDGE(#668,#693);
#4482=IFCMATERIALPROFILE($,$,#1704,#2644,$,$);
#4483=IFCSTRUCTURALCURVEMEMBER('3cRGGf22bDIeBbTeiZNDDh',#95,'329',$,$,$,#4487,.RIGID_JOINED_MEMBER.,#2728);
#4484=IFCRELCONNECTSSTRUCTURALMEMBER('2t1XDuQkT1mQI2LHXgc0w_',#3,$,$,#4483,#690,#97,$,$,$);
#4485=IFCRELCONNECTSSTRUCTURALMEMBER('3J$Z8MmsXDPRALDIQJdNo3',#3,$,$,#4483,#705,#1681,$,$,$);
#4486=IFCRELASSOCIATESMATERIAL('01PYwX3wz4awZzhWdGgkE1',#3,$,$,(#4483),#4488);
#4487=IFCPRODUCTDEFINITIONSHAPE($,$,(#4489));
#4488=IFCMATERIALPROFILESETUSAGE(#4490,10,$);
#4489=IFCTOPOLOGYREPRESENTATION(#99,$,'Edge',(#4491));
#4490=IFCMATERIALPROFILESET($,$,(#4492),$);
#4491=IFCEDGE(#693,#708);
#4492=IFCMATERIALPROFILE($,$,#1704,#2644,$,$);
#4493=IFCSTRUCTURALCURVEMEMBER('3LukjUMBP4eOFmLM1YGUgE',#95,'330',$,$,$,#4497,.RIGID_JOINED_MEMBER.,#2739);
#4494=IFCRELCONNECTSSTRUCTURALMEMBER('2qzhB2oInETuCRzqLdSMBn',#3,$,$,#4493,#705,#97,$,$,$);
#4495=IFCRELCONNECTSSTRUCTURALMEMBER('0VIBFcqAT2YO1c78dvN1m0',#3,$,$,#4493,#730,#1681,$,$,$);
#4496=IFCRELASSOCIATESMATERIAL('1LwFgfH053vxY8SCs2KcqE',#3,$,$,(#4493),#4498);
#4497=IFCPRODUCTDEFINITIONSHAPE($,$,(#4499));
#4498=IFCMATERIALPROFILESETUSAGE(#4500,10,$);
#4499=IFCTOPOLOGYREPRESENTATION(#99,$,'Edge',(#4501));
#4500=IFCMATERIALPROFILESET($,$,(#4502),$);
#4501=IFCEDGE(#708,#733);
#4502=IFCMATERIALPROFILE($,$,#1704,#2644,$,$);
#4503=IFCSTRUCTURALCURVEMEMBER('1VFMYYD3j6TO_wZM3SIbKg',#95,'331',$,$,$,#4507,.RIGID_JOINED_MEMBER.,#2750);
#4504=IFCRELCONNECTSSTRUCTURALMEMBER('14c4CbHYz1MBvhcLdKUTuo',#3,$,$,#4503,#730,#97,$,$,$);
#4505=IFCRELCONNECTSSTRUCTURALMEMBER('28jKbO9kn2ffhJK_lumoSd',#3,$,$,#4503,#745,#1681,$,$,$);
#4506=IFCRELASSOCIATESMATERIAL('0NwEJum8590x1MRaaIS6HW',#3,$,$,(#4503),#4508);
#4507=IFCPRODUCTDEFINITIONSHAPE($,$,(#4509));
#4508=IFCMATERIALPROFILESETUSAGE(#4510,10,$);
#4509=IFCTOPOLOGYREPRESENTATION(#99,$,'Edge',(#4511));
#4510=IFCMATERIALPROFILESET($,$,(#4512),$);
#4511=IFCEDGE(#733,#748);
#4512=IFCMATERIALPROFILE($,$,#1704,#2644,$,$);
#4513=IFCSTRUCTURALCURVEMEMBER('3zjvwAN9H6xgQf0GGkUpG4',#95,'332',$,$,$,#4517,.RIGID_JOINED_MEMBER.,#2761);
#4514=IFCRELCONNECTSSTRUCTURALMEMBER('16nYsRlXH64uC0Rzsy3LUf',#3,$,$,#4513,#745,#97,$,$,$);
#4515=IFCRELCONNECTSSTRUCTURALMEMBER('1LbyP8dff5fOJiUUDcHwEt',#3,$,$,#4513,#770,#1681,$,$,$);
#4516=IFCRELASSOCIATESMATERIAL('13Cwny8Gj75hIyGgXMdCB_',#3,$,$,(#4513),#4518);
#4517=IFCPRODUCTDEFINITIONSHAPE($,$,(#4519));
#4518=IFCMATERIALPROFILESETUSAGE(#4520,10,$);
#4519=IFCTOPOLOGYREPRESENTATION(#99,$,'Edge',(#4521));
#4520=IFCMATERIALPROFILESET($,$,(#4522),$);
#4521=IFCEDGE(#748,#773);
#4522=IFCMATERIALPROFILE($,$,#1704,#2644,$,$);
#4523=IFCSTRUCTURALCURVEMEMBER('068xPefAjEQOfAa5NS3vra',#95,'333',$,$,$,#4527,.RIGID_JOINED_MEMBER.,#2772);
#4524=IFCRELCONNECTSSTRUCTURALMEMBER('24nMnAy_D7aR7Gss56TkPw',#3,$,$,#4523,#770,#97,$,$,$);
#4525=IFCRELCONNECTSSTRUCTURALMEMBER('28uyQLb4H9jPaPTrjuQAgV',#3,$,$,#4523,#785,#1681,$,$,$);
#4526=IFCRELASSOCIATESMATERIAL('0L_usbHuTAnvalZEcMoMEv',#3,$,$,(#4523),#4528);
#4527=IFCPRODUCTDEFINITIONSHAPE($,$,(#4529));
#4528=IFCMATERIALPROFILESETUSAGE(#4530,10,$);
#4529=IFCTOPOLOGYREPRESENTATION(#99,$,'Edge',(#4531));
#4530=IFCMATERIALPROFILESET($,$,(#4532),$);
#4531=IFCEDGE(#773,#788);
#4532=IFCMATERIALPROFILE($,$,#1704,#2644,$,$);
#4533=IFCSTRUCTURALCURVEMEMBER('2YaN86j1n6iAGWaedvv9uk',#95,'334',$,$,$,#4537,.RIGID_JOINED_MEMBER.,#2783);
#4534=IFCRELCONNECTSSTRUCTURALMEMBER('2k5mews495p8rV6B1RKUFh',#3,$,$,#4533,#785,#97,$,$,$);
#4535=IFCRELCONNECTSSTRUCTURALMEMBER('3VTh6URUn8zQ$3PituYt8o',#3,$,$,#4533,#810,#1681,$,$,$);
#4536=IFCRELASSOCIATESMATERIAL('3_XoFt74D3fwh8LafgSQA5',#3,$,$,(#4533),#4538);
#4537=IFCPRODUCTDEFINITIONSHAPE($,$,(#4539));
#4538=IFCMATERIALPROFILESETUSAGE(#4540,10,$);
#4539=IFCTOPOLOGYREPRESENTATION(#99,$,'Edge',(#4541));
#4540=IFCMATERIALPROFILESET($,$,(#4542),$);
#4541=IFCEDGE(#788,#813);
#4542=IFCMATERIALPROFILE($,$,#1704,#2644,$,$);
#4543=IFCSTRUCTURALCURVEMEMBER('0VtCgaiK596f7DG0sOcFkA',#95,'335',$,$,$,#4547,.RIGID_JOINED_MEMBER.,#2794);
#4544=IFCRELCONNECTSSTRUCTURALMEMBER('3cxmc8KwDE_Bg30yeazt40',#3,$,$,#4543,#810,#97,$,$,$);
#4545=IFCRELCONNECTSSTRUCTURALMEMBER('36SDYFfEP46whqODnhBoaI',#3,$,$,#4543,#825,#1681,$,$,$);
#4546=IFCRELASSOCIATESMATERIAL('19WeNXGyPA6vgV8SdMoT_B',#3,$,$,(#4543),#4548);
#4547=IFCPRODUCTDEFINITIONSHAPE($,$,(#4549));
#4548=IFCMATERIALPROFILESETUSAGE(#4550,10,$);
#4549=IFCTOPOLOGYREPRESENTATION(#99,$,'Edge',(#4551));
#4550=IFCMATERIALPROFILESET($,$,(#4552),$);
#4551=IFCEDGE(#813,#828);
#4552=IFCMATERIALPROFILE($,$,#1704,#2644,$,$);
#4553=IFCSTRUCTURALCURVEMEMBER('1$Mx82tNP2uhNigt8NylyN',#95,'336',$,$,$,#4557,.RIGID_JOINED_MEMBER.,#2805);
#4554=IFCRELCONNECTSSTRUCTURALMEMBER('04S_soP3zAqgKJHCpDecPr',#3,$,$,#4553,#825,#97,$,$,$);
#4555=IFCRELCONNECTSSTRUCTURALMEMBER('08aUMa1359thoidmCfv6M0',#3,$,$,#4553,#850,#1681,$,$,$);
#4556=IFCRELASSOCIATESMATERIAL('1nsqxDPp53_wvcf2nrXL_G',#3,$,$,(#4553),#4558);
#4557=IFCPRODUCTDEFINITIONSHAPE($,$,(#4559));
#4558=IFCMATERIALPROFILESETUSAGE(#4560,10,$);
#4559=IFCTOPOLOGYREPRESENTATION(#99,$,'Edge',(#4561));
#4560=IFCMATERIALPROFILESET($,$,(#4562),$);
#4561=IFCEDGE(#828,#853);
#4562=IFCMATERIALPROFILE($,$,#1704,#2644,$,$);
#4563=IFCSTRUCTURALCURVEMEMBER('2QFWKv3hP9KBU5vu1UvTB0',#95,'337',$,$,$,#4567,.RIGID_JOINED_MEMBER.,#2816);
#4564=IFCRELCONNECTSSTRUCTURALMEMBER('1aZ8e8Jn55jOLCUExn2_ap',#3,$,$,#4563,#850,#97,$,$,$);
#4565=IFCRELCONNECTSSTRUCTURALMEMBER('3tPBaA1A10NgZc1eAgEpv8',#3,$,$,#4563,#865,#1681,$,$,$);
#4566=IFCRELASSOCIATESMATERIAL('2hcMmyP4nDRRIEopckqZJr',#3,$,$,(#4563),#4568);
#4567=IFCPRODUCTDEFINITIONSHAPE($,$,(#4569));
#4568=IFCMATERIALPROFILESETUSAGE(#4570,10,$);
#4569=IFCTOPOLOGYREPRESENTATION(#99,$,'Edge',(#4571));
#4570=IFCMATERIALPROFILESET($,$,(#4572),$);
#4571=IFCEDGE(#853,#868);
#4572=IFCMATERIALPROFILE($,$,#1704,#2644,$,$);
#4573=IFCSTRUCTURALCURVEMEMBER('0AIWGlaHP6TACxTbFP02SI',#95,'338',$,$,$,#4577,.RIGID_JOINED_MEMBER.,#2827);
#4574=IFCRELCONNECTSSTRUCTURALMEMBER('04ADU$R0b7tQP6WJJR4P7G',#3,$,$,#4573,#865,#97,$,$,$);
#4575=IFCRELCONNECTSSTRUCTURALMEMBER('3hmIV3cEHBvx0evfXoDa$k',#3,$,$,#4573,#890,#1681,$,$,$);
#4576=IFCRELASSOCIATESMATERIAL('1sgCt0fZj47R51q4pMZATb',#3,$,$,(#4573),#4578);
#4577=IFCPRODUCTDEFINITIONSHAPE($,$,(#4579));
#4578=IFCMATERIALPROFILESETUSAGE(#4580,10,$);
#4579=IFCTOPOLOGYREPRESENTATION(#99,$,'Edge',(#4581));
#4580=IFCMATERIALPROFILESET($,$,(#4582),$);
#4581=IFCEDGE(#868,#893);
#4582=IFCMATERIALPROFILE($,$,#1704,#2644,$,$);
#4583=IFCSTRUCTURALCURVEMEMBER('3m2kFPD75CPhWkCPuwYV3F',#95,'339',$,$,$,#4587,.RIGID_JOINED_MEMBER.,#2838);
#4584=IFCRELCONNECTSSTRUCTURALMEMBER('1VHnFOIkr9FA_M5zRQC4Jx',#3,$,$,#4583,#890,#97,$,$,$);
#4585=IFCRELCONNECTSSTRUCTURALMEMBER('2MtkFfEo583Q8lxXm9ef3i',#3,$,$,#4583,#516,#1681,$,$,$);
#4586=IFCRELASSOCIATESMATERIAL('2G2q1SiBfDTh4TL0nktyBb',#3,$,$,(#4583),#4588);
#4587=IFCPRODUCTDEFINITIONSHAPE($,$,(#4589));
#4588=IFCMATERIALPROFILESETUSAGE(#4590,10,$);
#4589=IFCTOPOLOGYREPRESENTATION(#99,$,'Edge',(#4591));
#4590=IFCMATERIALPROFILESET($,$,(#4592),$);
#4591=IFCEDGE(#893,#519);
#4592=IFCMATERIALPROFILE($,$,#1704,#2644,$,$);
#4593=IFCSTRUCTURALCURVEMEMBER('2yQbX64kf5w9ptYLFQskU8',#95,'340',$,$,$,#4597,.RIGID_JOINED_MEMBER.,#1680);
#4594=IFCRELCONNECTSSTRUCTURALMEMBER('0qR50ZfnbA_OfVC$T7ESNS',#3,$,$,#4593,#516,#97,$,$,$);
#4595=IFCRELCONNECTSSTRUCTURALMEMBER('3b5DydUELEiQiqyOLmGJd8',#3,$,$,#4593,#526,#1681,$,$,$);
#4596=IFCRELASSOCIATESMATERIAL('3HGX06tETFtvqXRhYAD3cr',#3,$,$,(#4593),#4598);
#4597=IFCPRODUCTDEFINITIONSHAPE($,$,(#4599));
#4598=IFCMATERIALPROFILESETUSAGE(#4600,10,$);
#4599=IFCTOPOLOGYREPRESENTATION(#99,$,'Edge',(#4601));
#4600=IFCMATERIALPROFILESET($,$,(#4602),$);
#4601=IFCEDGE(#519,#529);
#4602=IFCMATERIALPROFILE($,$,#1704,#2644,$,$);
#4603=IFCSTRUCTURALCURVEMEMBER('0m6DOIjTv8LO3t2OyTjLzr',#95,'341',$,$,$,#4607,.RIGID_JOINED_MEMBER.,#1680);
#4604=IFCRELCONNECTSSTRUCTURALMEMBER('391_3mR6X65Qvew$SvzW1N',#3,$,$,#4603,#885,#97,$,$,$);
#4605=IFCRELCONNECTSSTRUCTURALMEMBER('0eH3t6q5P4NRpeJuZHpMeO',#3,$,$,#4603,#890,#1681,$,$,$);
#4606=IFCRELASSOCIATESMATERIAL('0dOAygzgLFPvlEukt_LizS',#3,$,$,(#4603),#4608);
#4607=IFCPRODUCTDEFINITIONSHAPE($,$,(#4609));
#4608=IFCMATERIALPROFILESETUSAGE(#4610,10,$);
#4609=IFCTOPOLOGYREPRESENTATION(#99,$,'Edge',(#4611));
#4610=IFCMATERIALPROFILESET($,$,(#4612),$);
#4611=IFCEDGE(#888,#893);
#4612=IFCMATERIALPROFILE($,$,#1704,#2644,$,$);
#4613=IFCSTRUCTURALCURVEMEMBER('18FIqSTwn0TRoZMhPB2qdt',#95,'342',$,$,$,#4617,.RIGID_JOINED_MEMBER.,#2876);
#4614=IFCRELCONNECTSSTRUCTURALMEMBER('1YBY3gc_HA1vxFZ6ZT8l34',#3,$,$,#4613,#521,#97,$,$,$);
#4615=IFCRELCONNECTSSTRUCTURALMEMBER('3AzTx7G0vCx8jm26B0y$oT',#3,$,$,#4613,#575,#1681,$,$,$);
#4616=IFCRELASSOCIATESMATERIAL('260p_t4ZrDmw_xK6neKCEs',#3,$,$,(#4613),#4618);
#4617=IFCPRODUCTDEFINITIONSHAPE($,$,(#4619));
#4618=IFCMATERIALPROFILESETUSAGE(#4620,10,$);
#4619=IFCTOPOLOGYREPRESENTATION(#99,$,'Edge',(#4621));
#4620=IFCMATERIALPROFILESET($,$,(#4622),$);
#4621=IFCEDGE(#524,#578);
#4622=IFCMATERIALPROFILE($,$,#1704,#2644,$,$);
#4623=IFCSTRUCTURALCURVEMEMBER('3FV2qIR4L9kBYL6L4OQLIY',#95,'343',$,$,$,#4627,.RIGID_JOINED_MEMBER.,#2887);
#4624=IFCRELCONNECTSSTRUCTURALMEMBER('0yPmexoWzAfucRaDl4iFZr',#3,$,$,#4623,#575,#97,$,$,$);
#4625=IFCRELCONNECTSSTRUCTURALMEMBER('2nm9R0zafCAOsLAx$VFW_r',#3,$,$,#4623,#590,#1681,$,$,$);
#4626=IFCRELASSOCIATESMATERIAL('1lvVy8bJH59v2UtytatdPg',#3,$,$,(#4623),#4628);
#4627=IFCPRODUCTDEFINITIONSHAPE($,$,(#4629));
#4628=IFCMATERIALPROFILESETUSAGE(#4630,10,$);
#4629=IFCTOPOLOGYREPRESENTATION(#99,$,'Edge',(#4631));
#4630=IFCMATERIALPROFILESET($,$,(#4632),$);
#4631=IFCEDGE(#578,#593);
#4632=IFCMATERIALPROFILE($,$,#1704,#2644,$,$);
#4633=IFCSTRUCTURALCURVEMEMBER('0881AEMnnA4euHJOGwJ4y4',#95,'344',$,$,$,#4637,.RIGID_JOINED_MEMBER.,#2898);
#4634=IFCRELCONNECTSSTRUCTURALMEMBER('2Ukn5K6Tb9OPwcBP5peFoy',#3,$,$,#4633,#590,#97,$,$,$);
#4635=IFCRELCONNECTSSTRUCTURALMEMBER('3DawuX5WzD_P9aYr_GE1ZS',#3,$,$,#4633,#615,#1681,$,$,$);
#4636=IFCRELASSOCIATESMATERIAL('0KugBegQP0W84hvFXSsav_',#3,$,$,(#4633),#4638);
#4637=IFCPRODUCTDEFINITIONSHAPE($,$,(#4639));
#4638=IFCMATERIALPROFILESETUSAGE(#4640,10,$);
#4639=IFCTOPOLOGYREPRESENTATION(#99,$,'Edge',(#4641));
#4640=IFCMATERIALPROFILESET($,$,(#4642),$);
#4641=IFCEDGE(#593,#618);
#4642=IFCMATERIALPROFILE($,$,#1704,#2644,$,$);
#4643=IFCSTRUCTURALCURVEMEMBER('3qnNPN1RfDfgjd7IzRPK9o',#95,'345',$,$,$,#4647,.RIGID_JOINED_MEMBER.,#2909);
#4644=IFCRELCONNECTSSTRUCTURALMEMBER('0MjzDoJ0L5Kvx_TQC7JeIP',#3,$,$,#4643,#615,#97,$,$,$);
#4645=IFCRELCONNECTSSTRUCTURALMEMBER('1K_KBDWiz30v82t5ZJNZqa',#3,$,$,#4643,#630,#1681,$,$,$);
#4646=IFCRELASSOCIATESMATERIAL('2$xF7IaMbFEvDueB9QVGms',#3,$,$,(#4643),#4648);
#4647=IFCPRODUCTDEFINITIONSHAPE($,$,(#4649));
#4648=IFCMATERIALPROFILESETUSAGE(#4650,10,$);
#4649=IFCTOPOLOGYREPRESENTATION(#99,$,'Edge',(#4651));
#4650=IFCMATERIALPROFILESET($,$,(#4652),$);
#4651=IFCEDGE(#618,#633);
#4652=IFCMATERIALPROFILE($,$,#1704,#2644,$,$);
#4653=IFCSTRUCTURALCURVEMEMBER('2sOD54Kzv3R9s9alIE$bkM',#95,'346',$,$,$,#4657,.RIGID_JOINED_MEMBER.,#2920);
#4654=IFCRELCONNECTSSTRUCTURALMEMBER('2OLi3B2ZPEQ9NY86khUMYn',#3,$,$,#4653,#630,#97,$,$,$);
#4655=IFCRELCONNECTSSTRUCTURALMEMBER('1xaBW2VK17WOrAIJK2KHdR',#3,$,$,#4653,#655,#1681,$,$,$);
#4656=IFCRELASSOCIATESMATERIAL('3UrsUFme1ExemwUCJDxz_b',#3,$,$,(#4653),#4658);
#4657=IFCPRODUCTDEFINITIONSHAPE($,$,(#4659));
#4658=IFCMATERIALPROFILESETUSAGE(#4660,10,$);
#4659=IFCTOPOLOGYREPRESENTATION(#99,$,'Edge',(#4661));
#4660=IFCMATERIALPROFILESET($,$,(#4662),$);
#4661=IFCEDGE(#633,#658);
#4662=IFCMATERIALPROFILE($,$,#1704,#2644,$,$);
#4663=IFCSTRUCTURALCURVEMEMBER('33Gnt4eub7hw6XZbqb0GT8',#95,'347',$,$,$,#4667,.RIGID_JOINED_MEMBER.,#2931);
#4664=IFCRELCONNECTSSTRUCTURALMEMBER('1NIyiPqUTBz8Fp6x$B1Di$',#3,$,$,#4663,#655,#97,$,$,$);
#4665=IFCRELCONNECTSSTRUCTURALMEMBER('2hWeqJFwnEsPSGd9bFEJXY',#3,$,$,#4663,#670,#1681,$,$,$);
#4666=IFCRELASSOCIATESMATERIAL('2qBjKKobr3BQqnpTPwLhSL',#3,$,$,(#4663),#4668);
#4667=IFCPRODUCTDEFINITIONSHAPE($,$,(#4669));
#4668=IFCMATERIALPROFILESETUSAGE(#4670,10,$);
#4669=IFCTOPOLOGYREPRESENTATION(#99,$,'Edge',(#4671));
#4670=IFCMATERIALPROFILESET($,$,(#4672),$);
#4671=IFCEDGE(#658,#673);
#4672=IFCMATERIALPROFILE($,$,#1704,#2644,$,$);
#4673=IFCSTRUCTURALCURVEMEMBER('3TjRuiRzj339iuK59dJiw4',#95,'348',$,$,$,#4677,.RIGID_JOINED_MEMBER.,#2942);
#4674=IFCRELCONNECTSSTRUCTURALMEMBER('0Yz7eHhR13qBu8c6VG9KON',#3,$,$,#4673,#670,#97,$,$,$);
#4675=IFCRELCONNECTSSTRUCTURALMEMBER('04tpsxw3bDCejAJBy2gix6',#3,$,$,#4673,#695,#1681,$,$,$);
#4676=IFCRELASSOCIATESMATERIAL('0VFKJbGun7shSC_QI9xavi',#3,$,$,(#4673),#4678);
#4677=IFCPRODUCTDEFINITIONSHAPE($,$,(#4679));
#4678=IFCMATERIALPROFILESETUSAGE(#4680,10,$);
#4679=IFCTOPOLOGYREPRESENTATION(#99,$,'Edge',(#4681));
#4680=IFCMATERIALPROFILESET($,$,(#4682),$);
#4681=IFCEDGE(#673,#698);
#4682=IFCMATERIALPROFILE($,$,#1704,#2644,$,$);
#4683=IFCSTRUCTURALCURVEMEMBER('3vBvLZsPrD2Bawrgt9SyFg',#95,'349',$,$,$,#4687,.RIGID_JOINED_MEMBER.,#2953);
#4684=IFCRELCONNECTSSTRUCTURALMEMBER('3wnmmBJqH0pQEwmJnMRBUa',#3,$,$,#4683,#695,#97,$,$,$);
#4685=IFCRELCONNECTSSTRUCTURALMEMBER('2kfjSXttX68AjTBgKOOSw1',#3,$,$,#4683,#710,#1681,$,$,$);
#4686=IFCRELASSOCIATESMATERIAL('2g$amE21z7mhKaqaiEtxPN',#3,$,$,(#4683),#4688);
#4687=IFCPRODUCTDEFINITIONSHAPE($,$,(#4689));
#4688=IFCMATERIALPROFILESETUSAGE(#4690,10,$);
#4689=IFCTOPOLOGYREPRESENTATION(#99,$,'Edge',(#4691));
#4690=IFCMATERIALPROFILESET($,$,(#4692),$);
#4691=IFCEDGE(#698,#713);
#4692=IFCMATERIALPROFILE($,$,#1704,#2644,$,$);
#4693=IFCSTRUCTURALCURVEMEMBER('0C_dLBNuHDBv6Clk9O4dCh',#95,'350',$,$,$,#4697,.RIGID_JOINED_MEMBER.,#2964);
#4694=IFCRELCONNECTSSTRUCTURALMEMBER('3Mb6GQ02z5WA7a8bA0Tdob',#3,$,$,#4693,#710,#97,$,$,$);
#4695=IFCRELCONNECTSSTRUCTURALMEMBER('2viIUVT$r0pfjqpSs9ZEva',#3,$,$,#4693,#735,#1681,$,$,$);
#4696=IFCRELASSOCIATESMATERIAL('0NptvhPHT0tBPfi$U8jn8$',#3,$,$,(#4693),#4698);
#4697=IFCPRODUCTDEFINITIONSHAPE($,$,(#4699));
#4698=IFCMATERIALPROFILESETUSAGE(#4700,10,$);
#4699=IFCTOPOLOGYREPRESENTATION(#99,$,'Edge',(#4701));
#4700=IFCMATERIALPROFILESET($,$,(#4702),$);
#4701=IFCEDGE(#713,#738);
#4702=IFCMATERIALPROFILE($,$,#1704,#2644,$,$);
#4703=IFCSTRUCTURALCURVEMEMBER('316DLmriX2_hRobdFuaCZ0',#95,'351',$,$,$,#4707,.RIGID_JOINED_MEMBER.,#2975);
#4704=IFCRELCONNECTSSTRUCTURALMEMBER('00110jx8b6Kwzo3g_uogwO',#3,$,$,#4703,#735,#97,$,$,$);
#4705=IFCRELCONNECTSSTRUCTURALMEMBER('3rDzsmeI1AEw6jsKE0POGr',#3,$,$,#4703,#750,#1681,$,$,$);
#4706=IFCRELASSOCIATESMATERIAL('1xtAcGnxbE2R2x9d8wkhVL',#3,$,$,(#4703),#4708);
#4707=IFCPRODUCTDEFINITIONSHAPE($,$,(#4709));
#4708=IFCMATERIALPROFILESETUSAGE(#4710,10,$);
#4709=IFCTOPOLOGYREPRESENTATION(#99,$,'Edge',(#4711));
#4710=IFCMATERIALPROFILESET($,$,(#4712),$);
#4711=IFCEDGE(#738,#753);
#4712=IFCMATERIALPROFILE($,$,#1704,#2644,$,$);
#4713=IFCSTRUCTURALCURVEMEMBER('2ph5liAY15Zg0Uq970lmuS',#95,'352',$,$,$,#4717,.RIGID_JOINED_MEMBER.,#2986);
#4714=IFCRELCONNECTSSTRUCTURALMEMBER('2EfgAjy79DzfTF9iwYRzHW',#3,$,$,#4713,#750,#97,$,$,$);
#4715=IFCRELCONNECTSSTRUCTURALMEMBER('3If_BMiq1AVf38WiUQVAu5',#3,$,$,#4713,#775,#1681,$,$,$);
#4716=IFCRELASSOCIATESMATERIAL('1RJuAe2HD4deNY40sWVW4B',#3,$,$,(#4713),#4718);
#4717=IFCPRODUCTDEFINITIONSHAPE($,$,(#4719));
#4718=IFCMATERIALPROFILESETUSAGE(#4720,10,$);
#4719=IFCTOPOLOGYREPRESENTATION(#99,$,'Edge',(#4721));
#4720=IFCMATERIALPROFILESET($,$,(#4722),$);
#4721=IFCEDGE(#753,#778);
#4722=IFCMATERIALPROFILE($,$,#1704,#2644,$,$);
#4723=IFCSTRUCTURALCURVEMEMBER('3hutGnsAr6GQzbZEIpjyS7',#95,'353',$,$,$,#4727,.RIGID_JOINED_MEMBER.,#2997);
#4724=IFCRELCONNECTSSTRUCTURALMEMBER('2ga7J8zarBjxrFiYcJ4YIU',#3,$,$,#4723,#775,#97,$,$,$);
#4725=IFCRELCONNECTSSTRUCTURALMEMBER('1BzC16djr5ERtDOdZjNGe1',#3,$,$,#4723,#790,#1681,$,$,$);
#4726=IFCRELASSOCIATESMATERIAL('0KhAmWzwzAPQaDSNcoxUWd',#3,$,$,(#4723),#4728);
#4727=IFCPRODUCTDEFINITIONSHAPE($,$,(#4729));
#4728=IFCMATERIALPROFILESETUSAGE(#4730,10,$);
#4729=IFCTOPOLOGYREPRESENTATION(#99,$,'Edge',(#4731));
#4730=IFCMATERIALPROFILESET($,$,(#4732),$);
#4731=IFCEDGE(#778,#793);
#4732=IFCMATERIALPROFILE($,$,#1704,#2644,$,$);
#4733=IFCSTRUCTURALCURVEMEMBER('3udxhkP89CR8tzM5cgsQOS',#95,'354',$,$,$,#4737,.RIGID_JOINED_MEMBER.,#3008);
#4734=IFCRELCONNECTSSTRUCTURALMEMBER('1CuMYMBZjDNxyw1ZTtrDDo',#3,$,$,#4733,#790,#97,$,$,$);
#4735=IFCRELCONNECTSSTRUCTURALMEMBER('12z1RRIjnFjOnBdiFbUlKF',#3,$,$,#4733,#815,#1681,$,$,$);
#4736=IFCRELASSOCIATESMATERIAL('1jPVc6$On0Xe2nMPP2lDyg',#3,$,$,(#4733),#4738);
#4737=IFCPRODUCTDEFINITIONSHAPE($,$,(#4739));
#4738=IFCMATERIALPROFILESETUSAGE(#4740,10,$);
#4739=IFCTOPOLOGYREPRESENTATION(#99,$,'Edge',(#4741));
#4740=IFCMATERIALPROFILESET($,$,(#4742),$);
#4741=IFCEDGE(#793,#818);
#4742=IFCMATERIALPROFILE($,$,#1704,#2644,$,$);
#4743=IFCSTRUCTURALCURVEMEMBER('2nhQDVaXnFoOhYYgdpfwor',#95,'355',$,$,$,#4747,.RIGID_JOINED_MEMBER.,#3019);
#4744=IFCRELCONNECTSSTRUCTURALMEMBER('0g3umh_8L5QgmUDCOVFgWz',#3,$,$,#4743,#815,#97,$,$,$);
#4745=IFCRELCONNECTSSTRUCTURALMEMBER('2KV4tfGSL099w9wyT_1Vu6',#3,$,$,#4743,#830,#1681,$,$,$);
#4746=IFCRELASSOCIATESMATERIAL('29aTR$0DfFeO69dekHTqlg',#3,$,$,(#4743),#4748);
#4747=IFCPRODUCTDEFINITIONSHAPE($,$,(#4749));
#4748=IFCMATERIALPROFILESETUSAGE(#4750,10,$);
#4749=IFCTOPOLOGYREPRESENTATION(#99,$,'Edge',(#4751));
#4750=IFCMATERIALPROFILESET($,$,(#4752),$);
#4751=IFCEDGE(#818,#833);
#4752=IFCMATERIALPROFILE($,$,#1704,#2644,$,$);
#4753=IFCSTRUCTURALCURVEMEMBER('3nx$VJYI5D0x8Jv2zoytrs',#95,'356',$,$,$,#4757,.RIGID_JOINED_MEMBER.,#3030);
#4754=IFCRELCONNECTSSTRUCTURALMEMBER('3hxuBLE2rFWO08FzsBffpv',#3,$,$,#4753,#830,#97,$,$,$);
#4755=IFCRELCONNECTSSTRUCTURALMEMBER('2IHD5TEhXDLPvqAhI3HQ_W',#3,$,$,#4753,#855,#1681,$,$,$);
#4756=IFCRELASSOCIATESMATERIAL('2yJCEZhADBPAKFB_UO_NSm',#3,$,$,(#4753),#4758);
#4757=IFCPRODUCTDEFINITIONSHAPE($,$,(#4759));
#4758=IFCMATERIALPROFILESETUSAGE(#4760,10,$);
#4759=IFCTOPOLOGYREPRESENTATION(#99,$,'Edge',(#4761));
#4760=IFCMATERIALPROFILESET($,$,(#4762),$);
#4761=IFCEDGE(#833,#858);
#4762=IFCMATERIALPROFILE($,$,#1704,#2644,$,$);
#4763=IFCSTRUCTURALCURVEMEMBER('2JezrPT$P3C9fuBt7FQL4$',#95,'357',$,$,$,#4767,.RIGID_JOINED_MEMBER.,#3041);
#4764=IFCRELCONNECTSSTRUCTURALMEMBER('1jcEJC_Xn30xl71eFsaRGe',#3,$,$,#4763,#855,#97,$,$,$);
#4765=IFCRELCONNECTSSTRUCTURALMEMBER('1tJ9pnfu91PO1lsw2IGMxb',#3,$,$,#4763,#870,#1681,$,$,$);
#4766=IFCRELASSOCIATESMATERIAL('1oev5L0896eegqXgvWIy7I',#3,$,$,(#4763),#4768);
#4767=IFCPRODUCTDEFINITIONSHAPE($,$,(#4769));
#4768=IFCMATERIALPROFILESETUSAGE(#4770,10,$);
#4769=IFCTOPOLOGYREPRESENTATION(#99,$,'Edge',(#4771));
#4770=IFCMATERIALPROFILESET($,$,(#4772),$);
#4771=IFCEDGE(#858,#873);
#4772=IFCMATERIALPROFILE($,$,#1704,#2644,$,$);
#4773=IFCSTRUCTURALCURVEMEMBER('0zj8SLZNL9vewm6QZUXs$9',#95,'358',$,$,$,#4777,.RIGID_JOINED_MEMBER.,#3052);
#4774=IFCRELCONNECTSSTRUCTURALMEMBER('3RoKtyT0P1hQALP4leNMb2',#3,$,$,#4773,#870,#97,$,$,$);
#4775=IFCRELCONNECTSSTRUCTURALMEMBER('2wrKocgAH6BAOBi19tFBH9',#3,$,$,#4773,#895,#1681,$,$,$);
#4776=IFCRELASSOCIATESMATERIAL('2hXIIOj9v8TxotZo7SG65c',#3,$,$,(#4773),#4778);
#4777=IFCPRODUCTDEFINITIONSHAPE($,$,(#4779));
#4778=IFCMATERIALPROFILESETUSAGE(#4780,10,$);
#4779=IFCTOPOLOGYREPRESENTATION(#99,$,'Edge',(#4781));
#4780=IFCMATERIALPROFILESET($,$,(#4782),$);
#4781=IFCEDGE(#873,#898);
#4782=IFCMATERIALPROFILE($,$,#1704,#2644,$,$);
#4783=IFCSTRUCTURALCURVEMEMBER('23GD62imzA982OT9nl52xI',#95,'359',$,$,$,#4787,.RIGID_JOINED_MEMBER.,#3063);
#4784=IFCRELCONNECTSSTRUCTURALMEMBER('1IYi4K5Y1EdPP_HVIYI1qy',#3,$,$,#4783,#895,#97,$,$,$);
#4785=IFCRELCONNECTSSTRUCTURALMEMBER('3$6FwCRn9EURJZAMzonEQc',#3,$,$,#4783,#526,#1681,$,$,$);
#4786=IFCRELASSOCIATESMATERIAL('1WbJSu0XD3eeUQApxGLaRV',#3,$,$,(#4783),#4788);
#4787=IFCPRODUCTDEFINITIONSHAPE($,$,(#4789));
#4788=IFCMATERIALPROFILESETUSAGE(#4790,10,$);
#4789=IFCTOPOLOGYREPRESENTATION(#99,$,'Edge',(#4791));
#4790=IFCMATERIALPROFILESET($,$,(#4792),$);
#4791=IFCEDGE(#898,#529);
#4792=IFCMATERIALPROFILE($,$,#1704,#2644,$,$);
#4793=IFCSTRUCTURALCURVEMEMBER('2azZZX4W1BWR0Xm5_O4vsV',#95,'360',$,$,$,#4797,.RIGID_JOINED_MEMBER.,#1680);
#4794=IFCRELCONNECTSSTRUCTURALMEMBER('1K72MhUU98vwvkIABQ5QgC',#3,$,$,#4793,#526,#97,$,$,$);
#4795=IFCRELCONNECTSSTRUCTURALMEMBER('2b0jgDr$n5aAbkKk3boMpt',#3,$,$,#4793,#536,#1681,$,$,$);
#4796=IFCRELASSOCIATESMATERIAL('0vmD_JJdD7buRaOPva9aJz',#3,$,$,(#4793),#4798);
#4797=IFCPRODUCTDEFINITIONSHAPE($,$,(#4799));
#4798=IFCMATERIALPROFILESETUSAGE(#4800,10,$);
#4799=IFCTOPOLOGYREPRESENTATION(#99,$,'Edge',(#4801));
#4800=IFCMATERIALPROFILESET($,$,(#4802),$);
#4801=IFCEDGE(#529,#539);
#4802=IFCMATERIALPROFILE($,$,#1704,#2644,$,$);
#4803=IFCSTRUCTURALCURVEMEMBER('1dSCY4_ZXFWReLk3y1kQcf',#95,'361',$,$,$,#4807,.RIGID_JOINED_MEMBER.,#1680);
#4804=IFCRELCONNECTSSTRUCTURALMEMBER('2j2oFq_VD3IwkfKGDuj5JT',#3,$,$,#4803,#890,#97,$,$,$);
#4805=IFCRELCONNECTSSTRUCTURALMEMBER('33eyrx4IL4IxTOD_rG2hDD',#3,$,$,#4803,#895,#1681,$,$,$);
#4806=IFCRELASSOCIATESMATERIAL('0CQXT2uHn7MfGJGBloPAkw',#3,$,$,(#4803),#4808);
#4807=IFCPRODUCTDEFINITIONSHAPE($,$,(#4809));
#4808=IFCMATERIALPROFILESETUSAGE(#4810,10,$);
#4809=IFCTOPOLOGYREPRESENTATION(#99,$,'Edge',(#4811));
#4810=IFCMATERIALPROFILESET($,$,(#4812),$);
#4811=IFCEDGE(#893,#898);
#4812=IFCMATERIALPROFILE($,$,#1704,#2644,$,$);
#4813=IFCSTRUCTURALCURVEMEMBER('0wJUMcbVb6WhnEmxKMBemh',#95,'362',$,$,$,#4817,.RIGID_JOINED_MEMBER.,#3094);
#4814=IFCRELCONNECTSSTRUCTURALMEMBER('1lFqSo7ZH3oRvsBL7_IMxr',#3,$,$,#4813,#531,#97,$,$,$);
#4815=IFCRELCONNECTSSTRUCTURALMEMBER('1kkFuAJBn1lRgsxHiAwHt6',#3,$,$,#4813,#580,#1681,$,$,$);
#4816=IFCRELASSOCIATESMATERIAL('1nw_IImV503AMvytiTUnj6',#3,$,$,(#4813),#4818);
#4817=IFCPRODUCTDEFINITIONSHAPE($,$,(#4819));
#4818=IFCMATERIALPROFILESETUSAGE(#4820,10,$);
#4819=IFCTOPOLOGYREPRESENTATION(#99,$,'Edge',(#4821));
#4820=IFCMATERIALPROFILESET($,$,(#4822),$);
#4821=IFCEDGE(#534,#583);
#4822=IFCMATERIALPROFILE($,$,#1704,#2644,$,$);
#4823=IFCSTRUCTURALCURVEMEMBER('0pxwzQy9LDXP5lix_WUokA',#95,'363',$,$,$,#4827,.RIGID_JOINED_MEMBER.,#3105);
#4824=IFCRELCONNECTSSTRUCTURALMEMBER('0zFe55T1T2NAtu$BTBvr2w',#3,$,$,#4823,#580,#97,$,$,$);
#4825=IFCRELCONNECTSSTRUCTURALMEMBER('2h$PE8$Dn6ExhIjjHuhcqJ',#3,$,$,#4823,#595,#1681,$,$,$);
#4826=IFCRELASSOCIATESMATERIAL('2NWLwtu1z1$w8hbWxVkl$X',#3,$,$,(#4823),#4828);
#4827=IFCPRODUCTDEFINITIONSHAPE($,$,(#4829));
#4828=IFCMATERIALPROFILESETUSAGE(#4830,10,$);
#4829=IFCTOPOLOGYREPRESENTATION(#99,$,'Edge',(#4831));
#4830=IFCMATERIALPROFILESET($,$,(#4832),$);
#4831=IFCEDGE(#583,#598);
#4832=IFCMATERIALPROFILE($,$,#1704,#2644,$,$);
#4833=IFCSTRUCTURALCURVEMEMBER('024u4tEgvEx9IoCHuytHQC',#95,'364',$,$,$,#4837,.RIGID_JOINED_MEMBER.,#3116);
#4834=IFCRELCONNECTSSTRUCTURALMEMBER('0D4q68Q6v1ORPQSWQAGM8U',#3,$,$,#4833,#595,#97,$,$,$);
#4835=IFCRELCONNECTSSTRUCTURALMEMBER('1cp7XcJzL16RBXhADfSeVu',#3,$,$,#4833,#620,#1681,$,$,$);
#4836=IFCRELASSOCIATESMATERIAL('37H1guRH53Ph9SUIGeUngd',#3,$,$,(#4833),#4838);
#4837=IFCPRODUCTDEFINITIONSHAPE($,$,(#4839));
#4838=IFCMATERIALPROFILESETUSAGE(#4840,10,$);
#4839=IFCTOPOLOGYREPRESENTATION(#99,$,'Edge',(#4841));
#4840=IFCMATERIALPROFILESET($,$,(#4842),$);
#4841=IFCEDGE(#598,#623);
#4842=IFCMATERIALPROFILE($,$,#1704,#2644,$,$);
#4843=IFCSTRUCTURALCURVEMEMBER('29QBEkekPFPveScX2N9ooi',#95,'365',$,$,$,#4847,.RIGID_JOINED_MEMBER.,#3127);
#4844=IFCRELCONNECTSSTRUCTURALMEMBER('1nmr445o9FpggVNHpDlgpm',#3,$,$,#4843,#620,#97,$,$,$);
#4845=IFCRELCONNECTSSTRUCTURALMEMBER('1WfqQG2uD2Zu9KL9vMlpnH',#3,$,$,#4843,#635,#1681,$,$,$);
#4846=IFCRELASSOCIATESMATERIAL('2aW7hT6y1Cx8f94OlutIhJ',#3,$,$,(#4843),#4848);
#4847=IFCPRODUCTDEFINITIONSHAPE($,$,(#4849));
#4848=IFCMATERIALPROFILESETUSAGE(#4850,10,$);
#4849=IFCTOPOLOGYREPRESENTATION(#99,$,'Edge',(#4851));
#4850=IFCMATERIALPROFILESET($,$,(#4852),$);
#4851=IFCEDGE(#623,#638);
#4852=IFCMATERIALPROFILE($,$,#1704,#2644,$,$);
#4853=IFCSTRUCTURALCURVEMEMBER('1v8VzW7VPE7RB_A1z6TbYG',#95,'366',$,$,$,#4857,.RIGID_JOINED_MEMBER.,#3138);
#4854=IFCRELCONNECTSSTRUCTURALMEMBER('0K0zXyKlX8YxWEDsdp2VnK',#3,$,$,#4853,#635,#97,$,$,$);
#4855=IFCRELCONNECTSSTRUCTURALMEMBER('2QM32mQV94rxd$Nm5CdIj1',#3,$,$,#4853,#660,#1681,$,$,$);
#4856=IFCRELASSOCIATESMATERIAL('3G4k_K_0PEo9$v8g$iDUfU',#3,$,$,(#4853),#4858);
#4857=IFCPRODUCTDEFINITIONSHAPE($,$,(#4859));
#4858=IFCMATERIALPROFILESETUSAGE(#4860,10,$);
#4859=IFCTOPOLOGYREPRESENTATION(#99,$,'Edge',(#4861));
#4860=IFCMATERIALPROFILESET($,$,(#4862),$);
#4861=IFCEDGE(#638,#663);
#4862=IFCMATERIALPROFILE($,$,#1704,#2644,$,$);
#4863=IFCSTRUCTURALCURVEMEMBER('2OMOAHAubDaRcSQ79xcRYB',#95,'367',$,$,$,#4867,.RIGID_JOINED_MEMBER.,#3149);
#4864=IFCRELCONNECTSSTRUCTURALMEMBER('1ilZ056QTA7etVlvIrSRfC',#3,$,$,#4863,#660,#97,$,$,$);
#4865=IFCRELCONNECTSSTRUCTURALMEMBER('2vFk1pHUzFcO6RgxJtGibb',#3,$,$,#4863,#675,#1681,$,$,$);
#4866=IFCRELASSOCIATESMATERIAL('25Wq2XD5X5D9eBQaX971RS',#3,$,$,(#4863),#4868);
#4867=IFCPRODUCTDEFINITIONSHAPE($,$,(#4869));
#4868=IFCMATERIALPROFILESETUSAGE(#4870,10,$);
#4869=IFCTOPOLOGYREPRESENTATION(#99,$,'Edge',(#4871));
#4870=IFCMATERIALPROFILESET($,$,(#4872),$);
#4871=IFCEDGE(#663,#678);
#4872=IFCMATERIALPROFILE($,$,#1704,#2644,$,$);
#4873=IFCSTRUCTURALCURVEMEMBER('3XDO4K2q12HuR68vJTOfNh',#95,'368',$,$,$,#4877,.RIGID_JOINED_MEMBER.,#3160);
#4874=IFCRELCONNECTSSTRUCTURALMEMBER('1IdVX0DYzECwqm_Z4daEo5',#3,$,$,#4873,#675,#97,$,$,$);
#4875=IFCRELCONNECTSSTRUCTURALMEMBER('2OOKAb6YT5mg9qqMszJ0yd',#3,$,$,#4873,#700,#1681,$,$,$);
#4876=IFCRELASSOCIATESMATERIAL('2dDAusPjn0ePiP3VaKOEoK',#3,$,$,(#4873),#4878);
#4877=IFCPRODUCTDEFINITIONSHAPE($,$,(#4879));
#4878=IFCMATERIALPROFILESETUSAGE(#4880,10,$);
#4879=IFCTOPOLOGYREPRESENTATION(#99,$,'Edge',(#4881));
#4880=IFCMATERIALPROFILESET($,$,(#4882),$);
#4881=IFCEDGE(#678,#703);
#4882=IFCMATERIALPROFILE($,$,#1704,#2644,$,$);
#4883=IFCSTRUCTURALCURVEMEMBER('1YL45FRdjD$gdoQpGDBNgp',#95,'369',$,$,$,#4887,.RIGID_JOINED_MEMBER.,#3171);
#4884=IFCRELCONNECTSSTRUCTURALMEMBER('3D3Dgu1eLFyfJ8pxuM0Wri',#3,$,$,#4883,#700,#97,$,$,$);
#4885=IFCRELCONNECTSSTRUCTURALMEMBER('2iB8miFO1AVhd3_dcq4cDG',#3,$,$,#4883,#715,#1681,$,$,$);
#4886=IFCRELASSOCIATESMATERIAL('0Oh$NUOSH7su7sAhOmrkp4',#3,$,$,(#4883),#4888);
#4887=IFCPRODUCTDEFINITIONSHAPE($,$,(#4889));
#4888=IFCMATERIALPROFILESETUSAGE(#4890,10,$);
#4889=IFCTOPOLOGYREPRESENTATION(#99,$,'Edge',(#4891));
#4890=IFCMATERIALPROFILESET($,$,(#4892),$);
#4891=IFCEDGE(#703,#718);
#4892=IFCMATERIALPROFILE($,$,#1704,#2644,$,$);
#4893=IFCSTRUCTURALCURVEMEMBER('0bofs_HmPANOkSkRSbg2vR',#95,'370',$,$,$,#4897,.RIGID_JOINED_MEMBER.,#3182);
#4894=IFCRELCONNECTSSTRUCTURALMEMBER('3KiOIpY7H56QavP17xMYDT',#3,$,$,#4893,#715,#97,$,$,$);
#4895=IFCRELCONNECTSSTRUCTURALMEMBER('2RpfnUl3n3789bene6C$YM',#3,$,$,#4893,#740,#1681,$,$,$);
#4896=IFCRELASSOCIATESMATERIAL('3FcMCND5HCT8R$0ttPAGZI',#3,$,$,(#4893),#4898);
#4897=IFCPRODUCTDEFINITIONSHAPE($,$,(#4899));
#4898=IFCMATERIALPROFILESETUSAGE(#4900,10,$);
#4899=IFCTOPOLOGYREPRESENTATION(#99,$,'Edge',(#4901));
#4900=IFCMATERIALPROFILESET($,$,(#4902),$);
#4901=IFCEDGE(#718,#743);
#4902=IFCMATERIALPROFILE($,$,#1704,#2644,$,$);
#4903=IFCSTRUCTURALCURVEMEMBER('2BgFuBtYL2rgIZHJHlIZdz',#95,'371',$,$,$,#4907,.RIGID_JOINED_MEMBER.,#3193);
#4904=IFCRELCONNECTSSTRUCTURALMEMBER('1Tk9NQ7MzEOeWV6GQ8BdMc',#3,$,$,#4903,#740,#97,$,$,$);
#4905=IFCRELCONNECTSSTRUCTURALMEMBER('0aIP1X9UzB_e8GRcR6_jsW',#3,$,$,#4903,#755,#1681,$,$,$);
#4906=IFCRELASSOCIATESMATERIAL('10ii1ZPQL3lwmW28iI4fDI',#3,$,$,(#4903),#4908);
#4907=IFCPRODUCTDEFINITIONSHAPE($,$,(#4909));
#4908=IFCMATERIALPROFILESETUSAGE(#4910,10,$);
#4909=IFCTOPOLOGYREPRESENTATION(#99,$,'Edge',(#4911));
#4910=IFCMATERIALPROFILESET($,$,(#4912),$);
#4911=IFCEDGE(#743,#758);
#4912=IFCMATERIALPROFILE($,$,#1704,#2644,$,$);
#4913=IFCSTRUCTURALCURVEMEMBER('2dk9c3PXX9tOIjp7UpiPiB',#95,'372',$,$,$,#4917,.RIGID_JOINED_MEMBER.,#3204);
#4914=IFCRELCONNECTSSTRUCTURALMEMBER('3k_QglsMD9$8dPH52ndtHD',#3,$,$,#4913,#755,#97,$,$,$);
#4915=IFCRELCONNECTSSTRUCTURALMEMBER('3Y1ZrbEwTC4O45vdv6tbv8',#3,$,$,#4913,#780,#1681,$,$,$);
#4916=IFCRELASSOCIATESMATERIAL('2wI8oLazPF4ukUlZAg8UFB',#3,$,$,(#4913),#4918);
#4917=IFCPRODUCTDEFINITIONSHAPE($,$,(#4919));
#4918=IFCMATERIALPROFILESETUSAGE(#4920,10,$);
#4919=IFCTOPOLOGYREPRESENTATION(#99,$,'Edge',(#4921));
#4920=IFCMATERIALPROFILESET($,$,(#4922),$);
#4921=IFCEDGE(#758,#783);
#4922=IFCMATERIALPROFILE($,$,#1704,#2644,$,$);
#4923=IFCSTRUCTURALCURVEMEMBER('0UscqPpmHAyQcQ7nHEQLAg',#95,'373',$,$,$,#4927,.RIGID_JOINED_MEMBER.,#3215);
#4924=IFCRELCONNECTSSTRUCTURALMEMBER('1EUCHKRhb0euIYT5N7ktep',#3,$,$,#4923,#780,#97,$,$,$);
#4925=IFCRELCONNECTSSTRUCTURALMEMBER('3M5zW44y9EfvFiCFI0gyRD',#3,$,$,#4923,#795,#1681,$,$,$);
#4926=IFCRELASSOCIATESMATERIAL('3Rn7bSk9XFmAfwG8LLq8Cg',#3,$,$,(#4923),#4928);
#4927=IFCPRODUCTDEFINITIONSHAPE($,$,(#4929));
#4928=IFCMATERIALPROFILESETUSAGE(#4930,10,$);
#4929=IFCTOPOLOGYREPRESENTATION(#99,$,'Edge',(#4931));
#4930=IFCMATERIALPROFILESET($,$,(#4932),$);
#4931=IFCEDGE(#783,#798);
#4932=IFCMATERIALPROFILE($,$,#1704,#2644,$,$);
#4933=IFCSTRUCTURALCURVEMEMBER('1K20SPiLb6qxxLdFfQbjTD',#95,'374',$,$,$,#4937,.RIGID_JOINED_MEMBER.,#3226);
#4934=IFCRELCONNECTSSTRUCTURALMEMBER('1WUEthsVH48QZ0nIoadcE9',#3,$,$,#4933,#795,#97,$,$,$);
#4935=IFCRELCONNECTSSTRUCTURALMEMBER('2tbVq9_QT5_Ar9yEPJWL4b',#3,$,$,#4933,#820,#1681,$,$,$);
#4936=IFCRELASSOCIATESMATERIAL('2c1qug$uHF6BZMkPymNzIm',#3,$,$,(#4933),#4938);
#4937=IFCPRODUCTDEFINITIONSHAPE($,$,(#4939));
#4938=IFCMATERIALPROFILESETUSAGE(#4940,10,$);
#4939=IFCTOPOLOGYREPRESENTATION(#99,$,'Edge',(#4941));
#4940=IFCMATERIALPROFILESET($,$,(#4942),$);
#4941=IFCEDGE(#798,#823);
#4942=IFCMATERIALPROFILE($,$,#1704,#2644,$,$);
#4943=IFCSTRUCTURALCURVEMEMBER('1jNUS2wHf429lS91_omVrS',#95,'375',$,$,$,#4947,.RIGID_JOINED_MEMBER.,#3237);
#4944=IFCRELCONNECTSSTRUCTURALMEMBER('1xme44_pD1qBeKOKeVSPQV',#3,$,$,#4943,#820,#97,$,$,$);
#4945=IFCRELCONNECTSSTRUCTURALMEMBER('1zEI1DIQH7hw7Y8nLc3nx7',#3,$,$,#4943,#835,#1681,$,$,$);
#4946=IFCRELASSOCIATESMATERIAL('2t4QqDGKf9yxdc2Z63pztk',#3,$,$,(#4943),#4948);
#4947=IFCPRODUCTDEFINITIONSHAPE($,$,(#4949));
#4948=IFCMATERIALPROFILESETUSAGE(#4950,10,$);
#4949=IFCTOPOLOGYREPRESENTATION(#99,$,'Edge',(#4951));
#4950=IFCMATERIALPROFILESET($,$,(#4952),$);
#4951=IFCEDGE(#823,#838);
#4952=IFCMATERIALPROFILE($,$,#1704,#2644,$,$);
#4953=IFCSTRUCTURALCURVEMEMBER('35$OvwzuHAwuGxKQvDpf5_',#95,'376',$,$,$,#4957,.RIGID_JOINED_MEMBER.,#3248);
#4954=IFCRELCONNECTSSTRUCTURALMEMBER('1iujS9QKP8IwCPQJz2X8Zd',#3,$,$,#4953,#835,#97,$,$,$);
#4955=IFCRELCONNECTSSTRUCTURALMEMBER('1JFh4rhVDCB9khjqhvrvia',#3,$,$,#4953,#860,#1681,$,$,$);
#4956=IFCRELASSOCIATESMATERIAL('2G58sE3z569wqdl$Mlsy4I',#3,$,$,(#4953),#4958);
#4957=IFCPRODUCTDEFINITIONSHAPE($,$,(#4959));
#4958=IFCMATERIALPROFILESETUSAGE(#4960,10,$);
#4959=IFCTOPOLOGYREPRESENTATION(#99,$,'Edge',(#4961));
#4960=IFCMATERIALPROFILESET($,$,(#4962),$);
#4961=IFCEDGE(#838,#863);
#4962=IFCMATERIALPROFILE($,$,#1704,#2644,$,$);
#4963=IFCSTRUCTURALCURVEMEMBER('2szlPUwwTE6gvKznd01yeL',#95,'377',$,$,$,#4967,.RIGID_JOINED_MEMBER.,#3259);
#4964=IFCRELCONNECTSSTRUCTURALMEMBER('35NrVzdWz8BRLdauO75iXz',#3,$,$,#4963,#860,#97,$,$,$);
#4965=IFCRELCONNECTSSTRUCTURALMEMBER('1CmUMwLqz72gUXNHMNvTkN',#3,$,$,#4963,#875,#1681,$,$,$);
#4966=IFCRELASSOCIATESMATERIAL('01ILTMbGrD0hhcS$tkz$bl',#3,$,$,(#4963),#4968);
#4967=IFCPRODUCTDEFINITIONSHAPE($,$,(#4969));
#4968=IFCMATERIALPROFILESETUSAGE(#4970,10,$);
#4969=IFCTOPOLOGYREPRESENTATION(#99,$,'Edge',(#4971));
#4970=IFCMATERIALPROFILESET($,$,(#4972),$);
#4971=IFCEDGE(#863,#878);
#4972=IFCMATERIALPROFILE($,$,#1704,#2644,$,$);
#4973=IFCSTRUCTURALCURVEMEMBER('1Udsz5scnAvg7c39JeUubU',#95,'378',$,$,$,#4977,.RIGID_JOINED_MEMBER.,#3270);
#4974=IFCRELCONNECTSSTRUCTURALMEMBER('2UDI0xYf53KuyczxopH9lP',#3,$,$,#4973,#875,#97,$,$,$);
#4975=IFCRELCONNECTSSTRUCTURALMEMBER('1_1JAj7BX1kAYIHnu9$$ir',#3,$,$,#4973,#900,#1681,$,$,$);
#4976=IFCRELASSOCIATESMATERIAL('1hEjsHL0P31eVcLr73mdRU',#3,$,$,(#4973),#4978);
#4977=IFCPRODUCTDEFINITIONSHAPE($,$,(#4979));
#4978=IFCMATERIALPROFILESETUSAGE(#4980,10,$);
#4979=IFCTOPOLOGYREPRESENTATION(#99,$,'Edge',(#4981));
#4980=IFCMATERIALPROFILESET($,$,(#4982),$);
#4981=IFCEDGE(#878,#903);
#4982=IFCMATERIALPROFILE($,$,#1704,#2644,$,$);
#4983=IFCSTRUCTURALCURVEMEMBER('0LTEpUcvb6Wf9GUrphhpES',#95,'379',$,$,$,#4987,.RIGID_JOINED_MEMBER.,#3281);
#4984=IFCRELCONNECTSSTRUCTURALMEMBER('2Gtre2W4XBYONewI3ey5HO',#3,$,$,#4983,#900,#97,$,$,$);
#4985=IFCRELCONNECTSSTRUCTURALMEMBER('2mDuqoyB12vhMD9GuFMM3k',#3,$,$,#4983,#536,#1681,$,$,$);
#4986=IFCRELASSOCIATESMATERIAL('2axBjURUf6duYWPjHD4qtY',#3,$,$,(#4983),#4988);
#4987=IFCPRODUCTDEFINITIONSHAPE($,$,(#4989));
#4988=IFCMATERIALPROFILESETUSAGE(#4990,10,$);
#4989=IFCTOPOLOGYREPRESENTATION(#99,$,'Edge',(#4991));
#4990=IFCMATERIALPROFILESET($,$,(#4992),$);
#4991=IFCEDGE(#903,#539);
#4992=IFCMATERIALPROFILE($,$,#1704,#2644,$,$);
#4993=IFCSTRUCTURALCURVEMEMBER('3UpLGZZb57b8$oR1oCz26s',#95,'380',$,$,$,#4997,.RIGID_JOINED_MEMBER.,#1680);
#4994=IFCRELCONNECTSSTRUCTURALMEMBER('3G_XhxdET4zh6TfOC6Td3u',#3,$,$,#4993,#536,#97,$,$,$);
#4995=IFCRELCONNECTSSTRUCTURALMEMBER('3s63$Xd$n3y9$NWU$xMb2H',#3,$,$,#4993,#546,#1681,$,$,$);
#4996=IFCRELASSOCIATESMATERIAL('332bWdQzTBlgntndhuGQXC',#3,$,$,(#4993),#4998);
#4997=IFCPRODUCTDEFINITIONSHAPE($,$,(#4999));
#4998=IFCMATERIALPROFILESETUSAGE(#5000,10,$);
#4999=IFCTOPOLOGYREPRESENTATION(#99,$,'Edge',(#5001));
#5000=IFCMATERIALPROFILESET($,$,(#5002),$);
#5001=IFCEDGE(#539,#549);
#5002=IFCMATERIALPROFILE($,$,#1704,#2644,$,$);
#5003=IFCSTRUCTURALCURVEMEMBER('2yGXqieEjA4OKAbm3eTxb1',#95,'381',$,$,$,#5007,.RIGID_JOINED_MEMBER.,#1680);
#5004=IFCRELCONNECTSSTRUCTURALMEMBER('1pkTQUH0H2IwqU6NuMPMfS',#3,$,$,#5003,#895,#97,$,$,$);
#5005=IFCRELCONNECTSSTRUCTURALMEMBER('3cOL0L5R100w75iCcv6bIW',#3,$,$,#5003,#900,#1681,$,$,$);
#5006=IFCRELASSOCIATESMATERIAL('0D2tmj1pj78O4rTruiPT4x',#3,$,$,(#5003),#5008);
#5007=IFCPRODUCTDEFINITIONSHAPE($,$,(#5009));
#5008=IFCMATERIALPROFILESETUSAGE(#5010,10,$);
#5009=IFCTOPOLOGYREPRESENTATION(#99,$,'Edge',(#5011));
#5010=IFCMATERIALPROFILESET($,$,(#5012),$);
#5011=IFCEDGE(#898,#903);
#5012=IFCMATERIALPROFILE($,$,#1704,#2644,$,$);
#5013=IFCSTRUCTURALCURVEMEMBER('1QUopSaZf59OstrxZq0pUk',#95,'382',$,$,$,#5017,.RIGID_JOINED_MEMBER.,#3312);
#5014=IFCRELCONNECTSSTRUCTURALMEMBER('1Brh5Ra$9DOBXkKnf2ryzP',#3,$,$,#5013,#541,#97,$,$,$);
#5015=IFCRELCONNECTSSTRUCTURALMEMBER('2NWW1Zkr90ug$$jcHe2sQi',#3,$,$,#5013,#565,#1681,$,$,$);
#5016=IFCRELASSOCIATESMATERIAL('1tuhJMpbHAZRJt7lV7GE21',#3,$,$,(#5013),#5018);
#5017=IFCPRODUCTDEFINITIONSHAPE($,$,(#5019));
#5018=IFCMATERIALPROFILESETUSAGE(#5020,10,$);
#5019=IFCTOPOLOGYREPRESENTATION(#99,$,'Edge',(#5021));
#5020=IFCMATERIALPROFILESET($,$,(#5022),$);
#5021=IFCEDGE(#544,#568);
#5022=IFCMATERIALPROFILE($,$,#1704,#2644,$,$);
#5023=IFCSTRUCTURALCURVEMEMBER('1NV4w2XAn8afO$KiVO1Ms3',#95,'383',$,$,$,#5027,.RIGID_JOINED_MEMBER.,#3323);
#5024=IFCRELCONNECTSSTRUCTURALMEMBER('1QSVBsWbr8D83X876A9aZU',#3,$,$,#5023,#565,#97,$,$,$);
#5025=IFCRELCONNECTSSTRUCTURALMEMBER('10UFy$vdDBovpXQNUowjmI',#3,$,$,#5023,#600,#1681,$,$,$);
#5026=IFCRELASSOCIATESMATERIAL('092zMTq9T4vQ92G5mFK4AJ',#3,$,$,(#5023),#5028);
#5027=IFCPRODUCTDEFINITIONSHAPE($,$,(#5029));
#5028=IFCMATERIALPROFILESETUSAGE(#5030,10,$);
#5029=IFCTOPOLOGYREPRESENTATION(#99,$,'Edge',(#5031));
#5030=IFCMATERIALPROFILESET($,$,(#5032),$);
#5031=IFCEDGE(#568,#603);
#5032=IFCMATERIALPROFILE($,$,#1704,#2644,$,$);
#5033=IFCSTRUCTURALCURVEMEMBER('2Vm1wdfMfBNBGgPsbDau6H',#95,'384',$,$,$,#5037,.RIGID_JOINED_MEMBER.,#3334);
#5034=IFCRELCONNECTSSTRUCTURALMEMBER('3BGw9mZfv8GfsmuoELBI5$',#3,$,$,#5033,#600,#97,$,$,$);
#5035=IFCRELCONNECTSSTRUCTURALMEMBER('2_t1tUAWv1NBGxN8CYZQxf',#3,$,$,#5033,#605,#1681,$,$,$);
#5036=IFCRELASSOCIATESMATERIAL('0pSVzzIJnA_gFGNFzqjK9p',#3,$,$,(#5033),#5038);
#5037=IFCPRODUCTDEFINITIONSHAPE($,$,(#5039));
#5038=IFCMATERIALPROFILESETUSAGE(#5040,10,$);
#5039=IFCTOPOLOGYREPRESENTATION(#99,$,'Edge',(#5041));
#5040=IFCMATERIALPROFILESET($,$,(#5042),$);
#5041=IFCEDGE(#603,#608);
#5042=IFCMATERIALPROFILE($,$,#1704,#2644,$,$);
#5043=IFCSTRUCTURALCURVEMEMBER('0OiqX_x2nAbgVgUDDfZP4F',#95,'385',$,$,$,#5047,.RIGID_JOINED_MEMBER.,#3345);
#5044=IFCRELCONNECTSSTRUCTURALMEMBER('1TVzg8YOjBJ8yv4AXh36Tx',#3,$,$,#5043,#605,#97,$,$,$);
#5045=IFCRELCONNECTSSTRUCTURALMEMBER('27UrM9zmT43R5UHP5gXTRM',#3,$,$,#5043,#640,#1681,$,$,$);
#5046=IFCRELASSOCIATESMATERIAL('056U$ZOzXEafD4ITpvJBWG',#3,$,$,(#5043),#5048);
#5047=IFCPRODUCTDEFINITIONSHAPE($,$,(#5049));
#5048=IFCMATERIALPROFILESETUSAGE(#5050,10,$);
#5049=IFCTOPOLOGYREPRESENTATION(#99,$,'Edge',(#5051));
#5050=IFCMATERIALPROFILESET($,$,(#5052),$);
#5051=IFCEDGE(#608,#643);
#5052=IFCMATERIALPROFILE($,$,#1704,#2644,$,$);
#5053=IFCSTRUCTURALCURVEMEMBER('0P0lhWepj2SvDq9SvlGIk3',#95,'386',$,$,$,#5057,.RIGID_JOINED_MEMBER.,#3356);
#5054=IFCRELCONNECTSSTRUCTURALMEMBER('0h6XGrhiL4_wP3c4yetYC2',#3,$,$,#5053,#640,#97,$,$,$);
#5055=IFCRELCONNECTSSTRUCTURALMEMBER('38zpOIjc903e46pVf1PCYs',#3,$,$,#5053,#645,#1681,$,$,$);
#5056=IFCRELASSOCIATESMATERIAL('2iOhjFlBH14AD5ZkUOYLvb',#3,$,$,(#5053),#5058);
#5057=IFCPRODUCTDEFINITIONSHAPE($,$,(#5059));
#5058=IFCMATERIALPROFILESETUSAGE(#5060,10,$);
#5059=IFCTOPOLOGYREPRESENTATION(#99,$,'Edge',(#5061));
#5060=IFCMATERIALPROFILESET($,$,(#5062),$);
#5061=IFCEDGE(#643,#648);
#5062=IFCMATERIALPROFILE($,$,#1704,#2644,$,$);
#5063=IFCSTRUCTURALCURVEMEMBER('3xTBgE2Ej0keOOkROT6k6x',#95,'387',$,$,$,#5067,.RIGID_JOINED_MEMBER.,#3367);
#5064=IFCRELCONNECTSSTRUCTURALMEMBER('3sOD0VmP10yQUPE$ghclV1',#3,$,$,#5063,#645,#97,$,$,$);
#5065=IFCRELCONNECTSSTRUCTURALMEMBER('1gAnUfNx96aAATFkmYk40g',#3,$,$,#5063,#680,#1681,$,$,$);
#5066=IFCRELASSOCIATESMATERIAL('2g2AKgtN1ExAJXvf39b51q',#3,$,$,(#5063),#5068);
#5067=IFCPRODUCTDEFINITIONSHAPE($,$,(#5069));
#5068=IFCMATERIALPROFILESETUSAGE(#5070,10,$);
#5069=IFCTOPOLOGYREPRESENTATION(#99,$,'Edge',(#5071));
#5070=IFCMATERIALPROFILESET($,$,(#5072),$);
#5071=IFCEDGE(#648,#683);
#5072=IFCMATERIALPROFILE($,$,#1704,#2644,$,$);
#5073=IFCSTRUCTURALCURVEMEMBER('2vk6qIUxjCOA1AEKNgx5Zr',#95,'388',$,$,$,#5077,.RIGID_JOINED_MEMBER.,#3378);
#5074=IFCRELCONNECTSSTRUCTURALMEMBER('0ZaKp9gV56OOKHnKlqGxBs',#3,$,$,#5073,#680,#97,$,$,$);
#5075=IFCRELCONNECTSSTRUCTURALMEMBER('2w5VT2jcT10PgojC04PDb4',#3,$,$,#5073,#685,#1681,$,$,$);
#5076=IFCRELASSOCIATESMATERIAL('2B19347gH2hQaoJT9uqMJr',#3,$,$,(#5073),#5078);
#5077=IFCPRODUCTDEFINITIONSHAPE($,$,(#5079));
#5078=IFCMATERIALPROFILESETUSAGE(#5080,10,$);
#5079=IFCTOPOLOGYREPRESENTATION(#99,$,'Edge',(#5081));
#5080=IFCMATERIALPROFILESET($,$,(#5082),$);
#5081=IFCEDGE(#683,#688);
#5082=IFCMATERIALPROFILE($,$,#1704,#2644,$,$);
#5083=IFCSTRUCTURALCURVEMEMBER('3NayGb1VnAbhq8FcwGy1Lj',#95,'389',$,$,$,#5087,.RIGID_JOINED_MEMBER.,#3389);
#5084=IFCRELCONNECTSSTRUCTURALMEMBER('2G6C2JxZ11MxHrFSUvytCr',#3,$,$,#5083,#685,#97,$,$,$);
#5085=IFCRELCONNECTSSTRUCTURALMEMBER('2AVBHfZuP34ffTgyGipqh0',#3,$,$,#5083,#720,#1681,$,$,$);
#5086=IFCRELASSOCIATESMATERIAL('01Z8DieBzEU8h_tNNn0cwf',#3,$,$,(#5083),#5088);
#5087=IFCPRODUCTDEFINITIONSHAPE($,$,(#5089));
#5088=IFCMATERIALPROFILESETUSAGE(#5090,10,$);
#5089=IFCTOPOLOGYREPRESENTATION(#99,$,'Edge',(#5091));
#5090=IFCMATERIALPROFILESET($,$,(#5092),$);
#5091=IFCEDGE(#688,#723);
#5092=IFCMATERIALPROFILE($,$,#1704,#2644,$,$);
#5093=IFCSTRUCTURALCURVEMEMBER('07dAJt8ZvFUwUEcst2LRX_',#95,'390',$,$,$,#5097,.RIGID_JOINED_MEMBER.,#3400);
#5094=IFCRELCONNECTSSTRUCTURALMEMBER('3TMKbm7jH7mhIRUSLKlzvP',#3,$,$,#5093,#720,#97,$,$,$);
#5095=IFCRELCONNECTSSTRUCTURALMEMBER('2T_Yjqjf525v5gXxEOiu3a',#3,$,$,#5093,#725,#1681,$,$,$);
#5096=IFCRELASSOCIATESMATERIAL('0BcKtiI6n2H9JuqOkQ8vEk',#3,$,$,(#5093),#5098);
#5097=IFCPRODUCTDEFINITIONSHAPE($,$,(#5099));
#5098=IFCMATERIALPROFILESETUSAGE(#5100,10,$);
#5099=IFCTOPOLOGYREPRESENTATION(#99,$,'Edge',(#5101));
#5100=IFCMATERIALPROFILESET($,$,(#5102),$);
#5101=IFCEDGE(#723,#728);
#5102=IFCMATERIALPROFILE($,$,#1704,#2644,$,$);
#5103=IFCSTRUCTURALCURVEMEMBER('0dismz9D90Nh$MA_xQAP97',#95,'391',$,$,$,#5107,.RIGID_JOINED_MEMBER.,#3411);
#5104=IFCRELCONNECTSSTRUCTURALMEMBER('0agoA9La5Agw5gwEJeCtkE',#3,$,$,#5103,#725,#97,$,$,$);
#5105=IFCRELCONNECTSSTRUCTURALMEMBER('2i1oG3kn183A_GGYTsIzeJ',#3,$,$,#5103,#760,#1681,$,$,$);
#5106=IFCRELASSOCIATESMATERIAL('3gnwkSv2v3AxsVvOGeLllf',#3,$,$,(#5103),#5108);
#5107=IFCPRODUCTDEFINITIONSHAPE($,$,(#5109));
#5108=IFCMATERIALPROFILESETUSAGE(#5110,10,$);
#5109=IFCTOPOLOGYREPRESENTATION(#99,$,'Edge',(#5111));
#5110=IFCMATERIALPROFILESET($,$,(#5112),$);
#5111=IFCEDGE(#728,#763);
#5112=IFCMATERIALPROFILE($,$,#1704,#2644,$,$);
#5113=IFCSTRUCTURALCURVEMEMBER('3xslqVTEP14haeGCHtt2N8',#95,'392',$,$,$,#5117,.RIGID_JOINED_MEMBER.,#3422);
#5114=IFCRELCONNECTSSTRUCTURALMEMBER('1o2ogiXyz6Me6CpDHHPmrn',#3,$,$,#5113,#760,#97,$,$,$);
#5115=IFCRELCONNECTSSTRUCTURALMEMBER('3Mq4k9v$n9Ku7z$SYd_wk$',#3,$,$,#5113,#765,#1681,$,$,$);
#5116=IFCRELASSOCIATESMATERIAL('0kAUjLlHzFfBo1x0U2u3hi',#3,$,$,(#5113),#5118);
#5117=IFCPRODUCTDEFINITIONSHAPE($,$,(#5119));
#5118=IFCMATERIALPROFILESETUSAGE(#5120,10,$);
#5119=IFCTOPOLOGYREPRESENTATION(#99,$,'Edge',(#5121));
#5120=IFCMATERIALPROFILESET($,$,(#5122),$);
#5121=IFCEDGE(#763,#768);
#5122=IFCMATERIALPROFILE($,$,#1704,#2644,$,$);
#5123=IFCSTRUCTURALCURVEMEMBER('1e4oZwgd14ZPK5jL0yLf6$',#95,'393',$,$,$,#5127,.RIGID_JOINED_MEMBER.,#3433);
#5124=IFCRELCONNECTSSTRUCTURALMEMBER('2YDA48xKvCuQkPiEwwsJS4',#3,$,$,#5123,#765,#97,$,$,$);
#5125=IFCRELCONNECTSSTRUCTURALMEMBER('2zv8lOOTTCR9UG71ttxJbd',#3,$,$,#5123,#800,#1681,$,$,$);
#5126=IFCRELASSOCIATESMATERIAL('3mILy6Efr3BOWQgjAW92oY',#3,$,$,(#5123),#5128);
#5127=IFCPRODUCTDEFINITIONSHAPE($,$,(#5129));
#5128=IFCMATERIALPROFILESETUSAGE(#5130,10,$);
#5129=IFCTOPOLOGYREPRESENTATION(#99,$,'Edge',(#5131));
#5130=IFCMATERIALPROFILESET($,$,(#5132),$);
#5131=IFCEDGE(#768,#803);
#5132=IFCMATERIALPROFILE($,$,#1704,#2644,$,$);
#5133=IFCSTRUCTURALCURVEMEMBER('2FvhJZYrT49usmnvJ3Dmdt',#95,'394',$,$,$,#5137,.RIGID_JOINED_MEMBER.,#3444);
#5134=IFCRELCONNECTSSTRUCTURALMEMBER('1h3ep2Tw92fgGmWOgDDXBA',#3,$,$,#5133,#800,#97,$,$,$);
#5135=IFCRELCONNECTSSTRUCTURALMEMBER('2l1Kee8x54COiQMDgNLIP$',#3,$,$,#5133,#805,#1681,$,$,$);
#5136=IFCRELASSOCIATESMATERIAL('0bjI4oVJbByRj5LLsHFA0A',#3,$,$,(#5133),#5138);
#5137=IFCPRODUCTDEFINITIONSHAPE($,$,(#5139));
#5138=IFCMATERIALPROFILESETUSAGE(#5140,10,$);
#5139=IFCTOPOLOGYREPRESENTATION(#99,$,'Edge',(#5141));
#5140=IFCMATERIALPROFILESET($,$,(#5142),$);
#5141=IFCEDGE(#803,#808);
#5142=IFCMATERIALPROFILE($,$,#1704,#2644,$,$);
#5143=IFCSTRUCTURALCURVEMEMBER('1Cr$vTi018vRAaDfduCIYX',#95,'395',$,$,$,#5147,.RIGID_JOINED_MEMBER.,#3455);
#5144=IFCRELCONNECTSSTRUCTURALMEMBER('1HiXNNMcL4QRopfMN__Jjo',#3,$,$,#5143,#805,#97,$,$,$);
#5145=IFCRELCONNECTSSTRUCTURALMEMBER('2IxAtjksDFNujPMrVyTZUX',#3,$,$,#5143,#840,#1681,$,$,$);
#5146=IFCRELASSOCIATESMATERIAL('2WTKbKxr5EyvVcGlJPZvZN',#3,$,$,(#5143),#5148);
#5147=IFCPRODUCTDEFINITIONSHAPE($,$,(#5149));
#5148=IFCMATERIALPROFILESETUSAGE(#5150,10,$);
#5149=IFCTOPOLOGYREPRESENTATION(#99,$,'Edge',(#5151));
#5150=IFCMATERIALPROFILESET($,$,(#5152),$);
#5151=IFCEDGE(#808,#843);
#5152=IFCMATERIALPROFILE($,$,#1704,#2644,$,$);
#5153=IFCSTRUCTURALCURVEMEMBER('2R5_qMb9L8veFpN1axQB6g',#95,'396',$,$,$,#5157,.RIGID_JOINED_MEMBER.,#3466);
#5154=IFCRELCONNECTSSTRUCTURALMEMBER('0Z0fPmZ8P01xbES0jQEl1c',#3,$,$,#5153,#840,#97,$,$,$);
#5155=IFCRELCONNECTSSTRUCTURALMEMBER('3blWCuLPH988_IsgWgp5qp',#3,$,$,#5153,#845,#1681,$,$,$);
#5156=IFCRELASSOCIATESMATERIAL('0vtt9azVbFahg0BIJuoMsv',#3,$,$,(#5153),#5158);
#5157=IFCPRODUCTDEFINITIONSHAPE($,$,(#5159));
#5158=IFCMATERIALPROFILESETUSAGE(#5160,10,$);
#5159=IFCTOPOLOGYREPRESENTATION(#99,$,'Edge',(#5161));
#5160=IFCMATERIALPROFILESET($,$,(#5162),$);
#5161=IFCEDGE(#843,#848);
#5162=IFCMATERIALPROFILE($,$,#1704,#2644,$,$);
#5163=IFCSTRUCTURALCURVEMEMBER('1pbEH9dz94hxCjo345m5Lt',#95,'397',$,$,$,#5167,.RIGID_JOINED_MEMBER.,#3477);
#5164=IFCRELCONNECTSSTRUCTURALMEMBER('0SaDlELZr1k9g1tqLkl1X1',#3,$,$,#5163,#845,#97,$,$,$);
#5165=IFCRELCONNECTSSTRUCTURALMEMBER('2vNxLSTzfA_wioptBiGlpx',#3,$,$,#5163,#880,#1681,$,$,$);
#5166=IFCRELASSOCIATESMATERIAL('0F62i1BSj2Bv3g6KL5KO1x',#3,$,$,(#5163),#5168);
#5167=IFCPRODUCTDEFINITIONSHAPE($,$,(#5169));
#5168=IFCMATERIALPROFILESETUSAGE(#5170,10,$);
#5169=IFCTOPOLOGYREPRESENTATION(#99,$,'Edge',(#5171));
#5170=IFCMATERIALPROFILESET($,$,(#5172),$);
#5171=IFCEDGE(#848,#883);
#5172=IFCMATERIALPROFILE($,$,#1704,#2644,$,$);
#5173=IFCSTRUCTURALCURVEMEMBER('2Sq5P7q6j1dhe9d3EiwgVR',#95,'398',$,$,$,#5177,.RIGID_JOINED_MEMBER.,#3488);
#5174=IFCRELCONNECTSSTRUCTURALMEMBER('2V2BylIwvDf8zzgKuqyCwB',#3,$,$,#5173,#880,#97,$,$,$);
#5175=IFCRELCONNECTSSTRUCTURALMEMBER('3C148ZHPXAWfA1PqPGAicP',#3,$,$,#5173,#885,#1681,$,$,$);
#5176=IFCRELASSOCIATESMATERIAL('31LSryjGP5Yfm3U_z_PXX_',#3,$,$,(#5173),#5178);
#5177=IFCPRODUCTDEFINITIONSHAPE($,$,(#5179));
#5178=IFCMATERIALPROFILESETUSAGE(#5180,10,$);
#5179=IFCTOPOLOGYREPRESENTATION(#99,$,'Edge',(#5181));
#5180=IFCMATERIALPROFILESET($,$,(#5182),$);
#5181=IFCEDGE(#883,#888);
#5182=IFCMATERIALPROFILE($,$,#1704,#2644,$,$);
#5183=IFCSTRUCTURALCURVEMEMBER('1dMhIdqYH4QgTC5XUnyuEW',#95,'399',$,$,$,#5187,.RIGID_JOINED_MEMBER.,#3499);
#5184=IFCRELCONNECTSSTRUCTURALMEMBER('2EJAiGxff0k848b9j$HDnL',#3,$,$,#5183,#885,#97,$,$,$);
#5185=IFCRELCONNECTSSTRUCTURALMEMBER('0yUUKBmOD2Ge3okhih5MfF',#3,$,$,#5183,#546,#1681,$,$,$);
#5186=IFCRELASSOCIATESMATERIAL('08MEf8VlH05u_DSWSolOI0',#3,$,$,(#5183),#5188);
#5187=IFCPRODUCTDEFINITIONSHAPE($,$,(#5189));
#5188=IFCMATERIALPROFILESETUSAGE(#5190,10,$);
#5189=IFCTOPOLOGYREPRESENTATION(#99,$,'Edge',(#5191));
#5190=IFCMATERIALPROFILESET($,$,(#5192),$);
#5191=IFCEDGE(#888,#549);
#5192=IFCMATERIALPROFILE($,$,#1704,#2644,$,$);
#5193=IFCSTRUCTURALCURVEMEMBER('2O86UHAnbEwvG4xTGLro8v',#95,'400',$,$,$,#5197,.RIGID_JOINED_MEMBER.,#1680);
#5194=IFCRELCONNECTSSTRUCTURALMEMBER('221gVBb5X339eeZnjE5qmB',#3,$,$,#5193,#546,#97,$,$,$);
#5195=IFCRELCONNECTSSTRUCTURALMEMBER('3P3YlgQETC3wMD4$BzZHcl',#3,$,$,#5193,#516,#1681,$,$,$);
#5196=IFCRELASSOCIATESMATERIAL('192H1l7E95ou9Yjc9WG2FN',#3,$,$,(#5193),#5198);
#5197=IFCPRODUCTDEFINITIONSHAPE($,$,(#5199));
#5198=IFCMATERIALPROFILESETUSAGE(#5200,10,$);
#5199=IFCTOPOLOGYREPRESENTATION(#99,$,'Edge',(#5201));
#5200=IFCMATERIALPROFILESET($,$,(#5202),$);
#5201=IFCEDGE(#549,#519);
#5202=IFCMATERIALPROFILE($,$,#1704,#2644,$,$);
#5203=IFCSTRUCTURALCURVEMEMBER('1UPVaq3jH9JORQ6g2fTLeF',#95,'401',$,$,$,#5207,.RIGID_JOINED_MEMBER.,#1680);
#5204=IFCRELCONNECTSSTRUCTURALMEMBER('3oAsetGVTFigVaOnsYnx32',#3,$,$,#5203,#900,#97,$,$,$);
#5205=IFCRELCONNECTSSTRUCTURALMEMBER('1b0UseGdz25OLKKLXWSXCr',#3,$,$,#5203,#885,#1681,$,$,$);
#5206=IFCRELASSOCIATESMATERIAL('15$EdQWgnEIfqJkKaLf7Q5',#3,$,$,(#5203),#5208);
#5207=IFCPRODUCTDEFINITIONSHAPE($,$,(#5209));
#5208=IFCMATERIALPROFILESETUSAGE(#5210,10,$);
#5209=IFCTOPOLOGYREPRESENTATION(#99,$,'Edge',(#5211));
#5210=IFCMATERIALPROFILESET($,$,(#5212),$);
#5211=IFCEDGE(#903,#888);
#5212=IFCMATERIALPROFILE($,$,#1704,#2644,$,$);
#5213=IFCSTRUCTURALCURVEMEMBER('02kWygZ0D9e8wAw5j36mDM',#95,'402',$,$,$,#5217,.RIGID_JOINED_MEMBER.,#3530);
#5214=IFCRELCONNECTSSTRUCTURALMEMBER('1qiLmDfP5EXfzsr_ytS9bG',#3,$,$,#5213,#526,$,$,$,$);
#5215=IFCRELCONNECTSSTRUCTURALMEMBER('3CbUm1U6r0GfNWnVxwQCfN',#3,$,$,#5213,#905,$,$,$,$);
#5216=IFCRELASSOCIATESMATERIAL('0Zo623jmr8sQiC6fMg1ogd',#3,$,$,(#5213),#5218);
#5217=IFCPRODUCTDEFINITIONSHAPE($,$,(#5219));
#5218=IFCMATERIALPROFILESETUSAGE(#5220,10,$);
#5219=IFCTOPOLOGYREPRESENTATION(#99,$,'Edge',(#5221));
#5220=IFCMATERIALPROFILESET($,$,(#5222),$);
#5221=IFCEDGE(#529,#908);
#5222=IFCMATERIALPROFILE($,$,#1704,#2644,$,$);
#5223=IFCSTRUCTURALCURVEMEMBER('16DVv282H2YePJcKtPRyre',#95,'403',$,$,$,#5227,.RIGID_JOINED_MEMBER.,#3530);
#5224=IFCRELCONNECTSSTRUCTURALMEMBER('2GXn7ZKAz5F8R0pQ9gWk6Y',#3,$,$,#5223,#905,$,$,$,$);
#5225=IFCRELCONNECTSSTRUCTURALMEMBER('1i05hXrUH1BxyYYwwIip4G',#3,$,$,#5223,#551,$,$,$,$);
#5226=IFCRELASSOCIATESMATERIAL('3_qUTAJ618_BaBJss86PvE',#3,$,$,(#5223),#5228);
#5227=IFCPRODUCTDEFINITIONSHAPE($,$,(#5229));
#5228=IFCMATERIALPROFILESETUSAGE(#5230,10,$);
#5229=IFCTOPOLOGYREPRESENTATION(#99,$,'Edge',(#5231));
#5230=IFCMATERIALPROFILESET($,$,(#5232),$);
#5231=IFCEDGE(#908,#563);
#5232=IFCMATERIALPROFILE($,$,#1704,#2644,$,$);
#5233=IFCSTRUCTURALCURVEMEMBER('22QfGI6lD36x7pnIyy7BHp',#95,'404',$,$,$,#5237,.RIGID_JOINED_MEMBER.,#3551);
#5234=IFCRELCONNECTSSTRUCTURALMEMBER('2c8QuoWCLA5Oi6j$EJ6hPJ',#3,$,$,#5233,#536,$,$,$,$);
#5235=IFCRELCONNECTSSTRUCTURALMEMBER('0ii5u8bWnC9fjQ29PqNPBW',#3,$,$,#5233,#910,$,$,$,$);
#5236=IFCRELASSOCIATESMATERIAL('2paHP1xk9DvwP91XUPoeWe',#3,$,$,(#5233),#5238);
#5237=IFCPRODUCTDEFINITIONSHAPE($,$,(#5239));
#5238=IFCMATERIALPROFILESETUSAGE(#5240,10,$);
#5239=IFCTOPOLOGYREPRESENTATION(#99,$,'Edge',(#5241));
#5240=IFCMATERIALPROFILESET($,$,(#5242),$);
#5241=IFCEDGE(#539,#913);
#5242=IFCMATERIALPROFILE($,$,#1704,#2644,$,$);
#5243=IFCSTRUCTURALCURVEMEMBER('0yj$iRd7r6hgOj3$SgfJ17',#95,'405',$,$,$,#5247,.RIGID_JOINED_MEMBER.,#3551);
#5244=IFCRELCONNECTSSTRUCTURALMEMBER('2uQN0fOMnFCvspBIhR$hdb',#3,$,$,#5243,#910,$,$,$,$);
#5245=IFCRELCONNECTSSTRUCTURALMEMBER('2yZfH$pen9KP0o3w2HK$Hz',#3,$,$,#5243,#551,$,$,$,$);
#5246=IFCRELASSOCIATESMATERIAL('3i7G7mSc19F8gWUFamsB6o',#3,$,$,(#5243),#5248);
#5247=IFCPRODUCTDEFINITIONSHAPE($,$,(#5249));
#5248=IFCMATERIALPROFILESETUSAGE(#5250,10,$);
#5249=IFCTOPOLOGYREPRESENTATION(#99,$,'Edge',(#5251));
#5250=IFCMATERIALPROFILESET($,$,(#5252),$);
#5251=IFCEDGE(#913,#563);
#5252=IFCMATERIALPROFILE($,$,#1704,#2644,$,$);
#5253=IFCSTRUCTURALCURVEMEMBER('3fcWPB42PEphY3zXAz1T4K',#95,'406',$,$,$,#5257,.RIGID_JOINED_MEMBER.,#3572);
#5254=IFCRELCONNECTSSTRUCTURALMEMBER('2zLGobkCvDfwrsVtPU9HVr',#3,$,$,#5253,#546,$,$,$,$);
#5255=IFCRELCONNECTSSTRUCTURALMEMBER('3Os0IiPgP8QeRJv8B0CZwK',#3,$,$,#5253,#915,$,$,$,$);
#5256=IFCRELASSOCIATESMATERIAL('2puZwmgqjBnP9LZK5KyaX3',#3,$,$,(#5253),#5258);
#5257=IFCPRODUCTDEFINITIONSHAPE($,$,(#5259));
#5258=IFCMATERIALPROFILESETUSAGE(#5260,10,$);
#5259=IFCTOPOLOGYREPRESENTATION(#99,$,'Edge',(#5261));
#5260=IFCMATERIALPROFILESET($,$,(#5262),$);
#5261=IFCEDGE(#549,#918);
#5262=IFCMATERIALPROFILE($,$,#1704,#2644,$,$);
#5263=IFCSTRUCTURALCURVEMEMBER('0dKUpnpWL60g98ErI6Mk$u',#95,'407',$,$,$,#5267,.RIGID_JOINED_MEMBER.,#3572);
#5264=IFCRELCONNECTSSTRUCTURALMEMBER('3daZki7lfEH9KpSg5WPFew',#3,$,$,#5263,#915,$,$,$,$);
#5265=IFCRELCONNECTSSTRUCTURALMEMBER('1krCmb1OLDggD2$WlqmZcS',#3,$,$,#5263,#551,$,$,$,$);
#5266=IFCRELASSOCIATESMATERIAL('3yKTL8QJDCfAkUMmP2Zt4R',#3,$,$,(#5263),#5268);
#5267=IFCPRODUCTDEFINITIONSHAPE($,$,(#5269));
#5268=IFCMATERIALPROFILESETUSAGE(#5270,10,$);
#5269=IFCTOPOLOGYREPRESENTATION(#99,$,'Edge',(#5271));
#5270=IFCMATERIALPROFILESET($,$,(#5272),$);
#5271=IFCEDGE(#918,#563);
#5272=IFCMATERIALPROFILE($,$,#1704,#2644,$,$);
#5273=IFCSTRUCTURALCURVEMEMBER('27Xq_hReD5$QI62RFbsrdh',#95,'408',$,$,$,#5277,.RIGID_JOINED_MEMBER.,#3593);
#5274=IFCRELCONNECTSSTRUCTURALMEMBER('2x7kczBNXB1BNY$YcGlt8t',#3,$,$,#5273,#516,$,$,$,$);
#5275=IFCRELCONNECTSSTRUCTURALMEMBER('38ZfZllRr43RPfbnUr7ODu',#3,$,$,#5273,#920,$,$,$,$);
#5276=IFCRELASSOCIATESMATERIAL('0JwLVZthDEY9VPWg_Ufw$_',#3,$,$,(#5273),#5278);
#5277=IFCPRODUCTDEFINITIONSHAPE($,$,(#5279));
#5278=IFCMATERIALPROFILESETUSAGE(#5280,10,$);
#5279=IFCTOPOLOGYREPRESENTATION(#99,$,'Edge',(#5281));
#5280=IFCMATERIALPROFILESET($,$,(#5282),$);
#5281=IFCEDGE(#519,#923);
#5282=IFCMATERIALPROFILE($,$,#1704,#2644,$,$);
#5283=IFCSTRUCTURALCURVEMEMBER('14hNY0eq59$xnr2DB_YaQb',#95,'409',$,$,$,#5287,.RIGID_JOINED_MEMBER.,#3593);
#5284=IFCRELCONNECTSSTRUCTURALMEMBER('33reVWnMH0tv91ZLytmsEy',#3,$,$,#5283,#920,$,$,$,$);
#5285=IFCRELCONNECTSSTRUCTURALMEMBER('18Tt8EamLB4xH6rUpYiccp',#3,$,$,#5283,#551,$,$,$,$);
#5286=IFCRELASSOCIATESMATERIAL('3I946vw3T7YvZoxklb$gye',#3,$,$,(#5283),#5288);
#5287=IFCPRODUCTDEFINITIONSHAPE($,$,(#5289));
#5288=IFCMATERIALPROFILESETUSAGE(#5290,10,$);
#5289=IFCTOPOLOGYREPRESENTATION(#99,$,'Edge',(#5291));
#5290=IFCMATERIALPROFILESET($,$,(#5292),$);
#5291=IFCEDGE(#923,#563);
#5292=IFCMATERIALPROFILE($,$,#1704,#2644,$,$);
#5293=IFCSTRUCTURALCURVEMEMBER('09xUbNBIDByOSxiHQT$uB4',#95,'410',$,$,$,#5297,.RIGID_JOINED_MEMBER.,#3614);
#5294=IFCRELCONNECTSSTRUCTURALMEMBER('3XRWuq0RT5YQUViZytnpXs',#3,$,$,#5293,#516,#97,$,$,$);
#5295=IFCRELCONNECTSSTRUCTURALMEMBER('0reEoTdnn3DOzekoydTeQN',#3,$,$,#5293,#905,#1681,$,$,$);
#5296=IFCRELASSOCIATESMATERIAL('2DiB2Uh4TBhP64OKGjNRNH',#3,$,$,(#5293),#5298);
#5297=IFCPRODUCTDEFINITIONSHAPE($,$,(#5299));
#5298=IFCMATERIALPROFILESETUSAGE(#5300,10,$);
#5299=IFCTOPOLOGYREPRESENTATION(#99,$,'Edge',(#5301));
#5300=IFCMATERIALPROFILESET($,$,(#5302),$);
#5301=IFCEDGE(#519,#908);
#5302=IFCMATERIALPROFILE($,$,#1704,#2644,$,$);
#5303=IFCSTRUCTURALCURVEMEMBER('12araCF2H8j8LWlbUdrGM9',#95,'411',$,$,$,#5307,.RIGID_JOINED_MEMBER.,#1680);
#5304=IFCRELCONNECTSSTRUCTURALMEMBER('3fWtXm9iH1Wfg6xhNCK__1',#3,$,$,#5303,#905,#97,$,$,$);
#5305=IFCRELCONNECTSSTRUCTURALMEMBER('1MYdVNiqn40AXoaM_e1Cgb',#3,$,$,#5303,#920,#1681,$,$,$);
#5306=IFCRELASSOCIATESMATERIAL('3sh4iSwmz1PeWNhDUT5Qej',#3,$,$,(#5303),#5308);
#5307=IFCPRODUCTDEFINITIONSHAPE($,$,(#5309));
#5308=IFCMATERIALPROFILESETUSAGE(#5310,10,$);
#5309=IFCTOPOLOGYREPRESENTATION(#99,$,'Edge',(#5311));
#5310=IFCMATERIALPROFILESET($,$,(#5312),$);
#5311=IFCEDGE(#908,#923);
#5312=IFCMATERIALPROFILE($,$,#1704,#2644,$,$);
#5313=IFCSTRUCTURALCURVEMEMBER('1XFYbwiFvA0xtkf4WADt0G',#95,'412',$,$,$,#5317,.RIGID_JOINED_MEMBER.,#3635);
#5314=IFCRELCONNECTSSTRUCTURALMEMBER('3v0050OUX3fRB4D6jjDYFJ',#3,$,$,#5313,#546,#97,$,$,$);
#5315=IFCRELCONNECTSSTRUCTURALMEMBER('0RWtteKcP7bxslb9xiqhaD',#3,$,$,#5313,#920,#1681,$,$,$);
#5316=IFCRELASSOCIATESMATERIAL('2qH5owroDABe5aOQTGmqWh',#3,$,$,(#5313),#5318);
#5317=IFCPRODUCTDEFINITIONSHAPE($,$,(#5319));
#5318=IFCMATERIALPROFILESETUSAGE(#5320,10,$);
#5319=IFCTOPOLOGYREPRESENTATION(#99,$,'Edge',(#5321));
#5320=IFCMATERIALPROFILESET($,$,(#5322),$);
#5321=IFCEDGE(#549,#923);
#5322=IFCMATERIALPROFILE($,$,#1704,#2644,$,$);
#5323=IFCSTRUCTURALCURVEMEMBER('3iV6pStBH9wP7zHySq_niT',#95,'413',$,$,$,#5327,.RIGID_JOINED_MEMBER.,#1680);
#5324=IFCRELCONNECTSSTRUCTURALMEMBER('2bAb3$iu5ENfwVzHpTYx$w',#3,$,$,#5323,#920,#97,$,$,$);
#5325=IFCRELCONNECTSSTRUCTURALMEMBER('3UDvABnR92WRVBsOAhJyu3',#3,$,$,#5323,#915,#1681,$,$,$);
#5326=IFCRELASSOCIATESMATERIAL('0foUtACprCrhzNpgj0t0bS',#3,$,$,(#5323),#5328);
#5327=IFCPRODUCTDEFINITIONSHAPE($,$,(#5329));
#5328=IFCMATERIALPROFILESETUSAGE(#5330,10,$);
#5329=IFCTOPOLOGYREPRESENTATION(#99,$,'Edge',(#5331));
#5330=IFCMATERIALPROFILESET($,$,(#5332),$);
#5331=IFCEDGE(#923,#918);
#5332=IFCMATERIALPROFILE($,$,#1704,#2644,$,$);
#5333=IFCSTRUCTURALCURVEMEMBER('3BXMUnfCLDeRlNm5sL5ys2',#95,'414',$,$,$,#5337,.RIGID_JOINED_MEMBER.,#3656);
#5334=IFCRELCONNECTSSTRUCTURALMEMBER('39go0Zdo92QA6uy_xozg7a',#3,$,$,#5333,#536,#97,$,$,$);
#5335=IFCRELCONNECTSSTRUCTURALMEMBER('1uEbI90DLCoxz8tY9mWYLT',#3,$,$,#5333,#915,#1681,$,$,$);
#5336=IFCRELASSOCIATESMATERIAL('0mgXXXJH5E9OntzCCXV5bE',#3,$,$,(#5333),#5338);
#5337=IFCPRODUCTDEFINITIONSHAPE($,$,(#5339));
#5338=IFCMATERIALPROFILESETUSAGE(#5340,10,$);
#5339=IFCTOPOLOGYREPRESENTATION(#99,$,'Edge',(#5341));
#5340=IFCMATERIALPROFILESET($,$,(#5342),$);
#5341=IFCEDGE(#539,#918);
#5342=IFCMATERIALPROFILE($,$,#1704,#2644,$,$);
#5343=IFCSTRUCTURALCURVEMEMBER('1CEc4miov3zBY37WCUuI7O',#95,'415',$,$,$,#5347,.RIGID_JOINED_MEMBER.,#1680);
#5344=IFCRELCONNECTSSTRUCTURALMEMBER('369caeazv1PxltzocNjCg3',#3,$,$,#5343,#915,#97,$,$,$);
#5345=IFCRELCONNECTSSTRUCTURALMEMBER('26pzoaF8f3_8GJxSey5PbM',#3,$,$,#5343,#910,#1681,$,$,$);
#5346=IFCRELASSOCIATESMATERIAL('3DWbaDmGf8uAXsSknHU0Oz',#3,$,$,(#5343),#5348);
#5347=IFCPRODUCTDEFINITIONSHAPE($,$,(#5349));
#5348=IFCMATERIALPROFILESETUSAGE(#5350,10,$);
#5349=IFCTOPOLOGYREPRESENTATION(#99,$,'Edge',(#5351));
#5350=IFCMATERIALPROFILESET($,$,(#5352),$);
#5351=IFCEDGE(#918,#913);
#5352=IFCMATERIALPROFILE($,$,#1704,#2644,$,$);
#5353=IFCSTRUCTURALCURVEMEMBER('3mf1gBDff8EuuGLC9cxgu8',#95,'416',$,$,$,#5357,.RIGID_JOINED_MEMBER.,#3677);
#5354=IFCRELCONNECTSSTRUCTURALMEMBER('1mRfjEvOvA_huVX_GmBuL4',#3,$,$,#5353,#526,#97,$,$,$);
#5355=IFCRELCONNECTSSTRUCTURALMEMBER('0z$R_KE695oeVoSufubH2O',#3,$,$,#5353,#910,#1681,$,$,$);
#5356=IFCRELASSOCIATESMATERIAL('1474iaUxr3ROdYhG0Wkvfr',#3,$,$,(#5353),#5358);
#5357=IFCPRODUCTDEFINITIONSHAPE($,$,(#5359));
#5358=IFCMATERIALPROFILESETUSAGE(#5360,10,$);
#5359=IFCTOPOLOGYREPRESENTATION(#99,$,'Edge',(#5361));
#5360=IFCMATERIALPROFILESET($,$,(#5362),$);
#5361=IFCEDGE(#529,#913);
#5362=IFCMATERIALPROFILE($,$,#1704,#2644,$,$);
#5363=IFCSTRUCTURALCURVEMEMBER('3ZstW2Vr5CGvNWGLiLcD1L',#95,'417',$,$,$,#5367,.RIGID_JOINED_MEMBER.,#1680);
#5364=IFCRELCONNECTSSTRUCTURALMEMBER('3PuJsycdP87fL27ZYFcbiN',#3,$,$,#5363,#910,#97,$,$,$);
#5365=IFCRELCONNECTSSTRUCTURALMEMBER('36veUAlmD59A_hVRlG9L_y',#3,$,$,#5363,#905,#1681,$,$,$);
#5366=IFCRELASSOCIATESMATERIAL('2bzNsVDTD1rPJq$aROvNoB',#3,$,$,(#5363),#5368);
#5367=IFCPRODUCTDEFINITIONSHAPE($,$,(#5369));
#5368=IFCMATERIALPROFILESETUSAGE(#5370,10,$);
#5369=IFCTOPOLOGYREPRESENTATION(#99,$,'Edge',(#5371));
#5370=IFCMATERIALPROFILESET($,$,(#5372),$);
#5371=IFCEDGE(#913,#908);
#5372=IFCMATERIALPROFILE($,$,#1704,#2644,$,$);
#5373=IFCSTRUCTURALCURVEMEMBER('2LtNgohLD9ow_Z_URFz9ic',#95,'418',$,$,$,#5377,.RIGID_JOINED_MEMBER.,#1859);
#5374=IFCRELCONNECTSSTRUCTURALMEMBER('057oSh$r54NxlqsnWFqVz7',#3,$,$,#5373,#925,$,$,$,$);
#5375=IFCRELCONNECTSSTRUCTURALMEMBER('34IsT1P3n64gN2Amjlgg9H',#3,$,$,#5373,#979,$,$,$,$);
#5376=IFCRELASSOCIATESMATERIAL('0IwBd9dpzAcg6oRc3ZSZ51',#3,$,$,(#5373),#5378);
#5377=IFCPRODUCTDEFINITIONSHAPE($,$,(#5379));
#5378=IFCMATERIALPROFILESETUSAGE(#5380,10,$);
#5379=IFCTOPOLOGYREPRESENTATION(#99,$,'Edge',(#5381));
#5380=IFCMATERIALPROFILESET($,$,(#5382),$);
#5381=IFCEDGE(#928,#982);
#5382=IFCMATERIALPROFILE($,$,#1704,#1874,$,$);
#5383=IFCSTRUCTURALCURVEMEMBER('1kYG4C2Af9d9HqWsPMRgqI',#95,'419',$,$,$,#5387,.RIGID_JOINED_MEMBER.,#1895);
#5384=IFCRELCONNECTSSTRUCTURALMEMBER('1t8AerD5XBLALYsGykPs0v',#3,$,$,#5383,#935,$,$,$,$);
#5385=IFCRELCONNECTSSTRUCTURALMEMBER('0OxwOBfYLANOcF7RtH83ap',#3,$,$,#5383,#984,$,$,$,$);
#5386=IFCRELASSOCIATESMATERIAL('3lpj7C2ST0NPMukinWS0Oe',#3,$,$,(#5383),#5388);
#5387=IFCPRODUCTDEFINITIONSHAPE($,$,(#5389));
#5388=IFCMATERIALPROFILESETUSAGE(#5390,10,$);
#5389=IFCTOPOLOGYREPRESENTATION(#99,$,'Edge',(#5391));
#5390=IFCMATERIALPROFILESET($,$,(#5392),$);
#5391=IFCEDGE(#938,#987);
#5392=IFCMATERIALPROFILE($,$,#1704,#1874,$,$);
#5393=IFCSTRUCTURALCURVEMEMBER('0IgmrhtC57swERHvSqz9YX',#95,'420',$,$,$,#5397,.RIGID_JOINED_MEMBER.,#1916);
#5394=IFCRELCONNECTSSTRUCTURALMEMBER('1pJGD9X5H9yeHYVW4IzBQ6',#3,$,$,#5393,#945,$,$,$,$);
#5395=IFCRELCONNECTSSTRUCTURALMEMBER('2moprUb9rEgxQjIL0hsPKx',#3,$,$,#5393,#989,$,$,$,$);
#5396=IFCRELASSOCIATESMATERIAL('3kqPWzQM9DPOw00QrIniRg',#3,$,$,(#5393),#5398);
#5397=IFCPRODUCTDEFINITIONSHAPE($,$,(#5399));
#5398=IFCMATERIALPROFILESETUSAGE(#5400,10,$);
#5399=IFCTOPOLOGYREPRESENTATION(#99,$,'Edge',(#5401));
#5400=IFCMATERIALPROFILESET($,$,(#5402),$);
#5401=IFCEDGE(#948,#992);
#5402=IFCMATERIALPROFILE($,$,#1704,#1874,$,$);
#5403=IFCSTRUCTURALCURVEMEMBER('2z5ULcNdL0kuwGx1V9SGAG',#95,'421',$,$,$,#5407,.RIGID_JOINED_MEMBER.,#1937);
#5404=IFCRELCONNECTSSTRUCTURALMEMBER('27tMdFOoj0EQR80LRrUiWE',#3,$,$,#5403,#955,$,$,$,$);
#5405=IFCRELCONNECTSSTRUCTURALMEMBER('0DMhPqeB93bhu7YYY94TM1',#3,$,$,#5403,#994,$,$,$,$);
#5406=IFCRELASSOCIATESMATERIAL('1b6M_Ni9D9vvvA1r2du6ay',#3,$,$,(#5403),#5408);
#5407=IFCPRODUCTDEFINITIONSHAPE($,$,(#5409));
#5408=IFCMATERIALPROFILESETUSAGE(#5410,10,$);
#5409=IFCTOPOLOGYREPRESENTATION(#99,$,'Edge',(#5411));
#5410=IFCMATERIALPROFILESET($,$,(#5412),$);
#5411=IFCEDGE(#958,#997);
#5412=IFCMATERIALPROFILE($,$,#1704,#1874,$,$);
#5413=IFCSTRUCTURALCURVEMEMBER('3YPJ4swzb4lxlKu1dRR5yx',#95,'422',$,$,$,#5417,.RIGID_JOINED_MEMBER.,#1859);
#5414=IFCRELCONNECTSSTRUCTURALMEMBER('0b3iWw83L3yRWWpTy$SDTL',#3,$,$,#5413,#979,$,$,$,$);
#5415=IFCRELCONNECTSSTRUCTURALMEMBER('0eOfvuMqL4$PPBIy82VSwe',#3,$,$,#5413,#999,$,$,$,$);
#5416=IFCRELASSOCIATESMATERIAL('0x1HAkGhXBRv5Ad77wxenH',#3,$,$,(#5413),#5418);
#5417=IFCPRODUCTDEFINITIONSHAPE($,$,(#5419));
#5418=IFCMATERIALPROFILESETUSAGE(#5420,10,$);
#5419=IFCTOPOLOGYREPRESENTATION(#99,$,'Edge',(#5421));
#5420=IFCMATERIALPROFILESET($,$,(#5422),$);
#5421=IFCEDGE(#982,#1002);
#5422=IFCMATERIALPROFILE($,$,#1704,#1874,$,$);
#5423=IFCSTRUCTURALCURVEMEMBER('1vh4roiSfBHuH98mZjfn70',#95,'423',$,$,$,#5427,.RIGID_JOINED_MEMBER.,#1895);
#5424=IFCRELCONNECTSSTRUCTURALMEMBER('2Ep_ATSTj2Duk3AvKQjST3',#3,$,$,#5423,#984,$,$,$,$);
#5425=IFCRELCONNECTSSTRUCTURALMEMBER('0lREdsQ8bEcBQypUhUB69l',#3,$,$,#5423,#1004,$,$,$,$);
#5426=IFCRELASSOCIATESMATERIAL('3ylBNESanFZB1e9hkLeUeD',#3,$,$,(#5423),#5428);
#5427=IFCPRODUCTDEFINITIONSHAPE($,$,(#5429));
#5428=IFCMATERIALPROFILESETUSAGE(#5430,10,$);
#5429=IFCTOPOLOGYREPRESENTATION(#99,$,'Edge',(#5431));
#5430=IFCMATERIALPROFILESET($,$,(#5432),$);
#5431=IFCEDGE(#987,#1007);
#5432=IFCMATERIALPROFILE($,$,#1704,#1874,$,$);
#5433=IFCSTRUCTURALCURVEMEMBER('341acLrK1B2BJVULVL3uJa',#95,'424',$,$,$,#5437,.RIGID_JOINED_MEMBER.,#1916);
#5434=IFCRELCONNECTSSTRUCTURALMEMBER('2ZJVQ99WHE8uRz7X7KXvMU',#3,$,$,#5433,#989,$,$,$,$);
#5435=IFCRELCONNECTSSTRUCTURALMEMBER('2VQKBJtQj9Iwj8NTkshvMa',#3,$,$,#5433,#1009,$,$,$,$);
#5436=IFCRELASSOCIATESMATERIAL('3Bs9lRhkz8eBZ0EtqsBZg5',#3,$,$,(#5433),#5438);
#5437=IFCPRODUCTDEFINITIONSHAPE($,$,(#5439));
#5438=IFCMATERIALPROFILESETUSAGE(#5440,10,$);
#5439=IFCTOPOLOGYREPRESENTATION(#99,$,'Edge',(#5441));
#5440=IFCMATERIALPROFILESET($,$,(#5442),$);
#5441=IFCEDGE(#992,#1012);
#5442=IFCMATERIALPROFILE($,$,#1704,#1874,$,$);
#5443=IFCSTRUCTURALCURVEMEMBER('39vWyMWkb2iueBcVuCiaG$',#95,'425',$,$,$,#5447,.RIGID_JOINED_MEMBER.,#1937);
#5444=IFCRELCONNECTSSTRUCTURALMEMBER('1hZBx8Lbr3SgK4wOA0ivpH',#3,$,$,#5443,#994,$,$,$,$);
#5445=IFCRELCONNECTSSTRUCTURALMEMBER('0RZlBbRp5F7wPMAn97pgI7',#3,$,$,#5443,#1014,$,$,$,$);
#5446=IFCRELASSOCIATESMATERIAL('2SHz2GJOr9xflTzN$Q3GmT',#3,$,$,(#5443),#5448);
#5447=IFCPRODUCTDEFINITIONSHAPE($,$,(#5449));
#5448=IFCMATERIALPROFILESETUSAGE(#5450,10,$);
#5449=IFCTOPOLOGYREPRESENTATION(#99,$,'Edge',(#5451));
#5450=IFCMATERIALPROFILESET($,$,(#5452),$);
#5451=IFCEDGE(#997,#1017);
#5452=IFCMATERIALPROFILE($,$,#1704,#1874,$,$);
#5453=IFCSTRUCTURALCURVEMEMBER('2ekGgBJq92q9pon3Va1WfL',#95,'426',$,$,$,#5457,.RIGID_JOINED_MEMBER.,#1859);
#5454=IFCRELCONNECTSSTRUCTURALMEMBER('0FAhzfIeT61uAwSNjLJmjV',#3,$,$,#5453,#999,$,$,$,$);
#5455=IFCRELCONNECTSSTRUCTURALMEMBER('0N4fM8rZTA6AQObzE0Tz0e',#3,$,$,#5453,#1019,$,$,$,$);
#5456=IFCRELASSOCIATESMATERIAL('2eVbo5xsrEyh$57$O71jpz',#3,$,$,(#5453),#5458);
#5457=IFCPRODUCTDEFINITIONSHAPE($,$,(#5459));
#5458=IFCMATERIALPROFILESETUSAGE(#5460,10,$);
#5459=IFCTOPOLOGYREPRESENTATION(#99,$,'Edge',(#5461));
#5460=IFCMATERIALPROFILESET($,$,(#5462),$);
#5461=IFCEDGE(#1002,#1022);
#5462=IFCMATERIALPROFILE($,$,#1704,#1874,$,$);
#5463=IFCSTRUCTURALCURVEMEMBER('1Xhc1ijWPFwQsMxP_fLKlu',#95,'427',$,$,$,#5467,.RIGID_JOINED_MEMBER.,#1895);
#5464=IFCRELCONNECTSSTRUCTURALMEMBER('3OCnLDTPDDZfbvaa1i_baX',#3,$,$,#5463,#1004,$,$,$,$);
#5465=IFCRELCONNECTSSTRUCTURALMEMBER('30BZbv9xb8RgyxuaZ3cpcH',#3,$,$,#5463,#1024,$,$,$,$);
#5466=IFCRELASSOCIATESMATERIAL('2Zg_XWefH9kuiJKo8gRt0v',#3,$,$,(#5463),#5468);
#5467=IFCPRODUCTDEFINITIONSHAPE($,$,(#5469));
#5468=IFCMATERIALPROFILESETUSAGE(#5470,10,$);
#5469=IFCTOPOLOGYREPRESENTATION(#99,$,'Edge',(#5471));
#5470=IFCMATERIALPROFILESET($,$,(#5472),$);
#5471=IFCEDGE(#1007,#1027);
#5472=IFCMATERIALPROFILE($,$,#1704,#1874,$,$);
#5473=IFCSTRUCTURALCURVEMEMBER('1HoBYtqvfA9wsYLGwzO3Fs',#95,'428',$,$,$,#5477,.RIGID_JOINED_MEMBER.,#1916);
#5474=IFCRELCONNECTSSTRUCTURALMEMBER('1MFAgDs6X5ePku7rhX60AO',#3,$,$,#5473,#1009,$,$,$,$);
#5475=IFCRELCONNECTSSTRUCTURALMEMBER('3gamN2ydb1heQ2wJZg_b_9',#3,$,$,#5473,#1029,$,$,$,$);
#5476=IFCRELASSOCIATESMATERIAL('35oORjJabE5Bh$3rzDPnVa',#3,$,$,(#5473),#5478);
#5477=IFCPRODUCTDEFINITIONSHAPE($,$,(#5479));
#5478=IFCMATERIALPROFILESETUSAGE(#5480,10,$);
#5479=IFCTOPOLOGYREPRESENTATION(#99,$,'Edge',(#5481));
#5480=IFCMATERIALPROFILESET($,$,(#5482),$);
#5481=IFCEDGE(#1012,#1032);
#5482=IFCMATERIALPROFILE($,$,#1704,#1874,$,$);
#5483=IFCSTRUCTURALCURVEMEMBER('1mJ2W6vWrFMxff4GlpqLzC',#95,'429',$,$,$,#5487,.RIGID_JOINED_MEMBER.,#1937);
#5484=IFCRELCONNECTSSTRUCTURALMEMBER('3fjS4QSDD2d8BVSHRLW1O9',#3,$,$,#5483,#1014,$,$,$,$);
#5485=IFCRELCONNECTSSTRUCTURALMEMBER('2nfF0LV$L2VRKUHiaSjcI7',#3,$,$,#5483,#1034,$,$,$,$);
#5486=IFCRELASSOCIATESMATERIAL('2Lg0j3RyTFsR1o0gdse_7S',#3,$,$,(#5483),#5488);
#5487=IFCPRODUCTDEFINITIONSHAPE($,$,(#5489));
#5488=IFCMATERIALPROFILESETUSAGE(#5490,10,$);
#5489=IFCTOPOLOGYREPRESENTATION(#99,$,'Edge',(#5491));
#5490=IFCMATERIALPROFILESET($,$,(#5492),$);
#5491=IFCEDGE(#1017,#1037);
#5492=IFCMATERIALPROFILE($,$,#1704,#1874,$,$);
#5493=IFCSTRUCTURALCURVEMEMBER('08t$3BrvDEcOHUhMXXA0s6',#95,'430',$,$,$,#5497,.RIGID_JOINED_MEMBER.,#1859);
#5494=IFCRELCONNECTSSTRUCTURALMEMBER('1cj7SHcW97BxSi35sWq_Y1',#3,$,$,#5493,#1019,$,$,$,$);
#5495=IFCRELCONNECTSSTRUCTURALMEMBER('3KmWjFmdf04xbH2$uc$96p',#3,$,$,#5493,#1039,$,$,$,$);
#5496=IFCRELASSOCIATESMATERIAL('0IM39eJKj9zeOM3hxEH60v',#3,$,$,(#5493),#5498);
#5497=IFCPRODUCTDEFINITIONSHAPE($,$,(#5499));
#5498=IFCMATERIALPROFILESETUSAGE(#5500,10,$);
#5499=IFCTOPOLOGYREPRESENTATION(#99,$,'Edge',(#5501));
#5500=IFCMATERIALPROFILESET($,$,(#5502),$);
#5501=IFCEDGE(#1022,#1042);
#5502=IFCMATERIALPROFILE($,$,#1704,#1874,$,$);
#5503=IFCSTRUCTURALCURVEMEMBER('3zIv_iPkrFuhURAGXxuRI6',#95,'431',$,$,$,#5507,.RIGID_JOINED_MEMBER.,#1895);
#5504=IFCRELCONNECTSSTRUCTURALMEMBER('3Wu0wsYjn8mPPlKCkC88zC',#3,$,$,#5503,#1024,$,$,$,$);
#5505=IFCRELCONNECTSSTRUCTURALMEMBER('0JwWD8_Of1KRMKBso3GDYw',#3,$,$,#5503,#1044,$,$,$,$);
#5506=IFCRELASSOCIATESMATERIAL('1NByfWcd189wo61YI3ZDiy',#3,$,$,(#5503),#5508);
#5507=IFCPRODUCTDEFINITIONSHAPE($,$,(#5509));
#5508=IFCMATERIALPROFILESETUSAGE(#5510,10,$);
#5509=IFCTOPOLOGYREPRESENTATION(#99,$,'Edge',(#5511));
#5510=IFCMATERIALPROFILESET($,$,(#5512),$);
#5511=IFCEDGE(#1027,#1047);
#5512=IFCMATERIALPROFILE($,$,#1704,#1874,$,$);
#5513=IFCSTRUCTURALCURVEMEMBER('1KT8jG6dvCIQCc4YSU83Yi',#95,'432',$,$,$,#5517,.RIGID_JOINED_MEMBER.,#1916);
#5514=IFCRELCONNECTSSTRUCTURALMEMBER('1VojgmUjDAS8HL$ZtzeJwm',#3,$,$,#5513,#1029,$,$,$,$);
#5515=IFCRELCONNECTSSTRUCTURALMEMBER('3GjA9SdtzCDRLnA7BW0ppb',#3,$,$,#5513,#1049,$,$,$,$);
#5516=IFCRELASSOCIATESMATERIAL('1_2woWAMzAaAdsVDmGx5td',#3,$,$,(#5513),#5518);
#5517=IFCPRODUCTDEFINITIONSHAPE($,$,(#5519));
#5518=IFCMATERIALPROFILESETUSAGE(#5520,10,$);
#5519=IFCTOPOLOGYREPRESENTATION(#99,$,'Edge',(#5521));
#5520=IFCMATERIALPROFILESET($,$,(#5522),$);
#5521=IFCEDGE(#1032,#1052);
#5522=IFCMATERIALPROFILE($,$,#1704,#1874,$,$);
#5523=IFCSTRUCTURALCURVEMEMBER('3LFzslbD15p9FZ5hrJJWRV',#95,'433',$,$,$,#5527,.RIGID_JOINED_MEMBER.,#1937);
#5524=IFCRELCONNECTSSTRUCTURALMEMBER('3NI6wiLd99jxf92me0fMVe',#3,$,$,#5523,#1034,$,$,$,$);
#5525=IFCRELCONNECTSSTRUCTURALMEMBER('2CEsweQFH1yPXgXA_FiR1l',#3,$,$,#5523,#1054,$,$,$,$);
#5526=IFCRELASSOCIATESMATERIAL('2dVyvf0wb4ZviATufCc0xX',#3,$,$,(#5523),#5528);
#5527=IFCPRODUCTDEFINITIONSHAPE($,$,(#5529));
#5528=IFCMATERIALPROFILESETUSAGE(#5530,10,$);
#5529=IFCTOPOLOGYREPRESENTATION(#99,$,'Edge',(#5531));
#5530=IFCMATERIALPROFILESET($,$,(#5532),$);
#5531=IFCEDGE(#1037,#1057);
#5532=IFCMATERIALPROFILE($,$,#1704,#1874,$,$);
#5533=IFCSTRUCTURALCURVEMEMBER('0UuiOx_1HEVu97ByHodIRW',#95,'434',$,$,$,#5537,.RIGID_JOINED_MEMBER.,#1859);
#5534=IFCRELCONNECTSSTRUCTURALMEMBER('3eu1M6aPHEHOw8gfWk4Fql',#3,$,$,#5533,#1039,$,$,$,$);
#5535=IFCRELCONNECTSSTRUCTURALMEMBER('03ROup59f9fwC6jSHbxEE5',#3,$,$,#5533,#1059,$,$,$,$);
#5536=IFCRELASSOCIATESMATERIAL('22RCczRN52J8CQa2V3khQy',#3,$,$,(#5533),#5538);
#5537=IFCPRODUCTDEFINITIONSHAPE($,$,(#5539));
#5538=IFCMATERIALPROFILESETUSAGE(#5540,10,$);
#5539=IFCTOPOLOGYREPRESENTATION(#99,$,'Edge',(#5541));
#5540=IFCMATERIALPROFILESET($,$,(#5542),$);
#5541=IFCEDGE(#1042,#1062);
#5542=IFCMATERIALPROFILE($,$,#1704,#1874,$,$);
#5543=IFCSTRUCTURALCURVEMEMBER('0CuFIFzzjF0uWdSe1YrRFO',#95,'435',$,$,$,#5547,.RIGID_JOINED_MEMBER.,#1895);
#5544=IFCRELCONNECTSSTRUCTURALMEMBER('2gTyB9VLD4dOgpXdTXXjOU',#3,$,$,#5543,#1044,$,$,$,$);
#5545=IFCRELCONNECTSSTRUCTURALMEMBER('3m7U_tG8n3MwC7He7bxPLT',#3,$,$,#5543,#1064,$,$,$,$);
#5546=IFCRELASSOCIATESMATERIAL('10LP2sOn9CaP4yTqCQqbQ3',#3,$,$,(#5543),#5548);
#5547=IFCPRODUCTDEFINITIONSHAPE($,$,(#5549));
#5548=IFCMATERIALPROFILESETUSAGE(#5550,10,$);
#5549=IFCTOPOLOGYREPRESENTATION(#99,$,'Edge',(#5551));
#5550=IFCMATERIALPROFILESET($,$,(#5552),$);
#5551=IFCEDGE(#1047,#1067);
#5552=IFCMATERIALPROFILE($,$,#1704,#1874,$,$);
#5553=IFCSTRUCTURALCURVEMEMBER('096I55arfEkwKcIreO123x',#95,'436',$,$,$,#5557,.RIGID_JOINED_MEMBER.,#1916);
#5554=IFCRELCONNECTSSTRUCTURALMEMBER('3iN3FK$lj8lwQmngFXTNXA',#3,$,$,#5553,#1049,$,$,$,$);
#5555=IFCRELCONNECTSSTRUCTURALMEMBER('2gw1Z8L8T4GRYzizW5GMyP',#3,$,$,#5553,#1069,$,$,$,$);
#5556=IFCRELASSOCIATESMATERIAL('1YeOe5Kf533RNqgvpATjNg',#3,$,$,(#5553),#5558);
#5557=IFCPRODUCTDEFINITIONSHAPE($,$,(#5559));
#5558=IFCMATERIALPROFILESETUSAGE(#5560,10,$);
#5559=IFCTOPOLOGYREPRESENTATION(#99,$,'Edge',(#5561));
#5560=IFCMATERIALPROFILESET($,$,(#5562),$);
#5561=IFCEDGE(#1052,#1072);
#5562=IFCMATERIALPROFILE($,$,#1704,#1874,$,$);
#5563=IFCSTRUCTURALCURVEMEMBER('3Fo7rAcaX9Qv8IG9jtQmhO',#95,'437',$,$,$,#5567,.RIGID_JOINED_MEMBER.,#1937);
#5564=IFCRELCONNECTSSTRUCTURALMEMBER('0t5gRvas91OQms98OwtH0p',#3,$,$,#5563,#1054,$,$,$,$);
#5565=IFCRELCONNECTSSTRUCTURALMEMBER('1P1_SINYz93RcrZvRzvZS3',#3,$,$,#5563,#1074,$,$,$,$);
#5566=IFCRELASSOCIATESMATERIAL('3NpK0jDCH1hOEegoJr_rAJ',#3,$,$,(#5563),#5568);
#5567=IFCPRODUCTDEFINITIONSHAPE($,$,(#5569));
#5568=IFCMATERIALPROFILESETUSAGE(#5570,10,$);
#5569=IFCTOPOLOGYREPRESENTATION(#99,$,'Edge',(#5571));
#5570=IFCMATERIALPROFILESET($,$,(#5572),$);
#5571=IFCEDGE(#1057,#1077);
#5572=IFCMATERIALPROFILE($,$,#1704,#1874,$,$);
#5573=IFCSTRUCTURALCURVEMEMBER('2F1J9awrbAu9ojB7p5ArHC',#95,'438',$,$,$,#5577,.RIGID_JOINED_MEMBER.,#1859);
#5574=IFCRELCONNECTSSTRUCTURALMEMBER('0TXkJibYT33guK_zHHQgUE',#3,$,$,#5573,#1059,$,$,$,$);
#5575=IFCRELCONNECTSSTRUCTURALMEMBER('0QZQDPz7j0sxVB0oSc0CK6',#3,$,$,#5573,#1079,$,$,$,$);
#5576=IFCRELASSOCIATESMATERIAL('0LHqKI76v7oe$ZC_irK6q4',#3,$,$,(#5573),#5578);
#5577=IFCPRODUCTDEFINITIONSHAPE($,$,(#5579));
#5578=IFCMATERIALPROFILESETUSAGE(#5580,10,$);
#5579=IFCTOPOLOGYREPRESENTATION(#99,$,'Edge',(#5581));
#5580=IFCMATERIALPROFILESET($,$,(#5582),$);
#5581=IFCEDGE(#1062,#1082);
#5582=IFCMATERIALPROFILE($,$,#1704,#1874,$,$);
#5583=IFCSTRUCTURALCURVEMEMBER('1xgw6cpOf2Zevk3B8dKMA_',#95,'439',$,$,$,#5587,.RIGID_JOINED_MEMBER.,#1895);
#5584=IFCRELCONNECTSSTRUCTURALMEMBER('3w1HiDM2f6Se2toCUBO4Na',#3,$,$,#5583,#1064,$,$,$,$);
#5585=IFCRELCONNECTSSTRUCTURALMEMBER('3LrBUxy$b2nA5ytQo8l_Nd',#3,$,$,#5583,#1084,$,$,$,$);
#5586=IFCRELASSOCIATESMATERIAL('0LxnZUmuvFXBrOWQ$MSCTq',#3,$,$,(#5583),#5588);
#5587=IFCPRODUCTDEFINITIONSHAPE($,$,(#5589));
#5588=IFCMATERIALPROFILESETUSAGE(#5590,10,$);
#5589=IFCTOPOLOGYREPRESENTATION(#99,$,'Edge',(#5591));
#5590=IFCMATERIALPROFILESET($,$,(#5592),$);
#5591=IFCEDGE(#1067,#1087);
#5592=IFCMATERIALPROFILE($,$,#1704,#1874,$,$);
#5593=IFCSTRUCTURALCURVEMEMBER('3946xaQ_vAGhLTXY13$J1R',#95,'440',$,$,$,#5597,.RIGID_JOINED_MEMBER.,#1916);
#5594=IFCRELCONNECTSSTRUCTURALMEMBER('0gAuXyrGTD2AaNI$8zi$lb',#3,$,$,#5593,#1069,$,$,$,$);
#5595=IFCRELCONNECTSSTRUCTURALMEMBER('0MNybdjmDC39TgPoSm5EMg',#3,$,$,#5593,#1089,$,$,$,$);
#5596=IFCRELASSOCIATESMATERIAL('3vdKPWzl11heQ30IIitNtQ',#3,$,$,(#5593),#5598);
#5597=IFCPRODUCTDEFINITIONSHAPE($,$,(#5599));
#5598=IFCMATERIALPROFILESETUSAGE(#5600,10,$);
#5599=IFCTOPOLOGYREPRESENTATION(#99,$,'Edge',(#5601));
#5600=IFCMATERIALPROFILESET($,$,(#5602),$);
#5601=IFCEDGE(#1072,#1092);
#5602=IFCMATERIALPROFILE($,$,#1704,#1874,$,$);
#5603=IFCSTRUCTURALCURVEMEMBER('3F64X8oNP988daGdqc4NhF',#95,'441',$,$,$,#5607,.RIGID_JOINED_MEMBER.,#1937);
#5604=IFCRELCONNECTSSTRUCTURALMEMBER('3PjYQAAGv5IB2jnOvdEg4K',#3,$,$,#5603,#1074,$,$,$,$);
#5605=IFCRELCONNECTSSTRUCTURALMEMBER('1TdBwfD79EufpFmVaXyPHG',#3,$,$,#5603,#1094,$,$,$,$);
#5606=IFCRELASSOCIATESMATERIAL('03TpSyk2L4v99nAc3KMuEe',#3,$,$,(#5603),#5608);
#5607=IFCPRODUCTDEFINITIONSHAPE($,$,(#5609));
#5608=IFCMATERIALPROFILESETUSAGE(#5610,10,$);
#5609=IFCTOPOLOGYREPRESENTATION(#99,$,'Edge',(#5611));
#5610=IFCMATERIALPROFILESET($,$,(#5612),$);
#5611=IFCEDGE(#1077,#1097);
#5612=IFCMATERIALPROFILE($,$,#1704,#1874,$,$);
#5613=IFCSTRUCTURALCURVEMEMBER('3BbdCs1Lf64u36TPoYluRJ',#95,'442',$,$,$,#5617,.RIGID_JOINED_MEMBER.,#1859);
#5614=IFCRELCONNECTSSTRUCTURALMEMBER('3bu3$N5AL4N8KaAm6$kyX3',#3,$,$,#5613,#1079,$,$,$,$);
#5615=IFCRELCONNECTSSTRUCTURALMEMBER('2zZKuCDKX9u8ihntlA0jMF',#3,$,$,#5613,#1099,$,$,$,$);
#5616=IFCRELASSOCIATESMATERIAL('14$Ygs9KTEyuGTA3TaispT',#3,$,$,(#5613),#5618);
#5617=IFCPRODUCTDEFINITIONSHAPE($,$,(#5619));
#5618=IFCMATERIALPROFILESETUSAGE(#5620,10,$);
#5619=IFCTOPOLOGYREPRESENTATION(#99,$,'Edge',(#5621));
#5620=IFCMATERIALPROFILESET($,$,(#5622),$);
#5621=IFCEDGE(#1082,#1102);
#5622=IFCMATERIALPROFILE($,$,#1704,#1874,$,$);
#5623=IFCSTRUCTURALCURVEMEMBER('3hSJ2j8eb3jABzJAq8XHM$',#95,'443',$,$,$,#5627,.RIGID_JOINED_MEMBER.,#1895);
#5624=IFCRELCONNECTSSTRUCTURALMEMBER('2ly7yBDaDF$eXhOvZHQLEE',#3,$,$,#5623,#1084,$,$,$,$);
#5625=IFCRELCONNECTSSTRUCTURALMEMBER('2SXMxeJ_n6DguuZ32tR92D',#3,$,$,#5623,#1104,$,$,$,$);
#5626=IFCRELASSOCIATESMATERIAL('3ltb3g90TEphX6K343XX$E',#3,$,$,(#5623),#5628);
#5627=IFCPRODUCTDEFINITIONSHAPE($,$,(#5629));
#5628=IFCMATERIALPROFILESETUSAGE(#5630,10,$);
#5629=IFCTOPOLOGYREPRESENTATION(#99,$,'Edge',(#5631));
#5630=IFCMATERIALPROFILESET($,$,(#5632),$);
#5631=IFCEDGE(#1087,#1107);
#5632=IFCMATERIALPROFILE($,$,#1704,#1874,$,$);
#5633=IFCSTRUCTURALCURVEMEMBER('28LWOdFyTDdwAKLUXpvsQ_',#95,'444',$,$,$,#5637,.RIGID_JOINED_MEMBER.,#1916);
#5634=IFCRELCONNECTSSTRUCTURALMEMBER('0yVowyDjr2hx5Uhn3sOIe5',#3,$,$,#5633,#1089,$,$,$,$);
#5635=IFCRELCONNECTSSTRUCTURALMEMBER('3mONSY1w98Hu0EMBpf23VP',#3,$,$,#5633,#1109,$,$,$,$);
#5636=IFCRELASSOCIATESMATERIAL('3nYa17pEf9iwRehvXx7vMK',#3,$,$,(#5633),#5638);
#5637=IFCPRODUCTDEFINITIONSHAPE($,$,(#5639));
#5638=IFCMATERIALPROFILESETUSAGE(#5640,10,$);
#5639=IFCTOPOLOGYREPRESENTATION(#99,$,'Edge',(#5641));
#5640=IFCMATERIALPROFILESET($,$,(#5642),$);
#5641=IFCEDGE(#1092,#1112);
#5642=IFCMATERIALPROFILE($,$,#1704,#1874,$,$);
#5643=IFCSTRUCTURALCURVEMEMBER('1me7K_Hs917P6lRfO3umjz',#95,'445',$,$,$,#5647,.RIGID_JOINED_MEMBER.,#1937);
#5644=IFCRELCONNECTSSTRUCTURALMEMBER('2LLXOauMDFyRvDd4IMI34c',#3,$,$,#5643,#1094,$,$,$,$);
#5645=IFCRELCONNECTSSTRUCTURALMEMBER('1J_u31isP29x0yl3SdOdDB',#3,$,$,#5643,#1114,$,$,$,$);
#5646=IFCRELASSOCIATESMATERIAL('0H$hAKwHXD99aNnuLzvwbm',#3,$,$,(#5643),#5648);
#5647=IFCPRODUCTDEFINITIONSHAPE($,$,(#5649));
#5648=IFCMATERIALPROFILESETUSAGE(#5650,10,$);
#5649=IFCTOPOLOGYREPRESENTATION(#99,$,'Edge',(#5651));
#5650=IFCMATERIALPROFILESET($,$,(#5652),$);
#5651=IFCEDGE(#1097,#1117);
#5652=IFCMATERIALPROFILE($,$,#1704,#1874,$,$);
#5653=IFCSTRUCTURALCURVEMEMBER('0xlOu5Akv78hb6pH4qREjE',#95,'446',$,$,$,#5657,.RIGID_JOINED_MEMBER.,#1859);
#5654=IFCRELCONNECTSSTRUCTURALMEMBER('3KOGEQ0W51SgyoiKxUiitp',#3,$,$,#5653,#1099,$,$,$,$);
#5655=IFCRELCONNECTSSTRUCTURALMEMBER('1dJNv$HQ96eBvwJl6hZSXD',#3,$,$,#5653,#1119,$,$,$,$);
#5656=IFCRELASSOCIATESMATERIAL('1y9xX6HvLA8xcIsdgprwUd',#3,$,$,(#5653),#5658);
#5657=IFCPRODUCTDEFINITIONSHAPE($,$,(#5659));
#5658=IFCMATERIALPROFILESETUSAGE(#5660,10,$);
#5659=IFCTOPOLOGYREPRESENTATION(#99,$,'Edge',(#5661));
#5660=IFCMATERIALPROFILESET($,$,(#5662),$);
#5661=IFCEDGE(#1102,#1122);
#5662=IFCMATERIALPROFILE($,$,#1704,#1874,$,$);
#5663=IFCSTRUCTURALCURVEMEMBER('2ZrqalfG9BQxG2mxfDeGgI',#95,'447',$,$,$,#5667,.RIGID_JOINED_MEMBER.,#1895);
#5664=IFCRELCONNECTSSTRUCTURALMEMBER('1U_a7DI0PFiA83IhCubXFW',#3,$,$,#5663,#1104,$,$,$,$);
#5665=IFCRELCONNECTSSTRUCTURALMEMBER('2PjUjMimn0MAXBp1Pbtgzj',#3,$,$,#5663,#1124,$,$,$,$);
#5666=IFCRELASSOCIATESMATERIAL('1$AIBFzH12dPqRF1cdHcmx',#3,$,$,(#5663),#5668);
#5667=IFCPRODUCTDEFINITIONSHAPE($,$,(#5669));
#5668=IFCMATERIALPROFILESETUSAGE(#5670,10,$);
#5669=IFCTOPOLOGYREPRESENTATION(#99,$,'Edge',(#5671));
#5670=IFCMATERIALPROFILESET($,$,(#5672),$);
#5671=IFCEDGE(#1107,#1127);
#5672=IFCMATERIALPROFILE($,$,#1704,#1874,$,$);
#5673=IFCSTRUCTURALCURVEMEMBER('3g7tMb5CvAIRsWeBnwbaqC',#95,'448',$,$,$,#5677,.RIGID_JOINED_MEMBER.,#1916);
#5674=IFCRELCONNECTSSTRUCTURALMEMBER('1Lvhuphqn3JfuxbSJh0iuG',#3,$,$,#5673,#1109,$,$,$,$);
#5675=IFCRELCONNECTSSTRUCTURALMEMBER('17SHl3Ik1DY8PXiLGXmiJ9',#3,$,$,#5673,#1129,$,$,$,$);
#5676=IFCRELASSOCIATESMATERIAL('0Wj_RmJnX8fPWuPLCf1RgT',#3,$,$,(#5673),#5678);
#5677=IFCPRODUCTDEFINITIONSHAPE($,$,(#5679));
#5678=IFCMATERIALPROFILESETUSAGE(#5680,10,$);
#5679=IFCTOPOLOGYREPRESENTATION(#99,$,'Edge',(#5681));
#5680=IFCMATERIALPROFILESET($,$,(#5682),$);
#5681=IFCEDGE(#1112,#1132);
#5682=IFCMATERIALPROFILE($,$,#1704,#1874,$,$);
#5683=IFCSTRUCTURALCURVEMEMBER('3raQCHhLD6_wg58SKeKLrU',#95,'449',$,$,$,#5687,.RIGID_JOINED_MEMBER.,#1937);
#5684=IFCRELCONNECTSSTRUCTURALMEMBER('1y9aY3NVr5U9B3_XGdpgMk',#3,$,$,#5683,#1114,$,$,$,$);
#5685=IFCRELCONNECTSSTRUCTURALMEMBER('1VbzLccmXCgQH_8TbmA$Yb',#3,$,$,#5683,#1134,$,$,$,$);
#5686=IFCRELASSOCIATESMATERIAL('1X9PhnV5v5QwGqrONdrsI0',#3,$,$,(#5683),#5688);
#5687=IFCPRODUCTDEFINITIONSHAPE($,$,(#5689));
#5688=IFCMATERIALPROFILESETUSAGE(#5690,10,$);
#5689=IFCTOPOLOGYREPRESENTATION(#99,$,'Edge',(#5691));
#5690=IFCMATERIALPROFILESET($,$,(#5692),$);
#5691=IFCEDGE(#1117,#1137);
#5692=IFCMATERIALPROFILE($,$,#1704,#1874,$,$);
#5693=IFCSTRUCTURALCURVEMEMBER('14B2D52hf1cwF3EU0qyTJc',#95,'450',$,$,$,#5697,.RIGID_JOINED_MEMBER.,#1859);
#5694=IFCRELCONNECTSSTRUCTURALMEMBER('1DGzEK5A9BqRDA5U$bmmy2',#3,$,$,#5693,#1119,$,$,$,$);
#5695=IFCRELCONNECTSSTRUCTURALMEMBER('3YDVN9J9zAaxKQdEnNJVpy',#3,$,$,#5693,#1139,$,$,$,$);
#5696=IFCRELASSOCIATESMATERIAL('170zB2cCP6AvuWSPZZiUK1',#3,$,$,(#5693),#5698);
#5697=IFCPRODUCTDEFINITIONSHAPE($,$,(#5699));
#5698=IFCMATERIALPROFILESETUSAGE(#5700,10,$);
#5699=IFCTOPOLOGYREPRESENTATION(#99,$,'Edge',(#5701));
#5700=IFCMATERIALPROFILESET($,$,(#5702),$);
#5701=IFCEDGE(#1122,#1142);
#5702=IFCMATERIALPROFILE($,$,#1704,#1874,$,$);
#5703=IFCSTRUCTURALCURVEMEMBER('1Zijazg9D1GhYxYJVKSCa9',#95,'451',$,$,$,#5707,.RIGID_JOINED_MEMBER.,#1895);
#5704=IFCRELCONNECTSSTRUCTURALMEMBER('0xfUAMPnv46gKnB57uA_lg',#3,$,$,#5703,#1124,$,$,$,$);
#5705=IFCRELCONNECTSSTRUCTURALMEMBER('1CJ8NISpDF2eM5_bdcajDG',#3,$,$,#5703,#1144,$,$,$,$);
#5706=IFCRELASSOCIATESMATERIAL('1LgJ9BufH1bRGOiIU8nB5r',#3,$,$,(#5703),#5708);
#5707=IFCPRODUCTDEFINITIONSHAPE($,$,(#5709));
#5708=IFCMATERIALPROFILESETUSAGE(#5710,10,$);
#5709=IFCTOPOLOGYREPRESENTATION(#99,$,'Edge',(#5711));
#5710=IFCMATERIALPROFILESET($,$,(#5712),$);
#5711=IFCEDGE(#1127,#1147);
#5712=IFCMATERIALPROFILE($,$,#1704,#1874,$,$);
#5713=IFCSTRUCTURALCURVEMEMBER('1F80HG4wbAoAk24L5HYME3',#95,'452',$,$,$,#5717,.RIGID_JOINED_MEMBER.,#1916);
#5714=IFCRELCONNECTSSTRUCTURALMEMBER('0lKTVCmwL9AugrD_Eh2uQI',#3,$,$,#5713,#1129,$,$,$,$);
#5715=IFCRELCONNECTSSTRUCTURALMEMBER('28D4D__h527PDxtJMYM9Mx',#3,$,$,#5713,#1149,$,$,$,$);
#5716=IFCRELASSOCIATESMATERIAL('0AFrKrjq1C0w0emxOJMqx9',#3,$,$,(#5713),#5718);
#5717=IFCPRODUCTDEFINITIONSHAPE($,$,(#5719));
#5718=IFCMATERIALPROFILESETUSAGE(#5720,10,$);
#5719=IFCTOPOLOGYREPRESENTATION(#99,$,'Edge',(#5721));
#5720=IFCMATERIALPROFILESET($,$,(#5722),$);
#5721=IFCEDGE(#1132,#1152);
#5722=IFCMATERIALPROFILE($,$,#1704,#1874,$,$);
#5723=IFCSTRUCTURALCURVEMEMBER('37M07okv94gh5yljpFF2ry',#95,'453',$,$,$,#5727,.RIGID_JOINED_MEMBER.,#1937);
#5724=IFCRELCONNECTSSTRUCTURALMEMBER('1MnH5MmI94OxL6XNPeCllN',#3,$,$,#5723,#1134,$,$,$,$);
#5725=IFCRELCONNECTSSTRUCTURALMEMBER('1jtj2INNP31QiaX$B39lbf',#3,$,$,#5723,#1154,$,$,$,$);
#5726=IFCRELASSOCIATESMATERIAL('06vsvdplv77wwGT8_FcU$y',#3,$,$,(#5723),#5728);
#5727=IFCPRODUCTDEFINITIONSHAPE($,$,(#5729));
#5728=IFCMATERIALPROFILESETUSAGE(#5730,10,$);
#5729=IFCTOPOLOGYREPRESENTATION(#99,$,'Edge',(#5731));
#5730=IFCMATERIALPROFILESET($,$,(#5732),$);
#5731=IFCEDGE(#1137,#1157);
#5732=IFCMATERIALPROFILE($,$,#1704,#1874,$,$);
#5733=IFCSTRUCTURALCURVEMEMBER('1kgdx1bx13fAaVDxB3ev1N',#95,'454',$,$,$,#5737,.RIGID_JOINED_MEMBER.,#1859);
#5734=IFCRELCONNECTSSTRUCTURALMEMBER('2Oo8$lXs11WQh0E2WSpRkz',#3,$,$,#5733,#1139,$,$,$,$);
#5735=IFCRELCONNECTSSTRUCTURALMEMBER('0ISeEzuObDyxSm$UCyVj$6',#3,$,$,#5733,#1159,$,$,$,$);
#5736=IFCRELASSOCIATESMATERIAL('3eibBQj9vCaeFhlhtQCwEX',#3,$,$,(#5733),#5738);
#5737=IFCPRODUCTDEFINITIONSHAPE($,$,(#5739));
#5738=IFCMATERIALPROFILESETUSAGE(#5740,10,$);
#5739=IFCTOPOLOGYREPRESENTATION(#99,$,'Edge',(#5741));
#5740=IFCMATERIALPROFILESET($,$,(#5742),$);
#5741=IFCEDGE(#1142,#1162);
#5742=IFCMATERIALPROFILE($,$,#1704,#1874,$,$);
#5743=IFCSTRUCTURALCURVEMEMBER('3pXnlu2UTBvxc9ODu4480B',#95,'455',$,$,$,#5747,.RIGID_JOINED_MEMBER.,#1895);
#5744=IFCRELCONNECTSSTRUCTURALMEMBER('0Ow0qhre91jBpBRO27bsPV',#3,$,$,#5743,#1144,$,$,$,$);
#5745=IFCRELCONNECTSSTRUCTURALMEMBER('1geYWKqvzDBBAfltPBDrrW',#3,$,$,#5743,#1164,$,$,$,$);
#5746=IFCRELASSOCIATESMATERIAL('0Uj8PdAZ956O1t0StSY3Z1',#3,$,$,(#5743),#5748);
#5747=IFCPRODUCTDEFINITIONSHAPE($,$,(#5749));
#5748=IFCMATERIALPROFILESETUSAGE(#5750,10,$);
#5749=IFCTOPOLOGYREPRESENTATION(#99,$,'Edge',(#5751));
#5750=IFCMATERIALPROFILESET($,$,(#5752),$);
#5751=IFCEDGE(#1147,#1167);
#5752=IFCMATERIALPROFILE($,$,#1704,#1874,$,$);
#5753=IFCSTRUCTURALCURVEMEMBER('0G0BOvCpfEbhIX1PChzGMG',#95,'456',$,$,$,#5757,.RIGID_JOINED_MEMBER.,#1916);
#5754=IFCRELCONNECTSSTRUCTURALMEMBER('3FooaHyv9F1eTbMO25ObOP',#3,$,$,#5753,#1149,$,$,$,$);
#5755=IFCRELCONNECTSSTRUCTURALMEMBER('1EZ76aZbL1zvWfmU0$5jrh',#3,$,$,#5753,#1169,$,$,$,$);
#5756=IFCRELASSOCIATESMATERIAL('2V0aBRlCf1c9ZoSI0yuEzp',#3,$,$,(#5753),#5758);
#5757=IFCPRODUCTDEFINITIONSHAPE($,$,(#5759));
#5758=IFCMATERIALPROFILESETUSAGE(#5760,10,$);
#5759=IFCTOPOLOGYREPRESENTATION(#99,$,'Edge',(#5761));
#5760=IFCMATERIALPROFILESET($,$,(#5762),$);
#5761=IFCEDGE(#1152,#1172);
#5762=IFCMATERIALPROFILE($,$,#1704,#1874,$,$);
#5763=IFCSTRUCTURALCURVEMEMBER('0Kv_cgzpj1J9ZyCKlm5Ybw',#95,'457',$,$,$,#5767,.RIGID_JOINED_MEMBER.,#1937);
#5764=IFCRELCONNECTSSTRUCTURALMEMBER('0cVJtXFKz07eauxgkYUXwj',#3,$,$,#5763,#1154,$,$,$,$);
#5765=IFCRELCONNECTSSTRUCTURALMEMBER('3tVgSgdD91cfnLVnagMlq2',#3,$,$,#5763,#1174,$,$,$,$);
#5766=IFCRELASSOCIATESMATERIAL('0CO07owez1xwRpny8P5ffx',#3,$,$,(#5763),#5768);
#5767=IFCPRODUCTDEFINITIONSHAPE($,$,(#5769));
#5768=IFCMATERIALPROFILESETUSAGE(#5770,10,$);
#5769=IFCTOPOLOGYREPRESENTATION(#99,$,'Edge',(#5771));
#5770=IFCMATERIALPROFILESET($,$,(#5772),$);
#5771=IFCEDGE(#1157,#1177);
#5772=IFCMATERIALPROFILE($,$,#1704,#1874,$,$);
#5773=IFCSTRUCTURALCURVEMEMBER('1xCR6Ob6bFxwDzlXYI6eV9',#95,'458',$,$,$,#5777,.RIGID_JOINED_MEMBER.,#1859);
#5774=IFCRELCONNECTSSTRUCTURALMEMBER('296v3yC5n2cO_Xe0IUnmB6',#3,$,$,#5773,#1159,$,$,$,$);
#5775=IFCRELCONNECTSSTRUCTURALMEMBER('1vI1CDyr51khlM5_nNprnz',#3,$,$,#5773,#1179,$,$,$,$);
#5776=IFCRELASSOCIATESMATERIAL('0W0xe1OGL6B8a2zXRhmn_8',#3,$,$,(#5773),#5778);
#5777=IFCPRODUCTDEFINITIONSHAPE($,$,(#5779));
#5778=IFCMATERIALPROFILESETUSAGE(#5780,10,$);
#5779=IFCTOPOLOGYREPRESENTATION(#99,$,'Edge',(#5781));
#5780=IFCMATERIALPROFILESET($,$,(#5782),$);
#5781=IFCEDGE(#1162,#1182);
#5782=IFCMATERIALPROFILE($,$,#1704,#1874,$,$);
#5783=IFCSTRUCTURALCURVEMEMBER('0gbgzFHRb70w3WXK2iO0yH',#95,'459',$,$,$,#5787,.RIGID_JOINED_MEMBER.,#1895);
#5784=IFCRELCONNECTSSTRUCTURALMEMBER('0UK7Y9sZr3bBnJQAycTWxq',#3,$,$,#5783,#1164,$,$,$,$);
#5785=IFCRELCONNECTSSTRUCTURALMEMBER('0oDkMYqlHEYh4qILCS6MMi',#3,$,$,#5783,#1184,$,$,$,$);
#5786=IFCRELASSOCIATESMATERIAL('1NI0_mARH4fRqfpSUmtKuz',#3,$,$,(#5783),#5788);
#5787=IFCPRODUCTDEFINITIONSHAPE($,$,(#5789));
#5788=IFCMATERIALPROFILESETUSAGE(#5790,10,$);
#5789=IFCTOPOLOGYREPRESENTATION(#99,$,'Edge',(#5791));
#5790=IFCMATERIALPROFILESET($,$,(#5792),$);
#5791=IFCEDGE(#1167,#1187);
#5792=IFCMATERIALPROFILE($,$,#1704,#1874,$,$);
#5793=IFCSTRUCTURALCURVEMEMBER('2akg91Rv13XBPiuTwrmoBf',#95,'460',$,$,$,#5797,.RIGID_JOINED_MEMBER.,#1916);
#5794=IFCRELCONNECTSSTRUCTURALMEMBER('3ZkgpvSAv5pBXwN2N40NmS',#3,$,$,#5793,#1169,$,$,$,$);
#5795=IFCRELCONNECTSSTRUCTURALMEMBER('2kV1bc3sL5_9YdjMffltc7',#3,$,$,#5793,#1189,$,$,$,$);
#5796=IFCRELASSOCIATESMATERIAL('1Qex12Ot55kR42aVm_rsNA',#3,$,$,(#5793),#5798);
#5797=IFCPRODUCTDEFINITIONSHAPE($,$,(#5799));
#5798=IFCMATERIALPROFILESETUSAGE(#5800,10,$);
#5799=IFCTOPOLOGYREPRESENTATION(#99,$,'Edge',(#5801));
#5800=IFCMATERIALPROFILESET($,$,(#5802),$);
#5801=IFCEDGE(#1172,#1192);
#5802=IFCMATERIALPROFILE($,$,#1704,#1874,$,$);
#5803=IFCSTRUCTURALCURVEMEMBER('24O_9UeWX5NR09Uv23OBUn',#95,'461',$,$,$,#5807,.RIGID_JOINED_MEMBER.,#1937);
#5804=IFCRELCONNECTSSTRUCTURALMEMBER('3CE4RIfGzAShjzikb5MyV4',#3,$,$,#5803,#1174,$,$,$,$);
#5805=IFCRELCONNECTSSTRUCTURALMEMBER('0xkdI0uLvBFeUF_2P5Cpv7',#3,$,$,#5803,#1194,$,$,$,$);
#5806=IFCRELASSOCIATESMATERIAL('1XU7lw8ZP4lwKlnBtGl19V',#3,$,$,(#5803),#5808);
#5807=IFCPRODUCTDEFINITIONSHAPE($,$,(#5809));
#5808=IFCMATERIALPROFILESETUSAGE(#5810,10,$);
#5809=IFCTOPOLOGYREPRESENTATION(#99,$,'Edge',(#5811));
#5810=IFCMATERIALPROFILESET($,$,(#5812),$);
#5811=IFCEDGE(#1177,#1197);
#5812=IFCMATERIALPROFILE($,$,#1704,#1874,$,$);
#5813=IFCSTRUCTURALCURVEMEMBER('15C9hvd6r4Y8OeCt5Yc6G$',#95,'462',$,$,$,#5817,.RIGID_JOINED_MEMBER.,#1859);
#5814=IFCRELCONNECTSSTRUCTURALMEMBER('23VrpCW4r1cvzC05SncUeA',#3,$,$,#5813,#1179,$,$,$,$);
#5815=IFCRELCONNECTSSTRUCTURALMEMBER('1Qbc4ghzXCih8nh1cyd6To',#3,$,$,#5813,#1199,$,$,$,$);
#5816=IFCRELASSOCIATESMATERIAL('3ShxePm0H468lvxvegdgWl',#3,$,$,(#5813),#5818);
#5817=IFCPRODUCTDEFINITIONSHAPE($,$,(#5819));
#5818=IFCMATERIALPROFILESETUSAGE(#5820,10,$);
#5819=IFCTOPOLOGYREPRESENTATION(#99,$,'Edge',(#5821));
#5820=IFCMATERIALPROFILESET($,$,(#5822),$);
#5821=IFCEDGE(#1182,#1202);
#5822=IFCMATERIALPROFILE($,$,#1704,#1874,$,$);
#5823=IFCSTRUCTURALCURVEMEMBER('21Fl9IZkj1_BQcE1ylwmYf',#95,'463',$,$,$,#5827,.RIGID_JOINED_MEMBER.,#1895);
#5824=IFCRELCONNECTSSTRUCTURALMEMBER('3Dvs4R0Nz1$v47U$3P7LN6',#3,$,$,#5823,#1184,$,$,$,$);
#5825=IFCRELCONNECTSSTRUCTURALMEMBER('1rjzFJqLr4xRuKKhwwMvYn',#3,$,$,#5823,#1204,$,$,$,$);
#5826=IFCRELASSOCIATESMATERIAL('29hP750E16HR6zEWFfuhm1',#3,$,$,(#5823),#5828);
#5827=IFCPRODUCTDEFINITIONSHAPE($,$,(#5829));
#5828=IFCMATERIALPROFILESETUSAGE(#5830,10,$);
#5829=IFCTOPOLOGYREPRESENTATION(#99,$,'Edge',(#5831));
#5830=IFCMATERIALPROFILESET($,$,(#5832),$);
#5831=IFCEDGE(#1187,#1207);
#5832=IFCMATERIALPROFILE($,$,#1704,#1874,$,$);
#5833=IFCSTRUCTURALCURVEMEMBER('0L0axN6gb2Cek65mORKeEg',#95,'464',$,$,$,#5837,.RIGID_JOINED_MEMBER.,#1916);
#5834=IFCRELCONNECTSSTRUCTURALMEMBER('3hcug4zKTDefQeIF3Lmj1g',#3,$,$,#5833,#1189,$,$,$,$);
#5835=IFCRELCONNECTSSTRUCTURALMEMBER('0_Fy4uu1b1WxHucJWoaQWr',#3,$,$,#5833,#1209,$,$,$,$);
#5836=IFCRELASSOCIATESMATERIAL('1u4I1Fvib3193buqkyq9Nq',#3,$,$,(#5833),#5838);
#5837=IFCPRODUCTDEFINITIONSHAPE($,$,(#5839));
#5838=IFCMATERIALPROFILESETUSAGE(#5840,10,$);
#5839=IFCTOPOLOGYREPRESENTATION(#99,$,'Edge',(#5841));
#5840=IFCMATERIALPROFILESET($,$,(#5842),$);
#5841=IFCEDGE(#1192,#1212);
#5842=IFCMATERIALPROFILE($,$,#1704,#1874,$,$);
#5843=IFCSTRUCTURALCURVEMEMBER('0qnw2ePa5FHhKdSGbjvjSw',#95,'465',$,$,$,#5847,.RIGID_JOINED_MEMBER.,#1937);
#5844=IFCRELCONNECTSSTRUCTURALMEMBER('3enjabHV5CmP5rnSf70ph1',#3,$,$,#5843,#1194,$,$,$,$);
#5845=IFCRELCONNECTSSTRUCTURALMEMBER('0PJkYuv6P49hXs8MTH6zsh',#3,$,$,#5843,#1214,$,$,$,$);
#5846=IFCRELASSOCIATESMATERIAL('1$nK$g4Or0Ng9qllshSDuR',#3,$,$,(#5843),#5848);
#5847=IFCPRODUCTDEFINITIONSHAPE($,$,(#5849));
#5848=IFCMATERIALPROFILESETUSAGE(#5850,10,$);
#5849=IFCTOPOLOGYREPRESENTATION(#99,$,'Edge',(#5851));
#5850=IFCMATERIALPROFILESET($,$,(#5852),$);
#5851=IFCEDGE(#1197,#1217);
#5852=IFCMATERIALPROFILE($,$,#1704,#1874,$,$);
#5853=IFCSTRUCTURALCURVEMEMBER('33v$IWaZf3cwUlsmPq_Pce',#95,'466',$,$,$,#5857,.RIGID_JOINED_MEMBER.,#1859);
#5854=IFCRELCONNECTSSTRUCTURALMEMBER('0ehUUjm097berLe32bbezo',#3,$,$,#5853,#1199,$,$,$,$);
#5855=IFCRELCONNECTSSTRUCTURALMEMBER('376WSF69PCKPU6JnlU7Cln',#3,$,$,#5853,#1219,$,$,$,$);
#5856=IFCRELASSOCIATESMATERIAL('1WDwHHWA958fcyw$ebNtr7',#3,$,$,(#5853),#5858);
#5857=IFCPRODUCTDEFINITIONSHAPE($,$,(#5859));
#5858=IFCMATERIALPROFILESETUSAGE(#5860,10,$);
#5859=IFCTOPOLOGYREPRESENTATION(#99,$,'Edge',(#5861));
#5860=IFCMATERIALPROFILESET($,$,(#5862),$);
#5861=IFCEDGE(#1202,#1222);
#5862=IFCMATERIALPROFILE($,$,#1704,#1874,$,$);
#5863=IFCSTRUCTURALCURVEMEMBER('0yLt_L7zj3VQBGVydNBdTi',#95,'467',$,$,$,#5867,.RIGID_JOINED_MEMBER.,#1895);
#5864=IFCRELCONNECTSSTRUCTURALMEMBER('1UJyL8HTr6Bv08BveAPceo',#3,$,$,#5863,#1204,$,$,$,$);
#5865=IFCRELCONNECTSSTRUCTURALMEMBER('3dO7DfOrj7DQxx3upsij$T',#3,$,$,#5863,#1224,$,$,$,$);
#5866=IFCRELASSOCIATESMATERIAL('0BNPFUfG18QAetfL93WndC',#3,$,$,(#5863),#5868);
#5867=IFCPRODUCTDEFINITIONSHAPE($,$,(#5869));
#5868=IFCMATERIALPROFILESETUSAGE(#5870,10,$);
#5869=IFCTOPOLOGYREPRESENTATION(#99,$,'Edge',(#5871));
#5870=IFCMATERIALPROFILESET($,$,(#5872),$);
#5871=IFCEDGE(#1207,#1227);
#5872=IFCMATERIALPROFILE($,$,#1704,#1874,$,$);
#5873=IFCSTRUCTURALCURVEMEMBER('3iGRBXuffEmBaBolzXl_HN',#95,'468',$,$,$,#5877,.RIGID_JOINED_MEMBER.,#1916);
#5874=IFCRELCONNECTSSTRUCTURALMEMBER('3WBrk7Lnj6UulvCPXtRrH2',#3,$,$,#5873,#1209,$,$,$,$);
#5875=IFCRELCONNECTSSTRUCTURALMEMBER('2hG8uiV65DIBXDj8j0R8dG',#3,$,$,#5873,#1229,$,$,$,$);
#5876=IFCRELASSOCIATESMATERIAL('0uupLWVfT17utGg590NS2P',#3,$,$,(#5873),#5878);
#5877=IFCPRODUCTDEFINITIONSHAPE($,$,(#5879));
#5878=IFCMATERIALPROFILESETUSAGE(#5880,10,$);
#5879=IFCTOPOLOGYREPRESENTATION(#99,$,'Edge',(#5881));
#5880=IFCMATERIALPROFILESET($,$,(#5882),$);
#5881=IFCEDGE(#1212,#1232);
#5882=IFCMATERIALPROFILE($,$,#1704,#1874,$,$);
#5883=IFCSTRUCTURALCURVEMEMBER('3zk8EgAtfAORp03ZKO3uVJ',#95,'469',$,$,$,#5887,.RIGID_JOINED_MEMBER.,#1937);
#5884=IFCRELCONNECTSSTRUCTURALMEMBER('1xirnDanLE4v9qYjafh6wV',#3,$,$,#5883,#1214,$,$,$,$);
#5885=IFCRELCONNECTSSTRUCTURALMEMBER('0G0sOBYS9AOOjW8byyuh2R',#3,$,$,#5883,#1234,$,$,$,$);
#5886=IFCRELASSOCIATESMATERIAL('12j6tXQvDBLfSiC4cEaBCx',#3,$,$,(#5883),#5888);
#5887=IFCPRODUCTDEFINITIONSHAPE($,$,(#5889));
#5888=IFCMATERIALPROFILESETUSAGE(#5890,10,$);
#5889=IFCTOPOLOGYREPRESENTATION(#99,$,'Edge',(#5891));
#5890=IFCMATERIALPROFILESET($,$,(#5892),$);
#5891=IFCEDGE(#1217,#1237);
#5892=IFCMATERIALPROFILE($,$,#1704,#1874,$,$);
#5893=IFCSTRUCTURALCURVEMEMBER('1Dq3XiQIPB7A9xtupJ7R_R',#95,'470',$,$,$,#5897,.RIGID_JOINED_MEMBER.,#1859);
#5894=IFCRELCONNECTSSTRUCTURALMEMBER('2YLfXZ7GPB9Ob3zeyVkz$l',#3,$,$,#5893,#1219,$,$,$,$);
#5895=IFCRELCONNECTSSTRUCTURALMEMBER('1MKuxJPWD58fenfPdKxbBp',#3,$,$,#5893,#1239,$,$,$,$);
#5896=IFCRELASSOCIATESMATERIAL('0cT6ytFLDCheS1ZqK2Q5Bb',#3,$,$,(#5893),#5898);
#5897=IFCPRODUCTDEFINITIONSHAPE($,$,(#5899));
#5898=IFCMATERIALPROFILESETUSAGE(#5900,10,$);
#5899=IFCTOPOLOGYREPRESENTATION(#99,$,'Edge',(#5901));
#5900=IFCMATERIALPROFILESET($,$,(#5902),$);
#5901=IFCEDGE(#1222,#1242);
#5902=IFCMATERIALPROFILE($,$,#1704,#1874,$,$);
#5903=IFCSTRUCTURALCURVEMEMBER('1rbbAiJab9ZgB5SMhbPPjU',#95,'471',$,$,$,#5907,.RIGID_JOINED_MEMBER.,#1895);
#5904=IFCRELCONNECTSSTRUCTURALMEMBER('0RMe3_gzbFZh7ZxkoguQNZ',#3,$,$,#5903,#1224,$,$,$,$);
#5905=IFCRELCONNECTSSTRUCTURALMEMBER('3wioVW$Zz7tg8oShJh20nH',#3,$,$,#5903,#1244,$,$,$,$);
#5906=IFCRELASSOCIATESMATERIAL('04hwCkh2TBWvrDZDGjSd$u',#3,$,$,(#5903),#5908);
#5907=IFCPRODUCTDEFINITIONSHAPE($,$,(#5909));
#5908=IFCMATERIALPROFILESETUSAGE(#5910,10,$);
#5909=IFCTOPOLOGYREPRESENTATION(#99,$,'Edge',(#5911));
#5910=IFCMATERIALPROFILESET($,$,(#5912),$);
#5911=IFCEDGE(#1227,#1247);
#5912=IFCMATERIALPROFILE($,$,#1704,#1874,$,$);
#5913=IFCSTRUCTURALCURVEMEMBER('0HSaGGzGv69wcaNBo40QhB',#95,'472',$,$,$,#5917,.RIGID_JOINED_MEMBER.,#1916);
#5914=IFCRELCONNECTSSTRUCTURALMEMBER('1tfsy4nyfDN97IXqN4sH6O',#3,$,$,#5913,#1229,$,$,$,$);
#5915=IFCRELCONNECTSSTRUCTURALMEMBER('1W8iu0A6HFhv8BPtNODyox',#3,$,$,#5913,#1249,$,$,$,$);
#5916=IFCRELASSOCIATESMATERIAL('1jhIsQyGv7qhs$UhrsHWcc',#3,$,$,(#5913),#5918);
#5917=IFCPRODUCTDEFINITIONSHAPE($,$,(#5919));
#5918=IFCMATERIALPROFILESETUSAGE(#5920,10,$);
#5919=IFCTOPOLOGYREPRESENTATION(#99,$,'Edge',(#5921));
#5920=IFCMATERIALPROFILESET($,$,(#5922),$);
#5921=IFCEDGE(#1232,#1252);
#5922=IFCMATERIALPROFILE($,$,#1704,#1874,$,$);
#5923=IFCSTRUCTURALCURVEMEMBER('24k2hJE2L71OsdYNP$hBaV',#95,'473',$,$,$,#5927,.RIGID_JOINED_MEMBER.,#1937);
#5924=IFCRELCONNECTSSTRUCTURALMEMBER('1kkOfj4_X1xhbhCq8ukPeT',#3,$,$,#5923,#1234,$,$,$,$);
#5925=IFCRELCONNECTSSTRUCTURALMEMBER('0YO8SzyKXCF8m73ACsOBCI',#3,$,$,#5923,#1254,$,$,$,$);
#5926=IFCRELASSOCIATESMATERIAL('07ozqKLH1DlBcidh03icpm',#3,$,$,(#5923),#5928);
#5927=IFCPRODUCTDEFINITIONSHAPE($,$,(#5929));
#5928=IFCMATERIALPROFILESETUSAGE(#5930,10,$);
#5929=IFCTOPOLOGYREPRESENTATION(#99,$,'Edge',(#5931));
#5930=IFCMATERIALPROFILESET($,$,(#5932),$);
#5931=IFCEDGE(#1237,#1257);
#5932=IFCMATERIALPROFILE($,$,#1704,#1874,$,$);
#5933=IFCSTRUCTURALCURVEMEMBER('1xo6G$9r16AQlazvcrZkjP',#95,'474',$,$,$,#5937,.RIGID_JOINED_MEMBER.,#1859);
#5934=IFCRELCONNECTSSTRUCTURALMEMBER('2ygYSON7bEAA66iiKK2Cct',#3,$,$,#5933,#1239,$,$,$,$);
#5935=IFCRELCONNECTSSTRUCTURALMEMBER('354ywIjaHEURcNtqTLY15j',#3,$,$,#5933,#1259,$,$,$,$);
#5936=IFCRELASSOCIATESMATERIAL('36WUx0Mbr0IPnUNCG4xqtO',#3,$,$,(#5933),#5938);
#5937=IFCPRODUCTDEFINITIONSHAPE($,$,(#5939));
#5938=IFCMATERIALPROFILESETUSAGE(#5940,10,$);
#5939=IFCTOPOLOGYREPRESENTATION(#99,$,'Edge',(#5941));
#5940=IFCMATERIALPROFILESET($,$,(#5942),$);
#5941=IFCEDGE(#1242,#1262);
#5942=IFCMATERIALPROFILE($,$,#1704,#1874,$,$);
#5943=IFCSTRUCTURALCURVEMEMBER('0MBU3UdvP6QPVzXITWYJzJ',#95,'475',$,$,$,#5947,.RIGID_JOINED_MEMBER.,#1895);
#5944=IFCRELCONNECTSSTRUCTURALMEMBER('1PTQf4HCT9XeKgRy$Th5JC',#3,$,$,#5943,#1244,$,$,$,$);
#5945=IFCRELCONNECTSSTRUCTURALMEMBER('3yMWm0arz1qxuFDwTQIfRe',#3,$,$,#5943,#1264,$,$,$,$);
#5946=IFCRELASSOCIATESMATERIAL('0P$aw23D1Cm9o70fMsW93t',#3,$,$,(#5943),#5948);
#5947=IFCPRODUCTDEFINITIONSHAPE($,$,(#5949));
#5948=IFCMATERIALPROFILESETUSAGE(#5950,10,$);
#5949=IFCTOPOLOGYREPRESENTATION(#99,$,'Edge',(#5951));
#5950=IFCMATERIALPROFILESET($,$,(#5952),$);
#5951=IFCEDGE(#1247,#1267);
#5952=IFCMATERIALPROFILE($,$,#1704,#1874,$,$);
#5953=IFCSTRUCTURALCURVEMEMBER('0IKORJvyz4kQKMXb$opQXg',#95,'476',$,$,$,#5957,.RIGID_JOINED_MEMBER.,#1916);
#5954=IFCRELCONNECTSSTRUCTURALMEMBER('0XD0f82yH7G9jMMFckB_T7',#3,$,$,#5953,#1249,$,$,$,$);
#5955=IFCRELCONNECTSSTRUCTURALMEMBER('0v6JSrikb6hRjYrp_snGOc',#3,$,$,#5953,#1269,$,$,$,$);
#5956=IFCRELASSOCIATESMATERIAL('2iRA8hCBv74xyOCnEH9j5b',#3,$,$,(#5953),#5958);
#5957=IFCPRODUCTDEFINITIONSHAPE($,$,(#5959));
#5958=IFCMATERIALPROFILESETUSAGE(#5960,10,$);
#5959=IFCTOPOLOGYREPRESENTATION(#99,$,'Edge',(#5961));
#5960=IFCMATERIALPROFILESET($,$,(#5962),$);
#5961=IFCEDGE(#1252,#1272);
#5962=IFCMATERIALPROFILE($,$,#1704,#1874,$,$);
#5963=IFCSTRUCTURALCURVEMEMBER('3t1Enofyj3MQEUU8fTX1P_',#95,'477',$,$,$,#5967,.RIGID_JOINED_MEMBER.,#1937);
#5964=IFCRELCONNECTSSTRUCTURALMEMBER('2inIkfKLH7dhIdYGnsc0dw',#3,$,$,#5963,#1254,$,$,$,$);
#5965=IFCRELCONNECTSSTRUCTURALMEMBER('3W9VPs3Sb9TwzA2pWS2VE6',#3,$,$,#5963,#1274,$,$,$,$);
#5966=IFCRELASSOCIATESMATERIAL('26PqGfXrXAHgBOxdSmmXMf',#3,$,$,(#5963),#5968);
#5967=IFCPRODUCTDEFINITIONSHAPE($,$,(#5969));
#5968=IFCMATERIALPROFILESETUSAGE(#5970,10,$);
#5969=IFCTOPOLOGYREPRESENTATION(#99,$,'Edge',(#5971));
#5970=IFCMATERIALPROFILESET($,$,(#5972),$);
#5971=IFCEDGE(#1257,#1277);
#5972=IFCMATERIALPROFILE($,$,#1704,#1874,$,$);
#5973=IFCSTRUCTURALCURVEMEMBER('3B8XsG9PL9$gJvw3kNVnpS',#95,'478',$,$,$,#5977,.RIGID_JOINED_MEMBER.,#1859);
#5974=IFCRELCONNECTSSTRUCTURALMEMBER('3NwVr0eazFKfDEztU7ZeN8',#3,$,$,#5973,#1259,$,$,$,$);
#5975=IFCRELCONNECTSSTRUCTURALMEMBER('1AQy7hwdjDuRgUyElPjQMB',#3,$,$,#5973,#1279,$,$,$,$);
#5976=IFCRELASSOCIATESMATERIAL('2UA0bKzdLFmPnzdEEp9F0S',#3,$,$,(#5973),#5978);
#5977=IFCPRODUCTDEFINITIONSHAPE($,$,(#5979));
#5978=IFCMATERIALPROFILESETUSAGE(#5980,10,$);
#5979=IFCTOPOLOGYREPRESENTATION(#99,$,'Edge',(#5981));
#5980=IFCMATERIALPROFILESET($,$,(#5982),$);
#5981=IFCEDGE(#1262,#1282);
#5982=IFCMATERIALPROFILE($,$,#1704,#1874,$,$);
#5983=IFCSTRUCTURALCURVEMEMBER('34JUwgFEr5hQti0kpZBYuq',#95,'479',$,$,$,#5987,.RIGID_JOINED_MEMBER.,#1895);
#5984=IFCRELCONNECTSSTRUCTURALMEMBER('0xBHh6kmLApQFga7mgwaVl',#3,$,$,#5983,#1264,$,$,$,$);
#5985=IFCRELCONNECTSSTRUCTURALMEMBER('2CX0eMhYP0MOT4DGTPYOop',#3,$,$,#5983,#1284,$,$,$,$);
#5986=IFCRELASSOCIATESMATERIAL('1RrcWUfOr07xwj6QvFBM$B',#3,$,$,(#5983),#5988);
#5987=IFCPRODUCTDEFINITIONSHAPE($,$,(#5989));
#5988=IFCMATERIALPROFILESETUSAGE(#5990,10,$);
#5989=IFCTOPOLOGYREPRESENTATION(#99,$,'Edge',(#5991));
#5990=IFCMATERIALPROFILESET($,$,(#5992),$);
#5991=IFCEDGE(#1267,#1287);
#5992=IFCMATERIALPROFILE($,$,#1704,#1874,$,$);
#5993=IFCSTRUCTURALCURVEMEMBER('07dY3uFLH2lRpudMenEo_C',#95,'480',$,$,$,#5997,.RIGID_JOINED_MEMBER.,#1916);
#5994=IFCRELCONNECTSSTRUCTURALMEMBER('2duaNCFun3y8N0Dl0YD6GE',#3,$,$,#5993,#1269,$,$,$,$);
#5995=IFCRELCONNECTSSTRUCTURALMEMBER('350d5BflrCQwwP_DpAa6sK',#3,$,$,#5993,#1289,$,$,$,$);
#5996=IFCRELASSOCIATESMATERIAL('0GVX36FMbDYAZ5zbMNC80T',#3,$,$,(#5993),#5998);
#5997=IFCPRODUCTDEFINITIONSHAPE($,$,(#5999));
#5998=IFCMATERIALPROFILESETUSAGE(#6000,10,$);
#5999=IFCTOPOLOGYREPRESENTATION(#99,$,'Edge',(#6001));
#6000=IFCMATERIALPROFILESET($,$,(#6002),$);
#6001=IFCEDGE(#1272,#1292);
#6002=IFCMATERIALPROFILE($,$,#1704,#1874,$,$);
#6003=IFCSTRUCTURALCURVEMEMBER('3NbWJxZJLE3eUHO_tjBDzq',#95,'481',$,$,$,#6007,.RIGID_JOINED_MEMBER.,#1937);
#6004=IFCRELCONNECTSSTRUCTURALMEMBER('1loO2RwLf94f46lUuMcjCA',#3,$,$,#6003,#1274,$,$,$,$);
#6005=IFCRELCONNECTSSTRUCTURALMEMBER('0gT68pPND8xRh9WOD3JYGu',#3,$,$,#6003,#1294,$,$,$,$);
#6006=IFCRELASSOCIATESMATERIAL('0UYAdVAgz72ecNvx72OD96',#3,$,$,(#6003),#6008);
#6007=IFCPRODUCTDEFINITIONSHAPE($,$,(#6009));
#6008=IFCMATERIALPROFILESETUSAGE(#6010,10,$);
#6009=IFCTOPOLOGYREPRESENTATION(#99,$,'Edge',(#6011));
#6010=IFCMATERIALPROFILESET($,$,(#6012),$);
#6011=IFCEDGE(#1277,#1297);
#6012=IFCMATERIALPROFILE($,$,#1704,#1874,$,$);
#6013=IFCSTRUCTURALCURVEMEMBER('2h0zkis3HFiRWscROt214m',#95,'482',$,$,$,#6017,.RIGID_JOINED_MEMBER.,#1859);
#6014=IFCRELCONNECTSSTRUCTURALMEMBER('2ZynzZrzr1jRrATl7NZMCb',#3,$,$,#6013,#1279,$,$,$,$);
#6015=IFCRELCONNECTSSTRUCTURALMEMBER('2m$9021NDEdhwzZCSKLm8M',#3,$,$,#6013,#1299,$,$,$,$);
#6016=IFCRELASSOCIATESMATERIAL('3d6Zu6gSf7LwCV2Efk295N',#3,$,$,(#6013),#6018);
#6017=IFCPRODUCTDEFINITIONSHAPE($,$,(#6019));
#6018=IFCMATERIALPROFILESETUSAGE(#6020,10,$);
#6019=IFCTOPOLOGYREPRESENTATION(#99,$,'Edge',(#6021));
#6020=IFCMATERIALPROFILESET($,$,(#6022),$);
#6021=IFCEDGE(#1282,#1302);
#6022=IFCMATERIALPROFILE($,$,#1704,#1874,$,$);
#6023=IFCSTRUCTURALCURVEMEMBER('2OXZer8t155PyAodCA4dZY',#95,'483',$,$,$,#6027,.RIGID_JOINED_MEMBER.,#1859);
#6024=IFCRELCONNECTSSTRUCTURALMEMBER('3eY3GoZNnAaOROaIRaYpEj',#3,$,$,#6023,#1299,$,$,$,$);
#6025=IFCRELCONNECTSSTRUCTURALMEMBER('2RdAHkFYH0C9kUknSRYq_m',#3,$,$,#6023,#930,$,$,$,$);
#6026=IFCRELASSOCIATESMATERIAL('3sF2IxlPv0wOWRU6fNm8Qs',#3,$,$,(#6023),#6028);
#6027=IFCPRODUCTDEFINITIONSHAPE($,$,(#6029));
#6028=IFCMATERIALPROFILESETUSAGE(#6030,10,$);
#6029=IFCTOPOLOGYREPRESENTATION(#99,$,'Edge',(#6031));
#6030=IFCMATERIALPROFILESET($,$,(#6032),$);
#6031=IFCEDGE(#1302,#933);
#6032=IFCMATERIALPROFILE($,$,#1704,#1874,$,$);
#6033=IFCSTRUCTURALCURVEMEMBER('0SiNhVmQbFhhMgnJcH747W',#95,'484',$,$,$,#6037,.RIGID_JOINED_MEMBER.,#1895);
#6034=IFCRELCONNECTSSTRUCTURALMEMBER('38ykypQ7nBaAOAlQa6DvHl',#3,$,$,#6033,#1284,$,$,$,$);
#6035=IFCRELCONNECTSSTRUCTURALMEMBER('2UxJ2N0fP7qRj0d8g2VNdL',#3,$,$,#6033,#1304,$,$,$,$);
#6036=IFCRELASSOCIATESMATERIAL('1EVHBO0m9BGOce8dicVZ_3',#3,$,$,(#6033),#6038);
#6037=IFCPRODUCTDEFINITIONSHAPE($,$,(#6039));
#6038=IFCMATERIALPROFILESETUSAGE(#6040,10,$);
#6039=IFCTOPOLOGYREPRESENTATION(#99,$,'Edge',(#6041));
#6040=IFCMATERIALPROFILESET($,$,(#6042),$);
#6041=IFCEDGE(#1287,#1307);
#6042=IFCMATERIALPROFILE($,$,#1704,#1874,$,$);
#6043=IFCSTRUCTURALCURVEMEMBER('0HeP6YWQr9dB2Hn7M6ui1Z',#95,'485',$,$,$,#6047,.RIGID_JOINED_MEMBER.,#1895);
#6044=IFCRELCONNECTSSTRUCTURALMEMBER('3Yb6MBBj12XOPQQLa$Kk9n',#3,$,$,#6043,#1304,$,$,$,$);
#6045=IFCRELCONNECTSSTRUCTURALMEMBER('3FXLHm6mHAteXjXfzrTdLh',#3,$,$,#6043,#940,$,$,$,$);
#6046=IFCRELASSOCIATESMATERIAL('0OM4s$yz59w8AagIaixKjc',#3,$,$,(#6043),#6048);
#6047=IFCPRODUCTDEFINITIONSHAPE($,$,(#6049));
#6048=IFCMATERIALPROFILESETUSAGE(#6050,10,$);
#6049=IFCTOPOLOGYREPRESENTATION(#99,$,'Edge',(#6051));
#6050=IFCMATERIALPROFILESET($,$,(#6052),$);
#6051=IFCEDGE(#1307,#943);
#6052=IFCMATERIALPROFILE($,$,#1704,#1874,$,$);
#6053=IFCSTRUCTURALCURVEMEMBER('3yRlrIKjf2498quvRFY73U',#95,'486',$,$,$,#6057,.RIGID_JOINED_MEMBER.,#1916);
#6054=IFCRELCONNECTSSTRUCTURALMEMBER('0nC3ZQBQz9pOZzmHf1N8DD',#3,$,$,#6053,#1289,$,$,$,$);
#6055=IFCRELCONNECTSSTRUCTURALMEMBER('0UAO1zRlLE4OxRFIvraByg',#3,$,$,#6053,#1309,$,$,$,$);
#6056=IFCRELASSOCIATESMATERIAL('3qWzGJ0r9BferWtaf8QDv_',#3,$,$,(#6053),#6058);
#6057=IFCPRODUCTDEFINITIONSHAPE($,$,(#6059));
#6058=IFCMATERIALPROFILESETUSAGE(#6060,10,$);
#6059=IFCTOPOLOGYREPRESENTATION(#99,$,'Edge',(#6061));
#6060=IFCMATERIALPROFILESET($,$,(#6062),$);
#6061=IFCEDGE(#1292,#1312);
#6062=IFCMATERIALPROFILE($,$,#1704,#1874,$,$);
#6063=IFCSTRUCTURALCURVEMEMBER('26N_0zkcP0IPDrLJXqoCfQ',#95,'487',$,$,$,#6067,.RIGID_JOINED_MEMBER.,#1916);
#6064=IFCRELCONNECTSSTRUCTURALMEMBER('1wvPWPTB546gqiIXC8jn9O',#3,$,$,#6063,#1309,$,$,$,$);
#6065=IFCRELCONNECTSSTRUCTURALMEMBER('13yRF$j$rAbvZrDrzAj9h_',#3,$,$,#6063,#950,$,$,$,$);
#6066=IFCRELASSOCIATESMATERIAL('2YY7l3KhrD49ydtpbXCGKa',#3,$,$,(#6063),#6068);
#6067=IFCPRODUCTDEFINITIONSHAPE($,$,(#6069));
#6068=IFCMATERIALPROFILESETUSAGE(#6070,10,$);
#6069=IFCTOPOLOGYREPRESENTATION(#99,$,'Edge',(#6071));
#6070=IFCMATERIALPROFILESET($,$,(#6072),$);
#6071=IFCEDGE(#1312,#953);
#6072=IFCMATERIALPROFILE($,$,#1704,#1874,$,$);
#6073=IFCSTRUCTURALCURVEMEMBER('0Xfze7m4n0qecfHk6mPLtM',#95,'488',$,$,$,#6077,.RIGID_JOINED_MEMBER.,#1937);
#6074=IFCRELCONNECTSSTRUCTURALMEMBER('0Jev55wCf0GROx3odLjyn$',#3,$,$,#6073,#1294,$,$,$,$);
#6075=IFCRELCONNECTSSTRUCTURALMEMBER('1XKSMvu_r688gm1109cGei',#3,$,$,#6073,#1314,$,$,$,$);
#6076=IFCRELASSOCIATESMATERIAL('1pm1EVlyX9Kf6bkj6mpRBA',#3,$,$,(#6073),#6078);
#6077=IFCPRODUCTDEFINITIONSHAPE($,$,(#6079));
#6078=IFCMATERIALPROFILESETUSAGE(#6080,10,$);
#6079=IFCTOPOLOGYREPRESENTATION(#99,$,'Edge',(#6081));
#6080=IFCMATERIALPROFILESET($,$,(#6082),$);
#6081=IFCEDGE(#1297,#1317);
#6082=IFCMATERIALPROFILE($,$,#1704,#1874,$,$);
#6083=IFCSTRUCTURALCURVEMEMBER('2CObtnBNzDDPgrdVHSw4sR',#95,'489',$,$,$,#6087,.RIGID_JOINED_MEMBER.,#1937);
#6084=IFCRELCONNECTSSTRUCTURALMEMBER('1UHOcEOhj6Hv_0xc5hRQIb',#3,$,$,#6083,#1314,$,$,$,$);
#6085=IFCRELCONNECTSSTRUCTURALMEMBER('1GRAJrWAv9puBqTuHCbC1o',#3,$,$,#6083,#960,$,$,$,$);
#6086=IFCRELASSOCIATESMATERIAL('3uif66LuDF3hULNDNY20vI',#3,$,$,(#6083),#6088);
#6087=IFCPRODUCTDEFINITIONSHAPE($,$,(#6089));
#6088=IFCMATERIALPROFILESETUSAGE(#6090,10,$);
#6089=IFCTOPOLOGYREPRESENTATION(#99,$,'Edge',(#6091));
#6090=IFCMATERIALPROFILESET($,$,(#6092),$);
#6091=IFCEDGE(#1317,#963);
#6092=IFCMATERIALPROFILE($,$,#1704,#1874,$,$);
#6093=IFCSTRUCTURALCURVEMEMBER('2uAFq5lWf0qPmO0C0kS30C',#95,'490',$,$,$,#6097,.RIGID_JOINED_MEMBER.,#2629);
#6094=IFCRELCONNECTSSTRUCTURALMEMBER('3Eazoq_gzFNxeSZ2uSX7f$',#3,$,$,#6093,#925,#97,$,$,$);
#6095=IFCRELCONNECTSSTRUCTURALMEMBER('1MwqmKxhD7gAugHmwuMuiB',#3,$,$,#6093,#984,#1681,$,$,$);
#6096=IFCRELASSOCIATESMATERIAL('0epcgXUTL2LxfCYg7I8Ku6',#3,$,$,(#6093),#6098);
#6097=IFCPRODUCTDEFINITIONSHAPE($,$,(#6099));
#6098=IFCMATERIALPROFILESETUSAGE(#6100,10,$);
#6099=IFCTOPOLOGYREPRESENTATION(#99,$,'Edge',(#6101));
#6100=IFCMATERIALPROFILESET($,$,(#6102),$);
#6101=IFCEDGE(#928,#987);
#6102=IFCMATERIALPROFILE($,$,#1704,#2644,$,$);
#6103=IFCSTRUCTURALCURVEMEMBER('3GDE3mkEH3jQBZtXocO$KY',#95,'491',$,$,$,#6107,.RIGID_JOINED_MEMBER.,#2656);
#6104=IFCRELCONNECTSSTRUCTURALMEMBER('1xejMa7or4pAU7RGEitIfI',#3,$,$,#6103,#984,#97,$,$,$);
#6105=IFCRELCONNECTSSTRUCTURALMEMBER('3L0TZF8AzBk8FnaXgBwJd6',#3,$,$,#6103,#999,#1681,$,$,$);
#6106=IFCRELASSOCIATESMATERIAL('2F8EmAy5jF4vzPwIXooePo',#3,$,$,(#6103),#6108);
#6107=IFCPRODUCTDEFINITIONSHAPE($,$,(#6109));
#6108=IFCMATERIALPROFILESETUSAGE(#6110,10,$);
#6109=IFCTOPOLOGYREPRESENTATION(#99,$,'Edge',(#6111));
#6110=IFCMATERIALPROFILESET($,$,(#6112),$);
#6111=IFCEDGE(#987,#1002);
#6112=IFCMATERIALPROFILE($,$,#1704,#2644,$,$);
#6113=IFCSTRUCTURALCURVEMEMBER('3rOoUqQPn6Ohzi_ZiJTuxr',#95,'492',$,$,$,#6117,.RIGID_JOINED_MEMBER.,#2673);
#6114=IFCRELCONNECTSSTRUCTURALMEMBER('3bJ3IuBO9EPv5XO9qxB2RR',#3,$,$,#6113,#999,#97,$,$,$);
#6115=IFCRELCONNECTSSTRUCTURALMEMBER('08$M9j$pvAzOlzSUZDSapL',#3,$,$,#6113,#1024,#1681,$,$,$);
#6116=IFCRELASSOCIATESMATERIAL('0f7z$FEhD378JiBA7jbxTp',#3,$,$,(#6113),#6118);
#6117=IFCPRODUCTDEFINITIONSHAPE($,$,(#6119));
#6118=IFCMATERIALPROFILESETUSAGE(#6120,10,$);
#6119=IFCTOPOLOGYREPRESENTATION(#99,$,'Edge',(#6121));
#6120=IFCMATERIALPROFILESET($,$,(#6122),$);
#6121=IFCEDGE(#1002,#1027);
#6122=IFCMATERIALPROFILE($,$,#1704,#2644,$,$);
#6123=IFCSTRUCTURALCURVEMEMBER('2eIZyxL5HCrvUXaJx3ObqS',#95,'493',$,$,$,#6127,.RIGID_JOINED_MEMBER.,#2684);
#6124=IFCRELCONNECTSSTRUCTURALMEMBER('2N7coPyb550v6ImJjvTnLZ',#3,$,$,#6123,#1024,#97,$,$,$);
#6125=IFCRELCONNECTSSTRUCTURALMEMBER('2cTv2P78PBFPkmdrZ3RXt0',#3,$,$,#6123,#1039,#1681,$,$,$);
#6126=IFCRELASSOCIATESMATERIAL('063C7rTc55PeoQTAPuvtlm',#3,$,$,(#6123),#6128);
#6127=IFCPRODUCTDEFINITIONSHAPE($,$,(#6129));
#6128=IFCMATERIALPROFILESETUSAGE(#6130,10,$);
#6129=IFCTOPOLOGYREPRESENTATION(#99,$,'Edge',(#6131));
#6130=IFCMATERIALPROFILESET($,$,(#6132),$);
#6131=IFCEDGE(#1027,#1042);
#6132=IFCMATERIALPROFILE($,$,#1704,#2644,$,$);
#6133=IFCSTRUCTURALCURVEMEMBER('32FCE9P7jBWRGnuVtf2VFj',#95,'494',$,$,$,#6137,.RIGID_JOINED_MEMBER.,#2695);
#6134=IFCRELCONNECTSSTRUCTURALMEMBER('2gC7Y8id55sBD1z1x2YcOD',#3,$,$,#6133,#1039,#97,$,$,$);
#6135=IFCRELCONNECTSSTRUCTURALMEMBER('3twE$1eP9EJA_KyW9$q4b2',#3,$,$,#6133,#1064,#1681,$,$,$);
#6136=IFCRELASSOCIATESMATERIAL('3wJzYx_Er8oBYKZXzNQ2Lw',#3,$,$,(#6133),#6138);
#6137=IFCPRODUCTDEFINITIONSHAPE($,$,(#6139));
#6138=IFCMATERIALPROFILESETUSAGE(#6140,10,$);
#6139=IFCTOPOLOGYREPRESENTATION(#99,$,'Edge',(#6141));
#6140=IFCMATERIALPROFILESET($,$,(#6142),$);
#6141=IFCEDGE(#1042,#1067);
#6142=IFCMATERIALPROFILE($,$,#1704,#2644,$,$);
#6143=IFCSTRUCTURALCURVEMEMBER('3j6u8ExK19kByTEqGEIswY',#95,'495',$,$,$,#6147,.RIGID_JOINED_MEMBER.,#2706);
#6144=IFCRELCONNECTSSTRUCTURALMEMBER('1ZjjkYsqn5vee8ybMpZ2rg',#3,$,$,#6143,#1064,#97,$,$,$);
#6145=IFCRELCONNECTSSTRUCTURALMEMBER('3zVq360gX8cwfBiAvUVHkc',#3,$,$,#6143,#1079,#1681,$,$,$);
#6146=IFCRELASSOCIATESMATERIAL('0JYvu6F2L9lOO1jXaIRO2h',#3,$,$,(#6143),#6148);
#6147=IFCPRODUCTDEFINITIONSHAPE($,$,(#6149));
#6148=IFCMATERIALPROFILESETUSAGE(#6150,10,$);
#6149=IFCTOPOLOGYREPRESENTATION(#99,$,'Edge',(#6151));
#6150=IFCMATERIALPROFILESET($,$,(#6152),$);
#6151=IFCEDGE(#1067,#1082);
#6152=IFCMATERIALPROFILE($,$,#1704,#2644,$,$);
#6153=IFCSTRUCTURALCURVEMEMBER('124_TJU5zFxf8BKLWil2Wj',#95,'496',$,$,$,#6157,.RIGID_JOINED_MEMBER.,#2717);
#6154=IFCRELCONNECTSSTRUCTURALMEMBER('2NF8hSN6b4cRS30epLb9VS',#3,$,$,#6153,#1079,#97,$,$,$);
#6155=IFCRELCONNECTSSTRUCTURALMEMBER('36TK17SnP7yfCtl$OZnT1v',#3,$,$,#6153,#1104,#1681,$,$,$);
#6156=IFCRELASSOCIATESMATERIAL('1VnzxKO$XD6Bp6jLxRqcJ3',#3,$,$,(#6153),#6158);
#6157=IFCPRODUCTDEFINITIONSHAPE($,$,(#6159));
#6158=IFCMATERIALPROFILESETUSAGE(#6160,10,$);
#6159=IFCTOPOLOGYREPRESENTATION(#99,$,'Edge',(#6161));
#6160=IFCMATERIALPROFILESET($,$,(#6162),$);
#6161=IFCEDGE(#1082,#1107);
#6162=IFCMATERIALPROFILE($,$,#1704,#2644,$,$);
#6163=IFCSTRUCTURALCURVEMEMBER('3iw4WJ9F10LvLjPiZ7bb29',#95,'497',$,$,$,#6167,.RIGID_JOINED_MEMBER.,#2728);
#6164=IFCRELCONNECTSSTRUCTURALMEMBER('2SFYCnxSrB_h9w7KX8QwN6',#3,$,$,#6163,#1104,#97,$,$,$);
#6165=IFCRELCONNECTSSTRUCTURALMEMBER('3cGYqJD45DCw_YZM3AYtFk',#3,$,$,#6163,#1119,#1681,$,$,$);
#6166=IFCRELASSOCIATESMATERIAL('0tMpirEzT55RPIzfHRA9YA',#3,$,$,(#6163),#6168);
#6167=IFCPRODUCTDEFINITIONSHAPE($,$,(#6169));
#6168=IFCMATERIALPROFILESETUSAGE(#6170,10,$);
#6169=IFCTOPOLOGYREPRESENTATION(#99,$,'Edge',(#6171));
#6170=IFCMATERIALPROFILESET($,$,(#6172),$);
#6171=IFCEDGE(#1107,#1122);
#6172=IFCMATERIALPROFILE($,$,#1704,#2644,$,$);
#6173=IFCSTRUCTURALCURVEMEMBER('3A$3v2lBb9WPOHfZqS31AG',#95,'498',$,$,$,#6177,.RIGID_JOINED_MEMBER.,#2739);
#6174=IFCRELCONNECTSSTRUCTURALMEMBER('1MRj2bPg55xAFGZmo9YFxq',#3,$,$,#6173,#1119,#97,$,$,$);
#6175=IFCRELCONNECTSSTRUCTURALMEMBER('0nvtkj3nL588AEosnwFmqX',#3,$,$,#6173,#1144,#1681,$,$,$);
#6176=IFCRELASSOCIATESMATERIAL('2dvU$S$BD4hg77_WeY_5$w',#3,$,$,(#6173),#6178);
#6177=IFCPRODUCTDEFINITIONSHAPE($,$,(#6179));
#6178=IFCMATERIALPROFILESETUSAGE(#6180,10,$);
#6179=IFCTOPOLOGYREPRESENTATION(#99,$,'Edge',(#6181));
#6180=IFCMATERIALPROFILESET($,$,(#6182),$);
#6181=IFCEDGE(#1122,#1147);
#6182=IFCMATERIALPROFILE($,$,#1704,#2644,$,$);
#6183=IFCSTRUCTURALCURVEMEMBER('2enIVWjuH1xBnFJiFNfd4T',#95,'499',$,$,$,#6187,.RIGID_JOINED_MEMBER.,#2750);
#6184=IFCRELCONNECTSSTRUCTURALMEMBER('1tNBrk5BrA9f0URe4zr8BR',#3,$,$,#6183,#1144,#97,$,$,$);
#6185=IFCRELCONNECTSSTRUCTURALMEMBER('3vW$aFtZD71QD43zGajdXI',#3,$,$,#6183,#1159,#1681,$,$,$);
#6186=IFCRELASSOCIATESMATERIAL('1rAEBy7ujEvBjhFHoAaVy2',#3,$,$,(#6183),#6188);
#6187=IFCPRODUCTDEFINITIONSHAPE($,$,(#6189));
#6188=IFCMATERIALPROFILESETUSAGE(#6190,10,$);
#6189=IFCTOPOLOGYREPRESENTATION(#99,$,'Edge',(#6191));
#6190=IFCMATERIALPROFILESET($,$,(#6192),$);
#6191=IFCEDGE(#1147,#1162);
#6192=IFCMATERIALPROFILE($,$,#1704,#2644,$,$);
#6193=IFCSTRUCTURALCURVEMEMBER('2TJYFtee593RJ0wTOaNo28',#95,'500',$,$,$,#6197,.RIGID_JOINED_MEMBER.,#2761);
#6194=IFCRELCONNECTSSTRUCTURALMEMBER('0nPm0DE5fB2hzLrit73qb_',#3,$,$,#6193,#1159,#97,$,$,$);
#6195=IFCRELCONNECTSSTRUCTURALMEMBER('0ofIIxdXzE8fg7657TfvYP',#3,$,$,#6193,#1184,#1681,$,$,$);
#6196=IFCRELASSOCIATESMATERIAL('3$m1CT17XCXh1dcI6pTvzX',#3,$,$,(#6193),#6198);
#6197=IFCPRODUCTDEFINITIONSHAPE($,$,(#6199));
#6198=IFCMATERIALPROFILESETUSAGE(#6200,10,$);
#6199=IFCTOPOLOGYREPRESENTATION(#99,$,'Edge',(#6201));
#6200=IFCMATERIALPROFILESET($,$,(#6202),$);
#6201=IFCEDGE(#1162,#1187);
#6202=IFCMATERIALPROFILE($,$,#1704,#2644,$,$);
#6203=IFCSTRUCTURALCURVEMEMBER('1JRYQvhg91wPnqoGqZN$TM',#95,'501',$,$,$,#6207,.RIGID_JOINED_MEMBER.,#2772);
#6204=IFCRELCONNECTSSTRUCTURALMEMBER('2p3pFzb3nDjPj7x5oUHejU',#3,$,$,#6203,#1184,#97,$,$,$);
#6205=IFCRELCONNECTSSTRUCTURALMEMBER('0TXUsjLl93ZvkoREgEsD6_',#3,$,$,#6203,#1199,#1681,$,$,$);
#6206=IFCRELASSOCIATESMATERIAL('0ENEJuWWfBPBLhd8bkpEet',#3,$,$,(#6203),#6208);
#6207=IFCPRODUCTDEFINITIONSHAPE($,$,(#6209));
#6208=IFCMATERIALPROFILESETUSAGE(#6210,10,$);
#6209=IFCTOPOLOGYREPRESENTATION(#99,$,'Edge',(#6211));
#6210=IFCMATERIALPROFILESET($,$,(#6212),$);
#6211=IFCEDGE(#1187,#1202);
#6212=IFCMATERIALPROFILE($,$,#1704,#2644,$,$);
#6213=IFCSTRUCTURALCURVEMEMBER('1BHweyXwbFfBpjIVXjH4b2',#95,'502',$,$,$,#6217,.RIGID_JOINED_MEMBER.,#2783);
#6214=IFCRELCONNECTSSTRUCTURALMEMBER('0$gx9t9urB49zMQTR_vebk',#3,$,$,#6213,#1199,#97,$,$,$);
#6215=IFCRELCONNECTSSTRUCTURALMEMBER('0lID88IS12RghMp1JaZq_Q',#3,$,$,#6213,#1224,#1681,$,$,$);
#6216=IFCRELASSOCIATESMATERIAL('2H064JrEvFpxHxhx4xKeVQ',#3,$,$,(#6213),#6218);
#6217=IFCPRODUCTDEFINITIONSHAPE($,$,(#6219));
#6218=IFCMATERIALPROFILESETUSAGE(#6220,10,$);
#6219=IFCTOPOLOGYREPRESENTATION(#99,$,'Edge',(#6221));
#6220=IFCMATERIALPROFILESET($,$,(#6222),$);
#6221=IFCEDGE(#1202,#1227);
#6222=IFCMATERIALPROFILE($,$,#1704,#2644,$,$);
#6223=IFCSTRUCTURALCURVEMEMBER('2RuDKaJqv7vQtDE7ohDKMK',#95,'503',$,$,$,#6227,.RIGID_JOINED_MEMBER.,#2794);
#6224=IFCRELCONNECTSSTRUCTURALMEMBER('0CSE2VygjB6uAXJaWDj9TY',#3,$,$,#6223,#1224,#97,$,$,$);
#6225=IFCRELCONNECTSSTRUCTURALMEMBER('0agrUlJVL209$xqasleA5$',#3,$,$,#6223,#1239,#1681,$,$,$);
#6226=IFCRELASSOCIATESMATERIAL('3BZYhyc5X0gRxZ_AuQuiXi',#3,$,$,(#6223),#6228);
#6227=IFCPRODUCTDEFINITIONSHAPE($,$,(#6229));
#6228=IFCMATERIALPROFILESETUSAGE(#6230,10,$);
#6229=IFCTOPOLOGYREPRESENTATION(#99,$,'Edge',(#6231));
#6230=IFCMATERIALPROFILESET($,$,(#6232),$);
#6231=IFCEDGE(#1227,#1242);
#6232=IFCMATERIALPROFILE($,$,#1704,#2644,$,$);
#6233=IFCSTRUCTURALCURVEMEMBER('1ksV0yBAjCvfRTuiRAom5N',#95,'504',$,$,$,#6237,.RIGID_JOINED_MEMBER.,#2805);
#6234=IFCRELCONNECTSSTRUCTURALMEMBER('0PqOMX5HL7PPY0g$2UCxlc',#3,$,$,#6233,#1239,#97,$,$,$);
#6235=IFCRELCONNECTSSTRUCTURALMEMBER('1vFGxOyXD1zBWzAX$mL4LM',#3,$,$,#6233,#1264,#1681,$,$,$);
#6236=IFCRELASSOCIATESMATERIAL('3E7BRbNhf2pPN$Ju53c1CQ',#3,$,$,(#6233),#6238);
#6237=IFCPRODUCTDEFINITIONSHAPE($,$,(#6239));
#6238=IFCMATERIALPROFILESETUSAGE(#6240,10,$);
#6239=IFCTOPOLOGYREPRESENTATION(#99,$,'Edge',(#6241));
#6240=IFCMATERIALPROFILESET($,$,(#6242),$);
#6241=IFCEDGE(#1242,#1267);
#6242=IFCMATERIALPROFILE($,$,#1704,#2644,$,$);
#6243=IFCSTRUCTURALCURVEMEMBER('2XL2AExIH5qgSVXbuEwJTi',#95,'505',$,$,$,#6247,.RIGID_JOINED_MEMBER.,#2816);
#6244=IFCRELCONNECTSSTRUCTURALMEMBER('0ocU66LOD9GODAHRcKR4pY',#3,$,$,#6243,#1264,#97,$,$,$);
#6245=IFCRELCONNECTSSTRUCTURALMEMBER('0UYxLaM5j5CwNvRii7mEoG',#3,$,$,#6243,#1279,#1681,$,$,$);
#6246=IFCRELASSOCIATESMATERIAL('3yxB0$bXDBHBptLB_xSLHt',#3,$,$,(#6243),#6248);
#6247=IFCPRODUCTDEFINITIONSHAPE($,$,(#6249));
#6248=IFCMATERIALPROFILESETUSAGE(#6250,10,$);
#6249=IFCTOPOLOGYREPRESENTATION(#99,$,'Edge',(#6251));
#6250=IFCMATERIALPROFILESET($,$,(#6252),$);
#6251=IFCEDGE(#1267,#1282);
#6252=IFCMATERIALPROFILE($,$,#1704,#2644,$,$);
#6253=IFCSTRUCTURALCURVEMEMBER('1AKb4C3a17yQc6JiXSrxcx',#95,'506',$,$,$,#6257,.RIGID_JOINED_MEMBER.,#2827);
#6254=IFCRELCONNECTSSTRUCTURALMEMBER('2pk_oQL0n0TfGZ$xNni0AV',#3,$,$,#6253,#1279,#97,$,$,$);
#6255=IFCRELCONNECTSSTRUCTURALMEMBER('3r6VslnnLAVO_YbBcGKtrr',#3,$,$,#6253,#1304,#1681,$,$,$);
#6256=IFCRELASSOCIATESMATERIAL('00OkYokpT4VwkX4kxD13MT',#3,$,$,(#6253),#6258);
#6257=IFCPRODUCTDEFINITIONSHAPE($,$,(#6259));
#6258=IFCMATERIALPROFILESETUSAGE(#6260,10,$);
#6259=IFCTOPOLOGYREPRESENTATION(#99,$,'Edge',(#6261));
#6260=IFCMATERIALPROFILESET($,$,(#6262),$);
#6261=IFCEDGE(#1282,#1307);
#6262=IFCMATERIALPROFILE($,$,#1704,#2644,$,$);
#6263=IFCSTRUCTURALCURVEMEMBER('1Md89OyUT2_QykB7cnDvF6',#95,'507',$,$,$,#6267,.RIGID_JOINED_MEMBER.,#2838);
#6264=IFCRELCONNECTSSTRUCTURALMEMBER('113FlzKG99Ag2KzNjtMjUx',#3,$,$,#6263,#1304,#97,$,$,$);
#6265=IFCRELCONNECTSSTRUCTURALMEMBER('2fNsaUHPn1jgH1UdypwyzJ',#3,$,$,#6263,#930,#1681,$,$,$);
#6266=IFCRELASSOCIATESMATERIAL('2exDLZ4u95Y9JG_gEQW4wt',#3,$,$,(#6263),#6268);
#6267=IFCPRODUCTDEFINITIONSHAPE($,$,(#6269));
#6268=IFCMATERIALPROFILESETUSAGE(#6270,10,$);
#6269=IFCTOPOLOGYREPRESENTATION(#99,$,'Edge',(#6271));
#6270=IFCMATERIALPROFILESET($,$,(#6272),$);
#6271=IFCEDGE(#1307,#933);
#6272=IFCMATERIALPROFILE($,$,#1704,#2644,$,$);
#6273=IFCSTRUCTURALCURVEMEMBER('1ysz1xLJvAOhWPZhQVjPHC',#95,'508',$,$,$,#6277,.RIGID_JOINED_MEMBER.,#1680);
#6274=IFCRELCONNECTSSTRUCTURALMEMBER('2opMLDUZL4bwnnayeXiWwK',#3,$,$,#6273,#930,#97,$,$,$);
#6275=IFCRELCONNECTSSTRUCTURALMEMBER('0i3VjoExz9Bvpafo2He47U',#3,$,$,#6273,#940,#1681,$,$,$);
#6276=IFCRELASSOCIATESMATERIAL('1fbxQeaqz1Re3xgwaLv_K8',#3,$,$,(#6273),#6278);
#6277=IFCPRODUCTDEFINITIONSHAPE($,$,(#6279));
#6278=IFCMATERIALPROFILESETUSAGE(#6280,10,$);
#6279=IFCTOPOLOGYREPRESENTATION(#99,$,'Edge',(#6281));
#6280=IFCMATERIALPROFILESET($,$,(#6282),$);
#6281=IFCEDGE(#933,#943);
#6282=IFCMATERIALPROFILE($,$,#1704,#2644,$,$);
#6283=IFCSTRUCTURALCURVEMEMBER('1vgk8643XEUOAVcu80RCfD',#95,'509',$,$,$,#6287,.RIGID_JOINED_MEMBER.,#1680);
#6284=IFCRELCONNECTSSTRUCTURALMEMBER('09_IAePOL0sBVohBBLmb9v',#3,$,$,#6283,#1299,#97,$,$,$);
#6285=IFCRELCONNECTSSTRUCTURALMEMBER('32PiurmLX2rht$X7QUbowQ',#3,$,$,#6283,#1304,#1681,$,$,$);
#6286=IFCRELASSOCIATESMATERIAL('2z7QfUYTL6vh4h2A59BPxu',#3,$,$,(#6283),#6288);
#6287=IFCPRODUCTDEFINITIONSHAPE($,$,(#6289));
#6288=IFCMATERIALPROFILESETUSAGE(#6290,10,$);
#6289=IFCTOPOLOGYREPRESENTATION(#99,$,'Edge',(#6291));
#6290=IFCMATERIALPROFILESET($,$,(#6292),$);
#6291=IFCEDGE(#1302,#1307);
#6292=IFCMATERIALPROFILE($,$,#1704,#2644,$,$);
#6293=IFCSTRUCTURALCURVEMEMBER('0NvmXhYeTCqfFxyk0hpgch',#95,'510',$,$,$,#6297,.RIGID_JOINED_MEMBER.,#2876);
#6294=IFCRELCONNECTSSTRUCTURALMEMBER('3lgGLLvFr7Y8VrQ7MbyjWy',#3,$,$,#6293,#935,#97,$,$,$);
#6295=IFCRELCONNECTSSTRUCTURALMEMBER('27ZHfHaNLAO8GKKFxR4Zb5',#3,$,$,#6293,#989,#1681,$,$,$);
#6296=IFCRELASSOCIATESMATERIAL('0pR7XLjYn5XAPlUmsLVm3r',#3,$,$,(#6293),#6298);
#6297=IFCPRODUCTDEFINITIONSHAPE($,$,(#6299));
#6298=IFCMATERIALPROFILESETUSAGE(#6300,10,$);
#6299=IFCTOPOLOGYREPRESENTATION(#99,$,'Edge',(#6301));
#6300=IFCMATERIALPROFILESET($,$,(#6302),$);
#6301=IFCEDGE(#938,#992);
#6302=IFCMATERIALPROFILE($,$,#1704,#2644,$,$);
#6303=IFCSTRUCTURALCURVEMEMBER('3Vql6vQJL8zARF3b4OXWNH',#95,'511',$,$,$,#6307,.RIGID_JOINED_MEMBER.,#2887);
#6304=IFCRELCONNECTSSTRUCTURALMEMBER('1vrse$eIj4NvAcO3ybFiJD',#3,$,$,#6303,#989,#97,$,$,$);
#6305=IFCRELCONNECTSSTRUCTURALMEMBER('3DrKIyms57X86gA5lKv_OD',#3,$,$,#6303,#1004,#1681,$,$,$);
#6306=IFCRELASSOCIATESMATERIAL('2k$NdzgZr4euPdG8izZ$u3',#3,$,$,(#6303),#6308);
#6307=IFCPRODUCTDEFINITIONSHAPE($,$,(#6309));
#6308=IFCMATERIALPROFILESETUSAGE(#6310,10,$);
#6309=IFCTOPOLOGYREPRESENTATION(#99,$,'Edge',(#6311));
#6310=IFCMATERIALPROFILESET($,$,(#6312),$);
#6311=IFCEDGE(#992,#1007);
#6312=IFCMATERIALPROFILE($,$,#1704,#2644,$,$);
#6313=IFCSTRUCTURALCURVEMEMBER('11gj1M1MP9NBlMByxanoRs',#95,'512',$,$,$,#6317,.RIGID_JOINED_MEMBER.,#2898);
#6314=IFCRELCONNECTSSTRUCTURALMEMBER('1$mnhHWuXDEvCujmH_bLVi',#3,$,$,#6313,#1004,#97,$,$,$);
#6315=IFCRELCONNECTSSTRUCTURALMEMBER('24J$ig7SLCThzQVt18mljk',#3,$,$,#6313,#1029,#1681,$,$,$);
#6316=IFCRELASSOCIATESMATERIAL('0Xs0MN3Hj9KuyfhhKsQoOr',#3,$,$,(#6313),#6318);
#6317=IFCPRODUCTDEFINITIONSHAPE($,$,(#6319));
#6318=IFCMATERIALPROFILESETUSAGE(#6320,10,$);
#6319=IFCTOPOLOGYREPRESENTATION(#99,$,'Edge',(#6321));
#6320=IFCMATERIALPROFILESET($,$,(#6322),$);
#6321=IFCEDGE(#1007,#1032);
#6322=IFCMATERIALPROFILE($,$,#1704,#2644,$,$);
#6323=IFCSTRUCTURALCURVEMEMBER('2dHq6VpVr8B9qXAx84eWmv',#95,'513',$,$,$,#6327,.RIGID_JOINED_MEMBER.,#2909);
#6324=IFCRELCONNECTSSTRUCTURALMEMBER('3Vpptw$m99R8hzImMWFy46',#3,$,$,#6323,#1029,#97,$,$,$);
#6325=IFCRELCONNECTSSTRUCTURALMEMBER('2LpI3AFg5BZBhcGR79FsZt',#3,$,$,#6323,#1044,#1681,$,$,$);
#6326=IFCRELASSOCIATESMATERIAL('3KgPtCg1b0LelXzQy6tS4t',#3,$,$,(#6323),#6328);
#6327=IFCPRODUCTDEFINITIONSHAPE($,$,(#6329));
#6328=IFCMATERIALPROFILESETUSAGE(#6330,10,$);
#6329=IFCTOPOLOGYREPRESENTATION(#99,$,'Edge',(#6331));
#6330=IFCMATERIALPROFILESET($,$,(#6332),$);
#6331=IFCEDGE(#1032,#1047);
#6332=IFCMATERIALPROFILE($,$,#1704,#2644,$,$);
#6333=IFCSTRUCTURALCURVEMEMBER('2_7mEsUI1EsRUVsp6J6_if',#95,'514',$,$,$,#6337,.RIGID_JOINED_MEMBER.,#2920);
#6334=IFCRELCONNECTSSTRUCTURALMEMBER('1h9RE4AxnF7PGl3kFRMDO1',#3,$,$,#6333,#1044,#97,$,$,$);
#6335=IFCRELCONNECTSSTRUCTURALMEMBER('27a7rn9Wv5APAqHOnAzwS1',#3,$,$,#6333,#1069,#1681,$,$,$);
#6336=IFCRELASSOCIATESMATERIAL('0npmKYRZj7f9nefpClZHoo',#3,$,$,(#6333),#6338);
#6337=IFCPRODUCTDEFINITIONSHAPE($,$,(#6339));
#6338=IFCMATERIALPROFILESETUSAGE(#6340,10,$);
#6339=IFCTOPOLOGYREPRESENTATION(#99,$,'Edge',(#6341));
#6340=IFCMATERIALPROFILESET($,$,(#6342),$);
#6341=IFCEDGE(#1047,#1072);
#6342=IFCMATERIALPROFILE($,$,#1704,#2644,$,$);
#6343=IFCSTRUCTURALCURVEMEMBER('3HAGcVOzX42OtPfmcMa2au',#95,'515',$,$,$,#6347,.RIGID_JOINED_MEMBER.,#2931);
#6344=IFCRELCONNECTSSTRUCTURALMEMBER('0oKs9Vx5f2pe$1TdpHOS$y',#3,$,$,#6343,#1069,#97,$,$,$);
#6345=IFCRELCONNECTSSTRUCTURALMEMBER('3A$vzfkeXBGf0ViCn6tCgJ',#3,$,$,#6343,#1084,#1681,$,$,$);
#6346=IFCRELASSOCIATESMATERIAL('1DbmqjbXr4peT8ppxjq5E2',#3,$,$,(#6343),#6348);
#6347=IFCPRODUCTDEFINITIONSHAPE($,$,(#6349));
#6348=IFCMATERIALPROFILESETUSAGE(#6350,10,$);
#6349=IFCTOPOLOGYREPRESENTATION(#99,$,'Edge',(#6351));
#6350=IFCMATERIALPROFILESET($,$,(#6352),$);
#6351=IFCEDGE(#1072,#1087);
#6352=IFCMATERIALPROFILE($,$,#1704,#2644,$,$);
#6353=IFCSTRUCTURALCURVEMEMBER('29Weu19HD4dxq5tLsqOIZR',#95,'516',$,$,$,#6357,.RIGID_JOINED_MEMBER.,#2942);
#6354=IFCRELCONNECTSSTRUCTURALMEMBER('3Nfv3j6ND6XxtwfmFpgZcJ',#3,$,$,#6353,#1084,#97,$,$,$);
#6355=IFCRELCONNECTSSTRUCTURALMEMBER('1shf22Tyj1Jg4N0Y31V9fC',#3,$,$,#6353,#1109,#1681,$,$,$);
#6356=IFCRELASSOCIATESMATERIAL('0AljeqBV96lPOjkAO7LjgP',#3,$,$,(#6353),#6358);
#6357=IFCPRODUCTDEFINITIONSHAPE($,$,(#6359));
#6358=IFCMATERIALPROFILESETUSAGE(#6360,10,$);
#6359=IFCTOPOLOGYREPRESENTATION(#99,$,'Edge',(#6361));
#6360=IFCMATERIALPROFILESET($,$,(#6362),$);
#6361=IFCEDGE(#1087,#1112);
#6362=IFCMATERIALPROFILE($,$,#1704,#2644,$,$);
#6363=IFCSTRUCTURALCURVEMEMBER('1l3iIz34DEhRsopFWabeDM',#95,'517',$,$,$,#6367,.RIGID_JOINED_MEMBER.,#2953);
#6364=IFCRELCONNECTSSTRUCTURALMEMBER('1oatwfipfBaglcyoK7RLIB',#3,$,$,#6363,#1109,#97,$,$,$);
#6365=IFCRELCONNECTSSTRUCTURALMEMBER('3tO4KQwPbCKg_$WDWkp$e9',#3,$,$,#6363,#1124,#1681,$,$,$);
#6366=IFCRELASSOCIATESMATERIAL('1tNMoy3SPEjRmu6oM57gbZ',#3,$,$,(#6363),#6368);
#6367=IFCPRODUCTDEFINITIONSHAPE($,$,(#6369));
#6368=IFCMATERIALPROFILESETUSAGE(#6370,10,$);
#6369=IFCTOPOLOGYREPRESENTATION(#99,$,'Edge',(#6371));
#6370=IFCMATERIALPROFILESET($,$,(#6372),$);
#6371=IFCEDGE(#1112,#1127);
#6372=IFCMATERIALPROFILE($,$,#1704,#2644,$,$);
#6373=IFCSTRUCTURALCURVEMEMBER('1zS9CxTz13SRFc2kdl7AzG',#95,'518',$,$,$,#6377,.RIGID_JOINED_MEMBER.,#2964);
#6374=IFCRELCONNECTSSTRUCTURALMEMBER('0sAgtu_PP0Bgx2k8SIH0ui',#3,$,$,#6373,#1124,#97,$,$,$);
#6375=IFCRELCONNECTSSTRUCTURALMEMBER('2Q$l_iwoz7NBsPHGMbdCpj',#3,$,$,#6373,#1149,#1681,$,$,$);
#6376=IFCRELASSOCIATESMATERIAL('1HYtNnFCH5oxWl45bDjMMN',#3,$,$,(#6373),#6378);
#6377=IFCPRODUCTDEFINITIONSHAPE($,$,(#6379));
#6378=IFCMATERIALPROFILESETUSAGE(#6380,10,$);
#6379=IFCTOPOLOGYREPRESENTATION(#99,$,'Edge',(#6381));
#6380=IFCMATERIALPROFILESET($,$,(#6382),$);
#6381=IFCEDGE(#1127,#1152);
#6382=IFCMATERIALPROFILE($,$,#1704,#2644,$,$);
#6383=IFCSTRUCTURALCURVEMEMBER('1dnHHJ_bn7vg3qDtGrYBRE',#95,'519',$,$,$,#6387,.RIGID_JOINED_MEMBER.,#2975);
#6384=IFCRELCONNECTSSTRUCTURALMEMBER('0PFXdEbJH7k8NEUSJt5JTo',#3,$,$,#6383,#1149,#97,$,$,$);
#6385=IFCRELCONNECTSSTRUCTURALMEMBER('3RrhUakgL9vxabxXqBDD2P',#3,$,$,#6383,#1164,#1681,$,$,$);
#6386=IFCRELASSOCIATESMATERIAL('0BxRqY8qvCKhJkANyY1_fk',#3,$,$,(#6383),#6388);
#6387=IFCPRODUCTDEFINITIONSHAPE($,$,(#6389));
#6388=IFCMATERIALPROFILESETUSAGE(#6390,10,$);
#6389=IFCTOPOLOGYREPRESENTATION(#99,$,'Edge',(#6391));
#6390=IFCMATERIALPROFILESET($,$,(#6392),$);
#6391=IFCEDGE(#1152,#1167);
#6392=IFCMATERIALPROFILE($,$,#1704,#2644,$,$);
#6393=IFCSTRUCTURALCURVEMEMBER('1apR77Dur9zulqhTeVfmc9',#95,'520',$,$,$,#6397,.RIGID_JOINED_MEMBER.,#2986);
#6394=IFCRELCONNECTSSTRUCTURALMEMBER('3OKjizD3f0597XmkJUpFBR',#3,$,$,#6393,#1164,#97,$,$,$);
#6395=IFCRELCONNECTSSTRUCTURALMEMBER('3sxhG8Q1zBIQCST3wwBA5t',#3,$,$,#6393,#1189,#1681,$,$,$);
#6396=IFCRELASSOCIATESMATERIAL('1tF634jMfFS953UkdC8ZH2',#3,$,$,(#6393),#6398);
#6397=IFCPRODUCTDEFINITIONSHAPE($,$,(#6399));
#6398=IFCMATERIALPROFILESETUSAGE(#6400,10,$);
#6399=IFCTOPOLOGYREPRESENTATION(#99,$,'Edge',(#6401));
#6400=IFCMATERIALPROFILESET($,$,(#6402),$);
#6401=IFCEDGE(#1167,#1192);
#6402=IFCMATERIALPROFILE($,$,#1704,#2644,$,$);
#6403=IFCSTRUCTURALCURVEMEMBER('173W0G9dH02Ak27HYmf9Sf',#95,'521',$,$,$,#6407,.RIGID_JOINED_MEMBER.,#2997);
#6404=IFCRELCONNECTSSTRUCTURALMEMBER('3B1eqJPDX9F81XmBFPwQ3q',#3,$,$,#6403,#1189,#97,$,$,$);
#6405=IFCRELCONNECTSSTRUCTURALMEMBER('0n4wO8ZPb8QB5XJs0j7WpX',#3,$,$,#6403,#1204,#1681,$,$,$);
#6406=IFCRELASSOCIATESMATERIAL('1zLJ$6KPLDH9E9eI$Ua7Fv',#3,$,$,(#6403),#6408);
#6407=IFCPRODUCTDEFINITIONSHAPE($,$,(#6409));
#6408=IFCMATERIALPROFILESETUSAGE(#6410,10,$);
#6409=IFCTOPOLOGYREPRESENTATION(#99,$,'Edge',(#6411));
#6410=IFCMATERIALPROFILESET($,$,(#6412),$);
#6411=IFCEDGE(#1192,#1207);
#6412=IFCMATERIALPROFILE($,$,#1704,#2644,$,$);
#6413=IFCSTRUCTURALCURVEMEMBER('3$DqcTmt52FgPZW6qgz5Od',#95,'522',$,$,$,#6417,.RIGID_JOINED_MEMBER.,#3008);
#6414=IFCRELCONNECTSSTRUCTURALMEMBER('02HNuf2yjCUuFCn7jS3NyR',#3,$,$,#6413,#1204,#97,$,$,$);
#6415=IFCRELCONNECTSSTRUCTURALMEMBER('1y6QjE0UT0LQLsbwq3uiUH',#3,$,$,#6413,#1229,#1681,$,$,$);
#6416=IFCRELASSOCIATESMATERIAL('3UVcB5tdL11OjXvGIgiC58',#3,$,$,(#6413),#6418);
#6417=IFCPRODUCTDEFINITIONSHAPE($,$,(#6419));
#6418=IFCMATERIALPROFILESETUSAGE(#6420,10,$);
#6419=IFCTOPOLOGYREPRESENTATION(#99,$,'Edge',(#6421));
#6420=IFCMATERIALPROFILESET($,$,(#6422),$);
#6421=IFCEDGE(#1207,#1232);
#6422=IFCMATERIALPROFILE($,$,#1704,#2644,$,$);
#6423=IFCSTRUCTURALCURVEMEMBER('3h9QxvmIn4uhD7l5WQ64dN',#95,'523',$,$,$,#6427,.RIGID_JOINED_MEMBER.,#3019);
#6424=IFCRELCONNECTSSTRUCTURALMEMBER('1EoCuYw_DFOQJEwxJPvdG6',#3,$,$,#6423,#1229,#97,$,$,$);
#6425=IFCRELCONNECTSSTRUCTURALMEMBER('3ZZD8FlEz30PUR2Oqgua95',#3,$,$,#6423,#1244,#1681,$,$,$);
#6426=IFCRELASSOCIATESMATERIAL('3NtmC9Alv4BfxQgDe2esmL',#3,$,$,(#6423),#6428);
#6427=IFCPRODUCTDEFINITIONSHAPE($,$,(#6429));
#6428=IFCMATERIALPROFILESETUSAGE(#6430,10,$);
#6429=IFCTOPOLOGYREPRESENTATION(#99,$,'Edge',(#6431));
#6430=IFCMATERIALPROFILESET($,$,(#6432),$);
#6431=IFCEDGE(#1232,#1247);
#6432=IFCMATERIALPROFILE($,$,#1704,#2644,$,$);
#6433=IFCSTRUCTURALCURVEMEMBER('3yePcNck55hxXfkG5NwT5Z',#95,'524',$,$,$,#6437,.RIGID_JOINED_MEMBER.,#3030);
#6434=IFCRELCONNECTSSTRUCTURALMEMBER('1cKIWjuBfExQsIDbiKCQIL',#3,$,$,#6433,#1244,#97,$,$,$);
#6435=IFCRELCONNECTSSTRUCTURALMEMBER('3WmI213pD1Vx41QQYTR$JN',#3,$,$,#6433,#1269,#1681,$,$,$);
#6436=IFCRELASSOCIATESMATERIAL('1SdPyhVIf2uwbIQr1aefBD',#3,$,$,(#6433),#6438);
#6437=IFCPRODUCTDEFINITIONSHAPE($,$,(#6439));
#6438=IFCMATERIALPROFILESETUSAGE(#6440,10,$);
#6439=IFCTOPOLOGYREPRESENTATION(#99,$,'Edge',(#6441));
#6440=IFCMATERIALPROFILESET($,$,(#6442),$);
#6441=IFCEDGE(#1247,#1272);
#6442=IFCMATERIALPROFILE($,$,#1704,#2644,$,$);
#6443=IFCSTRUCTURALCURVEMEMBER('0P_6KWWZbANx_Vm38FBgZ0',#95,'525',$,$,$,#6447,.RIGID_JOINED_MEMBER.,#3041);
#6444=IFCRELCONNECTSSTRUCTURALMEMBER('0XNRBgY6jAJOIFz3mD9_aM',#3,$,$,#6443,#1269,#97,$,$,$);
#6445=IFCRELCONNECTSSTRUCTURALMEMBER('1qO_EhvqjFVPQEG5Cglnty',#3,$,$,#6443,#1284,#1681,$,$,$);
#6446=IFCRELASSOCIATESMATERIAL('0NKU82iEn4tRxoyXI6lZSs',#3,$,$,(#6443),#6448);
#6447=IFCPRODUCTDEFINITIONSHAPE($,$,(#6449));
#6448=IFCMATERIALPROFILESETUSAGE(#6450,10,$);
#6449=IFCTOPOLOGYREPRESENTATION(#99,$,'Edge',(#6451));
#6450=IFCMATERIALPROFILESET($,$,(#6452),$);
#6451=IFCEDGE(#1272,#1287);
#6452=IFCMATERIALPROFILE($,$,#1704,#2644,$,$);
#6453=IFCSTRUCTURALCURVEMEMBER('1qWpxfdHz7xfxfEAzADReB',#95,'526',$,$,$,#6457,.RIGID_JOINED_MEMBER.,#3052);
#6454=IFCRELCONNECTSSTRUCTURALMEMBER('1FG4uvOIz5hR67Wjm3BfZm',#3,$,$,#6453,#1284,#97,$,$,$);
#6455=IFCRELCONNECTSSTRUCTURALMEMBER('3bvQl3xb11TxkVKLd$4gCG',#3,$,$,#6453,#1309,#1681,$,$,$);
#6456=IFCRELASSOCIATESMATERIAL('1YgR9389r3UOstErtQCAnn',#3,$,$,(#6453),#6458);
#6457=IFCPRODUCTDEFINITIONSHAPE($,$,(#6459));
#6458=IFCMATERIALPROFILESETUSAGE(#6460,10,$);
#6459=IFCTOPOLOGYREPRESENTATION(#99,$,'Edge',(#6461));
#6460=IFCMATERIALPROFILESET($,$,(#6462),$);
#6461=IFCEDGE(#1287,#1312);
#6462=IFCMATERIALPROFILE($,$,#1704,#2644,$,$);
#6463=IFCSTRUCTURALCURVEMEMBER('137gScKjPABPlaeaHlOFBm',#95,'527',$,$,$,#6467,.RIGID_JOINED_MEMBER.,#3063);
#6464=IFCRELCONNECTSSTRUCTURALMEMBER('0v6NRV26rE2vxHtsJggerS',#3,$,$,#6463,#1309,#97,$,$,$);
#6465=IFCRELCONNECTSSTRUCTURALMEMBER('3UqSXAAa51lRYavWKas$57',#3,$,$,#6463,#940,#1681,$,$,$);
#6466=IFCRELASSOCIATESMATERIAL('27$CCOhKr8POJoFytuBQUn',#3,$,$,(#6463),#6468);
#6467=IFCPRODUCTDEFINITIONSHAPE($,$,(#6469));
#6468=IFCMATERIALPROFILESETUSAGE(#6470,10,$);
#6469=IFCTOPOLOGYREPRESENTATION(#99,$,'Edge',(#6471));
#6470=IFCMATERIALPROFILESET($,$,(#6472),$);
#6471=IFCEDGE(#1312,#943);
#6472=IFCMATERIALPROFILE($,$,#1704,#2644,$,$);
#6473=IFCSTRUCTURALCURVEMEMBER('2Yxf8BbI549eFF4rFO3NtU',#95,'528',$,$,$,#6477,.RIGID_JOINED_MEMBER.,#1680);
#6474=IFCRELCONNECTSSTRUCTURALMEMBER('0O9v7z$hP0zBEpGORhDxEX',#3,$,$,#6473,#940,#97,$,$,$);
#6475=IFCRELCONNECTSSTRUCTURALMEMBER('3W2iph2RnBJRK$cc2ZnhYv',#3,$,$,#6473,#950,#1681,$,$,$);
#6476=IFCRELASSOCIATESMATERIAL('3aMTP6S$v38A6JUut3YsqP',#3,$,$,(#6473),#6478);
#6477=IFCPRODUCTDEFINITIONSHAPE($,$,(#6479));
#6478=IFCMATERIALPROFILESETUSAGE(#6480,10,$);
#6479=IFCTOPOLOGYREPRESENTATION(#99,$,'Edge',(#6481));
#6480=IFCMATERIALPROFILESET($,$,(#6482),$);
#6481=IFCEDGE(#943,#953);
#6482=IFCMATERIALPROFILE($,$,#1704,#2644,$,$);
#6483=IFCSTRUCTURALCURVEMEMBER('1Glqqvvs11f833tLuRcmCW',#95,'529',$,$,$,#6487,.RIGID_JOINED_MEMBER.,#1680);
#6484=IFCRELCONNECTSSTRUCTURALMEMBER('2cXL5Tqs97IRzXIZTLuDLZ',#3,$,$,#6483,#1304,#97,$,$,$);
#6485=IFCRELCONNECTSSTRUCTURALMEMBER('0KItYvzPbByxKOnbkvzKjt',#3,$,$,#6483,#1309,#1681,$,$,$);
#6486=IFCRELASSOCIATESMATERIAL('2vdAH$7Yf8q9Pm$puBx1CQ',#3,$,$,(#6483),#6488);
#6487=IFCPRODUCTDEFINITIONSHAPE($,$,(#6489));
#6488=IFCMATERIALPROFILESETUSAGE(#6490,10,$);
#6489=IFCTOPOLOGYREPRESENTATION(#99,$,'Edge',(#6491));
#6490=IFCMATERIALPROFILESET($,$,(#6492),$);
#6491=IFCEDGE(#1307,#1312);
#6492=IFCMATERIALPROFILE($,$,#1704,#2644,$,$);
#6493=IFCSTRUCTURALCURVEMEMBER('0M3c0v54j7yB8Cl2$RKaFw',#95,'530',$,$,$,#6497,.RIGID_JOINED_MEMBER.,#3094);
#6494=IFCRELCONNECTSSTRUCTURALMEMBER('33f8MQXIL6lhcxdYKAbG$W',#3,$,$,#6493,#945,#97,$,$,$);
#6495=IFCRELCONNECTSSTRUCTURALMEMBER('1tuv9xmv9AgPaXXh4TyKSO',#3,$,$,#6493,#994,#1681,$,$,$);
#6496=IFCRELASSOCIATESMATERIAL('06BhJHCGv8xhgUE8liXmkM',#3,$,$,(#6493),#6498);
#6497=IFCPRODUCTDEFINITIONSHAPE($,$,(#6499));
#6498=IFCMATERIALPROFILESETUSAGE(#6500,10,$);
#6499=IFCTOPOLOGYREPRESENTATION(#99,$,'Edge',(#6501));
#6500=IFCMATERIALPROFILESET($,$,(#6502),$);
#6501=IFCEDGE(#948,#997);
#6502=IFCMATERIALPROFILE($,$,#1704,#2644,$,$);
#6503=IFCSTRUCTURALCURVEMEMBER('3x$Qs36CD57RotFYFaTGA_',#95,'531',$,$,$,#6507,.RIGID_JOINED_MEMBER.,#3105);
#6504=IFCRELCONNECTSSTRUCTURALMEMBER('3WEyOQDHbBueC8pmbTWzFO',#3,$,$,#6503,#994,#97,$,$,$);
#6505=IFCRELCONNECTSSTRUCTURALMEMBER('0vpQaie9D7ohCllk$FCuIP',#3,$,$,#6503,#1009,#1681,$,$,$);
#6506=IFCRELASSOCIATESMATERIAL('0W1b3ejAL6cRH_qPR_K64Z',#3,$,$,(#6503),#6508);
#6507=IFCPRODUCTDEFINITIONSHAPE($,$,(#6509));
#6508=IFCMATERIALPROFILESETUSAGE(#6510,10,$);
#6509=IFCTOPOLOGYREPRESENTATION(#99,$,'Edge',(#6511));
#6510=IFCMATERIALPROFILESET($,$,(#6512),$);
#6511=IFCEDGE(#997,#1012);
#6512=IFCMATERIALPROFILE($,$,#1704,#2644,$,$);
#6513=IFCSTRUCTURALCURVEMEMBER('29ezyHc_X3Eu6gc3JZfiJM',#95,'532',$,$,$,#6517,.RIGID_JOINED_MEMBER.,#3116);
#6514=IFCRELCONNECTSSTRUCTURALMEMBER('2fsnNihqr2Sh5Uf6JgMCTb',#3,$,$,#6513,#1009,#97,$,$,$);
#6515=IFCRELCONNECTSSTRUCTURALMEMBER('0J0uUgqD116wWLcRuvbduF',#3,$,$,#6513,#1034,#1681,$,$,$);
#6516=IFCRELASSOCIATESMATERIAL('0PBsWusr1EZg66d93nOX83',#3,$,$,(#6513),#6518);
#6517=IFCPRODUCTDEFINITIONSHAPE($,$,(#6519));
#6518=IFCMATERIALPROFILESETUSAGE(#6520,10,$);
#6519=IFCTOPOLOGYREPRESENTATION(#99,$,'Edge',(#6521));
#6520=IFCMATERIALPROFILESET($,$,(#6522),$);
#6521=IFCEDGE(#1012,#1037);
#6522=IFCMATERIALPROFILE($,$,#1704,#2644,$,$);
#6523=IFCSTRUCTURALCURVEMEMBER('1wwKiaRI96pPOr1EJcwTJI',#95,'533',$,$,$,#6527,.RIGID_JOINED_MEMBER.,#3127);
#6524=IFCRELCONNECTSSTRUCTURALMEMBER('3tSF6_eYP0XxYZx02FTmQC',#3,$,$,#6523,#1034,#97,$,$,$);
#6525=IFCRELCONNECTSSTRUCTURALMEMBER('2hz_YI9XrEUQ_sPTHz0Dc_',#3,$,$,#6523,#1049,#1681,$,$,$);
#6526=IFCRELASSOCIATESMATERIAL('3uSXyO1158VQkV4hXrm1IJ',#3,$,$,(#6523),#6528);
#6527=IFCPRODUCTDEFINITIONSHAPE($,$,(#6529));
#6528=IFCMATERIALPROFILESETUSAGE(#6530,10,$);
#6529=IFCTOPOLOGYREPRESENTATION(#99,$,'Edge',(#6531));
#6530=IFCMATERIALPROFILESET($,$,(#6532),$);
#6531=IFCEDGE(#1037,#1052);
#6532=IFCMATERIALPROFILE($,$,#1704,#2644,$,$);
#6533=IFCSTRUCTURALCURVEMEMBER('1HlYsBbtfFpBY1KKdynwsf',#95,'534',$,$,$,#6537,.RIGID_JOINED_MEMBER.,#3138);
#6534=IFCRELCONNECTSSTRUCTURALMEMBER('3wwikuHYj9ORUKOHIwWlKU',#3,$,$,#6533,#1049,#97,$,$,$);
#6535=IFCRELCONNECTSSTRUCTURALMEMBER('0TJ57Nin5Cwway7DjWx1ea',#3,$,$,#6533,#1074,#1681,$,$,$);
#6536=IFCRELASSOCIATESMATERIAL('2SuaSolGD1nxE7Mw0k3wSs',#3,$,$,(#6533),#6538);
#6537=IFCPRODUCTDEFINITIONSHAPE($,$,(#6539));
#6538=IFCMATERIALPROFILESETUSAGE(#6540,10,$);
#6539=IFCTOPOLOGYREPRESENTATION(#99,$,'Edge',(#6541));
#6540=IFCMATERIALPROFILESET($,$,(#6542),$);
#6541=IFCEDGE(#1052,#1077);
#6542=IFCMATERIALPROFILE($,$,#1704,#2644,$,$);
#6543=IFCSTRUCTURALCURVEMEMBER('0IS0pJzOD8YPjvmYbAAZWi',#95,'535',$,$,$,#6547,.RIGID_JOINED_MEMBER.,#3149);
#6544=IFCRELCONNECTSSTRUCTURALMEMBER('1ljT6jjofAuv0aZkhHN_Fp',#3,$,$,#6543,#1074,#97,$,$,$);
#6545=IFCRELCONNECTSSTRUCTURALMEMBER('1JHVNXlt5FwAMEpzKb65F8',#3,$,$,#6543,#1089,#1681,$,$,$);
#6546=IFCRELASSOCIATESMATERIAL('1kLtF4Fd92TulR7NWkRTCB',#3,$,$,(#6543),#6548);
#6547=IFCPRODUCTDEFINITIONSHAPE($,$,(#6549));
#6548=IFCMATERIALPROFILESETUSAGE(#6550,10,$);
#6549=IFCTOPOLOGYREPRESENTATION(#99,$,'Edge',(#6551));
#6550=IFCMATERIALPROFILESET($,$,(#6552),$);
#6551=IFCEDGE(#1077,#1092);
#6552=IFCMATERIALPROFILE($,$,#1704,#2644,$,$);
#6553=IFCSTRUCTURALCURVEMEMBER('212j7iPgn8ffFFiPXRvWxz',#95,'536',$,$,$,#6557,.RIGID_JOINED_MEMBER.,#3160);
#6554=IFCRELCONNECTSSTRUCTURALMEMBER('3eFZl6dh15RO9McGRbCJx3',#3,$,$,#6553,#1089,#97,$,$,$);
#6555=IFCRELCONNECTSSTRUCTURALMEMBER('1hIJryBfDCHeg1Ja30_fAs',#3,$,$,#6553,#1114,#1681,$,$,$);
#6556=IFCRELASSOCIATESMATERIAL('0WOwTxaf51twb4HxiSqyD9',#3,$,$,(#6553),#6558);
#6557=IFCPRODUCTDEFINITIONSHAPE($,$,(#6559));
#6558=IFCMATERIALPROFILESETUSAGE(#6560,10,$);
#6559=IFCTOPOLOGYREPRESENTATION(#99,$,'Edge',(#6561));
#6560=IFCMATERIALPROFILESET($,$,(#6562),$);
#6561=IFCEDGE(#1092,#1117);
#6562=IFCMATERIALPROFILE($,$,#1704,#2644,$,$);
#6563=IFCSTRUCTURALCURVEMEMBER('2$8hhfFzvFzhCMIeWofNmS',#95,'537',$,$,$,#6567,.RIGID_JOINED_MEMBER.,#3171);
#6564=IFCRELCONNECTSSTRUCTURALMEMBER('0iKa7koHT5Fw9mNc8OzgMq',#3,$,$,#6563,#1114,#97,$,$,$);
#6565=IFCRELCONNECTSSTRUCTURALMEMBER('1i03YW2rfFMQKeMIR8VHlZ',#3,$,$,#6563,#1129,#1681,$,$,$);
#6566=IFCRELASSOCIATESMATERIAL('1pnUV24Hz2eemlZXa$YI51',#3,$,$,(#6563),#6568);
#6567=IFCPRODUCTDEFINITIONSHAPE($,$,(#6569));
#6568=IFCMATERIALPROFILESETUSAGE(#6570,10,$);
#6569=IFCTOPOLOGYREPRESENTATION(#99,$,'Edge',(#6571));
#6570=IFCMATERIALPROFILESET($,$,(#6572),$);
#6571=IFCEDGE(#1117,#1132);
#6572=IFCMATERIALPROFILE($,$,#1704,#2644,$,$);
#6573=IFCSTRUCTURALCURVEMEMBER('2Q5j67kK1CeBl6RtDMY_gz',#95,'538',$,$,$,#6577,.RIGID_JOINED_MEMBER.,#3182);
#6574=IFCRELCONNECTSSTRUCTURALMEMBER('1QVGaQpRvBkvvzxz0T1M_D',#3,$,$,#6573,#1129,#97,$,$,$);
#6575=IFCRELCONNECTSSTRUCTURALMEMBER('3I5Z$pDDPFauElOwGCndIo',#3,$,$,#6573,#1154,#1681,$,$,$);
#6576=IFCRELASSOCIATESMATERIAL('3S50D02BvA1Af3mPZqhUYR',#3,$,$,(#6573),#6578);
#6577=IFCPRODUCTDEFINITIONSHAPE($,$,(#6579));
#6578=IFCMATERIALPROFILESETUSAGE(#6580,10,$);
#6579=IFCTOPOLOGYREPRESENTATION(#99,$,'Edge',(#6581));
#6580=IFCMATERIALPROFILESET($,$,(#6582),$);
#6581=IFCEDGE(#1132,#1157);
#6582=IFCMATERIALPROFILE($,$,#1704,#2644,$,$);
#6583=IFCSTRUCTURALCURVEMEMBER('21iq8wNr9BSvITclBqEbFu',#95,'539',$,$,$,#6587,.RIGID_JOINED_MEMBER.,#3193);
#6584=IFCRELCONNECTSSTRUCTURALMEMBER('2YbqhkNvzCWuy15c_SO1MN',#3,$,$,#6583,#1154,#97,$,$,$);
#6585=IFCRELCONNECTSSTRUCTURALMEMBER('0r6qykkMHF4x$mTBqB5I_I',#3,$,$,#6583,#1169,#1681,$,$,$);
#6586=IFCRELASSOCIATESMATERIAL('2HyMaliRfEEAZlsa$WEAeI',#3,$,$,(#6583),#6588);
#6587=IFCPRODUCTDEFINITIONSHAPE($,$,(#6589));
#6588=IFCMATERIALPROFILESETUSAGE(#6590,10,$);
#6589=IFCTOPOLOGYREPRESENTATION(#99,$,'Edge',(#6591));
#6590=IFCMATERIALPROFILESET($,$,(#6592),$);
#6591=IFCEDGE(#1157,#1172);
#6592=IFCMATERIALPROFILE($,$,#1704,#2644,$,$);
#6593=IFCSTRUCTURALCURVEMEMBER('1ILPklYCn1XgYlnD5X84UD',#95,'540',$,$,$,#6597,.RIGID_JOINED_MEMBER.,#3204);
#6594=IFCRELCONNECTSSTRUCTURALMEMBER('1TSBJEWYL76eHPMspkfgzy',#3,$,$,#6593,#1169,#97,$,$,$);
#6595=IFCRELCONNECTSSTRUCTURALMEMBER('1d4$6yerb128UNCqgTBjKm',#3,$,$,#6593,#1194,#1681,$,$,$);
#6596=IFCRELASSOCIATESMATERIAL('3cj71DyJbEehjiHVZcns05',#3,$,$,(#6593),#6598);
#6597=IFCPRODUCTDEFINITIONSHAPE($,$,(#6599));
#6598=IFCMATERIALPROFILESETUSAGE(#6600,10,$);
#6599=IFCTOPOLOGYREPRESENTATION(#99,$,'Edge',(#6601));
#6600=IFCMATERIALPROFILESET($,$,(#6602),$);
#6601=IFCEDGE(#1172,#1197);
#6602=IFCMATERIALPROFILE($,$,#1704,#2644,$,$);
#6603=IFCSTRUCTURALCURVEMEMBER('1PgDCyPr94AwJ9rc_YPIT4',#95,'541',$,$,$,#6607,.RIGID_JOINED_MEMBER.,#3215);
#6604=IFCRELCONNECTSSTRUCTURALMEMBER('3_tK$BzjfBXeLq_F8ySO2l',#3,$,$,#6603,#1194,#97,$,$,$);
#6605=IFCRELCONNECTSSTRUCTURALMEMBER('3hcGJVMSrErhl$sDOukXkq',#3,$,$,#6603,#1209,#1681,$,$,$);
#6606=IFCRELASSOCIATESMATERIAL('3SE0gJuX5D79fwwux5UFbp',#3,$,$,(#6603),#6608);
#6607=IFCPRODUCTDEFINITIONSHAPE($,$,(#6609));
#6608=IFCMATERIALPROFILESETUSAGE(#6610,10,$);
#6609=IFCTOPOLOGYREPRESENTATION(#99,$,'Edge',(#6611));
#6610=IFCMATERIALPROFILESET($,$,(#6612),$);
#6611=IFCEDGE(#1197,#1212);
#6612=IFCMATERIALPROFILE($,$,#1704,#2644,$,$);
#6613=IFCSTRUCTURALCURVEMEMBER('07WnWfT85EmAm4eCEBh3Oa',#95,'542',$,$,$,#6617,.RIGID_JOINED_MEMBER.,#3226);
#6614=IFCRELCONNECTSSTRUCTURALMEMBER('0rCdfDeZzBfQU9DmJPXb4j',#3,$,$,#6613,#1209,#97,$,$,$);
#6615=IFCRELCONNECTSSTRUCTURALMEMBER('1wIK_duL1AXuqpj6_1rIPV',#3,$,$,#6613,#1234,#1681,$,$,$);
#6616=IFCRELASSOCIATESMATERIAL('3h6CbtJu51IvYBMQpt4GhV',#3,$,$,(#6613),#6618);
#6617=IFCPRODUCTDEFINITIONSHAPE($,$,(#6619));
#6618=IFCMATERIALPROFILESETUSAGE(#6620,10,$);
#6619=IFCTOPOLOGYREPRESENTATION(#99,$,'Edge',(#6621));
#6620=IFCMATERIALPROFILESET($,$,(#6622),$);
#6621=IFCEDGE(#1212,#1237);
#6622=IFCMATERIALPROFILE($,$,#1704,#2644,$,$);
#6623=IFCSTRUCTURALCURVEMEMBER('0vjgS5WxD6MeKNqk79e2_2',#95,'543',$,$,$,#6627,.RIGID_JOINED_MEMBER.,#3237);
#6624=IFCRELCONNECTSSTRUCTURALMEMBER('2ZX8TxoQ1BivR47JbnZ9My',#3,$,$,#6623,#1234,#97,$,$,$);
#6625=IFCRELCONNECTSSTRUCTURALMEMBER('0VuiHCWZbAFvtg$JnRsVtI',#3,$,$,#6623,#1249,#1681,$,$,$);
#6626=IFCRELASSOCIATESMATERIAL('0UU11RgGz4YfFACdOkWlzj',#3,$,$,(#6623),#6628);
#6627=IFCPRODUCTDEFINITIONSHAPE($,$,(#6629));
#6628=IFCMATERIALPROFILESETUSAGE(#6630,10,$);
#6629=IFCTOPOLOGYREPRESENTATION(#99,$,'Edge',(#6631));
#6630=IFCMATERIALPROFILESET($,$,(#6632),$);
#6631=IFCEDGE(#1237,#1252);
#6632=IFCMATERIALPROFILE($,$,#1704,#2644,$,$);
#6633=IFCSTRUCTURALCURVEMEMBER('3wWgfxbCrDfBDXRBqJwSfc',#95,'544',$,$,$,#6637,.RIGID_JOINED_MEMBER.,#3248);
#6634=IFCRELCONNECTSSTRUCTURALMEMBER('35pDRdMF17WgUq61MMRjlB',#3,$,$,#6633,#1249,#97,$,$,$);
#6635=IFCRELCONNECTSSTRUCTURALMEMBER('3fAhfmk0r9nP7zvLS0iY9i',#3,$,$,#6633,#1274,#1681,$,$,$);
#6636=IFCRELASSOCIATESMATERIAL('3vEcWvbirFThk4YhbjnXPH',#3,$,$,(#6633),#6638);
#6637=IFCPRODUCTDEFINITIONSHAPE($,$,(#6639));
#6638=IFCMATERIALPROFILESETUSAGE(#6640,10,$);
#6639=IFCTOPOLOGYREPRESENTATION(#99,$,'Edge',(#6641));
#6640=IFCMATERIALPROFILESET($,$,(#6642),$);
#6641=IFCEDGE(#1252,#1277);
#6642=IFCMATERIALPROFILE($,$,#1704,#2644,$,$);
#6643=IFCSTRUCTURALCURVEMEMBER('0C3IyAr9f4Ke0iaos322IF',#95,'545',$,$,$,#6647,.RIGID_JOINED_MEMBER.,#3259);
#6644=IFCRELCONNECTSSTRUCTURALMEMBER('0Mz7yBs0jAvvhKVbbn9y3F',#3,$,$,#6643,#1274,#97,$,$,$);
#6645=IFCRELCONNECTSSTRUCTURALMEMBER('3rWjsizSLDigmzblR7Jj_m',#3,$,$,#6643,#1289,#1681,$,$,$);
#6646=IFCRELASSOCIATESMATERIAL('0nYyRWkbTEKxm_tGhFP9Cx',#3,$,$,(#6643),#6648);
#6647=IFCPRODUCTDEFINITIONSHAPE($,$,(#6649));
#6648=IFCMATERIALPROFILESETUSAGE(#6650,10,$);
#6649=IFCTOPOLOGYREPRESENTATION(#99,$,'Edge',(#6651));
#6650=IFCMATERIALPROFILESET($,$,(#6652),$);
#6651=IFCEDGE(#1277,#1292);
#6652=IFCMATERIALPROFILE($,$,#1704,#2644,$,$);
#6653=IFCSTRUCTURALCURVEMEMBER('0H6gD22RDEmhHeicpj3Lsr',#95,'546',$,$,$,#6657,.RIGID_JOINED_MEMBER.,#3270);
#6654=IFCRELCONNECTSSTRUCTURALMEMBER('2ijJKSPZXC38tmR$SdeFdE',#3,$,$,#6653,#1289,#97,$,$,$);
#6655=IFCRELCONNECTSSTRUCTURALMEMBER('1MUvow05jFlw2sDVxpLxJU',#3,$,$,#6653,#1314,#1681,$,$,$);
#6656=IFCRELASSOCIATESMATERIAL('3tRCRggQr4MRMBE7OVYiZU',#3,$,$,(#6653),#6658);
#6657=IFCPRODUCTDEFINITIONSHAPE($,$,(#6659));
#6658=IFCMATERIALPROFILESETUSAGE(#6660,10,$);
#6659=IFCTOPOLOGYREPRESENTATION(#99,$,'Edge',(#6661));
#6660=IFCMATERIALPROFILESET($,$,(#6662),$);
#6661=IFCEDGE(#1292,#1317);
#6662=IFCMATERIALPROFILE($,$,#1704,#2644,$,$);
#6663=IFCSTRUCTURALCURVEMEMBER('1KXrUXGA132w7CSc7IqeOY',#95,'547',$,$,$,#6667,.RIGID_JOINED_MEMBER.,#3281);
#6664=IFCRELCONNECTSSTRUCTURALMEMBER('0VrQwTu2b77BYooS64jiuB',#3,$,$,#6663,#1314,#97,$,$,$);
#6665=IFCRELCONNECTSSTRUCTURALMEMBER('0yezKOlnnA0uznoI3Gsvnf',#3,$,$,#6663,#950,#1681,$,$,$);
#6666=IFCRELASSOCIATESMATERIAL('0yaQ7WAEnBreU5Jz5jGGke',#3,$,$,(#6663),#6668);
#6667=IFCPRODUCTDEFINITIONSHAPE($,$,(#6669));
#6668=IFCMATERIALPROFILESETUSAGE(#6670,10,$);
#6669=IFCTOPOLOGYREPRESENTATION(#99,$,'Edge',(#6671));
#6670=IFCMATERIALPROFILESET($,$,(#6672),$);
#6671=IFCEDGE(#1317,#953);
#6672=IFCMATERIALPROFILE($,$,#1704,#2644,$,$);
#6673=IFCSTRUCTURALCURVEMEMBER('0kYvi5YoDDNgKUqbOny47K',#95,'548',$,$,$,#6677,.RIGID_JOINED_MEMBER.,#1680);
#6674=IFCRELCONNECTSSTRUCTURALMEMBER('1wI87Tr491Ju4UML$9txvx',#3,$,$,#6673,#950,#97,$,$,$);
#6675=IFCRELCONNECTSSTRUCTURALMEMBER('0_CKyyty51FAj89tc$b3mY',#3,$,$,#6673,#960,#1681,$,$,$);
#6676=IFCRELASSOCIATESMATERIAL('2ecXzPKWjBqe0hRYwHAMgf',#3,$,$,(#6673),#6678);
#6677=IFCPRODUCTDEFINITIONSHAPE($,$,(#6679));
#6678=IFCMATERIALPROFILESETUSAGE(#6680,10,$);
#6679=IFCTOPOLOGYREPRESENTATION(#99,$,'Edge',(#6681));
#6680=IFCMATERIALPROFILESET($,$,(#6682),$);
#6681=IFCEDGE(#953,#963);
#6682=IFCMATERIALPROFILE($,$,#1704,#2644,$,$);
#6683=IFCSTRUCTURALCURVEMEMBER('3Ral7aGiP4rRHO6yS9rASS',#95,'549',$,$,$,#6687,.RIGID_JOINED_MEMBER.,#1680);
#6684=IFCRELCONNECTSSTRUCTURALMEMBER('3TO0vL6Rb6vhlcItEyl1gf',#3,$,$,#6683,#1309,#97,$,$,$);
#6685=IFCRELCONNECTSSTRUCTURALMEMBER('2W1ps_TMbCoBjzsYZqvTNL',#3,$,$,#6683,#1314,#1681,$,$,$);
#6686=IFCRELASSOCIATESMATERIAL('0rPmzPTUDABhQCZIjIOGev',#3,$,$,(#6683),#6688);
#6687=IFCPRODUCTDEFINITIONSHAPE($,$,(#6689));
#6688=IFCMATERIALPROFILESETUSAGE(#6690,10,$);
#6689=IFCTOPOLOGYREPRESENTATION(#99,$,'Edge',(#6691));
#6690=IFCMATERIALPROFILESET($,$,(#6692),$);
#6691=IFCEDGE(#1312,#1317);
#6692=IFCMATERIALPROFILE($,$,#1704,#2644,$,$);
#6693=IFCSTRUCTURALCURVEMEMBER('1MH68m3C1A6x$F3GZ2wPJ$',#95,'550',$,$,$,#6697,.RIGID_JOINED_MEMBER.,#3312);
#6694=IFCRELCONNECTSSTRUCTURALMEMBER('1qn0r3jBf9ZO4Ct3UfYH6f',#3,$,$,#6693,#955,#97,$,$,$);
#6695=IFCRELCONNECTSSTRUCTURALMEMBER('0nn5A8XoLFvBI9q1cBtWpE',#3,$,$,#6693,#979,#1681,$,$,$);
#6696=IFCRELASSOCIATESMATERIAL('1FaQ6Aui1AzwmGvcfMdJv4',#3,$,$,(#6693),#6698);
#6697=IFCPRODUCTDEFINITIONSHAPE($,$,(#6699));
#6698=IFCMATERIALPROFILESETUSAGE(#6700,10,$);
#6699=IFCTOPOLOGYREPRESENTATION(#99,$,'Edge',(#6701));
#6700=IFCMATERIALPROFILESET($,$,(#6702),$);
#6701=IFCEDGE(#958,#982);
#6702=IFCMATERIALPROFILE($,$,#1704,#2644,$,$);
#6703=IFCSTRUCTURALCURVEMEMBER('18RycsLIP0jRhwdGtiNccE',#95,'551',$,$,$,#6707,.RIGID_JOINED_MEMBER.,#3323);
#6704=IFCRELCONNECTSSTRUCTURALMEMBER('0uXINsHa1FjwgMEPIJAQvK',#3,$,$,#6703,#979,#97,$,$,$);
#6705=IFCRELCONNECTSSTRUCTURALMEMBER('3th6KhrG91P9ncfNUOaigl',#3,$,$,#6703,#1014,#1681,$,$,$);
#6706=IFCRELASSOCIATESMATERIAL('0G867xRZj3pviYM7qJMEV9',#3,$,$,(#6703),#6708);
#6707=IFCPRODUCTDEFINITIONSHAPE($,$,(#6709));
#6708=IFCMATERIALPROFILESETUSAGE(#6710,10,$);
#6709=IFCTOPOLOGYREPRESENTATION(#99,$,'Edge',(#6711));
#6710=IFCMATERIALPROFILESET($,$,(#6712),$);
#6711=IFCEDGE(#982,#1017);
#6712=IFCMATERIALPROFILE($,$,#1704,#2644,$,$);
#6713=IFCSTRUCTURALCURVEMEMBER('3cMCkeUjP1TPTig4ULU09r',#95,'552',$,$,$,#6717,.RIGID_JOINED_MEMBER.,#3334);
#6714=IFCRELCONNECTSSTRUCTURALMEMBER('2pt8VkD3P66e5pLyWzOaqk',#3,$,$,#6713,#1014,#97,$,$,$);
#6715=IFCRELCONNECTSSTRUCTURALMEMBER('0q1YfFcSz0xQbloZvpmzOj',#3,$,$,#6713,#1019,#1681,$,$,$);
#6716=IFCRELASSOCIATESMATERIAL('0Oh0jSiNH7OgZmefrC6Ysc',#3,$,$,(#6713),#6718);
#6717=IFCPRODUCTDEFINITIONSHAPE($,$,(#6719));
#6718=IFCMATERIALPROFILESETUSAGE(#6720,10,$);
#6719=IFCTOPOLOGYREPRESENTATION(#99,$,'Edge',(#6721));
#6720=IFCMATERIALPROFILESET($,$,(#6722),$);
#6721=IFCEDGE(#1017,#1022);
#6722=IFCMATERIALPROFILE($,$,#1704,#2644,$,$);
#6723=IFCSTRUCTURALCURVEMEMBER('3FFCHbkLz4sRefRWBmf8wB',#95,'553',$,$,$,#6727,.RIGID_JOINED_MEMBER.,#3345);
#6724=IFCRELCONNECTSSTRUCTURALMEMBER('1ulMQYBQnFmuTLDdhCdFZo',#3,$,$,#6723,#1019,#97,$,$,$);
#6725=IFCRELCONNECTSSTRUCTURALMEMBER('1RlVN4LQ1Du9AjwC7XktGt',#3,$,$,#6723,#1054,#1681,$,$,$);
#6726=IFCRELASSOCIATESMATERIAL('3PW3B1TkHB8eI_OF3N$aJ5',#3,$,$,(#6723),#6728);
#6727=IFCPRODUCTDEFINITIONSHAPE($,$,(#6729));
#6728=IFCMATERIALPROFILESETUSAGE(#6730,10,$);
#6729=IFCTOPOLOGYREPRESENTATION(#99,$,'Edge',(#6731));
#6730=IFCMATERIALPROFILESET($,$,(#6732),$);
#6731=IFCEDGE(#1022,#1057);
#6732=IFCMATERIALPROFILE($,$,#1704,#2644,$,$);
#6733=IFCSTRUCTURALCURVEMEMBER('02KYkLbUTBMvy71E7ovzv9',#95,'554',$,$,$,#6737,.RIGID_JOINED_MEMBER.,#3356);
#6734=IFCRELCONNECTSSTRUCTURALMEMBER('2NZyOOiWz4EwWBCxmYy2hf',#3,$,$,#6733,#1054,#97,$,$,$);
#6735=IFCRELCONNECTSSTRUCTURALMEMBER('1BPebGxpr7Bh_EtpjK7mGH',#3,$,$,#6733,#1059,#1681,$,$,$);
#6736=IFCRELASSOCIATESMATERIAL('16J2WG_qv9ReMtGGKG2Ix2',#3,$,$,(#6733),#6738);
#6737=IFCPRODUCTDEFINITIONSHAPE($,$,(#6739));
#6738=IFCMATERIALPROFILESETUSAGE(#6740,10,$);
#6739=IFCTOPOLOGYREPRESENTATION(#99,$,'Edge',(#6741));
#6740=IFCMATERIALPROFILESET($,$,(#6742),$);
#6741=IFCEDGE(#1057,#1062);
#6742=IFCMATERIALPROFILE($,$,#1704,#2644,$,$);
#6743=IFCSTRUCTURALCURVEMEMBER('3_yKVqNFTBlwdj1JkDAT4g',#95,'555',$,$,$,#6747,.RIGID_JOINED_MEMBER.,#3367);
#6744=IFCRELCONNECTSSTRUCTURALMEMBER('0cONN1fKv768LPwB_SGaGQ',#3,$,$,#6743,#1059,#97,$,$,$);
#6745=IFCRELCONNECTSSTRUCTURALMEMBER('17W8cI1kP64eNptXOp7Zvj',#3,$,$,#6743,#1094,#1681,$,$,$);
#6746=IFCRELASSOCIATESMATERIAL('3qqBjR7wf5S8hlFTH2uxQD',#3,$,$,(#6743),#6748);
#6747=IFCPRODUCTDEFINITIONSHAPE($,$,(#6749));
#6748=IFCMATERIALPROFILESETUSAGE(#6750,10,$);
#6749=IFCTOPOLOGYREPRESENTATION(#99,$,'Edge',(#6751));
#6750=IFCMATERIALPROFILESET($,$,(#6752),$);
#6751=IFCEDGE(#1062,#1097);
#6752=IFCMATERIALPROFILE($,$,#1704,#2644,$,$);
#6753=IFCSTRUCTURALCURVEMEMBER('0pV1P9loD8PfPywfeG1R_5',#95,'556',$,$,$,#6757,.RIGID_JOINED_MEMBER.,#3378);
#6754=IFCRELCONNECTSSTRUCTURALMEMBER('2EnsSMm4f63xKVOr8KL4O$',#3,$,$,#6753,#1094,#97,$,$,$);
#6755=IFCRELCONNECTSSTRUCTURALMEMBER('13bat7OMb6$9YUJPO82Att',#3,$,$,#6753,#1099,#1681,$,$,$);
#6756=IFCRELASSOCIATESMATERIAL('2C8GhnuA5AGuqG5GxjEVdv',#3,$,$,(#6753),#6758);
#6757=IFCPRODUCTDEFINITIONSHAPE($,$,(#6759));
#6758=IFCMATERIALPROFILESETUSAGE(#6760,10,$);
#6759=IFCTOPOLOGYREPRESENTATION(#99,$,'Edge',(#6761));
#6760=IFCMATERIALPROFILESET($,$,(#6762),$);
#6761=IFCEDGE(#1097,#1102);
#6762=IFCMATERIALPROFILE($,$,#1704,#2644,$,$);
#6763=IFCSTRUCTURALCURVEMEMBER('2CTbUJjrTEzBEw3t7W3pg4',#95,'557',$,$,$,#6767,.RIGID_JOINED_MEMBER.,#3389);
#6764=IFCRELCONNECTSSTRUCTURALMEMBER('3M8_WG0iLBqu$ML58EFHpf',#3,$,$,#6763,#1099,#97,$,$,$);
#6765=IFCRELCONNECTSSTRUCTURALMEMBER('0NoPanu7vEr8BUGIkzRUTk',#3,$,$,#6763,#1134,#1681,$,$,$);
#6766=IFCRELASSOCIATESMATERIAL('3Tp84gaUD2Rvkgty8TTLYv',#3,$,$,(#6763),#6768);
#6767=IFCPRODUCTDEFINITIONSHAPE($,$,(#6769));
#6768=IFCMATERIALPROFILESETUSAGE(#6770,10,$);
#6769=IFCTOPOLOGYREPRESENTATION(#99,$,'Edge',(#6771));
#6770=IFCMATERIALPROFILESET($,$,(#6772),$);
#6771=IFCEDGE(#1102,#1137);
#6772=IFCMATERIALPROFILE($,$,#1704,#2644,$,$);
#6773=IFCSTRUCTURALCURVEMEMBER('0EBv9PETLA3RHdjU5_dDcs',#95,'558',$,$,$,#6777,.RIGID_JOINED_MEMBER.,#3400);
#6774=IFCRELCONNECTSSTRUCTURALMEMBER('00FahTX5P5nfndcagdgzQM',#3,$,$,#6773,#1134,#97,$,$,$);
#6775=IFCRELCONNECTSSTRUCTURALMEMBER('2A0yzkvlDF6fZbl3qhwpl7',#3,$,$,#6773,#1139,#1681,$,$,$);
#6776=IFCRELASSOCIATESMATERIAL('3fAu3vBPTErOrwnb6T8IoQ',#3,$,$,(#6773),#6778);
#6777=IFCPRODUCTDEFINITIONSHAPE($,$,(#6779));
#6778=IFCMATERIALPROFILESETUSAGE(#6780,10,$);
#6779=IFCTOPOLOGYREPRESENTATION(#99,$,'Edge',(#6781));
#6780=IFCMATERIALPROFILESET($,$,(#6782),$);
#6781=IFCEDGE(#1137,#1142);
#6782=IFCMATERIALPROFILE($,$,#1704,#2644,$,$);
#6783=IFCSTRUCTURALCURVEMEMBER('1hLGJQgG1AGRMORBN_GHIq',#95,'559',$,$,$,#6787,.RIGID_JOINED_MEMBER.,#3411);
#6784=IFCRELCONNECTSSTRUCTURALMEMBER('1zGTsM0APA8PZZtIyVCixa',#3,$,$,#6783,#1139,#97,$,$,$);
#6785=IFCRELCONNECTSSTRUCTURALMEMBER('2dsSCWqorF7ftpkhaufGHA',#3,$,$,#6783,#1174,#1681,$,$,$);
#6786=IFCRELASSOCIATESMATERIAL('00M5tes7zDtxXs1q6AgQIi',#3,$,$,(#6783),#6788);
#6787=IFCPRODUCTDEFINITIONSHAPE($,$,(#6789));
#6788=IFCMATERIALPROFILESETUSAGE(#6790,10,$);
#6789=IFCTOPOLOGYREPRESENTATION(#99,$,'Edge',(#6791));
#6790=IFCMATERIALPROFILESET($,$,(#6792),$);
#6791=IFCEDGE(#1142,#1177);
#6792=IFCMATERIALPROFILE($,$,#1704,#2644,$,$);
#6793=IFCSTRUCTURALCURVEMEMBER('3nRoOiqRr6Ne$ofmTnkC9N',#95,'560',$,$,$,#6797,.RIGID_JOINED_MEMBER.,#3422);
#6794=IFCRELCONNECTSSTRUCTURALMEMBER('0D3s9J6Wb4bvYCNRqy_WiS',#3,$,$,#6793,#1174,#97,$,$,$);
#6795=IFCRELCONNECTSSTRUCTURALMEMBER('2I_TsDRxDF$vME7lnTjRBM',#3,$,$,#6793,#1179,#1681,$,$,$);
#6796=IFCRELASSOCIATESMATERIAL('0AvgPiU0vAjP1sB0yXYO$N',#3,$,$,(#6793),#6798);
#6797=IFCPRODUCTDEFINITIONSHAPE($,$,(#6799));
#6798=IFCMATERIALPROFILESETUSAGE(#6800,10,$);
#6799=IFCTOPOLOGYREPRESENTATION(#99,$,'Edge',(#6801));
#6800=IFCMATERIALPROFILESET($,$,(#6802),$);
#6801=IFCEDGE(#1177,#1182);
#6802=IFCMATERIALPROFILE($,$,#1704,#2644,$,$);
#6803=IFCSTRUCTURALCURVEMEMBER('3jTXrkF1HDgwH381Xw$rv_',#95,'561',$,$,$,#6807,.RIGID_JOINED_MEMBER.,#3433);
#6804=IFCRELCONNECTSSTRUCTURALMEMBER('3hXbXnqaj0IfgGFaQVw1Gs',#3,$,$,#6803,#1179,#97,$,$,$);
#6805=IFCRELCONNECTSSTRUCTURALMEMBER('1XHJ0zVoPCXv$Ukpb$b8BO',#3,$,$,#6803,#1214,#1681,$,$,$);
#6806=IFCRELASSOCIATESMATERIAL('3CRjaTsJzFWOieipK5TSkg',#3,$,$,(#6803),#6808);
#6807=IFCPRODUCTDEFINITIONSHAPE($,$,(#6809));
#6808=IFCMATERIALPROFILESETUSAGE(#6810,10,$);
#6809=IFCTOPOLOGYREPRESENTATION(#99,$,'Edge',(#6811));
#6810=IFCMATERIALPROFILESET($,$,(#6812),$);
#6811=IFCEDGE(#1182,#1217);
#6812=IFCMATERIALPROFILE($,$,#1704,#2644,$,$);
#6813=IFCSTRUCTURALCURVEMEMBER('3qrElVyPD40fJQqvdOjYNR',#95,'562',$,$,$,#6817,.RIGID_JOINED_MEMBER.,#3444);
#6814=IFCRELCONNECTSSTRUCTURALMEMBER('0HA6xEOOHE$fHR6XXQPU0i',#3,$,$,#6813,#1214,#97,$,$,$);
#6815=IFCRELCONNECTSSTRUCTURALMEMBER('0kAlK13qnFRBhzXONgDbmC',#3,$,$,#6813,#1219,#1681,$,$,$);
#6816=IFCRELASSOCIATESMATERIAL('1X0Iu1KpDDDvPI7NTaZ62w',#3,$,$,(#6813),#6818);
#6817=IFCPRODUCTDEFINITIONSHAPE($,$,(#6819));
#6818=IFCMATERIALPROFILESETUSAGE(#6820,10,$);
#6819=IFCTOPOLOGYREPRESENTATION(#99,$,'Edge',(#6821));
#6820=IFCMATERIALPROFILESET($,$,(#6822),$);
#6821=IFCEDGE(#1217,#1222);
#6822=IFCMATERIALPROFILE($,$,#1704,#2644,$,$);
#6823=IFCSTRUCTURALCURVEMEMBER('1vxbCN0LH7rRz9EDHCjapO',#95,'563',$,$,$,#6827,.RIGID_JOINED_MEMBER.,#3455);
#6824=IFCRELCONNECTSSTRUCTURALMEMBER('002hdiGQn1bvgU9lx0umkk',#3,$,$,#6823,#1219,#97,$,$,$);
#6825=IFCRELCONNECTSSTRUCTURALMEMBER('1vJ8cbSfv2YBAVTWz1_XC3',#3,$,$,#6823,#1254,#1681,$,$,$);
#6826=IFCRELASSOCIATESMATERIAL('0jt3Xl9Lb22fOltyVsidf8',#3,$,$,(#6823),#6828);
#6827=IFCPRODUCTDEFINITIONSHAPE($,$,(#6829));
#6828=IFCMATERIALPROFILESETUSAGE(#6830,10,$);
#6829=IFCTOPOLOGYREPRESENTATION(#99,$,'Edge',(#6831));
#6830=IFCMATERIALPROFILESET($,$,(#6832),$);
#6831=IFCEDGE(#1222,#1257);
#6832=IFCMATERIALPROFILE($,$,#1704,#2644,$,$);
#6833=IFCSTRUCTURALCURVEMEMBER('3wNcoNZLT9uOqGPCI_oOOF',#95,'564',$,$,$,#6837,.RIGID_JOINED_MEMBER.,#3466);
#6834=IFCRELCONNECTSSTRUCTURALMEMBER('0h$LjHYPD8BRyh2GtfUqny',#3,$,$,#6833,#1254,#97,$,$,$);
#6835=IFCRELCONNECTSSTRUCTURALMEMBER('3qFbvf961BL990XqSPTsu1',#3,$,$,#6833,#1259,#1681,$,$,$);
#6836=IFCRELASSOCIATESMATERIAL('1yMGLr_lT7QvwAVnhw89if',#3,$,$,(#6833),#6838);
#6837=IFCPRODUCTDEFINITIONSHAPE($,$,(#6839));
#6838=IFCMATERIALPROFILESETUSAGE(#6840,10,$);
#6839=IFCTOPOLOGYREPRESENTATION(#99,$,'Edge',(#6841));
#6840=IFCMATERIALPROFILESET($,$,(#6842),$);
#6841=IFCEDGE(#1257,#1262);
#6842=IFCMATERIALPROFILE($,$,#1704,#2644,$,$);
#6843=IFCSTRUCTURALCURVEMEMBER('30MHKN3Jv8C9FdI9AIylvz',#95,'565',$,$,$,#6847,.RIGID_JOINED_MEMBER.,#3477);
#6844=IFCRELCONNECTSSTRUCTURALMEMBER('27PGIfRjX3S8UdfHEpcP0G',#3,$,$,#6843,#1259,#97,$,$,$);
#6845=IFCRELCONNECTSSTRUCTURALMEMBER('3hLTG1MQr0pxDfOKvjnCxr',#3,$,$,#6843,#1294,#1681,$,$,$);
#6846=IFCRELASSOCIATESMATERIAL('20QK_EM05D1fXl6ZwvluJW',#3,$,$,(#6843),#6848);
#6847=IFCPRODUCTDEFINITIONSHAPE($,$,(#6849));
#6848=IFCMATERIALPROFILESETUSAGE(#6850,10,$);
#6849=IFCTOPOLOGYREPRESENTATION(#99,$,'Edge',(#6851));
#6850=IFCMATERIALPROFILESET($,$,(#6852),$);
#6851=IFCEDGE(#1262,#1297);
#6852=IFCMATERIALPROFILE($,$,#1704,#2644,$,$);
#6853=IFCSTRUCTURALCURVEMEMBER('3DVNQbCKvAcQObQtWIC8OY',#95,'566',$,$,$,#6857,.RIGID_JOINED_MEMBER.,#3488);
#6854=IFCRELCONNECTSSTRUCTURALMEMBER('0lqDGsIIr6nf7bcyS9LYOS',#3,$,$,#6853,#1294,#97,$,$,$);
#6855=IFCRELCONNECTSSTRUCTURALMEMBER('0FnIQZxYn3Wu0H2GeH0V6D',#3,$,$,#6853,#1299,#1681,$,$,$);
#6856=IFCRELASSOCIATESMATERIAL('0CyvVUcdr1MP1vMXwXt3o4',#3,$,$,(#6853),#6858);
#6857=IFCPRODUCTDEFINITIONSHAPE($,$,(#6859));
#6858=IFCMATERIALPROFILESETUSAGE(#6860,10,$);
#6859=IFCTOPOLOGYREPRESENTATION(#99,$,'Edge',(#6861));
#6860=IFCMATERIALPROFILESET($,$,(#6862),$);
#6861=IFCEDGE(#1297,#1302);
#6862=IFCMATERIALPROFILE($,$,#1704,#2644,$,$);
#6863=IFCSTRUCTURALCURVEMEMBER('0EumfGfy56_BF80X2YlR_X',#95,'567',$,$,$,#6867,.RIGID_JOINED_MEMBER.,#3499);
#6864=IFCRELCONNECTSSTRUCTURALMEMBER('0IBTuvjCz67Q_OKsomFFyw',#3,$,$,#6863,#1299,#97,$,$,$);
#6865=IFCRELCONNECTSSTRUCTURALMEMBER('1EhWJwUJDFPORX_RdcW2Dk',#3,$,$,#6863,#960,#1681,$,$,$);
#6866=IFCRELASSOCIATESMATERIAL('28yGyvIE5BOx$x2mk_vDHx',#3,$,$,(#6863),#6868);
#6867=IFCPRODUCTDEFINITIONSHAPE($,$,(#6869));
#6868=IFCMATERIALPROFILESETUSAGE(#6870,10,$);
#6869=IFCTOPOLOGYREPRESENTATION(#99,$,'Edge',(#6871));
#6870=IFCMATERIALPROFILESET($,$,(#6872),$);
#6871=IFCEDGE(#1302,#963);
#6872=IFCMATERIALPROFILE($,$,#1704,#2644,$,$);
#6873=IFCSTRUCTURALCURVEMEMBER('2YxZARaTXEavadj8g6leFi',#95,'568',$,$,$,#6877,.RIGID_JOINED_MEMBER.,#1680);
#6874=IFCRELCONNECTSSTRUCTURALMEMBER('2fGNsgrd991wWDOv$fkW3I',#3,$,$,#6873,#960,#97,$,$,$);
#6875=IFCRELCONNECTSSTRUCTURALMEMBER('0MrjJA4lj6GvQE8ruPfmPA',#3,$,$,#6873,#930,#1681,$,$,$);
#6876=IFCRELASSOCIATESMATERIAL('1psCLthd13CeZ8efvXyAcX',#3,$,$,(#6873),#6878);
#6877=IFCPRODUCTDEFINITIONSHAPE($,$,(#6879));
#6878=IFCMATERIALPROFILESETUSAGE(#6880,10,$);
#6879=IFCTOPOLOGYREPRESENTATION(#99,$,'Edge',(#6881));
#6880=IFCMATERIALPROFILESET($,$,(#6882),$);
#6881=IFCEDGE(#963,#933);
#6882=IFCMATERIALPROFILE($,$,#1704,#2644,$,$);
#6883=IFCSTRUCTURALCURVEMEMBER('1F2TMPJ513wxehhfo4xitG',#95,'569',$,$,$,#6887,.RIGID_JOINED_MEMBER.,#1680);
#6884=IFCRELCONNECTSSTRUCTURALMEMBER('18MuecsZbCrPa2RFGAZiiB',#3,$,$,#6883,#1314,#97,$,$,$);
#6885=IFCRELCONNECTSSTRUCTURALMEMBER('2BJdNKs6XCVxY2bcKz1YFK',#3,$,$,#6883,#1299,#1681,$,$,$);
#6886=IFCRELASSOCIATESMATERIAL('1xErMvvt500fJS6P9uIrho',#3,$,$,(#6883),#6888);
#6887=IFCPRODUCTDEFINITIONSHAPE($,$,(#6889));
#6888=IFCMATERIALPROFILESETUSAGE(#6890,10,$);
#6889=IFCTOPOLOGYREPRESENTATION(#99,$,'Edge',(#6891));
#6890=IFCMATERIALPROFILESET($,$,(#6892),$);
#6891=IFCEDGE(#1317,#1302);
#6892=IFCMATERIALPROFILE($,$,#1704,#2644,$,$);
#6893=IFCSTRUCTURALCURVEMEMBER('1ccnvdnQf7ov8n_yZhcfY$',#95,'570',$,$,$,#6897,.RIGID_JOINED_MEMBER.,#3530);
#6894=IFCRELCONNECTSSTRUCTURALMEMBER('1zjPOrNF12s8$9f0suA_Fj',#3,$,$,#6893,#940,$,$,$,$);
#6895=IFCRELCONNECTSSTRUCTURALMEMBER('1BXWntwgn7ZBF_GZ9LJmed',#3,$,$,#6893,#1319,$,$,$,$);
#6896=IFCRELASSOCIATESMATERIAL('0hmAKbHDH1QO5q4u0dn0BZ',#3,$,$,(#6893),#6898);
#6897=IFCPRODUCTDEFINITIONSHAPE($,$,(#6899));
#6898=IFCMATERIALPROFILESETUSAGE(#6900,10,$);
#6899=IFCTOPOLOGYREPRESENTATION(#99,$,'Edge',(#6901));
#6900=IFCMATERIALPROFILESET($,$,(#6902),$);
#6901=IFCEDGE(#943,#1322);
#6902=IFCMATERIALPROFILE($,$,#1704,#2644,$,$);
#6903=IFCSTRUCTURALCURVEMEMBER('08KvJwIi12qu_2x02jdOhM',#95,'571',$,$,$,#6907,.RIGID_JOINED_MEMBER.,#3530);
#6904=IFCRELCONNECTSSTRUCTURALMEMBER('2ul1Dwbcj2KeL7xHfnJL6t',#3,$,$,#6903,#1319,$,$,$,$);
#6905=IFCRELCONNECTSSTRUCTURALMEMBER('1wycTjzDz3jAoct1VXXwyw',#3,$,$,#6903,#965,$,$,$,$);
#6906=IFCRELASSOCIATESMATERIAL('334TA1jEn0meDcLui3cewO',#3,$,$,(#6903),#6908);
#6907=IFCPRODUCTDEFINITIONSHAPE($,$,(#6909));
#6908=IFCMATERIALPROFILESETUSAGE(#6910,10,$);
#6909=IFCTOPOLOGYREPRESENTATION(#99,$,'Edge',(#6911));
#6910=IFCMATERIALPROFILESET($,$,(#6912),$);
#6911=IFCEDGE(#1322,#977);
#6912=IFCMATERIALPROFILE($,$,#1704,#2644,$,$);
#6913=IFCSTRUCTURALCURVEMEMBER('3N8HXzTQXE7xnSIlsFfwvt',#95,'572',$,$,$,#6917,.RIGID_JOINED_MEMBER.,#3551);
#6914=IFCRELCONNECTSSTRUCTURALMEMBER('1z$NtTJpf2RxgdhJTyO6pg',#3,$,$,#6913,#950,$,$,$,$);
#6915=IFCRELCONNECTSSTRUCTURALMEMBER('0TKyz6koXEHeSGCIK1mBqd',#3,$,$,#6913,#1324,$,$,$,$);
#6916=IFCRELASSOCIATESMATERIAL('25dJXGxk97HBwIbsIe0341',#3,$,$,(#6913),#6918);
#6917=IFCPRODUCTDEFINITIONSHAPE($,$,(#6919));
#6918=IFCMATERIALPROFILESETUSAGE(#6920,10,$);
#6919=IFCTOPOLOGYREPRESENTATION(#99,$,'Edge',(#6921));
#6920=IFCMATERIALPROFILESET($,$,(#6922),$);
#6921=IFCEDGE(#953,#1327);
#6922=IFCMATERIALPROFILE($,$,#1704,#2644,$,$);
#6923=IFCSTRUCTURALCURVEMEMBER('3CesC1DEP24PHIqEd06gLY',#95,'573',$,$,$,#6927,.RIGID_JOINED_MEMBER.,#3551);
#6924=IFCRELCONNECTSSTRUCTURALMEMBER('05CdZVdFb9QgTD3UimWr9f',#3,$,$,#6923,#1324,$,$,$,$);
#6925=IFCRELCONNECTSSTRUCTURALMEMBER('1kW11XO5P3zQN6Vktk7ae7',#3,$,$,#6923,#965,$,$,$,$);
#6926=IFCRELASSOCIATESMATERIAL('3epH0GHwjCA9NpaGkoDcdX',#3,$,$,(#6923),#6928);
#6927=IFCPRODUCTDEFINITIONSHAPE($,$,(#6929));
#6928=IFCMATERIALPROFILESETUSAGE(#6930,10,$);
#6929=IFCTOPOLOGYREPRESENTATION(#99,$,'Edge',(#6931));
#6930=IFCMATERIALPROFILESET($,$,(#6932),$);
#6931=IFCEDGE(#1327,#977);
#6932=IFCMATERIALPROFILE($,$,#1704,#2644,$,$);
#6933=IFCSTRUCTURALCURVEMEMBER('2q$jbx8W97GvuEGEThmCRd',#95,'574',$,$,$,#6937,.RIGID_JOINED_MEMBER.,#3572);
#6934=IFCRELCONNECTSSTRUCTURALMEMBER('2_Gi4fB1n7SfPy4VtKBmVO',#3,$,$,#6933,#960,$,$,$,$);
#6935=IFCRELCONNECTSSTRUCTURALMEMBER('0JF4ZJkynBUuj5zNrywp_C',#3,$,$,#6933,#1329,$,$,$,$);
#6936=IFCRELASSOCIATESMATERIAL('1plR3fcw54wfnuSJkdN13a',#3,$,$,(#6933),#6938);
#6937=IFCPRODUCTDEFINITIONSHAPE($,$,(#6939));
#6938=IFCMATERIALPROFILESETUSAGE(#6940,10,$);
#6939=IFCTOPOLOGYREPRESENTATION(#99,$,'Edge',(#6941));
#6940=IFCMATERIALPROFILESET($,$,(#6942),$);
#6941=IFCEDGE(#963,#1332);
#6942=IFCMATERIALPROFILE($,$,#1704,#2644,$,$);
#6943=IFCSTRUCTURALCURVEMEMBER('2HMWAXxxnApwbgE8fHBo0K',#95,'575',$,$,$,#6947,.RIGID_JOINED_MEMBER.,#3572);
#6944=IFCRELCONNECTSSTRUCTURALMEMBER('1XbaaIt1j09Prp86NcYxCp',#3,$,$,#6943,#1329,$,$,$,$);
#6945=IFCRELCONNECTSSTRUCTURALMEMBER('3YE5yHuXjA7h2vLcFD3IqU',#3,$,$,#6943,#965,$,$,$,$);
#6946=IFCRELASSOCIATESMATERIAL('3w$jwBEAj668v2YxGC9FwH',#3,$,$,(#6943),#6948);
#6947=IFCPRODUCTDEFINITIONSHAPE($,$,(#6949));
#6948=IFCMATERIALPROFILESETUSAGE(#6950,10,$);
#6949=IFCTOPOLOGYREPRESENTATION(#99,$,'Edge',(#6951));
#6950=IFCMATERIALPROFILESET($,$,(#6952),$);
#6951=IFCEDGE(#1332,#977);
#6952=IFCMATERIALPROFILE($,$,#1704,#2644,$,$);
#6953=IFCSTRUCTURALCURVEMEMBER('3BkpI73xr2b83chk_V1oha',#95,'576',$,$,$,#6957,.RIGID_JOINED_MEMBER.,#3593);
#6954=IFCRELCONNECTSSTRUCTURALMEMBER('2cah9bXCD8yeruDHjHmHcZ',#3,$,$,#6953,#930,$,$,$,$);
#6955=IFCRELCONNECTSSTRUCTURALMEMBER('2cEgOhnN17qfCHrP_Rv$Bb',#3,$,$,#6953,#1334,$,$,$,$);
#6956=IFCRELASSOCIATESMATERIAL('0sZXSrSO97$xMw$QZuILZy',#3,$,$,(#6953),#6958);
#6957=IFCPRODUCTDEFINITIONSHAPE($,$,(#6959));
#6958=IFCMATERIALPROFILESETUSAGE(#6960,10,$);
#6959=IFCTOPOLOGYREPRESENTATION(#99,$,'Edge',(#6961));
#6960=IFCMATERIALPROFILESET($,$,(#6962),$);
#6961=IFCEDGE(#933,#1337);
#6962=IFCMATERIALPROFILE($,$,#1704,#2644,$,$);
#6963=IFCSTRUCTURALCURVEMEMBER('0QqzbVTtL0KvewsEi5evwf',#95,'577',$,$,$,#6967,.RIGID_JOINED_MEMBER.,#3593);
#6964=IFCRELCONNECTSSTRUCTURALMEMBER('3leWohfvL7UeVLunM5J5_n',#3,$,$,#6963,#1334,$,$,$,$);
#6965=IFCRELCONNECTSSTRUCTURALMEMBER('2wkWLwxVL50QdeqV7r49rU',#3,$,$,#6963,#965,$,$,$,$);
#6966=IFCRELASSOCIATESMATERIAL('25rkNlVBz1tf4pzu47z95k',#3,$,$,(#6963),#6968);
#6967=IFCPRODUCTDEFINITIONSHAPE($,$,(#6969));
#6968=IFCMATERIALPROFILESETUSAGE(#6970,10,$);
#6969=IFCTOPOLOGYREPRESENTATION(#99,$,'Edge',(#6971));
#6970=IFCMATERIALPROFILESET($,$,(#6972),$);
#6971=IFCEDGE(#1337,#977);
#6972=IFCMATERIALPROFILE($,$,#1704,#2644,$,$);
#6973=IFCSTRUCTURALCURVEMEMBER('2G6$whPG505OlxJqS_xCXt',#95,'578',$,$,$,#6977,.RIGID_JOINED_MEMBER.,#3614);
#6974=IFCRELCONNECTSSTRUCTURALMEMBER('0E$OPIZjzDYQOrskQZGvG7',#3,$,$,#6973,#930,#97,$,$,$);
#6975=IFCRELCONNECTSSTRUCTURALMEMBER('1HM8U_QQ5DQ9LvGfouUAK$',#3,$,$,#6973,#1319,#1681,$,$,$);
#6976=IFCRELASSOCIATESMATERIAL('1CCfak5jn4WRpf7dL8w7AW',#3,$,$,(#6973),#6978);
#6977=IFCPRODUCTDEFINITIONSHAPE($,$,(#6979));
#6978=IFCMATERIALPROFILESETUSAGE(#6980,10,$);
#6979=IFCTOPOLOGYREPRESENTATION(#99,$,'Edge',(#6981));
#6980=IFCMATERIALPROFILESET($,$,(#6982),$);
#6981=IFCEDGE(#933,#1322);
#6982=IFCMATERIALPROFILE($,$,#1704,#2644,$,$);
#6983=IFCSTRUCTURALCURVEMEMBER('3jLl5b4HD9gPICDd7vX8xs',#95,'579',$,$,$,#6987,.RIGID_JOINED_MEMBER.,#1680);
#6984=IFCRELCONNECTSSTRUCTURALMEMBER('0T_DVg$tz0YvftUDAjlx2_',#3,$,$,#6983,#1319,#97,$,$,$);
#6985=IFCRELCONNECTSSTRUCTURALMEMBER('0dwJ63$VHFPAeaq1u6YjcW',#3,$,$,#6983,#1334,#1681,$,$,$);
#6986=IFCRELASSOCIATESMATERIAL('2ZwUgwuIj7p9uTEj9EjQNg',#3,$,$,(#6983),#6988);
#6987=IFCPRODUCTDEFINITIONSHAPE($,$,(#6989));
#6988=IFCMATERIALPROFILESETUSAGE(#6990,10,$);
#6989=IFCTOPOLOGYREPRESENTATION(#99,$,'Edge',(#6991));
#6990=IFCMATERIALPROFILESET($,$,(#6992),$);
#6991=IFCEDGE(#1322,#1337);
#6992=IFCMATERIALPROFILE($,$,#1704,#2644,$,$);
#6993=IFCSTRUCTURALCURVEMEMBER('0jmtIALefFfxaLlcGdnnET',#95,'580',$,$,$,#6997,.RIGID_JOINED_MEMBER.,#3635);
#6994=IFCRELCONNECTSSTRUCTURALMEMBER('2$Z490L6zBxhF5tgHOI1z$',#3,$,$,#6993,#960,#97,$,$,$);
#6995=IFCRELCONNECTSSTRUCTURALMEMBER('07tNDv5V9AqvZroV$E$Gxg',#3,$,$,#6993,#1334,#1681,$,$,$);
#6996=IFCRELASSOCIATESMATERIAL('2Xpmyx$UvF3Oju4JhchZJP',#3,$,$,(#6993),#6998);
#6997=IFCPRODUCTDEFINITIONSHAPE($,$,(#6999));
#6998=IFCMATERIALPROFILESETUSAGE(#7000,10,$);
#6999=IFCTOPOLOGYREPRESENTATION(#99,$,'Edge',(#7001));
#7000=IFCMATERIALPROFILESET($,$,(#7002),$);
#7001=IFCEDGE(#963,#1337);
#7002=IFCMATERIALPROFILE($,$,#1704,#2644,$,$);
#7003=IFCSTRUCTURALCURVEMEMBER('3M8L3WPMr0$gotXdPkR0Bm',#95,'581',$,$,$,#7007,.RIGID_JOINED_MEMBER.,#1680);
#7004=IFCRELCONNECTSSTRUCTURALMEMBER('0TukmKaPDAeOAzH0BE8CAp',#3,$,$,#7003,#1334,#97,$,$,$);
#7005=IFCRELCONNECTSSTRUCTURALMEMBER('0hWz7j839AlPjonMDIRG$9',#3,$,$,#7003,#1329,#1681,$,$,$);
#7006=IFCRELASSOCIATESMATERIAL('1yIHA7CkDAYvikc0Tk7XHV',#3,$,$,(#7003),#7008);
#7007=IFCPRODUCTDEFINITIONSHAPE($,$,(#7009));
#7008=IFCMATERIALPROFILESETUSAGE(#7010,10,$);
#7009=IFCTOPOLOGYREPRESENTATION(#99,$,'Edge',(#7011));
#7010=IFCMATERIALPROFILESET($,$,(#7012),$);
#7011=IFCEDGE(#1337,#1332);
#7012=IFCMATERIALPROFILE($,$,#1704,#2644,$,$);
#7013=IFCSTRUCTURALCURVEMEMBER('1QpLOxrsz8jh$4bw9wIfPM',#95,'582',$,$,$,#7017,.RIGID_JOINED_MEMBER.,#3656);
#7014=IFCRELCONNECTSSTRUCTURALMEMBER('0G315W9MT4P9p5TNWgKC1Y',#3,$,$,#7013,#950,#97,$,$,$);
#7015=IFCRELCONNECTSSTRUCTURALMEMBER('10l3b_p4TBvhpzEIm$IG70',#3,$,$,#7013,#1329,#1681,$,$,$);
#7016=IFCRELASSOCIATESMATERIAL('0Tz$Nrv2n62918gaGtqFek',#3,$,$,(#7013),#7018);
#7017=IFCPRODUCTDEFINITIONSHAPE($,$,(#7019));
#7018=IFCMATERIALPROFILESETUSAGE(#7020,10,$);
#7019=IFCTOPOLOGYREPRESENTATION(#99,$,'Edge',(#7021));
#7020=IFCMATERIALPROFILESET($,$,(#7022),$);
#7021=IFCEDGE(#953,#1332);
#7022=IFCMATERIALPROFILE($,$,#1704,#2644,$,$);
#7023=IFCSTRUCTURALCURVEMEMBER('3dQp0XDxHD6Rjbnf91IpZ3',#95,'583',$,$,$,#7027,.RIGID_JOINED_MEMBER.,#1680);
#7024=IFCRELCONNECTSSTRUCTURALMEMBER('1K4Pg$yzDENg$B4Cia_V9x',#3,$,$,#7023,#1329,#97,$,$,$);
#7025=IFCRELCONNECTSSTRUCTURALMEMBER('0rlmmerRz34OE81BiW1SF4',#3,$,$,#7023,#1324,#1681,$,$,$);
#7026=IFCRELASSOCIATESMATERIAL('2hwEPg61n5KgWJSp7d_w34',#3,$,$,(#7023),#7028);
#7027=IFCPRODUCTDEFINITIONSHAPE($,$,(#7029));
#7028=IFCMATERIALPROFILESETUSAGE(#7030,10,$);
#7029=IFCTOPOLOGYREPRESENTATION(#99,$,'Edge',(#7031));
#7030=IFCMATERIALPROFILESET($,$,(#7032),$);
#7031=IFCEDGE(#1332,#1327);
#7032=IFCMATERIALPROFILE($,$,#1704,#2644,$,$);
#7033=IFCSTRUCTURALCURVEMEMBER('1rte5FdyH9OgQ75DKUNK5d',#95,'584',$,$,$,#7037,.RIGID_JOINED_MEMBER.,#3677);
#7034=IFCRELCONNECTSSTRUCTURALMEMBER('1OcW9wbVr3VQ7a8L6t2fVH',#3,$,$,#7033,#940,#97,$,$,$);
#7035=IFCRELCONNECTSSTRUCTURALMEMBER('3Rc$aVpYL4YwChJl0dWZJS',#3,$,$,#7033,#1324,#1681,$,$,$);
#7036=IFCRELASSOCIATESMATERIAL('1j8jk69yrA1fJfU7a486qq',#3,$,$,(#7033),#7038);
#7037=IFCPRODUCTDEFINITIONSHAPE($,$,(#7039));
#7038=IFCMATERIALPROFILESETUSAGE(#7040,10,$);
#7039=IFCTOPOLOGYREPRESENTATION(#99,$,'Edge',(#7041));
#7040=IFCMATERIALPROFILESET($,$,(#7042),$);
#7041=IFCEDGE(#943,#1327);
#7042=IFCMATERIALPROFILE($,$,#1704,#2644,$,$);
#7043=IFCSTRUCTURALCURVEMEMBER('3HdWS82ofC4PidpbvOK$_Y',#95,'585',$,$,$,#7047,.RIGID_JOINED_MEMBER.,#1680);
#7044=IFCRELCONNECTSSTRUCTURALMEMBER('2ZtR5ccVT17vS7t6lpqQKX',#3,$,$,#7043,#1324,#97,$,$,$);
#7045=IFCRELCONNECTSSTRUCTURALMEMBER('2YTFe$9QDF5w96NBKqhjBe',#3,$,$,#7043,#1319,#1681,$,$,$);
#7046=IFCRELASSOCIATESMATERIAL('2Bm0eELav84v2dnc7nif1S',#3,$,$,(#7043),#7048);
#7047=IFCPRODUCTDEFINITIONSHAPE($,$,(#7049));
#7048=IFCMATERIALPROFILESETUSAGE(#7050,10,$);
#7049=IFCTOPOLOGYREPRESENTATION(#99,$,'Edge',(#7051));
#7050=IFCMATERIALPROFILESET($,$,(#7052),$);
#7051=IFCEDGE(#1327,#1322);
#7052=IFCMATERIALPROFILE($,$,#1704,#2644,$,$);
#7053=IFCSTRUCTURALCURVEMEMBER('2Ep80ETtH128feiQ9sHmpV',#95,'590',$,$,$,#7057,.RIGID_JOINED_MEMBER.,#1680);
#7054=IFCRELCONNECTSSTRUCTURALMEMBER('2aGHitmuj5pAXgciL9zZdT',#3,$,$,#7053,#1339,#97,$,$,$);
#7055=IFCRELCONNECTSSTRUCTURALMEMBER('3MtK0_SdLFxfmanqkxkLyx',#3,$,$,#7053,#1344,#1681,$,$,$);
#7056=IFCRELASSOCIATESMATERIAL('3gMhEEWdjAL8hwbGsMzEVJ',#3,$,$,(#7053),#7058);
#7057=IFCPRODUCTDEFINITIONSHAPE($,$,(#7059));
#7058=IFCMATERIALPROFILESETUSAGE(#7060,10,$);
#7059=IFCTOPOLOGYREPRESENTATION(#99,$,'Edge',(#7061));
#7060=IFCMATERIALPROFILESET($,$,(#7062),$);
#7061=IFCEDGE(#1342,#1347);
#7062=IFCMATERIALPROFILE($,$,#1704,#2644,$,$);
#7063=IFCSTRUCTURALCURVEMEMBER('273EOc7uv0tvBw_BspMZMp',#95,'591',$,$,$,#7067,.RIGID_JOINED_MEMBER.,#1680);
#7064=IFCRELCONNECTSSTRUCTURALMEMBER('06SVSDU3b2DPl1FS4f7nBm',#3,$,$,#7063,#1349,#97,$,$,$);
#7065=IFCRELCONNECTSSTRUCTURALMEMBER('0ge$r3Ygr5bhLZNWNnp2vJ',#3,$,$,#7063,#1354,#1681,$,$,$);
#7066=IFCRELASSOCIATESMATERIAL('1kz$gUQmH2wwIvEjYoX7uU',#3,$,$,(#7063),#7068);
#7067=IFCPRODUCTDEFINITIONSHAPE($,$,(#7069));
#7068=IFCMATERIALPROFILESETUSAGE(#7070,10,$);
#7069=IFCTOPOLOGYREPRESENTATION(#99,$,'Edge',(#7071));
#7070=IFCMATERIALPROFILESET($,$,(#7072),$);
#7071=IFCEDGE(#1352,#1357);
#7072=IFCMATERIALPROFILE($,$,#1704,#2644,$,$);
#7073=IFCSTRUCTURALCURVEMEMBER('08CFBTaUv1qB8ht7B09dpY',#95,'592',$,$,$,#7077,.RIGID_JOINED_MEMBER.,#7078);
#7074=IFCRELCONNECTSSTRUCTURALMEMBER('0kIfR3GsPFkgbAsHqIkESy',#3,$,$,#7073,#112,#7079,$,$,$);
#7075=IFCRELCONNECTSSTRUCTURALMEMBER('2zfi4ByKP2qeQnOnN94ah$',#3,$,$,#7073,#1339,$,$,$,$);
#7076=IFCRELASSOCIATESMATERIAL('16Y1qYzorCGOb9ZASq8blO',#3,$,$,(#7073),#7080);
#7077=IFCPRODUCTDEFINITIONSHAPE($,$,(#7081));
#7078=IFCDIRECTION((6.0604322E-001,0.0000000E+000,7.9543172E-001));
#7079=IFCBOUNDARYNODECONDITION($,IFCBOOLEAN(.T.),IFCBOOLEAN(.T.),IFCBOOLEAN(.T.),IFCBOOLEAN(.T.),IFCBOOLEAN(.F.),IFCBOOLEAN(.T.));
#7080=IFCMATERIALPROFILESETUSAGE(#7082,10,$);
#7081=IFCTOPOLOGYREPRESENTATION(#99,$,'Edge',(#7083));
#7082=IFCMATERIALPROFILESET($,$,(#7084),$);
#7083=IFCEDGE(#115,#1342);
#7084=IFCMATERIALPROFILE($,$,#1704,#2644,$,$);
#7085=IFCSTRUCTURALCURVEMEMBER('3XvBMRCyH0VeQ$LO8AIwLS',#95,'594',$,$,$,#7089,.RIGID_JOINED_MEMBER.,#7090);
#7086=IFCRELCONNECTSSTRUCTURALMEMBER('1J4zfke2T8Wvnf07MX3sAJ',#3,$,$,#7085,#1354,$,$,$,$);
#7087=IFCRELCONNECTSSTRUCTURALMEMBER('088XoLQlP5GOtzzeV48YE_',#3,$,$,#7085,#516,#1681,$,$,$);
#7088=IFCRELASSOCIATESMATERIAL('3fid_697j8YvMhbUqo1GwB',#3,$,$,(#7085),#7091);
#7089=IFCPRODUCTDEFINITIONSHAPE($,$,(#7092));
#7090=IFCDIRECTION((-6.0604322E-001,0.0000000E+000,7.9543172E-001));
#7091=IFCMATERIALPROFILESETUSAGE(#7093,10,$);
#7092=IFCTOPOLOGYREPRESENTATION(#99,$,'Edge',(#7094));
#7093=IFCMATERIALPROFILESET($,$,(#7095),$);
#7094=IFCEDGE(#1357,#519);
#7095=IFCMATERIALPROFILE($,$,#1704,#2644,$,$);
#7096=IFCSTRUCTURALCURVEMEMBER('1Doy3isAr2G8IRZ7burzWh',#95,'595',$,$,$,#7100,.RIGID_JOINED_MEMBER.,#7078);
#7097=IFCRELCONNECTSSTRUCTURALMEMBER('0KicOANK9D6QmZyu5puuYr',#3,$,$,#7096,#122,#7079,$,$,$);
#7098=IFCRELCONNECTSSTRUCTURALMEMBER('1VF3u_D9L9zgBAyRL7eqpo',#3,$,$,#7096,#1344,$,$,$,$);
#7099=IFCRELASSOCIATESMATERIAL('0oWCMbEqv8zRX8RodDJ6lb',#3,$,$,(#7096),#7101);
#7100=IFCPRODUCTDEFINITIONSHAPE($,$,(#7102));
#7101=IFCMATERIALPROFILESETUSAGE(#7103,10,$);
#7102=IFCTOPOLOGYREPRESENTATION(#99,$,'Edge',(#7104));
#7103=IFCMATERIALPROFILESET($,$,(#7105),$);
#7104=IFCEDGE(#125,#1347);
#7105=IFCMATERIALPROFILE($,$,#1704,#2644,$,$);
#7106=IFCSTRUCTURALCURVEMEMBER('0wXEtbkEDEOeKfkrp6BEIt',#95,'597',$,$,$,#7110,.RIGID_JOINED_MEMBER.,#7090);
#7107=IFCRELCONNECTSSTRUCTURALMEMBER('0J2kdYlqr8xgZYbyMSvyCx',#3,$,$,#7106,#1349,$,$,$,$);
#7108=IFCRELCONNECTSSTRUCTURALMEMBER('1JVLClN25Fbxjcln_VPy54',#3,$,$,#7106,#546,#1681,$,$,$);
#7109=IFCRELASSOCIATESMATERIAL('28K5je3IHBKQILl8nKCHNv',#3,$,$,(#7106),#7111);
#7110=IFCPRODUCTDEFINITIONSHAPE($,$,(#7112));
#7111=IFCMATERIALPROFILESETUSAGE(#7113,10,$);
#7112=IFCTOPOLOGYREPRESENTATION(#99,$,'Edge',(#7114));
#7113=IFCMATERIALPROFILESET($,$,(#7115),$);
#7114=IFCEDGE(#1352,#549);
#7115=IFCMATERIALPROFILE($,$,#1704,#2644,$,$);
#7116=IFCSTRUCTURALCURVEMEMBER('2gam9ZcDn3zfWU272TZT64',#95,'612',$,$,$,#7120,.RIGID_JOINED_MEMBER.,#1680);
#7117=IFCRELCONNECTSSTRUCTURALMEMBER('0EYIs1tLP3ORJYd$Exq8_J',#3,$,$,#7116,#112,#7079,$,$,$);
#7118=IFCRELCONNECTSSTRUCTURALMEMBER('1oUftkNOL63PdIci08V1PO',#3,$,$,#7116,#1359,$,$,$,$);
#7119=IFCRELASSOCIATESMATERIAL('2RiUD_3nP8x9df55$BEQbD',#3,$,$,(#7116),#7121);
#7120=IFCPRODUCTDEFINITIONSHAPE($,$,(#7122));
#7121=IFCMATERIALPROFILESETUSAGE(#7123,10,$);
#7122=IFCTOPOLOGYREPRESENTATION(#99,$,'Edge',(#7124));
#7123=IFCMATERIALPROFILESET($,$,(#7125),$);
#7124=IFCEDGE(#115,#1362);
#7125=IFCMATERIALPROFILE($,$,#1704,#2644,$,$);
#7126=IFCSTRUCTURALCURVEMEMBER('0j3CA5cjfBOQ8Fjot9NHPw',#95,'613',$,$,$,#7130,.RIGID_JOINED_MEMBER.,#1680);
#7127=IFCRELCONNECTSSTRUCTURALMEMBER('0pvgy1xLX06ucSreYGL6Pr',#3,$,$,#7126,#1359,$,$,$,$);
#7128=IFCRELCONNECTSSTRUCTURALMEMBER('0$CcVE0R58Wh42qaI02igb',#3,$,$,#7126,#1369,$,$,$,$);
#7129=IFCRELASSOCIATESMATERIAL('1HbiQuBjH3Mg_Za9BTg6w6',#3,$,$,(#7126),#7131);
#7130=IFCPRODUCTDEFINITIONSHAPE($,$,(#7132));
#7131=IFCMATERIALPROFILESETUSAGE(#7133,10,$);
#7132=IFCTOPOLOGYREPRESENTATION(#99,$,'Edge',(#7134));
#7133=IFCMATERIALPROFILESET($,$,(#7135),$);
#7134=IFCEDGE(#1362,#1381);
#7135=IFCMATERIALPROFILE($,$,#1704,#2644,$,$);
#7136=IFCSTRUCTURALCURVEMEMBER('1ikx21IwfDewb1D$jTZNmg',#95,'614',$,$,$,#7140,.RIGID_JOINED_MEMBER.,#1680);
#7137=IFCRELCONNECTSSTRUCTURALMEMBER('2vmdqKhDXERRqct6XdUyvk',#3,$,$,#7136,#1369,$,$,$,$);
#7138=IFCRELCONNECTSSTRUCTURALMEMBER('1MxQyUkbPB2Q39XegBzZ3I',#3,$,$,#7136,#1388,$,$,$,$);
#7139=IFCRELASSOCIATESMATERIAL('0rsdLNIY9CPRTVydY8Zi3w',#3,$,$,(#7136),#7141);
#7140=IFCPRODUCTDEFINITIONSHAPE($,$,(#7142));
#7141=IFCMATERIALPROFILESETUSAGE(#7143,10,$);
#7142=IFCTOPOLOGYREPRESENTATION(#99,$,'Edge',(#7144));
#7143=IFCMATERIALPROFILESET($,$,(#7145),$);
#7144=IFCEDGE(#1381,#1391);
#7145=IFCMATERIALPROFILE($,$,#1704,#2644,$,$);
#7146=IFCSTRUCTURALCURVEMEMBER('3VhNi4sMn3gR7cngI0kn1l',#95,'615',$,$,$,#7150,.RIGID_JOINED_MEMBER.,#1680);
#7147=IFCRELCONNECTSSTRUCTURALMEMBER('1oR2yt8LTBAhgxfd_PuYJR',#3,$,$,#7146,#1388,$,$,$,$);
#7148=IFCRELCONNECTSSTRUCTURALMEMBER('2KPimUCeL6hQENX2IGu0se',#3,$,$,#7146,#1398,$,$,$,$);
#7149=IFCRELASSOCIATESMATERIAL('00KAxYWGn3Tv7DgasjrRbK',#3,$,$,(#7146),#7151);
#7150=IFCPRODUCTDEFINITIONSHAPE($,$,(#7152));
#7151=IFCMATERIALPROFILESETUSAGE(#7153,10,$);
#7152=IFCTOPOLOGYREPRESENTATION(#99,$,'Edge',(#7154));
#7153=IFCMATERIALPROFILESET($,$,(#7155),$);
#7154=IFCEDGE(#1391,#1410);
#7155=IFCMATERIALPROFILE($,$,#1704,#2644,$,$);
#7156=IFCSTRUCTURALCURVEMEMBER('3RwUU5mCLFjQFQ0yOPkbQ9',#95,'616',$,$,$,#7161,.RIGID_JOINED_MEMBER.,#1680);
#7157=IFCRELCONNECTSSTRUCTURALMEMBER('1dPSDr_SL4agirHndPFfEl',#3,$,$,#7156,#1398,$,$,$,$);
#7158=IFCRELCONNECTSSTRUCTURALMEMBER('3b7bpiLbjEpR7$LlzOgBSL',#3,$,$,#7156,#1417,$,$,$,$);
#7159=IFCRELASSOCIATESMATERIAL('1ZMrBBbP57euiX0PftHyv2',#3,$,$,(#7156),#7162);
#7160=IFCRELCONNECTSSTRUCTURALACTIVITY('03N98SAQn0Mgf3ehuZoE$W',#3,$,$,#7156,#7163);
#7161=IFCPRODUCTDEFINITIONSHAPE($,$,(#7164));
#7162=IFCMATERIALPROFILESETUSAGE(#7165,10,$);
#7163=IFCSTRUCTURALPOINTACTION('0mBOyEuSXDbu85x8w3E_gq',#3,$,$,$,$,#7166,#7167,.GLOBAL_COORDS.,$);
#7164=IFCTOPOLOGYREPRESENTATION(#99,$,'Edge',(#7168));
#7165=IFCMATERIALPROFILESET($,$,(#7169),$);
#7166=IFCPRODUCTDEFINITIONSHAPE($,$,(#7170));
#7167=IFCSTRUCTURALLOADSINGLEFORCE($,$,$,-1.5000000E+000,$,$,$);
#7168=IFCEDGE(#1410,#1420);
#7169=IFCMATERIALPROFILE($,$,#1704,#2644,$,$);
#7170=IFCTOPOLOGYREPRESENTATION(#99,$,'Vertex',(#7171));
#7171=IFCVERTEXPOINT(#7172);
#7172=IFCCARTESIANPOINT((6.3250000E+000,3.0000000E-001,1.4850000E+001));
#7173=IFCSTRUCTURALCURVEMEMBER('1ZU10Om7HC2O61HH5ztt0m',#95,'617',$,$,$,#7177,.RIGID_JOINED_MEMBER.,#1680);
#7174=IFCRELCONNECTSSTRUCTURALMEMBER('0yDAGV5OT1cOIKdLZl5W$Q',#3,$,$,#7173,#1417,$,$,$,$);
#7175=IFCRELCONNECTSSTRUCTURALMEMBER('1$8zy7vFvDqfYON4Hkv1tn',#3,$,$,#7173,#1427,$,$,$,$);
#7176=IFCRELASSOCIATESMATERIAL('1kggQhqMf8XeYLDyHGtlKs',#3,$,$,(#7173),#7178);
#7177=IFCPRODUCTDEFINITIONSHAPE($,$,(#7179));
#7178=IFCMATERIALPROFILESETUSAGE(#7180,10,$);
#7179=IFCTOPOLOGYREPRESENTATION(#99,$,'Edge',(#7181));
#7180=IFCMATERIALPROFILESET($,$,(#7182),$);
#7181=IFCEDGE(#1420,#1439);
#7182=IFCMATERIALPROFILE($,$,#1704,#2644,$,$);
#7183=IFCSTRUCTURALCURVEMEMBER('0VlvABHMb62gw1gougG7NC',#95,'618',$,$,$,#7187,.RIGID_JOINED_MEMBER.,#1680);
#7184=IFCRELCONNECTSSTRUCTURALMEMBER('2gYivb7EX8Hx$0X28Kqduk',#3,$,$,#7183,#1427,$,$,$,$);
#7185=IFCRELCONNECTSSTRUCTURALMEMBER('2ECyQsdT96IRQDUudkixlg',#3,$,$,#7183,#1446,$,$,$,$);
#7186=IFCRELASSOCIATESMATERIAL('38gsXOrKvBpB1HZTbP8pEJ',#3,$,$,(#7183),#7188);
#7187=IFCPRODUCTDEFINITIONSHAPE($,$,(#7189));
#7188=IFCMATERIALPROFILESETUSAGE(#7190,10,$);
#7189=IFCTOPOLOGYREPRESENTATION(#99,$,'Edge',(#7191));
#7190=IFCMATERIALPROFILESET($,$,(#7192),$);
#7191=IFCEDGE(#1439,#1449);
#7192=IFCMATERIALPROFILE($,$,#1704,#2644,$,$);
#7193=IFCSTRUCTURALCURVEMEMBER('3cS0aMvx12zB0chiImXnMa',#95,'619',$,$,$,#7197,.RIGID_JOINED_MEMBER.,#1680);
#7194=IFCRELCONNECTSSTRUCTURALMEMBER('1ROOmLv6D6jhkvOZjBqsjK',#3,$,$,#7193,#1446,$,$,$,$);
#7195=IFCRELCONNECTSSTRUCTURALMEMBER('2YwEBRllXFCeYJ0cUG5dW6',#3,$,$,#7193,#516,#1681,$,$,$);
#7196=IFCRELASSOCIATESMATERIAL('1l3zXpiiDFOP7om03xgNXl',#3,$,$,(#7193),#7198);
#7197=IFCPRODUCTDEFINITIONSHAPE($,$,(#7199));
#7198=IFCMATERIALPROFILESETUSAGE(#7200,10,$);
#7199=IFCTOPOLOGYREPRESENTATION(#99,$,'Edge',(#7201));
#7200=IFCMATERIALPROFILESET($,$,(#7202),$);
#7201=IFCEDGE(#1449,#519);
#7202=IFCMATERIALPROFILE($,$,#1704,#2644,$,$);
#7203=IFCSTRUCTURALCURVEMEMBER('3mBQa4I6n019aQC$4LJ3_b',#95,'620',$,$,$,#7207,.RIGID_JOINED_MEMBER.,#1680);
#7204=IFCRELCONNECTSSTRUCTURALMEMBER('2yUsQT6Pj0LxclpHQMId4y',#3,$,$,#7203,#122,#7079,$,$,$);
#7205=IFCRELCONNECTSSTRUCTURALMEMBER('1MslexrYzBpB6wFabUvGsf',#3,$,$,#7203,#1364,$,$,$,$);
#7206=IFCRELASSOCIATESMATERIAL('2VUpcXzbXCvO3Y8y1dQz9S',#3,$,$,(#7203),#7208);
#7207=IFCPRODUCTDEFINITIONSHAPE($,$,(#7209));
#7208=IFCMATERIALPROFILESETUSAGE(#7210,10,$);
#7209=IFCTOPOLOGYREPRESENTATION(#99,$,'Edge',(#7211));
#7210=IFCMATERIALPROFILESET($,$,(#7212),$);
#7211=IFCEDGE(#125,#1367);
#7212=IFCMATERIALPROFILE($,$,#1704,#2644,$,$);
#7213=IFCSTRUCTURALCURVEMEMBER('1OgBWtwrvFNOg6uOgGdBw0',#95,'621',$,$,$,#7217,.RIGID_JOINED_MEMBER.,#1680);
#7214=IFCRELCONNECTSSTRUCTURALMEMBER('3RScgYEGvAlO2gBJuui8Jy',#3,$,$,#7213,#1364,$,$,$,$);
#7215=IFCRELCONNECTSSTRUCTURALMEMBER('3ZddseyfL0cAbjBejNUXZV',#3,$,$,#7213,#1383,$,$,$,$);
#7216=IFCRELASSOCIATESMATERIAL('2mHeYshfjDbvFHgPs51Xrj',#3,$,$,(#7213),#7218);
#7217=IFCPRODUCTDEFINITIONSHAPE($,$,(#7219));
#7218=IFCMATERIALPROFILESETUSAGE(#7220,10,$);
#7219=IFCTOPOLOGYREPRESENTATION(#99,$,'Edge',(#7221));
#7220=IFCMATERIALPROFILESET($,$,(#7222),$);
#7221=IFCEDGE(#1367,#1386);
#7222=IFCMATERIALPROFILE($,$,#1704,#2644,$,$);
#7223=IFCSTRUCTURALCURVEMEMBER('1SCWZF$PfF_f7SIEGh$oYn',#95,'622',$,$,$,#7227,.RIGID_JOINED_MEMBER.,#1680);
#7224=IFCRELCONNECTSSTRUCTURALMEMBER('1SimOYD$jA0AYFsPHddMJr',#3,$,$,#7223,#1383,$,$,$,$);
#7225=IFCRELCONNECTSSTRUCTURALMEMBER('2y06JxXGn68B7LZ1ruOuj5',#3,$,$,#7223,#1393,$,$,$,$);
#7226=IFCRELASSOCIATESMATERIAL('0kaHDt0mDCJgIzZcMf$kOm',#3,$,$,(#7223),#7228);
#7227=IFCPRODUCTDEFINITIONSHAPE($,$,(#7229));
#7228=IFCMATERIALPROFILESETUSAGE(#7230,10,$);
#7229=IFCTOPOLOGYREPRESENTATION(#99,$,'Edge',(#7231));
#7230=IFCMATERIALPROFILESET($,$,(#7232),$);
#7231=IFCEDGE(#1386,#1396);
#7232=IFCMATERIALPROFILE($,$,#1704,#2644,$,$);
#7233=IFCSTRUCTURALCURVEMEMBER('26_qETxQ58UOq$pViHLobl',#95,'623',$,$,$,#7237,.RIGID_JOINED_MEMBER.,#1680);
#7234=IFCRELCONNECTSSTRUCTURALMEMBER('2mcwkG$713J9HwH813VSzE',#3,$,$,#7233,#1393,$,$,$,$);
#7235=IFCRELCONNECTSSTRUCTURALMEMBER('07JFs$7W5FGv79AMY9Txof',#3,$,$,#7233,#1412,$,$,$,$);
#7236=IFCRELASSOCIATESMATERIAL('07ChHs0j56_w3m0Aw0a41c',#3,$,$,(#7233),#7238);
#7237=IFCPRODUCTDEFINITIONSHAPE($,$,(#7239));
#7238=IFCMATERIALPROFILESETUSAGE(#7240,10,$);
#7239=IFCTOPOLOGYREPRESENTATION(#99,$,'Edge',(#7241));
#7240=IFCMATERIALPROFILESET($,$,(#7242),$);
#7241=IFCEDGE(#1396,#1415);
#7242=IFCMATERIALPROFILE($,$,#1704,#2644,$,$);
#7243=IFCSTRUCTURALCURVEMEMBER('3MmdpkXmb6AQM41sMcISdj',#95,'624',$,$,$,#7247,.RIGID_JOINED_MEMBER.,#1680);
#7244=IFCRELCONNECTSSTRUCTURALMEMBER('38_qCmF2r6PxnaansySlZu',#3,$,$,#7243,#1412,$,$,$,$);
#7245=IFCRELCONNECTSSTRUCTURALMEMBER('15DKkI0k92O80HWIsihAUE',#3,$,$,#7243,#1422,$,$,$,$);
#7246=IFCRELASSOCIATESMATERIAL('0gn3dq5$n6fxd9uMv8QGk4',#3,$,$,(#7243),#7248);
#7247=IFCPRODUCTDEFINITIONSHAPE($,$,(#7249));
#7248=IFCMATERIALPROFILESETUSAGE(#7250,10,$);
#7249=IFCTOPOLOGYREPRESENTATION(#99,$,'Edge',(#7251));
#7250=IFCMATERIALPROFILESET($,$,(#7252),$);
#7251=IFCEDGE(#1415,#1425);
#7252=IFCMATERIALPROFILE($,$,#1704,#2644,$,$);
#7253=IFCSTRUCTURALCURVEMEMBER('1vQ98QVaDBQvBClvk2c0ob',#95,'625',$,$,$,#7257,.RIGID_JOINED_MEMBER.,#1680);
#7254=IFCRELCONNECTSSTRUCTURALMEMBER('3Rdrx0f5n9henXwyf_nPcm',#3,$,$,#7253,#1422,$,$,$,$);
#7255=IFCRELCONNECTSSTRUCTURALMEMBER('2vncxpIH58URLucqaYhuD8',#3,$,$,#7253,#1441,$,$,$,$);
#7256=IFCRELASSOCIATESMATERIAL('2sofXRqSP6I8Kd18WqbrCD',#3,$,$,(#7253),#7258);
#7257=IFCPRODUCTDEFINITIONSHAPE($,$,(#7259));
#7258=IFCMATERIALPROFILESETUSAGE(#7260,10,$);
#7259=IFCTOPOLOGYREPRESENTATION(#99,$,'Edge',(#7261));
#7260=IFCMATERIALPROFILESET($,$,(#7262),$);
#7261=IFCEDGE(#1425,#1444);
#7262=IFCMATERIALPROFILE($,$,#1704,#2644,$,$);
#7263=IFCSTRUCTURALCURVEMEMBER('2xfWx5XlHEjBj1Xce_s$8r',#95,'626',$,$,$,#7267,.RIGID_JOINED_MEMBER.,#1680);
#7264=IFCRELCONNECTSSTRUCTURALMEMBER('3SDlYnUxn3Mx_D_Q$tYxso',#3,$,$,#7263,#1441,$,$,$,$);
#7265=IFCRELCONNECTSSTRUCTURALMEMBER('1INpEYlcnD0gLDZsMtTpPv',#3,$,$,#7263,#1451,$,$,$,$);
#7266=IFCRELASSOCIATESMATERIAL('1Yy$QnXLXFjg7HVJ4SLPt1',#3,$,$,(#7263),#7268);
#7267=IFCPRODUCTDEFINITIONSHAPE($,$,(#7269));
#7268=IFCMATERIALPROFILESETUSAGE(#7270,10,$);
#7269=IFCTOPOLOGYREPRESENTATION(#99,$,'Edge',(#7271));
#7270=IFCMATERIALPROFILESET($,$,(#7272),$);
#7271=IFCEDGE(#1444,#1454);
#7272=IFCMATERIALPROFILE($,$,#1704,#2644,$,$);
#7273=IFCSTRUCTURALCURVEMEMBER('3rt2vXT7P0Ver3Xx2aC2d0',#95,'627',$,$,$,#7277,.RIGID_JOINED_MEMBER.,#1680);
#7274=IFCRELCONNECTSSTRUCTURALMEMBER('2VLMzOr8b9UBHFlVkBkBwf',#3,$,$,#7273,#1451,$,$,$,$);
#7275=IFCRELCONNECTSSTRUCTURALMEMBER('3d6F0z34r5qQogViGbD6X3',#3,$,$,#7273,#546,#1681,$,$,$);
#7276=IFCRELASSOCIATESMATERIAL('0JCzbgaiH34QcmK7PT$_hY',#3,$,$,(#7273),#7278);
#7277=IFCPRODUCTDEFINITIONSHAPE($,$,(#7279));
#7278=IFCMATERIALPROFILESETUSAGE(#7280,10,$);
#7279=IFCTOPOLOGYREPRESENTATION(#99,$,'Edge',(#7281));
#7280=IFCMATERIALPROFILESET($,$,(#7282),$);
#7281=IFCEDGE(#1454,#549);
#7282=IFCMATERIALPROFILE($,$,#1704,#2644,$,$);
#7283=IFCSTRUCTURALCURVEMEMBER('2$LfUfi1LAjx56zy7Zqneu',#95,'628',$,$,$,#7287,.RIGID_JOINED_MEMBER.,#1680);
#7284=IFCRELCONNECTSSTRUCTURALMEMBER('1X6dpTEQ9EpgvfIYf5O2vX',#3,$,$,#7283,#1339,#7079,$,$,$);
#7285=IFCRELCONNECTSSTRUCTURALMEMBER('1xhZb5t2jC7uclkV00Y1Eb',#3,$,$,#7283,#1456,#1681,$,$,$);
#7286=IFCRELASSOCIATESMATERIAL('2sz8LAIfb1zPOhM44lE7jT',#3,$,$,(#7283),#7288);
#7287=IFCPRODUCTDEFINITIONSHAPE($,$,(#7289));
#7288=IFCMATERIALPROFILESETUSAGE(#7290,10,$);
#7289=IFCTOPOLOGYREPRESENTATION(#99,$,'Edge',(#7291));
#7290=IFCMATERIALPROFILESET($,$,(#7292),$);
#7291=IFCEDGE(#1342,#1459);
#7292=IFCMATERIALPROFILE($,$,#1704,#2644,$,$);
#7293=IFCSTRUCTURALCURVEMEMBER('1sWsvYlYvCMw2f0rzLCuXB',#95,'629',$,$,$,#7297,.RIGID_JOINED_MEMBER.,#1680);
#7294=IFCRELCONNECTSSTRUCTURALMEMBER('3Wg17UuGH9HxcIcTvORe4v',#3,$,$,#7293,#1456,$,$,$,$);
#7295=IFCRELCONNECTSSTRUCTURALMEMBER('0vJWrV4Vn1nwCbwA2GPulP',#3,$,$,#7293,#1461,$,$,$,$);
#7296=IFCRELASSOCIATESMATERIAL('0EtvI43Jz6UAwsii0d9JAq',#3,$,$,(#7293),#7298);
#7297=IFCPRODUCTDEFINITIONSHAPE($,$,(#7299));
#7298=IFCMATERIALPROFILESETUSAGE(#7300,10,$);
#7299=IFCTOPOLOGYREPRESENTATION(#99,$,'Edge',(#7301));
#7300=IFCMATERIALPROFILESET($,$,(#7302),$);
#7301=IFCEDGE(#1459,#1464);
#7302=IFCMATERIALPROFILE($,$,#1704,#2644,$,$);
#7303=IFCSTRUCTURALCURVEMEMBER('0hl$9U_953Lv0wsYu8ZQ$8',#95,'630',$,$,$,#7307,.RIGID_JOINED_MEMBER.,#1680);
#7304=IFCRELCONNECTSSTRUCTURALMEMBER('0t0z1FMU5AqPXUMnADyNwx',#3,$,$,#7303,#1461,$,$,$,$);
#7305=IFCRELCONNECTSSTRUCTURALMEMBER('1oRJojOp558xqf6V$le06p',#3,$,$,#7303,#1466,$,$,$,$);
#7306=IFCRELASSOCIATESMATERIAL('2wMd_FOaj1_w0WZ6CBBGz2',#3,$,$,(#7303),#7308);
#7307=IFCPRODUCTDEFINITIONSHAPE($,$,(#7309));
#7308=IFCMATERIALPROFILESETUSAGE(#7310,10,$);
#7309=IFCTOPOLOGYREPRESENTATION(#99,$,'Edge',(#7311));
#7310=IFCMATERIALPROFILESET($,$,(#7312),$);
#7311=IFCEDGE(#1464,#1469);
#7312=IFCMATERIALPROFILE($,$,#1704,#2644,$,$);
#7313=IFCSTRUCTURALCURVEMEMBER('1Wd2ZkGVj5tvKv_auTHtD0',#95,'631',$,$,$,#7317,.RIGID_JOINED_MEMBER.,#1680);
#7314=IFCRELCONNECTSSTRUCTURALMEMBER('3XZXyTFcP4VvsuFMyXwQ5C',#3,$,$,#7313,#1466,$,$,$,$);
#7315=IFCRELCONNECTSSTRUCTURALMEMBER('1Ij0Q2w6r7Ng69tYp4MItM',#3,$,$,#7313,#1471,$,$,$,$);
#7316=IFCRELASSOCIATESMATERIAL('3SIrTrKTv1AAV77WekUeDr',#3,$,$,(#7313),#7318);
#7317=IFCPRODUCTDEFINITIONSHAPE($,$,(#7319));
#7318=IFCMATERIALPROFILESETUSAGE(#7320,10,$);
#7319=IFCTOPOLOGYREPRESENTATION(#99,$,'Edge',(#7321));
#7320=IFCMATERIALPROFILESET($,$,(#7322),$);
#7321=IFCEDGE(#1469,#1474);
#7322=IFCMATERIALPROFILE($,$,#1704,#2644,$,$);
#7323=IFCSTRUCTURALCURVEMEMBER('1jtJNZh3T19x06yujMQZWK',#95,'632',$,$,$,#7327,.RIGID_JOINED_MEMBER.,#1680);
#7324=IFCRELCONNECTSSTRUCTURALMEMBER('3K1cJFtpLDJ87GirMYnUs3',#3,$,$,#7323,#1471,$,$,$,$);
#7325=IFCRELCONNECTSSTRUCTURALMEMBER('1zoGxmz0D3KgTs9TgOuFw5',#3,$,$,#7323,#1476,$,$,$,$);
#7326=IFCRELASSOCIATESMATERIAL('3LetF9Hxz3SvlzlHr9QrQM',#3,$,$,(#7323),#7328);
#7327=IFCPRODUCTDEFINITIONSHAPE($,$,(#7329));
#7328=IFCMATERIALPROFILESETUSAGE(#7330,10,$);
#7329=IFCTOPOLOGYREPRESENTATION(#99,$,'Edge',(#7331));
#7330=IFCMATERIALPROFILESET($,$,(#7332),$);
#7331=IFCEDGE(#1474,#1479);
#7332=IFCMATERIALPROFILE($,$,#1704,#2644,$,$);
#7333=IFCSTRUCTURALCURVEMEMBER('0_G3Lc3Y9CYerJ9cKb8F1X',#95,'633',$,$,$,#7337,.RIGID_JOINED_MEMBER.,#1680);
#7334=IFCRELCONNECTSSTRUCTURALMEMBER('2lFl4nc55679kJom3bYLwJ',#3,$,$,#7333,#1476,#7079,$,$,$);
#7335=IFCRELCONNECTSSTRUCTURALMEMBER('37hvODnJf82A0XGO6m37sl',#3,$,$,#7333,#1354,#1681,$,$,$);
#7336=IFCRELASSOCIATESMATERIAL('3WJ1zCylz98xeluQpYB8ky',#3,$,$,(#7333),#7338);
#7337=IFCPRODUCTDEFINITIONSHAPE($,$,(#7339));
#7338=IFCMATERIALPROFILESETUSAGE(#7340,10,$);
#7339=IFCTOPOLOGYREPRESENTATION(#99,$,'Edge',(#7341));
#7340=IFCMATERIALPROFILESET($,$,(#7342),$);
#7341=IFCEDGE(#1479,#1357);
#7342=IFCMATERIALPROFILE($,$,#1704,#2644,$,$);
#7343=IFCSTRUCTURALCURVEMEMBER('3JkRvMNwP0zAK$5kbRecPN',#95,'634',$,$,$,#7347,.RIGID_JOINED_MEMBER.,#1680);
#7344=IFCRELCONNECTSSTRUCTURALMEMBER('3wZV5OkUnAc90rE7YojH$q',#3,$,$,#7343,#1344,#7079,$,$,$);
#7345=IFCRELCONNECTSSTRUCTURALMEMBER('2B9P8bAPn9jASlbbjfvBuT',#3,$,$,#7343,#1481,#1681,$,$,$);
#7346=IFCRELASSOCIATESMATERIAL('2btubdQY5A0BogDvyp11ms',#3,$,$,(#7343),#7348);
#7347=IFCPRODUCTDEFINITIONSHAPE($,$,(#7349));
#7348=IFCMATERIALPROFILESETUSAGE(#7350,10,$);
#7349=IFCTOPOLOGYREPRESENTATION(#99,$,'Edge',(#7351));
#7350=IFCMATERIALPROFILESET($,$,(#7352),$);
#7351=IFCEDGE(#1347,#1484);
#7352=IFCMATERIALPROFILE($,$,#1704,#2644,$,$);
#7353=IFCSTRUCTURALCURVEMEMBER('0Twt28n0b1O8nYbusKqIcw',#95,'635',$,$,$,#7357,.RIGID_JOINED_MEMBER.,#1680);
#7354=IFCRELCONNECTSSTRUCTURALMEMBER('2wOiB8k9L2oQKK17CodZIn',#3,$,$,#7353,#1481,$,$,$,$);
#7355=IFCRELCONNECTSSTRUCTURALMEMBER('1j_hVNgiT5F9HCQs4O1Uhw',#3,$,$,#7353,#1486,$,$,$,$);
#7356=IFCRELASSOCIATESMATERIAL('1MlcUqs3T3J9$kkWAo4oJB',#3,$,$,(#7353),#7358);
#7357=IFCPRODUCTDEFINITIONSHAPE($,$,(#7359));
#7358=IFCMATERIALPROFILESETUSAGE(#7360,10,$);
#7359=IFCTOPOLOGYREPRESENTATION(#99,$,'Edge',(#7361));
#7360=IFCMATERIALPROFILESET($,$,(#7362),$);
#7361=IFCEDGE(#1484,#1489);
#7362=IFCMATERIALPROFILE($,$,#1704,#2644,$,$);
#7363=IFCSTRUCTURALCURVEMEMBER('101DPGX95DleLcn0x72iBL',#95,'636',$,$,$,#7367,.RIGID_JOINED_MEMBER.,#1680);
#7364=IFCRELCONNECTSSTRUCTURALMEMBER('1HTE5b8cvEMucQhNplVQXT',#3,$,$,#7363,#1486,$,$,$,$);
#7365=IFCRELCONNECTSSTRUCTURALMEMBER('3ML0qe1ef2Mwy04Zgo5pso',#3,$,$,#7363,#1491,$,$,$,$);
#7366=IFCRELASSOCIATESMATERIAL('1MKO78GY59yQXhkW19b8VK',#3,$,$,(#7363),#7368);
#7367=IFCPRODUCTDEFINITIONSHAPE($,$,(#7369));
#7368=IFCMATERIALPROFILESETUSAGE(#7370,10,$);
#7369=IFCTOPOLOGYREPRESENTATION(#99,$,'Edge',(#7371));
#7370=IFCMATERIALPROFILESET($,$,(#7372),$);
#7371=IFCEDGE(#1489,#1494);
#7372=IFCMATERIALPROFILE($,$,#1704,#2644,$,$);
#7373=IFCSTRUCTURALCURVEMEMBER('3$b9F2DZn6VPhXKdcGgED5',#95,'637',$,$,$,#7377,.RIGID_JOINED_MEMBER.,#1680);
#7374=IFCRELCONNECTSSTRUCTURALMEMBER('2JsTSm_v14ovX4W2Hfmqi9',#3,$,$,#7373,#1491,$,$,$,$);
#7375=IFCRELCONNECTSSTRUCTURALMEMBER('3zjsc6MnPB4O91awatciX2',#3,$,$,#7373,#1496,$,$,$,$);
#7376=IFCRELASSOCIATESMATERIAL('3dQNO$Ttn3V88WUiJAYGF5',#3,$,$,(#7373),#7378);
#7377=IFCPRODUCTDEFINITIONSHAPE($,$,(#7379));
#7378=IFCMATERIALPROFILESETUSAGE(#7380,10,$);
#7379=IFCTOPOLOGYREPRESENTATION(#99,$,'Edge',(#7381));
#7380=IFCMATERIALPROFILESET($,$,(#7382),$);
#7381=IFCEDGE(#1494,#1499);
#7382=IFCMATERIALPROFILE($,$,#1704,#2644,$,$);
#7383=IFCSTRUCTURALCURVEMEMBER('3eCGIZbIjFNPtwMNrHLhar',#95,'638',$,$,$,#7387,.RIGID_JOINED_MEMBER.,#1680);
#7384=IFCRELCONNECTSSTRUCTURALMEMBER('1u_BBdOez7tRy3PPQgcKwI',#3,$,$,#7383,#1496,$,$,$,$);
#7385=IFCRELCONNECTSSTRUCTURALMEMBER('0utYiDM71AEu1Drt_265XS',#3,$,$,#7383,#1501,$,$,$,$);
#7386=IFCRELASSOCIATESMATERIAL('1t7Wz6dR96yuDPlJWxuKWS',#3,$,$,(#7383),#7388);
#7387=IFCPRODUCTDEFINITIONSHAPE($,$,(#7389));
#7388=IFCMATERIALPROFILESETUSAGE(#7390,10,$);
#7389=IFCTOPOLOGYREPRESENTATION(#99,$,'Edge',(#7391));
#7390=IFCMATERIALPROFILESET($,$,(#7392),$);
#7391=IFCEDGE(#1499,#1504);
#7392=IFCMATERIALPROFILE($,$,#1704,#2644,$,$);
#7393=IFCSTRUCTURALCURVEMEMBER('2D3qJZZSH0bxtByiNU6QMB',#95,'639',$,$,$,#7397,.RIGID_JOINED_MEMBER.,#1680);
#7394=IFCRELCONNECTSSTRUCTURALMEMBER('0eZSx0rOH3rwDMcDxfWrs6',#3,$,$,#7393,#1501,#7079,$,$,$);
#7395=IFCRELCONNECTSSTRUCTURALMEMBER('1xp7xBBkv1n8f6tphk90ZX',#3,$,$,#7393,#1349,#1681,$,$,$);
#7396=IFCRELASSOCIATESMATERIAL('3QQ2oANz9AFPWwp1NZkzir',#3,$,$,(#7393),#7398);
#7397=IFCPRODUCTDEFINITIONSHAPE($,$,(#7399));
#7398=IFCMATERIALPROFILESETUSAGE(#7400,10,$);
#7399=IFCTOPOLOGYREPRESENTATION(#99,$,'Edge',(#7401));
#7400=IFCMATERIALPROFILESET($,$,(#7402),$);
#7401=IFCEDGE(#1504,#1352);
#7402=IFCMATERIALPROFILE($,$,#1704,#2644,$,$);
#7403=IFCSTRUCTURALCURVEMEMBER('3teuHABvn0KBX0u8D4fwBN',#95,'660',$,$,$,#7407,.RIGID_JOINED_MEMBER.,#7408);
#7404=IFCRELCONNECTSSTRUCTURALMEMBER('2MoTc3liT8Yf_0VSbIbmMS',#3,$,$,#7403,#1359,#97,$,$,$);
#7405=IFCRELCONNECTSSTRUCTURALMEMBER('2C2kTzF0j9hOVgVOEAJlbE',#3,$,$,#7403,#1339,#1681,$,$,$);
#7406=IFCRELASSOCIATESMATERIAL('0PAEQgEu5AtR9TnrDooBFT',#3,$,$,(#7403),#7409);
#7407=IFCPRODUCTDEFINITIONSHAPE($,$,(#7410));
#7408=IFCDIRECTION((1.0000000E+000,0.0000000E+000,0.0000000E+000));
#7409=IFCMATERIALPROFILESETUSAGE(#7411,10,$);
#7410=IFCTOPOLOGYREPRESENTATION(#99,$,'Edge',(#7412));
#7411=IFCMATERIALPROFILESET($,$,(#7413),$);
#7412=IFCEDGE(#1362,#1342);
#7413=IFCMATERIALPROFILE($,$,#1704,#1696,$,$);
#7414=IFCSTRUCTURALCURVEMEMBER('24ZIs2SlzFqOHrIFfGeJbM',#95,'661',$,$,$,#7418,.RIGID_JOINED_MEMBER.,#7408);
#7415=IFCRELCONNECTSSTRUCTURALMEMBER('38SbTQsN503vVhAol_2i6A',#3,$,$,#7414,#1364,#97,$,$,$);
#7416=IFCRELCONNECTSSTRUCTURALMEMBER('2OF0Jiaz5Dxgf4nPs96SWy',#3,$,$,#7414,#1344,#1681,$,$,$);
#7417=IFCRELASSOCIATESMATERIAL('0LfZ0CSHHANv43T_gDFzdD',#3,$,$,(#7414),#7419);
#7418=IFCPRODUCTDEFINITIONSHAPE($,$,(#7420));
#7419=IFCMATERIALPROFILESETUSAGE(#7421,10,$);
#7420=IFCTOPOLOGYREPRESENTATION(#99,$,'Edge',(#7422));
#7421=IFCMATERIALPROFILESET($,$,(#7423),$);
#7422=IFCEDGE(#1367,#1347);
#7423=IFCMATERIALPROFILE($,$,#1704,#1696,$,$);
#7424=IFCSTRUCTURALCURVEMEMBER('0BIlt$DTrBTOke76oFEBV_',#95,'662',$,$,$,#7428,.RIGID_JOINED_MEMBER.,#7408);
#7425=IFCRELCONNECTSSTRUCTURALMEMBER('28fuka4U1FmPOLHcLLG11i',#3,$,$,#7424,#1369,#97,$,$,$);
#7426=IFCRELCONNECTSSTRUCTURALMEMBER('35NxrPuy54txKjcejFtCxy',#3,$,$,#7424,#1456,#1681,$,$,$);
#7427=IFCRELASSOCIATESMATERIAL('22QNQrVs5DxfeRgRig4s$a',#3,$,$,(#7424),#7429);
#7428=IFCPRODUCTDEFINITIONSHAPE($,$,(#7430));
#7429=IFCMATERIALPROFILESETUSAGE(#7431,10,$);
#7430=IFCTOPOLOGYREPRESENTATION(#99,$,'Edge',(#7432));
#7431=IFCMATERIALPROFILESET($,$,(#7433),$);
#7432=IFCEDGE(#1381,#1459);
#7433=IFCMATERIALPROFILE($,$,#1704,#1696,$,$);
#7434=IFCSTRUCTURALCURVEMEMBER('2W_sbbH1LD_ewzgETxY0j1',#95,'663',$,$,$,#7438,.RIGID_JOINED_MEMBER.,#7408);
#7435=IFCRELCONNECTSSTRUCTURALMEMBER('3XfMCdz9T5pR8stA_C2mUo',#3,$,$,#7434,#1383,#97,$,$,$);
#7436=IFCRELCONNECTSSTRUCTURALMEMBER('07wL51$r9EP8ltkI9gmaWu',#3,$,$,#7434,#1481,#1681,$,$,$);
#7437=IFCRELASSOCIATESMATERIAL('2Px4xFJ$96ax_LGCnvncHB',#3,$,$,(#7434),#7439);
#7438=IFCPRODUCTDEFINITIONSHAPE($,$,(#7440));
#7439=IFCMATERIALPROFILESETUSAGE(#7441,10,$);
#7440=IFCTOPOLOGYREPRESENTATION(#99,$,'Edge',(#7442));
#7441=IFCMATERIALPROFILESET($,$,(#7443),$);
#7442=IFCEDGE(#1386,#1484);
#7443=IFCMATERIALPROFILE($,$,#1704,#1696,$,$);
#7444=IFCSTRUCTURALCURVEMEMBER('0_ZKWSTzj68O0x01pM4N93',#95,'665',$,$,$,#7448,.RIGID_JOINED_MEMBER.,#7408);
#7445=IFCRELCONNECTSSTRUCTURALMEMBER('08amHVUIDEBB8RWMMbwdup',#3,$,$,#7444,#1393,#97,$,$,$);
#7446=IFCRELCONNECTSSTRUCTURALMEMBER('2jqpVjkoj3dRmMVO$CZ$uD',#3,$,$,#7444,#1486,#1681,$,$,$);
#7447=IFCRELASSOCIATESMATERIAL('0Un4ZZkRP8zRw6Z_rQiERn',#3,$,$,(#7444),#7449);
#7448=IFCPRODUCTDEFINITIONSHAPE($,$,(#7450));
#7449=IFCMATERIALPROFILESETUSAGE(#7451,10,$);
#7450=IFCTOPOLOGYREPRESENTATION(#99,$,'Edge',(#7452));
#7451=IFCMATERIALPROFILESET($,$,(#7453),$);
#7452=IFCEDGE(#1396,#1489);
#7453=IFCMATERIALPROFILE($,$,#1704,#1696,$,$);
#7454=IFCSTRUCTURALCURVEMEMBER('2hzjL0tlr7rhPOzKFu8pJp',#95,'666',$,$,$,#7458,.RIGID_JOINED_MEMBER.,#7408);
#7455=IFCRELCONNECTSSTRUCTURALMEMBER('3uoSChWVv98gk_DiAR63Fc',#3,$,$,#7454,#1398,#97,$,$,$);
#7456=IFCRELCONNECTSSTRUCTURALMEMBER('1ui3kzPdfDTeIJYG0KJJkf',#3,$,$,#7454,#1466,#1681,$,$,$);
#7457=IFCRELASSOCIATESMATERIAL('1SKZh$jxz8oxWtROsAQnL3',#3,$,$,(#7454),#7459);
#7458=IFCPRODUCTDEFINITIONSHAPE($,$,(#7460));
#7459=IFCMATERIALPROFILESETUSAGE(#7461,10,$);
#7460=IFCTOPOLOGYREPRESENTATION(#99,$,'Edge',(#7462));
#7461=IFCMATERIALPROFILESET($,$,(#7463),$);
#7462=IFCEDGE(#1410,#1469);
#7463=IFCMATERIALPROFILE($,$,#1704,#1696,$,$);
#7464=IFCSTRUCTURALCURVEMEMBER('2_JuuFiVzCHAlRioI1Duty',#95,'667',$,$,$,#7468,.RIGID_JOINED_MEMBER.,#7408);
#7465=IFCRELCONNECTSSTRUCTURALMEMBER('1fTsLqgqX8L9t3awNRwVvh',#3,$,$,#7464,#1412,#97,$,$,$);
#7466=IFCRELCONNECTSSTRUCTURALMEMBER('1xcqbS3CX7zxkDbpLzWxYt',#3,$,$,#7464,#1491,#1681,$,$,$);
#7467=IFCRELASSOCIATESMATERIAL('3pbDtgonv4Swly3Rwpyy4n',#3,$,$,(#7464),#7469);
#7468=IFCPRODUCTDEFINITIONSHAPE($,$,(#7470));
#7469=IFCMATERIALPROFILESETUSAGE(#7471,10,$);
#7470=IFCTOPOLOGYREPRESENTATION(#99,$,'Edge',(#7472));
#7471=IFCMATERIALPROFILESET($,$,(#7473),$);
#7472=IFCEDGE(#1415,#1494);
#7473=IFCMATERIALPROFILE($,$,#1704,#1696,$,$);
#7474=IFCSTRUCTURALCURVEMEMBER('1IgZUQHc91Dx_zDN6h5uWg',#95,'668',$,$,$,#7478,.RIGID_JOINED_MEMBER.,#7408);
#7475=IFCRELCONNECTSSTRUCTURALMEMBER('0B9vGT5SP7rfxWsmud5$J2',#3,$,$,#7474,#1417,#97,$,$,$);
#7476=IFCRELCONNECTSSTRUCTURALMEMBER('2T0sOkBbf4oQLevTcu11j9',#3,$,$,#7474,#1471,#1681,$,$,$);
#7477=IFCRELASSOCIATESMATERIAL('1fO491k2zAWfhQIZN$Vako',#3,$,$,(#7474),#7479);
#7478=IFCPRODUCTDEFINITIONSHAPE($,$,(#7480));
#7479=IFCMATERIALPROFILESETUSAGE(#7481,10,$);
#7480=IFCTOPOLOGYREPRESENTATION(#99,$,'Edge',(#7482));
#7481=IFCMATERIALPROFILESET($,$,(#7483),$);
#7482=IFCEDGE(#1420,#1474);
#7483=IFCMATERIALPROFILE($,$,#1704,#1696,$,$);
#7484=IFCSTRUCTURALCURVEMEMBER('1gs3z64NbARvWDsN7tgUtx',#95,'669',$,$,$,#7488,.RIGID_JOINED_MEMBER.,#7408);
#7485=IFCRELCONNECTSSTRUCTURALMEMBER('2d2JwhHRH9MhRp9BZdACyt',#3,$,$,#7484,#1422,#97,$,$,$);
#7486=IFCRELCONNECTSSTRUCTURALMEMBER('2K6Jqbbsz0ZgEBwFg7BGj3',#3,$,$,#7484,#1496,#1681,$,$,$);
#7487=IFCRELASSOCIATESMATERIAL('0yIgV0FljB_gKt4AJMJRPh',#3,$,$,(#7484),#7489);
#7488=IFCPRODUCTDEFINITIONSHAPE($,$,(#7490));
#7489=IFCMATERIALPROFILESETUSAGE(#7491,10,$);
#7490=IFCTOPOLOGYREPRESENTATION(#99,$,'Edge',(#7492));
#7491=IFCMATERIALPROFILESET($,$,(#7493),$);
#7492=IFCEDGE(#1425,#1499);
#7493=IFCMATERIALPROFILE($,$,#1704,#1696,$,$);
#7494=IFCSTRUCTURALCURVEMEMBER('3dTrem64P5ix9xSusuqmy5',#95,'670',$,$,$,#7498,.RIGID_JOINED_MEMBER.,#7408);
#7495=IFCRELCONNECTSSTRUCTURALMEMBER('082H49tFfCoQA7cdYL6bUO',#3,$,$,#7494,#1427,#97,$,$,$);
#7496=IFCRELCONNECTSSTRUCTURALMEMBER('2k7EWrrxL4RQY8UYvsRCYI',#3,$,$,#7494,#1476,#1681,$,$,$);
#7497=IFCRELASSOCIATESMATERIAL('00YjDdDpP4s8hGm_01zM57',#3,$,$,(#7494),#7499);
#7498=IFCPRODUCTDEFINITIONSHAPE($,$,(#7500));
#7499=IFCMATERIALPROFILESETUSAGE(#7501,10,$);
#7500=IFCTOPOLOGYREPRESENTATION(#99,$,'Edge',(#7502));
#7501=IFCMATERIALPROFILESET($,$,(#7503),$);
#7502=IFCEDGE(#1439,#1479);
#7503=IFCMATERIALPROFILE($,$,#1704,#1696,$,$);
#7504=IFCSTRUCTURALCURVEMEMBER('0ka$RzrUL2YuXCoXtRPso9',#95,'671',$,$,$,#7508,.RIGID_JOINED_MEMBER.,#7408);
#7505=IFCRELCONNECTSSTRUCTURALMEMBER('3knAa29ybCTPm5WmPWPCRT',#3,$,$,#7504,#1441,#97,$,$,$);
#7506=IFCRELCONNECTSSTRUCTURALMEMBER('2pFf6dUm151wTlOnmg0w5T',#3,$,$,#7504,#1501,#1681,$,$,$);
#7507=IFCRELASSOCIATESMATERIAL('3_oxVh4tn1LBNaYvwydLHe',#3,$,$,(#7504),#7509);
#7508=IFCPRODUCTDEFINITIONSHAPE($,$,(#7510));
#7509=IFCMATERIALPROFILESETUSAGE(#7511,10,$);
#7510=IFCTOPOLOGYREPRESENTATION(#99,$,'Edge',(#7512));
#7511=IFCMATERIALPROFILESET($,$,(#7513),$);
#7512=IFCEDGE(#1444,#1504);
#7513=IFCMATERIALPROFILE($,$,#1704,#1696,$,$);
#7514=IFCSTRUCTURALCURVEMEMBER('1Fiq1mttn0BxQSbEOu1rBA',#95,'672',$,$,$,#7518,.RIGID_JOINED_MEMBER.,#7408);
#7515=IFCRELCONNECTSSTRUCTURALMEMBER('1zG29HqOTCkOZFDSqFssrp',#3,$,$,#7514,#1446,#97,$,$,$);
#7516=IFCRELCONNECTSSTRUCTURALMEMBER('1rEc_AHbDBnBWDi3O1sg6U',#3,$,$,#7514,#1354,#1681,$,$,$);
#7517=IFCRELASSOCIATESMATERIAL('08o6JSgE9FyeO0gONOaWq$',#3,$,$,(#7514),#7519);
#7518=IFCPRODUCTDEFINITIONSHAPE($,$,(#7520));
#7519=IFCMATERIALPROFILESETUSAGE(#7521,10,$);
#7520=IFCTOPOLOGYREPRESENTATION(#99,$,'Edge',(#7522));
#7521=IFCMATERIALPROFILESET($,$,(#7523),$);
#7522=IFCEDGE(#1449,#1357);
#7523=IFCMATERIALPROFILE($,$,#1704,#1696,$,$);
#7524=IFCSTRUCTURALCURVEMEMBER('01qLMUP692BRVyHeLPE5PV',#95,'673',$,$,$,#7528,.RIGID_JOINED_MEMBER.,#7408);
#7525=IFCRELCONNECTSSTRUCTURALMEMBER('2v5QVIKVn6oBAXowNcULwu',#3,$,$,#7524,#1451,#97,$,$,$);
#7526=IFCRELCONNECTSSTRUCTURALMEMBER('3n2ta2Ttv9kvqpjrEIOu5U',#3,$,$,#7524,#1349,#1681,$,$,$);
#7527=IFCRELASSOCIATESMATERIAL('2IFnWw9$f1DRAydI9a82dk',#3,$,$,(#7524),#7529);
#7528=IFCPRODUCTDEFINITIONSHAPE($,$,(#7530));
#7529=IFCMATERIALPROFILESETUSAGE(#7531,10,$);
#7530=IFCTOPOLOGYREPRESENTATION(#99,$,'Edge',(#7532));
#7531=IFCMATERIALPROFILESET($,$,(#7533),$);
#7532=IFCEDGE(#1454,#1352);
#7533=IFCMATERIALPROFILE($,$,#1704,#1696,$,$);
#7534=IFCSTRUCTURALCURVEMEMBER('1nhnhvAgDEFQ$Ua4F7FEKK',#95,'674',$,$,$,#7538,.RIGID_JOINED_MEMBER.,#1680);
#7535=IFCRELCONNECTSSTRUCTURALMEMBER('1Wkq39ugH1VeZ7STy9agwV',#3,$,$,#7534,#1364,#97,$,$,$);
#7536=IFCRELCONNECTSSTRUCTURALMEMBER('150Hbh_HD5lA9S0IijsHvO',#3,$,$,#7534,#1359,#1681,$,$,$);
#7537=IFCRELASSOCIATESMATERIAL('3pRik_ZfbFy8uWNzi4IwHz',#3,$,$,(#7534),#7539);
#7538=IFCPRODUCTDEFINITIONSHAPE($,$,(#7540));
#7539=IFCMATERIALPROFILESETUSAGE(#7541,10,$);
#7540=IFCTOPOLOGYREPRESENTATION(#99,$,'Edge',(#7542));
#7541=IFCMATERIALPROFILESET($,$,(#7543),$);
#7542=IFCEDGE(#1367,#1362);
#7543=IFCMATERIALPROFILE($,$,#1704,#1696,$,$);
#7544=IFCSTRUCTURALCURVEMEMBER('0HAuvKojj3ZP0oAK0$OVeW',#95,'675',$,$,$,#7548,.RIGID_JOINED_MEMBER.,#1680);
#7545=IFCRELCONNECTSSTRUCTURALMEMBER('0OIeatLxf5jQ0QY4oQaDQc',#3,$,$,#7544,#1383,#97,$,$,$);
#7546=IFCRELCONNECTSSTRUCTURALMEMBER('2CD_zlD819Bhwc5YnfqJZe',#3,$,$,#7544,#1369,#1681,$,$,$);
#7547=IFCRELASSOCIATESMATERIAL('3Ee4YFabX7lPJ0S7LQC8c$',#3,$,$,(#7544),#7549);
#7548=IFCPRODUCTDEFINITIONSHAPE($,$,(#7550));
#7549=IFCMATERIALPROFILESETUSAGE(#7551,10,$);
#7550=IFCTOPOLOGYREPRESENTATION(#99,$,'Edge',(#7552));
#7551=IFCMATERIALPROFILESET($,$,(#7553),$);
#7552=IFCEDGE(#1386,#1381);
#7553=IFCMATERIALPROFILE($,$,#1704,#1696,$,$);
#7554=IFCSTRUCTURALCURVEMEMBER('0tKxVTErbDWwoXIKPW7LiV',#95,'676',$,$,$,#7558,.RIGID_JOINED_MEMBER.,#1680);
#7555=IFCRELCONNECTSSTRUCTURALMEMBER('2_GqESTHLCGux0838vymMP',#3,$,$,#7554,#1481,#97,$,$,$);
#7556=IFCRELCONNECTSSTRUCTURALMEMBER('20cyJuBJv7wgxMNw_r0MdP',#3,$,$,#7554,#1456,#1681,$,$,$);
#7557=IFCRELASSOCIATESMATERIAL('01VIoPd0f9SwN$gGcEls8t',#3,$,$,(#7554),#7559);
#7558=IFCPRODUCTDEFINITIONSHAPE($,$,(#7560));
#7559=IFCMATERIALPROFILESETUSAGE(#7561,10,$);
#7560=IFCTOPOLOGYREPRESENTATION(#99,$,'Edge',(#7562));
#7561=IFCMATERIALPROFILESET($,$,(#7563),$);
#7562=IFCEDGE(#1484,#1459);
#7563=IFCMATERIALPROFILE($,$,#1704,#1696,$,$);
#7564=IFCSTRUCTURALCURVEMEMBER('3VJgnOsav17wu$KnVLfR81',#95,'677',$,$,$,#7569,.RIGID_JOINED_MEMBER.,#1680);
#7565=IFCRELCONNECTSSTRUCTURALMEMBER('16Wn5Xp0v5fA5BBkkRnbYN',#3,$,$,#7564,#1393,#97,$,$,$);
#7566=IFCRELCONNECTSSTRUCTURALMEMBER('3gK_BiciP6T8jWz$S1XVRz',#3,$,$,#7564,#1388,#1681,$,$,$);
#7567=IFCRELASSOCIATESMATERIAL('3h0voZuFz4YQXwdNz7w99L',#3,$,$,(#7564),#7570);
#7568=IFCRELCONNECTSSTRUCTURALACTIVITY('02iia03S524xeYtEtZS6TM',#3,$,$,#7564,#7571);
#7569=IFCPRODUCTDEFINITIONSHAPE($,$,(#7572));
#7570=IFCMATERIALPROFILESETUSAGE(#7573,10,$);
#7571=IFCSTRUCTURALPOINTACTION('3hwIuCfyf1ku4nl1vKqX06',#3,$,$,$,$,#7574,#7575,.GLOBAL_COORDS.,$);
#7572=IFCTOPOLOGYREPRESENTATION(#99,$,'Edge',(#7576));
#7573=IFCMATERIALPROFILESET($,$,(#7577),$);
#7574=IFCPRODUCTDEFINITIONSHAPE($,$,(#7578));
#7575=IFCSTRUCTURALLOADSINGLEFORCE($,$,$,-1.5000000E+000,$,$,$);
#7576=IFCEDGE(#1396,#1391);
#7577=IFCMATERIALPROFILE($,$,#1704,#1696,$,$);
#7578=IFCTOPOLOGYREPRESENTATION(#99,$,'Vertex',(#7579));
#7579=IFCVERTEXPOINT(#7580);
#7580=IFCCARTESIANPOINT((4.4500000E+000,7.0000000E-001,1.4850000E+001));
#7581=IFCSTRUCTURALCURVEMEMBER('3clEfUWVXBzPct5o9jR2Bl',#95,'678',$,$,$,#7585,.RIGID_JOINED_MEMBER.,#1680);
#7582=IFCRELCONNECTSSTRUCTURALMEMBER('38G9IQkFn1JBvHaZG844mc',#3,$,$,#7581,#1486,#97,$,$,$);
#7583=IFCRELCONNECTSSTRUCTURALMEMBER('1C2fW0oMTA$OmsddRqTD5H',#3,$,$,#7581,#1461,#1681,$,$,$);
#7584=IFCRELASSOCIATESMATERIAL('2jvP2Ba_L5wxeI11PAfyOj',#3,$,$,(#7581),#7586);
#7585=IFCPRODUCTDEFINITIONSHAPE($,$,(#7587));
#7586=IFCMATERIALPROFILESETUSAGE(#7588,10,$);
#7587=IFCTOPOLOGYREPRESENTATION(#99,$,'Edge',(#7589));
#7588=IFCMATERIALPROFILESET($,$,(#7590),$);
#7589=IFCEDGE(#1489,#1464);
#7590=IFCMATERIALPROFILE($,$,#1704,#1696,$,$);
#7591=IFCSTRUCTURALCURVEMEMBER('3_m7ql3294$AwpDiIELa6p',#95,'679',$,$,$,#7595,.RIGID_JOINED_MEMBER.,#1680);
#7592=IFCRELCONNECTSSTRUCTURALMEMBER('3eUW1MLtr1Y8rDx5oy7wjN',#3,$,$,#7591,#1412,#97,$,$,$);
#7593=IFCRELCONNECTSSTRUCTURALMEMBER('1LPkZp80v8Zh0UnYSHehiU',#3,$,$,#7591,#1398,#1681,$,$,$);
#7594=IFCRELASSOCIATESMATERIAL('32vtta$552shBylPUvRLpx',#3,$,$,(#7591),#7596);
#7595=IFCPRODUCTDEFINITIONSHAPE($,$,(#7597));
#7596=IFCMATERIALPROFILESETUSAGE(#7598,10,$);
#7597=IFCTOPOLOGYREPRESENTATION(#99,$,'Edge',(#7599));
#7598=IFCMATERIALPROFILESET($,$,(#7600),$);
#7599=IFCEDGE(#1415,#1410);
#7600=IFCMATERIALPROFILE($,$,#1704,#1696,$,$);
#7601=IFCSTRUCTURALCURVEMEMBER('1Zy1NnfE9ExhbekIbottgo',#95,'680',$,$,$,#7605,.RIGID_JOINED_MEMBER.,#1680);
#7602=IFCRELCONNECTSSTRUCTURALMEMBER('3hLJTMiYv268EHTenirDHw',#3,$,$,#7601,#1491,#97,$,$,$);
#7603=IFCRELCONNECTSSTRUCTURALMEMBER('0hs7jjXNb1RPGOHiqNgiPG',#3,$,$,#7601,#1466,#1681,$,$,$);
#7604=IFCRELASSOCIATESMATERIAL('0iq_uChk58IBuSKCI8mSlq',#3,$,$,(#7601),#7606);
#7605=IFCPRODUCTDEFINITIONSHAPE($,$,(#7607));
#7606=IFCMATERIALPROFILESETUSAGE(#7608,10,$);
#7607=IFCTOPOLOGYREPRESENTATION(#99,$,'Edge',(#7609));
#7608=IFCMATERIALPROFILESET($,$,(#7610),$);
#7609=IFCEDGE(#1494,#1469);
#7610=IFCMATERIALPROFILE($,$,#1704,#1696,$,$);
#7611=IFCSTRUCTURALCURVEMEMBER('3dWpvsT3P91eBfchgtR$kl',#95,'681',$,$,$,#7615,.RIGID_JOINED_MEMBER.,#1680);
#7612=IFCRELCONNECTSSTRUCTURALMEMBER('063LEp1m93KhcqAepZ5hY9',#3,$,$,#7611,#1422,#97,$,$,$);
#7613=IFCRELCONNECTSSTRUCTURALMEMBER('22e7c5u_X6Xw0bbcHQ$g_7',#3,$,$,#7611,#1417,#1681,$,$,$);
#7614=IFCRELASSOCIATESMATERIAL('1fKmREgN97F98_Izc2L39d',#3,$,$,(#7611),#7616);
#7615=IFCPRODUCTDEFINITIONSHAPE($,$,(#7617));
#7616=IFCMATERIALPROFILESETUSAGE(#7618,10,$);
#7617=IFCTOPOLOGYREPRESENTATION(#99,$,'Edge',(#7619));
#7618=IFCMATERIALPROFILESET($,$,(#7620),$);
#7619=IFCEDGE(#1425,#1420);
#7620=IFCMATERIALPROFILE($,$,#1704,#1696,$,$);
#7621=IFCSTRUCTURALCURVEMEMBER('2SyJ9Aie18lP7i971PCzd9',#95,'682',$,$,$,#7625,.RIGID_JOINED_MEMBER.,#1680);
#7622=IFCRELCONNECTSSTRUCTURALMEMBER('1IKwcVkgj3jgi$rCx2e_6m',#3,$,$,#7621,#1496,#97,$,$,$);
#7623=IFCRELCONNECTSSTRUCTURALMEMBER('1eFhd1pBr9rghlcIK$kkk1',#3,$,$,#7621,#1471,#1681,$,$,$);
#7624=IFCRELASSOCIATESMATERIAL('2CJM1vDQT17QJCOHtO27mI',#3,$,$,(#7621),#7626);
#7625=IFCPRODUCTDEFINITIONSHAPE($,$,(#7627));
#7626=IFCMATERIALPROFILESETUSAGE(#7628,10,$);
#7627=IFCTOPOLOGYREPRESENTATION(#99,$,'Edge',(#7629));
#7628=IFCMATERIALPROFILESET($,$,(#7630),$);
#7629=IFCEDGE(#1499,#1474);
#7630=IFCMATERIALPROFILE($,$,#1704,#1696,$,$);
#7631=IFCSTRUCTURALCURVEMEMBER('2DztSezI1DvwSmcCpzBt$_',#95,'683',$,$,$,#7635,.RIGID_JOINED_MEMBER.,#1680);
#7632=IFCRELCONNECTSSTRUCTURALMEMBER('3KnoE4afr5O8jLsl4U78wS',#3,$,$,#7631,#1441,#97,$,$,$);
#7633=IFCRELCONNECTSSTRUCTURALMEMBER('3PvunvRDj5YeEIMbt51Rfk',#3,$,$,#7631,#1427,#1681,$,$,$);
#7634=IFCRELASSOCIATESMATERIAL('2MwyVRs4z9nQ3sqlX2AQlA',#3,$,$,(#7631),#7636);
#7635=IFCPRODUCTDEFINITIONSHAPE($,$,(#7637));
#7636=IFCMATERIALPROFILESETUSAGE(#7638,10,$);
#7637=IFCTOPOLOGYREPRESENTATION(#99,$,'Edge',(#7639));
#7638=IFCMATERIALPROFILESET($,$,(#7640),$);
#7639=IFCEDGE(#1444,#1439);
#7640=IFCMATERIALPROFILE($,$,#1704,#1696,$,$);
#7641=IFCSTRUCTURALCURVEMEMBER('0fXKk0KLH6Ae5dak05wFVi',#95,'684',$,$,$,#7645,.RIGID_JOINED_MEMBER.,#1680);
#7642=IFCRELCONNECTSSTRUCTURALMEMBER('36qSgWft54_8tpxLcTjCfV',#3,$,$,#7641,#1501,#97,$,$,$);
#7643=IFCRELCONNECTSSTRUCTURALMEMBER('0OXMNOj7b218GZ6zRsTwH4',#3,$,$,#7641,#1476,#1681,$,$,$);
#7644=IFCRELASSOCIATESMATERIAL('1YPCnktpbDTQB5b9VOn1sd',#3,$,$,(#7641),#7646);
#7645=IFCPRODUCTDEFINITIONSHAPE($,$,(#7647));
#7646=IFCMATERIALPROFILESETUSAGE(#7648,10,$);
#7647=IFCTOPOLOGYREPRESENTATION(#99,$,'Edge',(#7649));
#7648=IFCMATERIALPROFILESET($,$,(#7650),$);
#7649=IFCEDGE(#1504,#1479);
#7650=IFCMATERIALPROFILE($,$,#1704,#1696,$,$);
#7651=IFCSTRUCTURALCURVEMEMBER('1rxtW8CRn3zPQCctu3WiWx',#95,'685',$,$,$,#7655,.RIGID_JOINED_MEMBER.,#7090);
#7652=IFCRELCONNECTSSTRUCTURALMEMBER('2Z7MK_H0j52w51BRKVicDl',#3,$,$,#7651,#1339,#97,$,$,$);
#7653=IFCRELCONNECTSSTRUCTURALMEMBER('24ITMs8u91cAcjdT4uSnws',#3,$,$,#7651,#1369,#1681,$,$,$);
#7654=IFCRELASSOCIATESMATERIAL('1MoT6tFKvBfu3lWOCHOE57',#3,$,$,(#7651),#7656);
#7655=IFCPRODUCTDEFINITIONSHAPE($,$,(#7657));
#7656=IFCMATERIALPROFILESETUSAGE(#7658,10,$);
#7657=IFCTOPOLOGYREPRESENTATION(#99,$,'Edge',(#7659));
#7658=IFCMATERIALPROFILESET($,$,(#7660),$);
#7659=IFCEDGE(#1342,#1381);
#7660=IFCMATERIALPROFILE($,$,#1704,#2644,$,$);
#7661=IFCSTRUCTURALCURVEMEMBER('14uH9ncxf8bBjgx7CwxGsk',#95,'686',$,$,$,#7665,.RIGID_JOINED_MEMBER.,#7408);
#7662=IFCRELCONNECTSSTRUCTURALMEMBER('1QcYISdOz8mQXZlhlfjrrN',#3,$,$,#7661,#1388,#97,$,$,$);
#7663=IFCRELCONNECTSSTRUCTURALMEMBER('18EhgNc1nExBDPvdw$yWiH',#3,$,$,#7661,#1461,#1681,$,$,$);
#7664=IFCRELASSOCIATESMATERIAL('2QNlsW1rLEkgdk87z2jNxq',#3,$,$,(#7661),#7666);
#7665=IFCPRODUCTDEFINITIONSHAPE($,$,(#7667));
#7666=IFCMATERIALPROFILESETUSAGE(#7668,10,$);
#7667=IFCTOPOLOGYREPRESENTATION(#99,$,'Edge',(#7669));
#7668=IFCMATERIALPROFILESET($,$,(#7670),$);
#7669=IFCEDGE(#1391,#1464);
#7670=IFCMATERIALPROFILE($,$,#1704,#1696,$,$);
#7671=IFCSTRUCTURALCURVEMEMBER('0K6ck3SYj9i8_ynlyCZCkH',#95,'687',$,$,$,#7676,.RIGID_JOINED_MEMBER.,#7677);
#7672=IFCRELCONNECTSSTRUCTURALMEMBER('0P$OGT$2n8aBmjk0PkT18C',#3,$,$,#7671,#1369,#97,$,$,$);
#7673=IFCRELCONNECTSSTRUCTURALMEMBER('2AuTZRzU9BA9gcwfc2uEyW',#3,$,$,#7671,#1461,#1681,$,$,$);
#7674=IFCRELASSOCIATESMATERIAL('0Xs6adZoHESxDScUwGFXbb',#3,$,$,(#7671),#7678);
#7675=IFCRELCONNECTSSTRUCTURALACTIVITY('0QBovYRpT50gl8WH$Pu_lR',#3,$,$,#7671,#7679);
#7676=IFCPRODUCTDEFINITIONSHAPE($,$,(#7680));
#7677=IFCDIRECTION((5.3905370E-001,0.0000000E+000,8.4227140E-001));
#7678=IFCMATERIALPROFILESETUSAGE(#7681,10,$);
#7679=IFCSTRUCTURALPOINTACTION('04AqNErRj4vQAsXjAUFLVD',#3,$,$,$,$,#7682,#7683,.GLOBAL_COORDS.,$);
#7680=IFCTOPOLOGYREPRESENTATION(#99,$,'Edge',(#7684));
#7681=IFCMATERIALPROFILESET($,$,(#7685),$);
#7682=IFCPRODUCTDEFINITIONSHAPE($,$,(#7686));
#7683=IFCSTRUCTURALLOADSINGLEFORCE($,$,$,-1.5000000E+000,$,$,$);
#7684=IFCEDGE(#1381,#1464);
#7685=IFCMATERIALPROFILE($,$,#1704,#2644,$,$);
#7686=IFCTOPOLOGYREPRESENTATION(#99,$,'Vertex',(#7687));
#7687=IFCVERTEXPOINT(#7688);
#7688=IFCCARTESIANPOINT((3.8250000E+000,3.0000000E-001,1.4450000E+001));
#7689=IFCSTRUCTURALCURVEMEMBER('0evY4VVLb4Sf2SZVpIxqjE',#95,'688',$,$,$,#7693,.RIGID_JOINED_MEMBER.,#7694);
#7690=IFCRELCONNECTSSTRUCTURALMEMBER('2yG9RuRxzEk833LIT6BSuE',#3,$,$,#7689,#1461,#97,$,$,$);
#7691=IFCRELCONNECTSSTRUCTURALMEMBER('00hLJb9nz9r9J6m0U1UPYL',#3,$,$,#7689,#1398,#1681,$,$,$);
#7692=IFCRELASSOCIATESMATERIAL('39ZB_cWMP1EOfhmpbQGurW',#3,$,$,(#7689),#7695);
#7693=IFCPRODUCTDEFINITIONSHAPE($,$,(#7696));
#7694=IFCDIRECTION((-5.3905370E-001,0.0000000E+000,8.4227140E-001));
#7695=IFCMATERIALPROFILESETUSAGE(#7697,10,$);
#7696=IFCTOPOLOGYREPRESENTATION(#99,$,'Edge',(#7698));
#7697=IFCMATERIALPROFILESET($,$,(#7699),$);
#7698=IFCEDGE(#1464,#1410);
#7699=IFCMATERIALPROFILE($,$,#1704,#2644,$,$);
#7700=IFCSTRUCTURALCURVEMEMBER('2g61YYhBb9hhZE1V6jp6RU',#95,'689',$,$,$,#7704,.RIGID_JOINED_MEMBER.,#7677);
#7701=IFCRELCONNECTSSTRUCTURALMEMBER('3H$JKAzin1TxZCxvquFHlp',#3,$,$,#7700,#1398,#97,$,$,$);
#7702=IFCRELCONNECTSSTRUCTURALMEMBER('3jf9RZRwzCExbRuZKUktJM',#3,$,$,#7700,#1471,#1681,$,$,$);
#7703=IFCRELASSOCIATESMATERIAL('3$oYs2fYv0H9bz5ERkpGC2',#3,$,$,(#7700),#7705);
#7704=IFCPRODUCTDEFINITIONSHAPE($,$,(#7706));
#7705=IFCMATERIALPROFILESETUSAGE(#7707,10,$);
#7706=IFCTOPOLOGYREPRESENTATION(#99,$,'Edge',(#7708));
#7707=IFCMATERIALPROFILESET($,$,(#7709),$);
#7708=IFCEDGE(#1410,#1474);
#7709=IFCMATERIALPROFILE($,$,#1704,#2644,$,$);
#7710=IFCSTRUCTURALCURVEMEMBER('2exOF2IiLCOBc$DPU4ZZaT',#95,'690',$,$,$,#7714,.RIGID_JOINED_MEMBER.,#7694);
#7711=IFCRELCONNECTSSTRUCTURALMEMBER('2R_w3q3JL1dQ3kuQOMOkZx',#3,$,$,#7710,#1471,#97,$,$,$);
#7712=IFCRELCONNECTSSTRUCTURALMEMBER('2dvLsxssj0bvG95MZIrE$8',#3,$,$,#7710,#1427,#1681,$,$,$);
#7713=IFCRELASSOCIATESMATERIAL('3i2eWO0YD3YhnFH9XnBzoO',#3,$,$,(#7710),#7715);
#7714=IFCPRODUCTDEFINITIONSHAPE($,$,(#7716));
#7715=IFCMATERIALPROFILESETUSAGE(#7717,10,$);
#7716=IFCTOPOLOGYREPRESENTATION(#99,$,'Edge',(#7718));
#7717=IFCMATERIALPROFILESET($,$,(#7719),$);
#7718=IFCEDGE(#1474,#1439);
#7719=IFCMATERIALPROFILE($,$,#1704,#2644,$,$);
#7720=IFCSTRUCTURALCURVEMEMBER('1Y$lgs_Df0VRSBN3r5WxNb',#95,'691',$,$,$,#7724,.RIGID_JOINED_MEMBER.,#7078);
#7721=IFCRELCONNECTSSTRUCTURALMEMBER('1CB30OWsnEPxofnkTPnzyD',#3,$,$,#7720,#1427,#97,$,$,$);
#7722=IFCRELCONNECTSSTRUCTURALMEMBER('2n_QdLg$v5bflYkjsDQ$jV',#3,$,$,#7720,#1354,#1681,$,$,$);
#7723=IFCRELASSOCIATESMATERIAL('0ul3QyMJT9mB5g4oRrLyzo',#3,$,$,(#7720),#7725);
#7724=IFCPRODUCTDEFINITIONSHAPE($,$,(#7726));
#7725=IFCMATERIALPROFILESETUSAGE(#7727,10,$);
#7726=IFCTOPOLOGYREPRESENTATION(#99,$,'Edge',(#7728));
#7727=IFCMATERIALPROFILESET($,$,(#7729),$);
#7728=IFCEDGE(#1439,#1357);
#7729=IFCMATERIALPROFILE($,$,#1704,#2644,$,$);
#7730=IFCSTRUCTURALCURVEMEMBER('0nrLf3gtTCfw0D9aOYRwJn',#95,'692',$,$,$,#7734,.RIGID_JOINED_MEMBER.,#7090);
#7731=IFCRELCONNECTSSTRUCTURALMEMBER('3OLUtVtSTDFRzbwe8nWKBd',#3,$,$,#7730,#1344,#97,$,$,$);
#7732=IFCRELCONNECTSSTRUCTURALMEMBER('0LfmkYVNX5bwsf4UOgc4q0',#3,$,$,#7730,#1383,#1681,$,$,$);
#7733=IFCRELASSOCIATESMATERIAL('258PfMrUr5nvH$4EAmvzOY',#3,$,$,(#7730),#7735);
#7734=IFCPRODUCTDEFINITIONSHAPE($,$,(#7736));
#7735=IFCMATERIALPROFILESETUSAGE(#7737,10,$);
#7736=IFCTOPOLOGYREPRESENTATION(#99,$,'Edge',(#7738));
#7737=IFCMATERIALPROFILESET($,$,(#7739),$);
#7738=IFCEDGE(#1347,#1386);
#7739=IFCMATERIALPROFILE($,$,#1704,#2644,$,$);
#7740=IFCSTRUCTURALCURVEMEMBER('26HIHO86z1DgnFTCZVCk$v',#95,'693',$,$,$,#7744,.RIGID_JOINED_MEMBER.,#7677);
#7741=IFCRELCONNECTSSTRUCTURALMEMBER('2T4jn8Ldj0XulrSQCbaJaQ',#3,$,$,#7740,#1383,#97,$,$,$);
#7742=IFCRELCONNECTSSTRUCTURALMEMBER('3NmC$fVQLB_9wz_DAE5A28',#3,$,$,#7740,#1486,#1681,$,$,$);
#7743=IFCRELASSOCIATESMATERIAL('1EfHe6xeDE_hzgQOSSzcCl',#3,$,$,(#7740),#7745);
#7744=IFCPRODUCTDEFINITIONSHAPE($,$,(#7746));
#7745=IFCMATERIALPROFILESETUSAGE(#7747,10,$);
#7746=IFCTOPOLOGYREPRESENTATION(#99,$,'Edge',(#7748));
#7747=IFCMATERIALPROFILESET($,$,(#7749),$);
#7748=IFCEDGE(#1386,#1489);
#7749=IFCMATERIALPROFILE($,$,#1704,#2644,$,$);
#7750=IFCSTRUCTURALCURVEMEMBER('3B175qPnTBlAi8ngWJbG5_',#95,'694',$,$,$,#7754,.RIGID_JOINED_MEMBER.,#7694);
#7751=IFCRELCONNECTSSTRUCTURALMEMBER('3_O9zVkGzAJ8XtBXTRy98N',#3,$,$,#7750,#1486,#97,$,$,$);
#7752=IFCRELCONNECTSSTRUCTURALMEMBER('0aU2BbPj5BHhEBEM6i6Ang',#3,$,$,#7750,#1412,#1681,$,$,$);
#7753=IFCRELASSOCIATESMATERIAL('2ydsYC$XX2Zvb_suqaaXLm',#3,$,$,(#7750),#7755);
#7754=IFCPRODUCTDEFINITIONSHAPE($,$,(#7756));
#7755=IFCMATERIALPROFILESETUSAGE(#7757,10,$);
#7756=IFCTOPOLOGYREPRESENTATION(#99,$,'Edge',(#7758));
#7757=IFCMATERIALPROFILESET($,$,(#7759),$);
#7758=IFCEDGE(#1489,#1415);
#7759=IFCMATERIALPROFILE($,$,#1704,#2644,$,$);
#7760=IFCSTRUCTURALCURVEMEMBER('1wfafd34P8$hrJH8$4PaOD',#95,'695',$,$,$,#7764,.RIGID_JOINED_MEMBER.,#7677);
#7761=IFCRELCONNECTSSTRUCTURALMEMBER('1gHHFBodr59hQtwudt2YGO',#3,$,$,#7760,#1412,#97,$,$,$);
#7762=IFCRELCONNECTSSTRUCTURALMEMBER('15RJjprhf0Zwf1IqJ_VApB',#3,$,$,#7760,#1496,#1681,$,$,$);
#7763=IFCRELASSOCIATESMATERIAL('20meOQX7r41e9_cC5hDN1c',#3,$,$,(#7760),#7765);
#7764=IFCPRODUCTDEFINITIONSHAPE($,$,(#7766));
#7765=IFCMATERIALPROFILESETUSAGE(#7767,10,$);
#7766=IFCTOPOLOGYREPRESENTATION(#99,$,'Edge',(#7768));
#7767=IFCMATERIALPROFILESET($,$,(#7769),$);
#7768=IFCEDGE(#1415,#1499);
#7769=IFCMATERIALPROFILE($,$,#1704,#2644,$,$);
#7770=IFCSTRUCTURALCURVEMEMBER('2vlNvlCM19yxdT3zUuqRil',#95,'696',$,$,$,#7774,.RIGID_JOINED_MEMBER.,#7694);
#7771=IFCRELCONNECTSSTRUCTURALMEMBER('2xNpc9bK5EUwXW_QDmXPjP',#3,$,$,#7770,#1496,#97,$,$,$);
#7772=IFCRELCONNECTSSTRUCTURALMEMBER('27f$YpRqL6OxOADGl6xH9a',#3,$,$,#7770,#1441,#1681,$,$,$);
#7773=IFCRELASSOCIATESMATERIAL('3Ap6iNrUv3oO_Q7E_2TrNp',#3,$,$,(#7770),#7775);
#7774=IFCPRODUCTDEFINITIONSHAPE($,$,(#7776));
#7775=IFCMATERIALPROFILESETUSAGE(#7777,10,$);
#7776=IFCTOPOLOGYREPRESENTATION(#99,$,'Edge',(#7778));
#7777=IFCMATERIALPROFILESET($,$,(#7779),$);
#7778=IFCEDGE(#1499,#1444);
#7779=IFCMATERIALPROFILE($,$,#1704,#2644,$,$);
#7780=IFCSTRUCTURALCURVEMEMBER('2BdU196av65PmvMEFQIf4p',#95,'697',$,$,$,#7784,.RIGID_JOINED_MEMBER.,#7078);
#7781=IFCRELCONNECTSSTRUCTURALMEMBER('1BJtlO2cPBCR08DyLk_FPw',#3,$,$,#7780,#1441,#97,$,$,$);
#7782=IFCRELCONNECTSSTRUCTURALMEMBER('2fCvhY8pH8$giF3Jx4amA9',#3,$,$,#7780,#1349,#1681,$,$,$);
#7783=IFCRELASSOCIATESMATERIAL('0oYS9vLQ5D4Ppw4zXU91Oh',#3,$,$,(#7780),#7785);
#7784=IFCPRODUCTDEFINITIONSHAPE($,$,(#7786));
#7785=IFCMATERIALPROFILESETUSAGE(#7787,10,$);
#7786=IFCTOPOLOGYREPRESENTATION(#99,$,'Edge',(#7788));
#7787=IFCMATERIALPROFILESET($,$,(#7789),$);
#7788=IFCEDGE(#1444,#1352);
#7789=IFCMATERIALPROFILE($,$,#1704,#2644,$,$);
#7790=IFCSTRUCTURALCURVEMEMBER('3UDWg6ktHDoeHIWzZaV2mA',#95,'698',$,$,$,#7794,.RIGID_JOINED_MEMBER.,#1680);
#7791=IFCRELCONNECTSSTRUCTURALMEMBER('19a2gnMtT78vpapXhr$Ftj',#3,$,$,#7790,#1364,#97,$,$,$);
#7792=IFCRELCONNECTSSTRUCTURALMEMBER('0eI7FzKBvBswBZFWTe_bYM',#3,$,$,#7790,#1369,#1681,$,$,$);
#7793=IFCRELASSOCIATESMATERIAL('3mdsZZV6HEzB0CdKt1X7V2',#3,$,$,(#7790),#7795);
#7794=IFCPRODUCTDEFINITIONSHAPE($,$,(#7796));
#7795=IFCMATERIALPROFILESETUSAGE(#7797,10,$);
#7796=IFCTOPOLOGYREPRESENTATION(#99,$,'Edge',(#7798));
#7797=IFCMATERIALPROFILESET($,$,(#7799),$);
#7798=IFCEDGE(#1367,#1381);
#7799=IFCMATERIALPROFILE($,$,#1704,#1696,$,$);
#7800=IFCSTRUCTURALCURVEMEMBER('2oDxNZLef6lv7lu36lHvhe',#95,'699',$,$,$,#7804,.RIGID_JOINED_MEMBER.,#1680);
#7801=IFCRELCONNECTSSTRUCTURALMEMBER('1QrX5JKPb8MwtoXH8l_u0I',#3,$,$,#7800,#1369,#97,$,$,$);
#7802=IFCRELCONNECTSSTRUCTURALMEMBER('3A6wpfc8vBkg4CdjzjTACO',#3,$,$,#7800,#1393,#1681,$,$,$);
#7803=IFCRELASSOCIATESMATERIAL('1OrNFFDq16L9aHCkjTbgLx',#3,$,$,(#7800),#7805);
#7804=IFCPRODUCTDEFINITIONSHAPE($,$,(#7806));
#7805=IFCMATERIALPROFILESETUSAGE(#7807,10,$);
#7806=IFCTOPOLOGYREPRESENTATION(#99,$,'Edge',(#7808));
#7807=IFCMATERIALPROFILESET($,$,(#7809),$);
#7808=IFCEDGE(#1381,#1396);
#7809=IFCMATERIALPROFILE($,$,#1704,#1696,$,$);
#7810=IFCSTRUCTURALCURVEMEMBER('0utsw84sT2$PSVdyXy$4Rk',#95,'700',$,$,$,#7814,.RIGID_JOINED_MEMBER.,#1680);
#7811=IFCRELCONNECTSSTRUCTURALMEMBER('1CoRtZJtj0ZeIA$9tZOxFa',#3,$,$,#7810,#1393,#97,$,$,$);
#7812=IFCRELCONNECTSSTRUCTURALMEMBER('0udYMFSVz7P9uu$EtAAki5',#3,$,$,#7810,#1398,#1681,$,$,$);
#7813=IFCRELASSOCIATESMATERIAL('3lWPhpG5P0rPjtuMBdreof',#3,$,$,(#7810),#7815);
#7814=IFCPRODUCTDEFINITIONSHAPE($,$,(#7816));
#7815=IFCMATERIALPROFILESETUSAGE(#7817,10,$);
#7816=IFCTOPOLOGYREPRESENTATION(#99,$,'Edge',(#7818));
#7817=IFCMATERIALPROFILESET($,$,(#7819),$);
#7818=IFCEDGE(#1396,#1410);
#7819=IFCMATERIALPROFILE($,$,#1704,#1696,$,$);
#7820=IFCSTRUCTURALCURVEMEMBER('0zvIbnpHr4FAz3c3HvcdaH',#95,'701',$,$,$,#7824,.RIGID_JOINED_MEMBER.,#1680);
#7821=IFCRELCONNECTSSTRUCTURALMEMBER('09$cRtzKD0uuL$wTzlE8Vy',#3,$,$,#7820,#1398,#97,$,$,$);
#7822=IFCRELCONNECTSSTRUCTURALMEMBER('2bvPZiavzDyPJYuCihVKPd',#3,$,$,#7820,#1422,#1681,$,$,$);
#7823=IFCRELASSOCIATESMATERIAL('1wHgUtJDzBTAk8i1Fwg8wh',#3,$,$,(#7820),#7825);
#7824=IFCPRODUCTDEFINITIONSHAPE($,$,(#7826));
#7825=IFCMATERIALPROFILESETUSAGE(#7827,10,$);
#7826=IFCTOPOLOGYREPRESENTATION(#99,$,'Edge',(#7828));
#7827=IFCMATERIALPROFILESET($,$,(#7829),$);
#7828=IFCEDGE(#1410,#1425);
#7829=IFCMATERIALPROFILE($,$,#1704,#1696,$,$);
#7830=IFCSTRUCTURALCURVEMEMBER('2PRTedTI92mwxOCwPlzjRX',#95,'702',$,$,$,#7834,.RIGID_JOINED_MEMBER.,#1680);
#7831=IFCRELCONNECTSSTRUCTURALMEMBER('2CuzjL2tT2KgTDpLM$piSF',#3,$,$,#7830,#1422,#97,$,$,$);
#7832=IFCRELCONNECTSSTRUCTURALMEMBER('19gYzWAvj9Zf6BUoTRdoFH',#3,$,$,#7830,#1427,#1681,$,$,$);
#7833=IFCRELASSOCIATESMATERIAL('0OqT97qI5Ed9k4FItyRjgc',#3,$,$,(#7830),#7835);
#7834=IFCPRODUCTDEFINITIONSHAPE($,$,(#7836));
#7835=IFCMATERIALPROFILESETUSAGE(#7837,10,$);
#7836=IFCTOPOLOGYREPRESENTATION(#99,$,'Edge',(#7838));
#7837=IFCMATERIALPROFILESET($,$,(#7839),$);
#7838=IFCEDGE(#1425,#1439);
#7839=IFCMATERIALPROFILE($,$,#1704,#1696,$,$);
#7840=IFCSTRUCTURALCURVEMEMBER('0_c_S49wfEpOqEShvj6Z4b',#95,'703',$,$,$,#7844,.RIGID_JOINED_MEMBER.,#1680);
#7841=IFCRELCONNECTSSTRUCTURALMEMBER('3eN0rqqRvEW9GVcsPnkrhG',#3,$,$,#7840,#1427,#97,$,$,$);
#7842=IFCRELCONNECTSSTRUCTURALMEMBER('0vlpi_bODCI9fG7Gw2u$7r',#3,$,$,#7840,#1451,#1681,$,$,$);
#7843=IFCRELASSOCIATESMATERIAL('2bhvbSrXvAmRXoonTS17a7',#3,$,$,(#7840),#7845);
#7844=IFCPRODUCTDEFINITIONSHAPE($,$,(#7846));
#7845=IFCMATERIALPROFILESETUSAGE(#7847,10,$);
#7846=IFCTOPOLOGYREPRESENTATION(#99,$,'Edge',(#7848));
#7847=IFCMATERIALPROFILESET($,$,(#7849),$);
#7848=IFCEDGE(#1439,#1454);
#7849=IFCMATERIALPROFILE($,$,#1704,#1696,$,$);
#7850=IFCSTRUCTURALCURVEMEMBER('31SA1h5193fB$Sbl51Euoz',#95,'704',$,$,$,#7854,.RIGID_JOINED_MEMBER.,#1680);
#7851=IFCRELCONNECTSSTRUCTURALMEMBER('1MKbXIazX2MQ7iJaEyFnXW',#3,$,$,#7850,#1451,#97,$,$,$);
#7852=IFCRELCONNECTSSTRUCTURALMEMBER('1sGlKUAF1CBeBn3SIat9bs',#3,$,$,#7850,#1446,#1681,$,$,$);
#7853=IFCRELASSOCIATESMATERIAL('2N8MPlu_zEsheu$ch61OtM',#3,$,$,(#7850),#7855);
#7854=IFCPRODUCTDEFINITIONSHAPE($,$,(#7856));
#7855=IFCMATERIALPROFILESETUSAGE(#7857,10,$);
#7856=IFCTOPOLOGYREPRESENTATION(#99,$,'Edge',(#7858));
#7857=IFCMATERIALPROFILESET($,$,(#7859),$);
#7858=IFCEDGE(#1454,#1449);
#7859=IFCMATERIALPROFILE($,$,#1704,#1696,$,$);
#7860=IFCSTRUCTURALCURVEMEMBER('3KT26ka7vEF9hZNgbcu0LB',#95,'705',$,$,$,#7864,.RIGID_JOINED_MEMBER.,#1680);
#7861=IFCRELCONNECTSSTRUCTURALMEMBER('0CGRIUtZ90dRUu$pBme_aT',#3,$,$,#7860,#1344,#97,$,$,$);
#7862=IFCRELCONNECTSSTRUCTURALMEMBER('2axmKNMI57HeZ_yh7cJtio',#3,$,$,#7860,#1456,#1681,$,$,$);
#7863=IFCRELASSOCIATESMATERIAL('0arSiT9N1ByeQvL7aor4kF',#3,$,$,(#7860),#7865);
#7864=IFCPRODUCTDEFINITIONSHAPE($,$,(#7866));
#7865=IFCMATERIALPROFILESETUSAGE(#7867,10,$);
#7866=IFCTOPOLOGYREPRESENTATION(#99,$,'Edge',(#7868));
#7867=IFCMATERIALPROFILESET($,$,(#7869),$);
#7868=IFCEDGE(#1347,#1459);
#7869=IFCMATERIALPROFILE($,$,#1704,#1696,$,$);
#7870=IFCSTRUCTURALCURVEMEMBER('04L0TJ_PHEPxpBXocQdQvB',#95,'706',$,$,$,#7875,.RIGID_JOINED_MEMBER.,#1680);
#7871=IFCRELCONNECTSSTRUCTURALMEMBER('1ZQc6e_Nb84gyXNmkb2fQC',#3,$,$,#7870,#1456,#97,$,$,$);
#7872=IFCRELCONNECTSSTRUCTURALMEMBER('1UWGjHMYf2_uw9Bp_s85BC',#3,$,$,#7870,#1486,#1681,$,$,$);
#7873=IFCRELASSOCIATESMATERIAL('1Eq6q2$QL5x97gHf_Fpbk0',#3,$,$,(#7870),#7876);
#7874=IFCRELCONNECTSSTRUCTURALACTIVITY('30fpFD0Fj2E9rqpoIe3_F8',#3,$,$,#7870,#7877);
#7875=IFCPRODUCTDEFINITIONSHAPE($,$,(#7878));
#7876=IFCMATERIALPROFILESETUSAGE(#7879,10,$);
#7877=IFCSTRUCTURALPOINTACTION('2Jc3ZxotHFSR9wJTc1MEOC',#3,$,$,$,$,#7880,#7881,.GLOBAL_COORDS.,$);
#7878=IFCTOPOLOGYREPRESENTATION(#99,$,'Edge',(#7882));
#7879=IFCMATERIALPROFILESET($,$,(#7883),$);
#7880=IFCPRODUCTDEFINITIONSHAPE($,$,(#7884));
#7881=IFCSTRUCTURALLOADSINGLEFORCE($,$,$,-1.5000000E+000,$,$,$);
#7882=IFCEDGE(#1459,#1489);
#7883=IFCMATERIALPROFILE($,$,#1704,#1696,$,$);
#7884=IFCTOPOLOGYREPRESENTATION(#99,$,'Vertex',(#7885));
#7885=IFCVERTEXPOINT(#7886);
#7886=IFCCARTESIANPOINT((3.8250000E+000,7.0000000E-001,1.4050000E+001));
#7887=IFCSTRUCTURALCURVEMEMBER('1X6NVxe8f6ix1FMF9GSEDj',#95,'707',$,$,$,#7891,.RIGID_JOINED_MEMBER.,#1680);
#7888=IFCRELCONNECTSSTRUCTURALMEMBER('0_s2HTloD2efGSuD9OaXpL',#3,$,$,#7887,#1486,#97,$,$,$);
#7889=IFCRELCONNECTSSTRUCTURALMEMBER('2rjGLJKU13BgKby1c$EprH',#3,$,$,#7887,#1466,#1681,$,$,$);
#7890=IFCRELASSOCIATESMATERIAL('0dWfTCs2bEggjvuuZSAHpl',#3,$,$,(#7887),#7892);
#7891=IFCPRODUCTDEFINITIONSHAPE($,$,(#7893));
#7892=IFCMATERIALPROFILESETUSAGE(#7894,10,$);
#7893=IFCTOPOLOGYREPRESENTATION(#99,$,'Edge',(#7895));
#7894=IFCMATERIALPROFILESET($,$,(#7896),$);
#7895=IFCEDGE(#1489,#1469);
#7896=IFCMATERIALPROFILE($,$,#1704,#1696,$,$);
#7897=IFCSTRUCTURALCURVEMEMBER('29X3bBxorCcg0q3YGn24ic',#95,'708',$,$,$,#7901,.RIGID_JOINED_MEMBER.,#1680);
#7898=IFCRELCONNECTSSTRUCTURALMEMBER('3I03rCzenC4AOWq2nm8SrW',#3,$,$,#7897,#1466,#97,$,$,$);
#7899=IFCRELCONNECTSSTRUCTURALMEMBER('2xxfA4eSP6HAsID9bLVI2Z',#3,$,$,#7897,#1496,#1681,$,$,$);
#7900=IFCRELASSOCIATESMATERIAL('1tMXFRi2fFBOZ0qiNsxWS_',#3,$,$,(#7897),#7902);
#7901=IFCPRODUCTDEFINITIONSHAPE($,$,(#7903));
#7902=IFCMATERIALPROFILESETUSAGE(#7904,10,$);
#7903=IFCTOPOLOGYREPRESENTATION(#99,$,'Edge',(#7905));
#7904=IFCMATERIALPROFILESET($,$,(#7906),$);
#7905=IFCEDGE(#1469,#1499);
#7906=IFCMATERIALPROFILE($,$,#1704,#1696,$,$);
#7907=IFCSTRUCTURALCURVEMEMBER('3$jSXmBWjA39drYsmK3mWa',#95,'709',$,$,$,#7911,.RIGID_JOINED_MEMBER.,#1680);
#7908=IFCRELCONNECTSSTRUCTURALMEMBER('2lmXzuW$b8mgAmCx7X8V2q',#3,$,$,#7907,#1496,#97,$,$,$);
#7909=IFCRELCONNECTSSTRUCTURALMEMBER('2a3wfqHOb8KhdQUTb6hPvM',#3,$,$,#7907,#1476,#1681,$,$,$);
#7910=IFCRELASSOCIATESMATERIAL('2ETDHtsb5FcgV69pZn9ltL',#3,$,$,(#7907),#7912);
#7911=IFCPRODUCTDEFINITIONSHAPE($,$,(#7913));
#7912=IFCMATERIALPROFILESETUSAGE(#7914,10,$);
#7913=IFCTOPOLOGYREPRESENTATION(#99,$,'Edge',(#7915));
#7914=IFCMATERIALPROFILESET($,$,(#7916),$);
#7915=IFCEDGE(#1499,#1479);
#7916=IFCMATERIALPROFILE($,$,#1704,#1696,$,$);
#7917=IFCSTRUCTURALCURVEMEMBER('23yLM_pm92eQhduUgM4pk3',#95,'710',$,$,$,#7921,.RIGID_JOINED_MEMBER.,#1680);
#7918=IFCRELCONNECTSSTRUCTURALMEMBER('17JIunudbByP$NMvwhRnEU',#3,$,$,#7917,#1476,#97,$,$,$);
#7919=IFCRELCONNECTSSTRUCTURALMEMBER('1pGskIRXDEdAO5OZuHslEj',#3,$,$,#7917,#1349,#1681,$,$,$);
#7920=IFCRELASSOCIATESMATERIAL('3VyycbuUv9rAE1fKKsHE2Z',#3,$,$,(#7917),#7922);
#7921=IFCPRODUCTDEFINITIONSHAPE($,$,(#7923));
#7922=IFCMATERIALPROFILESETUSAGE(#7924,10,$);
#7923=IFCTOPOLOGYREPRESENTATION(#99,$,'Edge',(#7925));
#7924=IFCMATERIALPROFILESET($,$,(#7926),$);
#7925=IFCEDGE(#1479,#1352);
#7926=IFCMATERIALPROFILE($,$,#1704,#1696,$,$);
#7927=IFCSTRUCTURALCURVEMEMBER('3PxQZ$I890ifg6qUU$GZAD',#95,'711',$,$,$,#7931,.RIGID_JOINED_MEMBER.,#7932);
#7928=IFCRELCONNECTSSTRUCTURALMEMBER('0ZR5K4sWrB$80aVrsKFvi9',#3,$,$,#7927,#1344,#97,$,$,$);
#7929=IFCRELCONNECTSSTRUCTURALMEMBER('2KPnO81B1BtPbW0dB_OLno',#3,$,$,#7927,#112,#1681,$,$,$);
#7930=IFCRELASSOCIATESMATERIAL('3JovK4ARXBrwVqUpidTvlB',#3,$,$,(#7927),#7933);
#7931=IFCPRODUCTDEFINITIONSHAPE($,$,(#7934));
#7932=IFCDIRECTION((4.1226497E-001,3.1410665E-001,8.5520442E-001));
#7933=IFCMATERIALPROFILESETUSAGE(#7935,10,$);
#7934=IFCTOPOLOGYREPRESENTATION(#99,$,'Edge',(#7936));
#7935=IFCMATERIALPROFILESET($,$,(#7937),$);
#7936=IFCEDGE(#1347,#115);
#7937=IFCMATERIALPROFILE($,$,#1704,#2644,$,$);
#7938=IFCSTRUCTURALCURVEMEMBER('3HCpAqrNv7AA51nfR_5uDx',#95,'712',$,$,$,#7942,.RIGID_JOINED_MEMBER.,#7943);
#7939=IFCRELCONNECTSSTRUCTURALMEMBER('2PLBakGTPCXuxAtTRAuEns',#3,$,$,#7938,#1349,#97,$,$,$);
#7940=IFCRELCONNECTSSTRUCTURALMEMBER('1IVrCT03DFvRnOTAb2w0RU',#3,$,$,#7938,#516,#1681,$,$,$);
#7941=IFCRELASSOCIATESMATERIAL('0mTNJ0FRf0jP9QhKrI3G2a',#3,$,$,(#7938),#7944);
#7942=IFCPRODUCTDEFINITIONSHAPE($,$,(#7945));
#7943=IFCDIRECTION((-4.1226497E-001,3.1410665E-001,8.5520442E-001));
#7944=IFCMATERIALPROFILESETUSAGE(#7946,10,$);
#7945=IFCTOPOLOGYREPRESENTATION(#99,$,'Edge',(#7947));
#7946=IFCMATERIALPROFILESET($,$,(#7948),$);
#7947=IFCEDGE(#1352,#519);
#7948=IFCMATERIALPROFILE($,$,#1704,#2644,$,$);
#7949=IFCSTRUCTURALCURVEMEMBER('0zGT7LOYPBkQFj1IB_D3hH',#95,'713',$,$,$,#7953,.RIGID_JOINED_MEMBER.,#1680);
#7950=IFCRELCONNECTSSTRUCTURALMEMBER('1dd$lOIXb848PHd7vDzAiw',#3,$,$,#7949,#1364,#97,$,$,$);
#7951=IFCRELCONNECTSSTRUCTURALMEMBER('2QVCxWq698VhJyPHXgAMuR',#3,$,$,#7949,#112,#1681,$,$,$);
#7952=IFCRELASSOCIATESMATERIAL('25eorOlhL8zRNhzbrLQFfl',#3,$,$,(#7949),#7954);
#7953=IFCPRODUCTDEFINITIONSHAPE($,$,(#7955));
#7954=IFCMATERIALPROFILESETUSAGE(#7956,10,$);
#7955=IFCTOPOLOGYREPRESENTATION(#99,$,'Edge',(#7957));
#7956=IFCMATERIALPROFILESET($,$,(#7958),$);
#7957=IFCEDGE(#1367,#115);
#7958=IFCMATERIALPROFILE($,$,#1704,#1696,$,$);
#7959=IFCSTRUCTURALCURVEMEMBER('0B$kltflb2w8Ye6wP_5RZ7',#95,'714',$,$,$,#7963,.RIGID_JOINED_MEMBER.,#1680);
#7960=IFCRELCONNECTSSTRUCTURALMEMBER('0XHilIG_5ESxr5YofMGQ13',#3,$,$,#7959,#1451,#97,$,$,$);
#7961=IFCRELCONNECTSSTRUCTURALMEMBER('0iTFms2wb8PvVJoH14pSID',#3,$,$,#7959,#516,#1681,$,$,$);
#7962=IFCRELASSOCIATESMATERIAL('1HgZTibQnEOwbci1wvz_Gy',#3,$,$,(#7959),#7964);
#7963=IFCPRODUCTDEFINITIONSHAPE($,$,(#7965));
#7964=IFCMATERIALPROFILESETUSAGE(#7966,10,$);
#7965=IFCTOPOLOGYREPRESENTATION(#99,$,'Edge',(#7967));
#7966=IFCMATERIALPROFILESET($,$,(#7968),$);
#7967=IFCEDGE(#1454,#519);
#7968=IFCMATERIALPROFILE($,$,#1704,#1696,$,$);
#7969=IFCSTRUCTURALCURVEMEMBER('38DHtN6Tz7mBNcLQRYGgpM',#95,'715',$,$,$,#7973,.RIGID_JOINED_MEMBER.,#1680);
#7970=IFCRELCONNECTSSTRUCTURALMEMBER('32LjNlN8n4xhgIq4KC9EI8',#3,$,$,#7969,#1359,#97,$,$,$);
#7971=IFCRELCONNECTSSTRUCTURALMEMBER('1Rtp9Xv9v4h8ZQ6Uda8NYm',#3,$,$,#7969,#122,#1681,$,$,$);
#7972=IFCRELASSOCIATESMATERIAL('2_JsPfVr5B3fe5HPA2w3RW',#3,$,$,(#7969),#7974);
#7973=IFCPRODUCTDEFINITIONSHAPE($,$,(#7975));
#7974=IFCMATERIALPROFILESETUSAGE(#7976,10,$);
#7975=IFCTOPOLOGYREPRESENTATION(#99,$,'Edge',(#7977));
#7976=IFCMATERIALPROFILESET($,$,(#7978),$);
#7977=IFCEDGE(#1362,#125);
#7978=IFCMATERIALPROFILE($,$,#1704,#1696,$,$);
#7979=IFCSTRUCTURALCURVEMEMBER('3Oqw7k8J975fn13HwbqZQR',#95,'716',$,$,$,#7983,.RIGID_JOINED_MEMBER.,#7984);
#7980=IFCRELCONNECTSSTRUCTURALMEMBER('0xrHly3Kv4Kve4MAvVJ9de',#3,$,$,#7979,#1339,#97,$,$,$);
#7981=IFCRELCONNECTSSTRUCTURALMEMBER('2jWrPX7hf9$vxS$vQ0B3jZ',#3,$,$,#7979,#122,#1681,$,$,$);
#7982=IFCRELASSOCIATESMATERIAL('1Zs7Dyy_T8aBnS0OohM1Mv',#3,$,$,(#7979),#7985);
#7983=IFCPRODUCTDEFINITIONSHAPE($,$,(#7986));
#7984=IFCDIRECTION((4.1226497E-001,-3.1410665E-001,8.5520442E-001));
#7985=IFCMATERIALPROFILESETUSAGE(#7987,10,$);
#7986=IFCTOPOLOGYREPRESENTATION(#99,$,'Edge',(#7988));
#7987=IFCMATERIALPROFILESET($,$,(#7989),$);
#7988=IFCEDGE(#1342,#125);
#7989=IFCMATERIALPROFILE($,$,#1704,#2644,$,$);
#7990=IFCSTRUCTURALCURVEMEMBER('3vUpurs4H7cAAt4XD$Ws9n',#95,'717',$,$,$,#7994,.RIGID_JOINED_MEMBER.,#7995);
#7991=IFCRELCONNECTSSTRUCTURALMEMBER('0hZNh4AJX0avqPmZPjdhRm',#3,$,$,#7990,#1354,#97,$,$,$);
#7992=IFCRELCONNECTSSTRUCTURALMEMBER('02GdimWzH2A9g41a_Rr248',#3,$,$,#7990,#546,#1681,$,$,$);
#7993=IFCRELASSOCIATESMATERIAL('1BN9d3NgT2pw7OzTBQS9M2',#3,$,$,(#7990),#7996);
#7994=IFCPRODUCTDEFINITIONSHAPE($,$,(#7997));
#7995=IFCDIRECTION((-4.1226497E-001,-3.1410665E-001,8.5520442E-001));
#7996=IFCMATERIALPROFILESETUSAGE(#7998,10,$);
#7997=IFCTOPOLOGYREPRESENTATION(#99,$,'Edge',(#7999));
#7998=IFCMATERIALPROFILESET($,$,(#8000),$);
#7999=IFCEDGE(#1357,#549);
#8000=IFCMATERIALPROFILE($,$,#1704,#2644,$,$);
#8001=IFCSTRUCTURALCURVEMEMBER('2A3knbjefFARavxm9vYqgE',#95,'718',$,$,$,#8005,.RIGID_JOINED_MEMBER.,#1680);
#8002=IFCRELCONNECTSSTRUCTURALMEMBER('25eYOs$2z0u8YOiLoGZA_4',#3,$,$,#8001,#1446,#97,$,$,$);
#8003=IFCRELCONNECTSSTRUCTURALMEMBER('1LavnWY5rBIfYLeg66V_O5',#3,$,$,#8001,#546,#1681,$,$,$);
#8004=IFCRELASSOCIATESMATERIAL('1Xmw6gplnEtuuLw_CwH$Ie',#3,$,$,(#8001),#8006);
#8005=IFCPRODUCTDEFINITIONSHAPE($,$,(#8007));
#8006=IFCMATERIALPROFILESETUSAGE(#8008,10,$);
#8007=IFCTOPOLOGYREPRESENTATION(#99,$,'Edge',(#8009));
#8008=IFCMATERIALPROFILESET($,$,(#8010),$);
#8009=IFCEDGE(#1449,#549);
#8010=IFCMATERIALPROFILE($,$,#1704,#1696,$,$);
#8011=IFCSTRUCTURALCURVEMEMBER('2jLZYQGEL6DxCI5Te7cZke',#95,'719',$,$,$,#8015,.RIGID_JOINED_MEMBER.,#1680);
#8012=IFCRELCONNECTSSTRUCTURALMEMBER('38esOrNIj278AlR9H6grAO',#3,$,$,#8011,#516,#97,$,$,$);
#8013=IFCRELCONNECTSSTRUCTURALMEMBER('2d0PIGpZrFbeKYnAMnd55l',#3,$,$,#8011,#536,#1681,$,$,$);
#8014=IFCRELASSOCIATESMATERIAL('3zfmdFTnL5TxwZAuGTSLse',#3,$,$,(#8011),#8016);
#8015=IFCPRODUCTDEFINITIONSHAPE($,$,(#8017));
#8016=IFCMATERIALPROFILESETUSAGE(#8018,10,$);
#8017=IFCTOPOLOGYREPRESENTATION(#99,$,'Edge',(#8019));
#8018=IFCMATERIALPROFILESET($,$,(#8020),$);
#8019=IFCEDGE(#519,#539);
#8020=IFCMATERIALPROFILE($,$,#1704,#1696,$,$);
#8021=IFCSTRUCTURALCURVEMEMBER('2$nH5skWb3Nh5iYDMoH2lY',#95,'720',$,$,$,#8025,.RIGID_JOINED_MEMBER.,#1680);
#8022=IFCRELCONNECTSSTRUCTURALMEMBER('3sfn98Qkz6ceaa$EiyQYrz',#3,$,$,#8021,#526,#97,$,$,$);
#8023=IFCRELCONNECTSSTRUCTURALMEMBER('1WurCBUeb5M9QjjB1m0KxR',#3,$,$,#8021,#546,#1681,$,$,$);
#8024=IFCRELASSOCIATESMATERIAL('1T2IcJQt57BxJ4AQELY$Un',#3,$,$,(#8021),#8026);
#8025=IFCPRODUCTDEFINITIONSHAPE($,$,(#8027));
#8026=IFCMATERIALPROFILESETUSAGE(#8028,10,$);
#8027=IFCTOPOLOGYREPRESENTATION(#99,$,'Edge',(#8029));
#8028=IFCMATERIALPROFILESET($,$,(#8030),$);
#8029=IFCEDGE(#529,#549);
#8030=IFCMATERIALPROFILE($,$,#1704,#1696,$,$);
#8031=IFCSTRUCTURALCURVEMEMBER('3cvQ6jT71EmwHp7YippqLh',#95,'721',$,$,$,#8035,.RIGID_JOINED_MEMBER.,#1680);
#8032=IFCRELCONNECTSSTRUCTURALMEMBER('0uTJwwaDzDZwCmGDx9ejjP',#3,$,$,#8031,#102,#97,$,$,$);
#8033=IFCRELCONNECTSSTRUCTURALMEMBER('2rrdox6L16fv_uPyxcC8DP',#3,$,$,#8031,#122,#1681,$,$,$);
#8034=IFCRELASSOCIATESMATERIAL('0fcJLtOK5BnPz5WLzf6elD',#3,$,$,(#8031),#8036);
#8035=IFCPRODUCTDEFINITIONSHAPE($,$,(#8037));
#8036=IFCMATERIALPROFILESETUSAGE(#8038,10,$);
#8037=IFCTOPOLOGYREPRESENTATION(#99,$,'Edge',(#8039));
#8038=IFCMATERIALPROFILESET($,$,(#8040),$);
#8039=IFCEDGE(#105,#125);
#8040=IFCMATERIALPROFILE($,$,#1704,#1696,$,$);
#8041=IFCSTRUCTURALCURVEMEMBER('0rt7rsAz99t8qVbtSqlyVF',#95,'722',$,$,$,#8045,.RIGID_JOINED_MEMBER.,#1680);
#8042=IFCRELCONNECTSSTRUCTURALMEMBER('1syJOXREv2HgI5GHntNpJI',#3,$,$,#8041,#112,#97,$,$,$);
#8043=IFCRELCONNECTSSTRUCTURALMEMBER('32f3TEYPD5wgprusFk87_E',#3,$,$,#8041,#132,#1681,$,$,$);
#8044=IFCRELASSOCIATESMATERIAL('2wWKZZoh53tf$8uqCYAT$_',#3,$,$,(#8041),#8046);
#8045=IFCPRODUCTDEFINITIONSHAPE($,$,(#8047));
#8046=IFCMATERIALPROFILESETUSAGE(#8048,10,$);
#8047=IFCTOPOLOGYREPRESENTATION(#99,$,'Edge',(#8049));
#8048=IFCMATERIALPROFILESET($,$,(#8050),$);
#8049=IFCEDGE(#115,#135);
#8050=IFCMATERIALPROFILE($,$,#1704,#1696,$,$);
#8051=IFCSTRUCTURALCURVEMEMBER('1BQn3DRsb1wggWAqnjK_ow',#95,'723',$,$,$,#8055,.RIGID_JOINED_MEMBER.,#1680);
#8052=IFCRELCONNECTSSTRUCTURALMEMBER('1DvIkBeE1AXwpFFpis_ZhJ',#3,$,$,#8051,#930,#97,$,$,$);
#8053=IFCRELCONNECTSSTRUCTURALMEMBER('2FBIXjv_5Ffvsa7DL7hZeS',#3,$,$,#8051,#950,#1681,$,$,$);
#8054=IFCRELASSOCIATESMATERIAL('22F_jnA1H3UfVfPB$KXjsf',#3,$,$,(#8051),#8056);
#8055=IFCPRODUCTDEFINITIONSHAPE($,$,(#8057));
#8056=IFCMATERIALPROFILESETUSAGE(#8058,10,$);
#8057=IFCTOPOLOGYREPRESENTATION(#99,$,'Edge',(#8059));
#8058=IFCMATERIALPROFILESET($,$,(#8060),$);
#8059=IFCEDGE(#933,#953);
#8060=IFCMATERIALPROFILE($,$,#1704,#1696,$,$);
#8061=IFCSTRUCTURALCURVEMEMBER('12$BSDHivDnAtkM1Dt$5Pm',#95,'724',$,$,$,#8065,.RIGID_JOINED_MEMBER.,#1680);
#8062=IFCRELCONNECTSSTRUCTURALMEMBER('0VcXnWel58IB_7h47CVfFg',#3,$,$,#8061,#940,#97,$,$,$);
#8063=IFCRELCONNECTSSTRUCTURALMEMBER('0sZUE9t3P1cvO_UpBFj8fK',#3,$,$,#8061,#960,#1681,$,$,$);
#8064=IFCRELASSOCIATESMATERIAL('26uxPBAN9BT9d6$bSqetWG',#3,$,$,(#8061),#8066);
#8065=IFCPRODUCTDEFINITIONSHAPE($,$,(#8067));
#8066=IFCMATERIALPROFILESETUSAGE(#8068,10,$);
#8067=IFCTOPOLOGYREPRESENTATION(#99,$,'Edge',(#8069));
#8068=IFCMATERIALPROFILESET($,$,(#8070),$);
#8069=IFCEDGE(#943,#963);
#8070=IFCMATERIALPROFILE($,$,#1704,#1696,$,$);
#8071=IFCSTRUCTURALCURVEMEMBER('0Zh4tw$YL9c8NBUQEe$9lo',#95,'725',$,$,$,#8075,.RIGID_JOINED_MEMBER.,#8076);
#8072=IFCRELCONNECTSSTRUCTURALMEMBER('1PHKM5J6H9OPnzsOmXmYj0',#3,$,$,#8071,#1481,#97,$,$,$);
#8073=IFCRELCONNECTSSTRUCTURALMEMBER('1xRoRz7m135uyDoN3riWq3',#3,$,$,#8071,#1369,#1681,$,$,$);
#8074=IFCRELASSOCIATESMATERIAL('3bTjvR$XH9_eQUb_RsjnJl',#3,$,$,(#8071),#8077);
#8075=IFCPRODUCTDEFINITIONSHAPE($,$,(#8078));
#8076=IFCDIRECTION((0.0000000E+000,7.0710678E-001,7.0710678E-001));
#8077=IFCMATERIALPROFILESETUSAGE(#8079,10,$);
#8078=IFCTOPOLOGYREPRESENTATION(#99,$,'Edge',(#8080));
#8079=IFCMATERIALPROFILESET($,$,(#8081),$);
#8080=IFCEDGE(#1484,#1381);
#8081=IFCMATERIALPROFILE($,$,#1704,#2644,$,$);
#8082=IFCSTRUCTURALCURVEMEMBER('23YkpPkdDAFxtiqhhqnS3W',#95,'726',$,$,$,#8086,.RIGID_JOINED_MEMBER.,#8087);
#8083=IFCRELCONNECTSSTRUCTURALMEMBER('3k7Zrzf3H3Ov0hjXuQb9xP',#3,$,$,#8082,#1456,#97,$,$,$);
#8084=IFCRELCONNECTSSTRUCTURALMEMBER('0mqL2WBnnCfPPON2_iJY50',#3,$,$,#8082,#1383,#1681,$,$,$);
#8085=IFCRELASSOCIATESMATERIAL('3q$e0$0dTFlhPtdpWr_i5t',#3,$,$,(#8082),#8088);
#8086=IFCPRODUCTDEFINITIONSHAPE($,$,(#8089));
#8087=IFCDIRECTION((0.0000000E+000,-7.0710678E-001,7.0710678E-001));
#8088=IFCMATERIALPROFILESETUSAGE(#8090,10,$);
#8089=IFCTOPOLOGYREPRESENTATION(#99,$,'Edge',(#8091));
#8090=IFCMATERIALPROFILESET($,$,(#8092),$);
#8091=IFCEDGE(#1459,#1386);
#8092=IFCMATERIALPROFILE($,$,#1704,#2644,$,$);
#8093=IFCSTRUCTURALCURVEMEMBER('3ZlPP2j2X8shhVkrm$hgOQ',#95,'727',$,$,$,#8097,.RIGID_JOINED_MEMBER.,#8087);
#8094=IFCRELCONNECTSSTRUCTURALMEMBER('2RwNHXWrz2AhSSF_7p8U_h',#3,$,$,#8093,#1466,#97,$,$,$);
#8095=IFCRELCONNECTSSTRUCTURALMEMBER('04dPVjYl13JxFkgegby3On',#3,$,$,#8093,#1412,#1681,$,$,$);
#8096=IFCRELASSOCIATESMATERIAL('3veFi_kBvCYAy6XVFPsohV',#3,$,$,(#8093),#8098);
#8097=IFCPRODUCTDEFINITIONSHAPE($,$,(#8099));
#8098=IFCMATERIALPROFILESETUSAGE(#8100,10,$);
#8099=IFCTOPOLOGYREPRESENTATION(#99,$,'Edge',(#8101));
#8100=IFCMATERIALPROFILESET($,$,(#8102),$);
#8101=IFCEDGE(#1469,#1415);
#8102=IFCMATERIALPROFILE($,$,#1704,#2644,$,$);
#8103=IFCSTRUCTURALCURVEMEMBER('3fy6uz89L7TuTBQ0VD0mnz',#95,'728',$,$,$,#8107,.RIGID_JOINED_MEMBER.,#8076);
#8104=IFCRELCONNECTSSTRUCTURALMEMBER('05Qj2iy3f1uvI0M6UHuOG$',#3,$,$,#8103,#1398,#97,$,$,$);
#8105=IFCRELCONNECTSSTRUCTURALMEMBER('179zvqgY10Sv$Y1ZtFkQoS',#3,$,$,#8103,#1491,#1681,$,$,$);
#8106=IFCRELASSOCIATESMATERIAL('2wbLJFdfz9rwPDCCOyIHWO',#3,$,$,(#8103),#8108);
#8107=IFCPRODUCTDEFINITIONSHAPE($,$,(#8109));
#8108=IFCMATERIALPROFILESETUSAGE(#8110,10,$);
#8109=IFCTOPOLOGYREPRESENTATION(#99,$,'Edge',(#8111));
#8110=IFCMATERIALPROFILESET($,$,(#8112),$);
#8111=IFCEDGE(#1410,#1494);
#8112=IFCMATERIALPROFILE($,$,#1704,#2644,$,$);
#8113=IFCSTRUCTURALCURVEMEMBER('3O9WDWOQ157Bpzrc7G$SjU',#95,'729',$,$,$,#8117,.RIGID_JOINED_MEMBER.,#8087);
#8114=IFCRELCONNECTSSTRUCTURALMEMBER('2rt$yCFX9CkgWDt9nrUprm',#3,$,$,#8113,#1476,#97,$,$,$);
#8115=IFCRELCONNECTSSTRUCTURALMEMBER('1$KlB4tczEcRmKOIMo9cn5',#3,$,$,#8113,#1441,#1681,$,$,$);
#8116=IFCRELASSOCIATESMATERIAL('2IGGcQjx56M8hULtEqrEZz',#3,$,$,(#8113),#8118);
#8117=IFCPRODUCTDEFINITIONSHAPE($,$,(#8119));
#8118=IFCMATERIALPROFILESETUSAGE(#8120,10,$);
#8119=IFCTOPOLOGYREPRESENTATION(#99,$,'Edge',(#8121));
#8120=IFCMATERIALPROFILESET($,$,(#8122),$);
#8121=IFCEDGE(#1479,#1444);
#8122=IFCMATERIALPROFILE($,$,#1704,#2644,$,$);
#8123=IFCSTRUCTURALCURVEMEMBER('2zcgUJbdDEO95scnKj4Qw4',#95,'730',$,$,$,#8127,.RIGID_JOINED_MEMBER.,#8076);
#8124=IFCRELCONNECTSSTRUCTURALMEMBER('09Tmf2dr12Quqn$CmrmLKG',#3,$,$,#8123,#1427,#97,$,$,$);
#8125=IFCRELCONNECTSSTRUCTURALMEMBER('2mEx_Yf3bAzvU6E4eQibyS',#3,$,$,#8123,#1501,#1681,$,$,$);
#8126=IFCRELASSOCIATESMATERIAL('21VnorppbE0gH7OvNsBaMa',#3,$,$,(#8123),#8128);
#8127=IFCPRODUCTDEFINITIONSHAPE($,$,(#8129));
#8128=IFCMATERIALPROFILESETUSAGE(#8130,10,$);
#8129=IFCTOPOLOGYREPRESENTATION(#99,$,'Edge',(#8131));
#8130=IFCMATERIALPROFILESET($,$,(#8132),$);
#8131=IFCEDGE(#1439,#1504);
#8132=IFCMATERIALPROFILE($,$,#1704,#2644,$,$);
#8133=IFCSTRUCTURALCURVEMEMBER('3y9vW0g7D18hsdZnYumB9n',#95,'731',$,$,$,#8137,.RIGID_JOINED_MEMBER.,#1680);
#8134=IFCRELCONNECTSSTRUCTURALMEMBER('2fip761K161QL2S2EKJhqG',#3,$,$,#8133,#1506,#97,$,$,$);
#8135=IFCRELCONNECTSSTRUCTURALMEMBER('0OPy5HKwX74xcEpUnF4gss',#3,$,$,#8133,#1511,#1681,$,$,$);
#8136=IFCRELASSOCIATESMATERIAL('1kEHMVnoL4KADEHFMlkrXR',#3,$,$,(#8133),#8138);
#8137=IFCPRODUCTDEFINITIONSHAPE($,$,(#8139));
#8138=IFCMATERIALPROFILESETUSAGE(#8140,10,$);
#8139=IFCTOPOLOGYREPRESENTATION(#99,$,'Edge',(#8141));
#8140=IFCMATERIALPROFILESET($,$,(#8142),$);
#8141=IFCEDGE(#1509,#1514);
#8142=IFCMATERIALPROFILE($,$,#1704,#2644,$,$);
#8143=IFCSTRUCTURALCURVEMEMBER('3Rl$NU4m93vQZP4Ni1zclk',#95,'732',$,$,$,#8147,.RIGID_JOINED_MEMBER.,#1680);
#8144=IFCRELCONNECTSSTRUCTURALMEMBER('3kp2BWRhL1wvmMio4dvRbs',#3,$,$,#8143,#1516,#97,$,$,$);
#8145=IFCRELCONNECTSSTRUCTURALMEMBER('11ZOXFBC1BwOCqx1giYYRH',#3,$,$,#8143,#1521,#1681,$,$,$);
#8146=IFCRELASSOCIATESMATERIAL('0HuZE_ijXBVhOhOf5y7OYF',#3,$,$,(#8143),#8148);
#8147=IFCPRODUCTDEFINITIONSHAPE($,$,(#8149));
#8148=IFCMATERIALPROFILESETUSAGE(#8150,10,$);
#8149=IFCTOPOLOGYREPRESENTATION(#99,$,'Edge',(#8151));
#8150=IFCMATERIALPROFILESET($,$,(#8152),$);
#8151=IFCEDGE(#1519,#1524);
#8152=IFCMATERIALPROFILE($,$,#1704,#2644,$,$);
#8153=IFCSTRUCTURALCURVEMEMBER('2O5hwz1o9Fc8AdL2TmjVU$',#95,'733',$,$,$,#8157,.RIGID_JOINED_MEMBER.,#7078);
#8154=IFCRELCONNECTSSTRUCTURALMEMBER('2CUgJoLRbF_AQKpBoBIFFG',#3,$,$,#8153,#526,#7079,$,$,$);
#8155=IFCRELCONNECTSSTRUCTURALMEMBER('283vdzci1DXfWlj6wt797M',#3,$,$,#8153,#1506,$,$,$,$);
#8156=IFCRELASSOCIATESMATERIAL('20ttDs4szFQAUu$nHs3ZJx',#3,$,$,(#8153),#8158);
#8157=IFCPRODUCTDEFINITIONSHAPE($,$,(#8159));
#8158=IFCMATERIALPROFILESETUSAGE(#8160,10,$);
#8159=IFCTOPOLOGYREPRESENTATION(#99,$,'Edge',(#8161));
#8160=IFCMATERIALPROFILESET($,$,(#8162),$);
#8161=IFCEDGE(#529,#1509);
#8162=IFCMATERIALPROFILE($,$,#1704,#2644,$,$);
#8163=IFCSTRUCTURALCURVEMEMBER('1SAswUSOf6KAl_kgv5j$Sz',#95,'734',$,$,$,#8167,.RIGID_JOINED_MEMBER.,#7090);
#8164=IFCRELCONNECTSSTRUCTURALMEMBER('1IODf4l7n4EQldM$zeS9Rl',#3,$,$,#8163,#1521,$,$,$,$);
#8165=IFCRELCONNECTSSTRUCTURALMEMBER('0Ex7M$yYb9vvWxO4BQALPg',#3,$,$,#8163,#930,#1681,$,$,$);
#8166=IFCRELASSOCIATESMATERIAL('0q4ug2h1PAQhLONhSxMqXN',#3,$,$,(#8163),#8168);
#8167=IFCPRODUCTDEFINITIONSHAPE($,$,(#8169));
#8168=IFCMATERIALPROFILESETUSAGE(#8170,10,$);
#8169=IFCTOPOLOGYREPRESENTATION(#99,$,'Edge',(#8171));
#8170=IFCMATERIALPROFILESET($,$,(#8172),$);
#8171=IFCEDGE(#1524,#933);
#8172=IFCMATERIALPROFILE($,$,#1704,#2644,$,$);
#8173=IFCSTRUCTURALCURVEMEMBER('2ZYy1RewD3rfu9XcgwX2EU',#95,'735',$,$,$,#8177,.RIGID_JOINED_MEMBER.,#7078);
#8174=IFCRELCONNECTSSTRUCTURALMEMBER('39xswrQtvEJvIHH24c30fu',#3,$,$,#8173,#536,#7079,$,$,$);
#8175=IFCRELCONNECTSSTRUCTURALMEMBER('3zf5aei4z7Su85Csek7H8E',#3,$,$,#8173,#1511,$,$,$,$);
#8176=IFCRELASSOCIATESMATERIAL('3e$Jnp8gv87BI0Ur7OOPKH',#3,$,$,(#8173),#8178);
#8177=IFCPRODUCTDEFINITIONSHAPE($,$,(#8179));
#8178=IFCMATERIALPROFILESETUSAGE(#8180,10,$);
#8179=IFCTOPOLOGYREPRESENTATION(#99,$,'Edge',(#8181));
#8180=IFCMATERIALPROFILESET($,$,(#8182),$);
#8181=IFCEDGE(#539,#1514);
#8182=IFCMATERIALPROFILE($,$,#1704,#2644,$,$);
#8183=IFCSTRUCTURALCURVEMEMBER('0dZBifDnPF98W3PlR7JtW4',#95,'736',$,$,$,#8187,.RIGID_JOINED_MEMBER.,#7090);
#8184=IFCRELCONNECTSSTRUCTURALMEMBER('0rWYScSwHEsu$0vQuPZ7fa',#3,$,$,#8183,#1516,$,$,$,$);
#8185=IFCRELCONNECTSSTRUCTURALMEMBER('3I$JT49G10mAtGUELznvS2',#3,$,$,#8183,#960,#1681,$,$,$);
#8186=IFCRELASSOCIATESMATERIAL('2tSG6tRd94XfMVpnMohXuE',#3,$,$,(#8183),#8188);
#8187=IFCPRODUCTDEFINITIONSHAPE($,$,(#8189));
#8188=IFCMATERIALPROFILESETUSAGE(#8190,10,$);
#8189=IFCTOPOLOGYREPRESENTATION(#99,$,'Edge',(#8191));
#8190=IFCMATERIALPROFILESET($,$,(#8192),$);
#8191=IFCEDGE(#1519,#963);
#8192=IFCMATERIALPROFILE($,$,#1704,#2644,$,$);
#8193=IFCSTRUCTURALCURVEMEMBER('2j0_NILBH1M8MunrFCu0Iz',#95,'737',$,$,$,#8197,.RIGID_JOINED_MEMBER.,#1680);
#8194=IFCRELCONNECTSSTRUCTURALMEMBER('3pXWWSRkP72elA1vDn7U6l',#3,$,$,#8193,#526,#7079,$,$,$);
#8195=IFCRELCONNECTSSTRUCTURALMEMBER('3AGtkU2Ib5Yw_1bg7ROlMA',#3,$,$,#8193,#1526,$,$,$,$);
#8196=IFCRELASSOCIATESMATERIAL('2zxforCY5Az8gVqgqCiv1h',#3,$,$,(#8193),#8198);
#8197=IFCPRODUCTDEFINITIONSHAPE($,$,(#8199));
#8198=IFCMATERIALPROFILESETUSAGE(#8200,10,$);
#8199=IFCTOPOLOGYREPRESENTATION(#99,$,'Edge',(#8201));
#8200=IFCMATERIALPROFILESET($,$,(#8202),$);
#8201=IFCEDGE(#529,#1529);
#8202=IFCMATERIALPROFILE($,$,#1704,#2644,$,$);
#8203=IFCSTRUCTURALCURVEMEMBER('3gYKeXLbLAGvZ4HU0j4EnN',#95,'738',$,$,$,#8207,.RIGID_JOINED_MEMBER.,#1680);
#8204=IFCRELCONNECTSSTRUCTURALMEMBER('3V3UNOqDX7vgI1h8rdY_ar',#3,$,$,#8203,#1526,$,$,$,$);
#8205=IFCRELCONNECTSSTRUCTURALMEMBER('06iHLMxmL5ShfrpYP9HFTg',#3,$,$,#8203,#1536,$,$,$,$);
#8206=IFCRELASSOCIATESMATERIAL('0XflxV$A56xvPmBuB0PueB',#3,$,$,(#8203),#8208);
#8207=IFCPRODUCTDEFINITIONSHAPE($,$,(#8209));
#8208=IFCMATERIALPROFILESETUSAGE(#8210,10,$);
#8209=IFCTOPOLOGYREPRESENTATION(#99,$,'Edge',(#8211));
#8210=IFCMATERIALPROFILESET($,$,(#8212),$);
#8211=IFCEDGE(#1529,#1548);
#8212=IFCMATERIALPROFILE($,$,#1704,#2644,$,$);
#8213=IFCSTRUCTURALCURVEMEMBER('0nsMXNGmb0I9N0fJEimIwe',#95,'739',$,$,$,#8217,.RIGID_JOINED_MEMBER.,#1680);
#8214=IFCRELCONNECTSSTRUCTURALMEMBER('2nWoy_zE17zPmU1OO3cYDp',#3,$,$,#8213,#1536,$,$,$,$);
#8215=IFCRELCONNECTSSTRUCTURALMEMBER('3jGsno2tn5q9S$LGBnz1ts',#3,$,$,#8213,#1555,$,$,$,$);
#8216=IFCRELASSOCIATESMATERIAL('2Gy675QvbBdB2WxY3bufV9',#3,$,$,(#8213),#8218);
#8217=IFCPRODUCTDEFINITIONSHAPE($,$,(#8219));
#8218=IFCMATERIALPROFILESETUSAGE(#8220,10,$);
#8219=IFCTOPOLOGYREPRESENTATION(#99,$,'Edge',(#8221));
#8220=IFCMATERIALPROFILESET($,$,(#8222),$);
#8221=IFCEDGE(#1548,#1558);
#8222=IFCMATERIALPROFILE($,$,#1704,#2644,$,$);
#8223=IFCSTRUCTURALCURVEMEMBER('3S9OGIG59CVh4GZLtIGAdQ',#95,'740',$,$,$,#8227,.RIGID_JOINED_MEMBER.,#1680);
#8224=IFCRELCONNECTSSTRUCTURALMEMBER('24pPsnd8H0sxsniovaQkeN',#3,$,$,#8223,#1555,$,$,$,$);
#8225=IFCRELCONNECTSSTRUCTURALMEMBER('3ojH6F2f1BaAdqRwodnO1X',#3,$,$,#8223,#1565,$,$,$,$);
#8226=IFCRELASSOCIATESMATERIAL('3ixFuf9$z5fOZDvsACMaE6',#3,$,$,(#8223),#8228);
#8227=IFCPRODUCTDEFINITIONSHAPE($,$,(#8229));
#8228=IFCMATERIALPROFILESETUSAGE(#8230,10,$);
#8229=IFCTOPOLOGYREPRESENTATION(#99,$,'Edge',(#8231));
#8230=IFCMATERIALPROFILESET($,$,(#8232),$);
#8231=IFCEDGE(#1558,#1577);
#8232=IFCMATERIALPROFILE($,$,#1704,#2644,$,$);
#8233=IFCSTRUCTURALCURVEMEMBER('3VBp9kWEvFuBXBt8EPXhCT',#95,'741',$,$,$,#8237,.RIGID_JOINED_MEMBER.,#1680);
#8234=IFCRELCONNECTSSTRUCTURALMEMBER('1TjmiVs_93efC_DpegkXbp',#3,$,$,#8233,#1565,$,$,$,$);
#8235=IFCRELCONNECTSSTRUCTURALMEMBER('2_Uu9BQyXFxAr2uNp2K9UE',#3,$,$,#8233,#1584,$,$,$,$);
#8236=IFCRELASSOCIATESMATERIAL('3XKIGwi7b8l8wLI8oIbDFB',#3,$,$,(#8233),#8238);
#8237=IFCPRODUCTDEFINITIONSHAPE($,$,(#8239));
#8238=IFCMATERIALPROFILESETUSAGE(#8240,10,$);
#8239=IFCTOPOLOGYREPRESENTATION(#99,$,'Edge',(#8241));
#8240=IFCMATERIALPROFILESET($,$,(#8242),$);
#8241=IFCEDGE(#1577,#1587);
#8242=IFCMATERIALPROFILE($,$,#1704,#2644,$,$);
#8243=IFCSTRUCTURALCURVEMEMBER('3hr0uL1Y18NwtIhcYAoU7K',#95,'742',$,$,$,#8247,.RIGID_JOINED_MEMBER.,#1680);
#8244=IFCRELCONNECTSSTRUCTURALMEMBER('1Muj5DUUPCt9hFhvhQdmET',#3,$,$,#8243,#1584,$,$,$,$);
#8245=IFCRELCONNECTSSTRUCTURALMEMBER('1KSgvMYZ5FZ8tpuAhPB7l7',#3,$,$,#8243,#1594,$,$,$,$);
#8246=IFCRELASSOCIATESMATERIAL('0OtBrl4y91Cuoet4MLHLVx',#3,$,$,(#8243),#8248);
#8247=IFCPRODUCTDEFINITIONSHAPE($,$,(#8249));
#8248=IFCMATERIALPROFILESETUSAGE(#8250,10,$);
#8249=IFCTOPOLOGYREPRESENTATION(#99,$,'Edge',(#8251));
#8250=IFCMATERIALPROFILESET($,$,(#8252),$);
#8251=IFCEDGE(#1587,#1606);
#8252=IFCMATERIALPROFILE($,$,#1704,#2644,$,$);
#8253=IFCSTRUCTURALCURVEMEMBER('0Qne0n$FP5LOoZiNM_EpaA',#95,'743',$,$,$,#8258,.RIGID_JOINED_MEMBER.,#1680);
#8254=IFCRELCONNECTSSTRUCTURALMEMBER('24xOMi59j7CfhiAn1oevoO',#3,$,$,#8253,#1594,$,$,$,$);
#8255=IFCRELCONNECTSSTRUCTURALMEMBER('1KHaz0nFv3YvX5YgRO0Pzr',#3,$,$,#8253,#1613,$,$,$,$);
#8256=IFCPROFILEPROPERTIES('L76X76X6.4',$,(#8259,#8260,#8261,#8262,#8263,#8264,#8265,#8266,#8267,#8268,#8269,#8270,#8271,#8272),#8273);
#8257=IFCRELASSOCIATESMATERIAL('17b$Ms0FnDcRcNXrWfE_3h',#3,$,$,(#8253),#8274);
#8258=IFCPRODUCTDEFINITIONSHAPE($,$,(#8275));
#8259=IFCPROPERTYSINGLEVALUE('CrossSectionArea',$,IFCAREAMEASURE(9.2900000E-004),#16);
#8260=IFCPROPERTYSINGLEVALUE('MaximumSectionModulusY',$,IFCSECTIONMODULUSMEASURE(9.3090916E-006),#18);
#8261=IFCPROPERTYSINGLEVALUE('MaximumSectionModulusZ',$,IFCSECTIONMODULUSMEASURE(9.3090916E-006),#18);
#8262=IFCPROPERTYSINGLEVALUE('MinimumSectionModulusY',$,IFCSECTIONMODULUSMEASURE(9.3090916E-006),#18);
#8263=IFCPROPERTYSINGLEVALUE('MinimumSectionModulusZ',$,IFCSECTIONMODULUSMEASURE(9.3090916E-006),#18);
#8264=IFCPROPERTYSINGLEVALUE('MomentOfInertiaY',$,IFCMOMENTOFINERTIAMEASURE(5.1200000E-007),#19);
#8265=IFCPROPERTYSINGLEVALUE('MomentOfInertiaZ',$,IFCMOMENTOFINERTIAMEASURE(5.1200000E-007),#19);
#8266=IFCPROPERTYSINGLEVALUE('OverallDepth',$,IFCPOSITIVELENGTHMEASURE(8.1323816E-002),#15);
#8267=IFCPROPERTYSINGLEVALUE('OverallWidth',$,IFCPOSITIVELENGTHMEASURE(8.1323816E-002),#15);
#8268=IFCPROPERTYSINGLEVALUE('PlasticShapeFactorY',$,IFCPOSITIVERATIOMEASURE(5.5743063E-001),$);
#8269=IFCPROPERTYSINGLEVALUE('PlasticShapeFactorZ',$,IFCPOSITIVERATIOMEASURE(5.5743063E-001),$);
#8270=IFCPROPERTYSINGLEVALUE('ShearDeformationAreaY',$,IFCAREAMEASURE(4.8387000E-004),#16);
#8271=IFCPROPERTYSINGLEVALUE('ShearDeformationAreaZ',$,IFCAREAMEASURE(4.8387000E-004),#16);
#8272=IFCPROPERTYSINGLEVALUE('TorsionalConstantX',$,IFCMOMENTOFINERTIAMEASURE(1.3000000E-008),#19);
#8273=IFCLSHAPEPROFILEDEF(.AREA.,'L76X76X6.4',#1707,7.6199997E-002,7.6199997E-002,6.3499999E-003,9.5499992E-003,$,$);
#8274=IFCMATERIALPROFILESETUSAGE(#8276,10,$);
#8275=IFCTOPOLOGYREPRESENTATION(#99,$,'Edge',(#8277));
#8276=IFCMATERIALPROFILESET($,$,(#8278),$);
#8277=IFCEDGE(#1606,#1616);
#8278=IFCMATERIALPROFILE($,$,#1704,#8273,$,$);
#8279=IFCSTRUCTURALCURVEMEMBER('0Ovf9fjCP16BGbi63aaO23',#95,'744',$,$,$,#8283,.RIGID_JOINED_MEMBER.,#1680);
#8280=IFCRELCONNECTSSTRUCTURALMEMBER('3Qdxcl8X99jfFZY5KwqLne',#3,$,$,#8279,#1613,$,$,$,$);
#8281=IFCRELCONNECTSSTRUCTURALMEMBER('2tfSKtZ89FHwTzAnH9HooX',#3,$,$,#8279,#930,#1681,$,$,$);
#8282=IFCRELASSOCIATESMATERIAL('1wjeqGZv55_f7JKvza$d5U',#3,$,$,(#8279),#8284);
#8283=IFCPRODUCTDEFINITIONSHAPE($,$,(#8285));
#8284=IFCMATERIALPROFILESETUSAGE(#8286,10,$);
#8285=IFCTOPOLOGYREPRESENTATION(#99,$,'Edge',(#8287));
#8286=IFCMATERIALPROFILESET($,$,(#8288),$);
#8287=IFCEDGE(#1616,#933);
#8288=IFCMATERIALPROFILE($,$,#1704,#2644,$,$);
#8289=IFCSTRUCTURALCURVEMEMBER('0TvAYVjcrCRx6GqRmszGwU',#95,'745',$,$,$,#8293,.RIGID_JOINED_MEMBER.,#1680);
#8290=IFCRELCONNECTSSTRUCTURALMEMBER('238PXChK17GgmqyaWCsYHB',#3,$,$,#8289,#536,#7079,$,$,$);
#8291=IFCRELCONNECTSSTRUCTURALMEMBER('0xmuSqh$T6Eh7UzZkWawQR',#3,$,$,#8289,#1531,$,$,$,$);
#8292=IFCRELASSOCIATESMATERIAL('0dc4UJ_Lb5GgRTwBFkjzEU',#3,$,$,(#8289),#8294);
#8293=IFCPRODUCTDEFINITIONSHAPE($,$,(#8295));
#8294=IFCMATERIALPROFILESETUSAGE(#8296,10,$);
#8295=IFCTOPOLOGYREPRESENTATION(#99,$,'Edge',(#8297));
#8296=IFCMATERIALPROFILESET($,$,(#8298),$);
#8297=IFCEDGE(#539,#1534);
#8298=IFCMATERIALPROFILE($,$,#1704,#2644,$,$);
#8299=IFCSTRUCTURALCURVEMEMBER('2Vl7ebVQr18eYp8Kv2U1BM',#95,'746',$,$,$,#8303,.RIGID_JOINED_MEMBER.,#1680);
#8300=IFCRELCONNECTSSTRUCTURALMEMBER('3$nWsMxDH7Ve0Rnmt7_6po',#3,$,$,#8299,#1531,$,$,$,$);
#8301=IFCRELCONNECTSSTRUCTURALMEMBER('3n7vuW0KPBn9UBW6mh8rbe',#3,$,$,#8299,#1550,$,$,$,$);
#8302=IFCRELASSOCIATESMATERIAL('3be7zORdTDmRfg5wUnsHCW',#3,$,$,(#8299),#8304);
#8303=IFCPRODUCTDEFINITIONSHAPE($,$,(#8305));
#8304=IFCMATERIALPROFILESETUSAGE(#8306,10,$);
#8305=IFCTOPOLOGYREPRESENTATION(#99,$,'Edge',(#8307));
#8306=IFCMATERIALPROFILESET($,$,(#8308),$);
#8307=IFCEDGE(#1534,#1553);
#8308=IFCMATERIALPROFILE($,$,#1704,#2644,$,$);
#8309=IFCSTRUCTURALCURVEMEMBER('1iUfHwtUL7ZBWx4PuW_UTZ',#95,'747',$,$,$,#8313,.RIGID_JOINED_MEMBER.,#1680);
#8310=IFCRELCONNECTSSTRUCTURALMEMBER('0UQacaw0X0OOmsBMU28BpF',#3,$,$,#8309,#1550,$,$,$,$);
#8311=IFCRELCONNECTSSTRUCTURALMEMBER('16LLeYqAf8MxuJ3BFyaEDc',#3,$,$,#8309,#1560,$,$,$,$);
#8312=IFCRELASSOCIATESMATERIAL('120hjw$b9D3utnNfQTNUsH',#3,$,$,(#8309),#8314);
#8313=IFCPRODUCTDEFINITIONSHAPE($,$,(#8315));
#8314=IFCMATERIALPROFILESETUSAGE(#8316,10,$);
#8315=IFCTOPOLOGYREPRESENTATION(#99,$,'Edge',(#8317));
#8316=IFCMATERIALPROFILESET($,$,(#8318),$);
#8317=IFCEDGE(#1553,#1563);
#8318=IFCMATERIALPROFILE($,$,#1704,#2644,$,$);
#8319=IFCSTRUCTURALCURVEMEMBER('3NKkVhzsv3mfRU4YiehmUh',#95,'748',$,$,$,#8323,.RIGID_JOINED_MEMBER.,#1680);
#8320=IFCRELCONNECTSSTRUCTURALMEMBER('208Jvo$lf5Y9mML6eS09og',#3,$,$,#8319,#1560,$,$,$,$);
#8321=IFCRELCONNECTSSTRUCTURALMEMBER('2vh6_f2DvFkuB5Hp6HBKd1',#3,$,$,#8319,#1579,$,$,$,$);
#8322=IFCRELASSOCIATESMATERIAL('3z3zgxIff1AxIvoFbfpjyM',#3,$,$,(#8319),#8324);
#8323=IFCPRODUCTDEFINITIONSHAPE($,$,(#8325));
#8324=IFCMATERIALPROFILESETUSAGE(#8326,10,$);
#8325=IFCTOPOLOGYREPRESENTATION(#99,$,'Edge',(#8327));
#8326=IFCMATERIALPROFILESET($,$,(#8328),$);
#8327=IFCEDGE(#1563,#1582);
#8328=IFCMATERIALPROFILE($,$,#1704,#2644,$,$);
#8329=IFCSTRUCTURALCURVEMEMBER('2PKdY2Tsn0m9bmCQzp2iCz',#95,'749',$,$,$,#8333,.RIGID_JOINED_MEMBER.,#1680);
#8330=IFCRELCONNECTSSTRUCTURALMEMBER('2KTLqVQEn54xQ41zrv2jW2',#3,$,$,#8329,#1579,$,$,$,$);
#8331=IFCRELCONNECTSSTRUCTURALMEMBER('0kBx8Tdb14ZxaWFoi_9iiY',#3,$,$,#8329,#1589,$,$,$,$);
#8332=IFCRELASSOCIATESMATERIAL('2D3dRt9MH04uD4Ib5kGzsD',#3,$,$,(#8329),#8334);
#8333=IFCPRODUCTDEFINITIONSHAPE($,$,(#8335));
#8334=IFCMATERIALPROFILESETUSAGE(#8336,10,$);
#8335=IFCTOPOLOGYREPRESENTATION(#99,$,'Edge',(#8337));
#8336=IFCMATERIALPROFILESET($,$,(#8338),$);
#8337=IFCEDGE(#1582,#1592);
#8338=IFCMATERIALPROFILE($,$,#1704,#2644,$,$);
#8339=IFCSTRUCTURALCURVEMEMBER('113Um60LXB4O28c7uxBRVJ',#95,'750',$,$,$,#8343,.RIGID_JOINED_MEMBER.,#1680);
#8340=IFCRELCONNECTSSTRUCTURALMEMBER('2h4DaGYuH2MBVxCbuZGpXN',#3,$,$,#8339,#1589,$,$,$,$);
#8341=IFCRELCONNECTSSTRUCTURALMEMBER('2AE6G3bDXBpwgHYX3ht7gV',#3,$,$,#8339,#1608,$,$,$,$);
#8342=IFCRELASSOCIATESMATERIAL('07K3Qm1K95kvT$t6t1VbHk',#3,$,$,(#8339),#8344);
#8343=IFCPRODUCTDEFINITIONSHAPE($,$,(#8345));
#8344=IFCMATERIALPROFILESETUSAGE(#8346,10,$);
#8345=IFCTOPOLOGYREPRESENTATION(#99,$,'Edge',(#8347));
#8346=IFCMATERIALPROFILESET($,$,(#8348),$);
#8347=IFCEDGE(#1592,#1611);
#8348=IFCMATERIALPROFILE($,$,#1704,#2644,$,$);
#8349=IFCSTRUCTURALCURVEMEMBER('38h9AzWCj4vA_o07rUzVy5',#95,'751',$,$,$,#8353,.RIGID_JOINED_MEMBER.,#1680);
#8350=IFCRELCONNECTSSTRUCTURALMEMBER('2PaqZseaLEoBBc0F98hoOB',#3,$,$,#8349,#1608,$,$,$,$);
#8351=IFCRELCONNECTSSTRUCTURALMEMBER('3MSjfqKbH8xw23u$AdoBCq',#3,$,$,#8349,#1618,$,$,$,$);
#8352=IFCRELASSOCIATESMATERIAL('1OpfmDTNf6DxcgrfL9eBJy',#3,$,$,(#8349),#8354);
#8353=IFCPRODUCTDEFINITIONSHAPE($,$,(#8355));
#8354=IFCMATERIALPROFILESETUSAGE(#8356,10,$);
#8355=IFCTOPOLOGYREPRESENTATION(#99,$,'Edge',(#8357));
#8356=IFCMATERIALPROFILESET($,$,(#8358),$);
#8357=IFCEDGE(#1611,#1621);
#8358=IFCMATERIALPROFILE($,$,#1704,#2644,$,$);
#8359=IFCSTRUCTURALCURVEMEMBER('12vLKkb8D47g52l5UBLB6u',#95,'752',$,$,$,#8363,.RIGID_JOINED_MEMBER.,#1680);
#8360=IFCRELCONNECTSSTRUCTURALMEMBER('3oKt7PFWTArOgICrdW$a8H',#3,$,$,#8359,#1618,$,$,$,$);
#8361=IFCRELCONNECTSSTRUCTURALMEMBER('0UZ6wZhGD2NhDwkh$U24Dc',#3,$,$,#8359,#960,#1681,$,$,$);
#8362=IFCRELASSOCIATESMATERIAL('3PH$DiaAXD4Rfzmc9T62vu',#3,$,$,(#8359),#8364);
#8363=IFCPRODUCTDEFINITIONSHAPE($,$,(#8365));
#8364=IFCMATERIALPROFILESETUSAGE(#8366,10,$);
#8365=IFCTOPOLOGYREPRESENTATION(#99,$,'Edge',(#8367));
#8366=IFCMATERIALPROFILESET($,$,(#8368),$);
#8367=IFCEDGE(#1621,#963);
#8368=IFCMATERIALPROFILE($,$,#1704,#2644,$,$);
#8369=IFCSTRUCTURALCURVEMEMBER('3MSkT7zV1FT9y66HSgy5hn',#95,'753',$,$,$,#8373,.RIGID_JOINED_MEMBER.,#1680);
#8370=IFCRELCONNECTSSTRUCTURALMEMBER('2noN5zXYv06fla1NvmtoEQ',#3,$,$,#8369,#1506,#7079,$,$,$);
#8371=IFCRELCONNECTSSTRUCTURALMEMBER('1DeIfVP251xvHBA26Al14c',#3,$,$,#8369,#1623,#1681,$,$,$);
#8372=IFCRELASSOCIATESMATERIAL('1j7ZD22BX0Ph1ssGY7W0hl',#3,$,$,(#8369),#8374);
#8373=IFCPRODUCTDEFINITIONSHAPE($,$,(#8375));
#8374=IFCMATERIALPROFILESETUSAGE(#8376,10,$);
#8375=IFCTOPOLOGYREPRESENTATION(#99,$,'Edge',(#8377));
#8376=IFCMATERIALPROFILESET($,$,(#8378),$);
#8377=IFCEDGE(#1509,#1626);
#8378=IFCMATERIALPROFILE($,$,#1704,#2644,$,$);
#8379=IFCSTRUCTURALCURVEMEMBER('3KMee13NT4i8wgEi1yuG7u',#95,'754',$,$,$,#8383,.RIGID_JOINED_MEMBER.,#1680);
#8380=IFCRELCONNECTSSTRUCTURALMEMBER('29rJThmej7SwvxJQdGG8GK',#3,$,$,#8379,#1623,$,$,$,$);
#8381=IFCRELCONNECTSSTRUCTURALMEMBER('2cbNgIubvEEwOzEAXevDs$',#3,$,$,#8379,#1628,$,$,$,$);
#8382=IFCRELASSOCIATESMATERIAL('3kN3oLPl9EDhjXGsmaMd_p',#3,$,$,(#8379),#8384);
#8383=IFCPRODUCTDEFINITIONSHAPE($,$,(#8385));
#8384=IFCMATERIALPROFILESETUSAGE(#8386,10,$);
#8385=IFCTOPOLOGYREPRESENTATION(#99,$,'Edge',(#8387));
#8386=IFCMATERIALPROFILESET($,$,(#8388),$);
#8387=IFCEDGE(#1626,#1631);
#8388=IFCMATERIALPROFILE($,$,#1704,#2644,$,$);
#8389=IFCSTRUCTURALCURVEMEMBER('3Q2ile_7T5rwdnOg9T09PG',#95,'755',$,$,$,#8393,.RIGID_JOINED_MEMBER.,#1680);
#8390=IFCRELCONNECTSSTRUCTURALMEMBER('0ihk2IKajFPhQ4Ex$GHpul',#3,$,$,#8389,#1628,$,$,$,$);
#8391=IFCRELCONNECTSSTRUCTURALMEMBER('0cB$$$C6jAnOZ1zz3o1VvE',#3,$,$,#8389,#1633,$,$,$,$);
#8392=IFCRELASSOCIATESMATERIAL('3wjXKkLHrDAgfJr1MOA45T',#3,$,$,(#8389),#8394);
#8393=IFCPRODUCTDEFINITIONSHAPE($,$,(#8395));
#8394=IFCMATERIALPROFILESETUSAGE(#8396,10,$);
#8395=IFCTOPOLOGYREPRESENTATION(#99,$,'Edge',(#8397));
#8396=IFCMATERIALPROFILESET($,$,(#8398),$);
#8397=IFCEDGE(#1631,#1636);
#8398=IFCMATERIALPROFILE($,$,#1704,#2644,$,$);
#8399=IFCSTRUCTURALCURVEMEMBER('15Dy9GeoD24R8eCsndcSIZ',#95,'756',$,$,$,#8403,.RIGID_JOINED_MEMBER.,#1680);
#8400=IFCRELCONNECTSSTRUCTURALMEMBER('1j58LFcgz5ThGGqkVP673a',#3,$,$,#8399,#1633,$,$,$,$);
#8401=IFCRELCONNECTSSTRUCTURALMEMBER('3LXJi4p$D8PfeMBV818c5u',#3,$,$,#8399,#1638,$,$,$,$);
#8402=IFCRELASSOCIATESMATERIAL('2tx6Ix6o99NxZROvjZ4jv0',#3,$,$,(#8399),#8404);
#8403=IFCPRODUCTDEFINITIONSHAPE($,$,(#8405));
#8404=IFCMATERIALPROFILESETUSAGE(#8406,10,$);
#8405=IFCTOPOLOGYREPRESENTATION(#99,$,'Edge',(#8407));
#8406=IFCMATERIALPROFILESET($,$,(#8408),$);
#8407=IFCEDGE(#1636,#1641);
#8408=IFCMATERIALPROFILE($,$,#1704,#2644,$,$);
#8409=IFCSTRUCTURALCURVEMEMBER('0NEqRulLvAoQA9vtGmHPf9',#95,'757',$,$,$,#8413,.RIGID_JOINED_MEMBER.,#1680);
#8410=IFCRELCONNECTSSTRUCTURALMEMBER('2wuLKWFlXD2OieBQM51S33',#3,$,$,#8409,#1638,$,$,$,$);
#8411=IFCRELCONNECTSSTRUCTURALMEMBER('0fwL70QFP5BR6QUia0ma4I',#3,$,$,#8409,#1643,$,$,$,$);
#8412=IFCRELASSOCIATESMATERIAL('21s4sNO4v4QfqdY6GiX3I9',#3,$,$,(#8409),#8414);
#8413=IFCPRODUCTDEFINITIONSHAPE($,$,(#8415));
#8414=IFCMATERIALPROFILESETUSAGE(#8416,10,$);
#8415=IFCTOPOLOGYREPRESENTATION(#99,$,'Edge',(#8417));
#8416=IFCMATERIALPROFILESET($,$,(#8418),$);
#8417=IFCEDGE(#1641,#1646);
#8418=IFCMATERIALPROFILE($,$,#1704,#2644,$,$);
#8419=IFCSTRUCTURALCURVEMEMBER('2jOJqrbODBWP29HbxkUXti',#95,'758',$,$,$,#8423,.RIGID_JOINED_MEMBER.,#1680);
#8420=IFCRELCONNECTSSTRUCTURALMEMBER('2ul5N1CtfDYwpcTjbRQh$E',#3,$,$,#8419,#1643,#7079,$,$,$);
#8421=IFCRELCONNECTSSTRUCTURALMEMBER('1zzp2Zm5H4Bxc0I$M248oF',#3,$,$,#8419,#1521,#1681,$,$,$);
#8422=IFCRELASSOCIATESMATERIAL('0Q9tqEc8rFtw4__zWPfffZ',#3,$,$,(#8419),#8424);
#8423=IFCPRODUCTDEFINITIONSHAPE($,$,(#8425));
#8424=IFCMATERIALPROFILESETUSAGE(#8426,10,$);
#8425=IFCTOPOLOGYREPRESENTATION(#99,$,'Edge',(#8427));
#8426=IFCMATERIALPROFILESET($,$,(#8428),$);
#8427=IFCEDGE(#1646,#1524);
#8428=IFCMATERIALPROFILE($,$,#1704,#2644,$,$);
#8429=IFCSTRUCTURALCURVEMEMBER('1oKrxFj$b3Jf9wdzGK$yFo',#95,'759',$,$,$,#8433,.RIGID_JOINED_MEMBER.,#1680);
#8430=IFCRELCONNECTSSTRUCTURALMEMBER('1vvLyTtCvB5vy6o317wKbL',#3,$,$,#8429,#1511,#7079,$,$,$);
#8431=IFCRELCONNECTSSTRUCTURALMEMBER('2YZbvOKxfExAFTIxQGs$jB',#3,$,$,#8429,#1648,#1681,$,$,$);
#8432=IFCRELASSOCIATESMATERIAL('3scY9R5IH1ZwjUsR7e6mER',#3,$,$,(#8429),#8434);
#8433=IFCPRODUCTDEFINITIONSHAPE($,$,(#8435));
#8434=IFCMATERIALPROFILESETUSAGE(#8436,10,$);
#8435=IFCTOPOLOGYREPRESENTATION(#99,$,'Edge',(#8437));
#8436=IFCMATERIALPROFILESET($,$,(#8438),$);
#8437=IFCEDGE(#1514,#1651);
#8438=IFCMATERIALPROFILE($,$,#1704,#2644,$,$);
#8439=IFCSTRUCTURALCURVEMEMBER('0pAMXqF4PFO8QaeP4wFjP3',#95,'760',$,$,$,#8443,.RIGID_JOINED_MEMBER.,#1680);
#8440=IFCRELCONNECTSSTRUCTURALMEMBER('2gcxSNZJrFrRlGOeN3R4se',#3,$,$,#8439,#1648,$,$,$,$);
#8441=IFCRELCONNECTSSTRUCTURALMEMBER('0dtoVS8gbF0wFSGq8dovf5',#3,$,$,#8439,#1653,$,$,$,$);
#8442=IFCRELASSOCIATESMATERIAL('0UW5YoPwvD0Pqd0hzZWThA',#3,$,$,(#8439),#8444);
#8443=IFCPRODUCTDEFINITIONSHAPE($,$,(#8445));
#8444=IFCMATERIALPROFILESETUSAGE(#8446,10,$);
#8445=IFCTOPOLOGYREPRESENTATION(#99,$,'Edge',(#8447));
#8446=IFCMATERIALPROFILESET($,$,(#8448),$);
#8447=IFCEDGE(#1651,#1656);
#8448=IFCMATERIALPROFILE($,$,#1704,#2644,$,$);
#8449=IFCSTRUCTURALCURVEMEMBER('3Q5CoQn1fDXRdF$6K1ls8y',#95,'761',$,$,$,#8453,.RIGID_JOINED_MEMBER.,#1680);
#8450=IFCRELCONNECTSSTRUCTURALMEMBER('3G7dWU_ab6yQ03DVjxuk0E',#3,$,$,#8449,#1653,$,$,$,$);
#8451=IFCRELCONNECTSSTRUCTURALMEMBER('3DJ8n8rY1Fz8PEXnUxfU8K',#3,$,$,#8449,#1658,$,$,$,$);
#8452=IFCRELASSOCIATESMATERIAL('29sgYN6ajAKxxox1tW$uiQ',#3,$,$,(#8449),#8454);
#8453=IFCPRODUCTDEFINITIONSHAPE($,$,(#8455));
#8454=IFCMATERIALPROFILESETUSAGE(#8456,10,$);
#8455=IFCTOPOLOGYREPRESENTATION(#99,$,'Edge',(#8457));
#8456=IFCMATERIALPROFILESET($,$,(#8458),$);
#8457=IFCEDGE(#1656,#1661);
#8458=IFCMATERIALPROFILE($,$,#1704,#2644,$,$);
#8459=IFCSTRUCTURALCURVEMEMBER('05PiirvD91PxjkFz7v8$Xe',#95,'762',$,$,$,#8463,.RIGID_JOINED_MEMBER.,#1680);
#8460=IFCRELCONNECTSSTRUCTURALMEMBER('0K$E0ruj9D4vd13legwz_n',#3,$,$,#8459,#1658,$,$,$,$);
#8461=IFCRELCONNECTSSTRUCTURALMEMBER('1eEWFSbGH6vx5cLBS2xWA7',#3,$,$,#8459,#1663,$,$,$,$);
#8462=IFCRELASSOCIATESMATERIAL('0lt2Zq7RHD6v3QM3ucEHBV',#3,$,$,(#8459),#8464);
#8463=IFCPRODUCTDEFINITIONSHAPE($,$,(#8465));
#8464=IFCMATERIALPROFILESETUSAGE(#8466,10,$);
#8465=IFCTOPOLOGYREPRESENTATION(#99,$,'Edge',(#8467));
#8466=IFCMATERIALPROFILESET($,$,(#8468),$);
#8467=IFCEDGE(#1661,#1666);
#8468=IFCMATERIALPROFILE($,$,#1704,#8273,$,$);
#8469=IFCSTRUCTURALCURVEMEMBER('3j23IoMEz5Jvpd9usYFYQQ',#95,'763',$,$,$,#8473,.RIGID_JOINED_MEMBER.,#1680);
#8470=IFCRELCONNECTSSTRUCTURALMEMBER('0$cxISA7n21gYELBCNAf4Q',#3,$,$,#8469,#1663,$,$,$,$);
#8471=IFCRELCONNECTSSTRUCTURALMEMBER('0DqEB3$a1BMhk$evAcgIOF',#3,$,$,#8469,#1668,$,$,$,$);
#8472=IFCRELASSOCIATESMATERIAL('14PqhdR_PE3PjUIi5S5OQm',#3,$,$,(#8469),#8474);
#8473=IFCPRODUCTDEFINITIONSHAPE($,$,(#8475));
#8474=IFCMATERIALPROFILESETUSAGE(#8476,10,$);
#8475=IFCTOPOLOGYREPRESENTATION(#99,$,'Edge',(#8477));
#8476=IFCMATERIALPROFILESET($,$,(#8478),$);
#8477=IFCEDGE(#1666,#1671);
#8478=IFCMATERIALPROFILE($,$,#1704,#2644,$,$);
#8479=IFCSTRUCTURALCURVEMEMBER('3Sv4KbfVHCPOalbZ8DfCLI',#95,'764',$,$,$,#8483,.RIGID_JOINED_MEMBER.,#1680);
#8480=IFCRELCONNECTSSTRUCTURALMEMBER('1uFRdvzvH1vvP$3jhZNnD8',#3,$,$,#8479,#1668,#7079,$,$,$);
#8481=IFCRELCONNECTSSTRUCTURALMEMBER('07aYQ7$WP0Buvo5pKmjBfm',#3,$,$,#8479,#1516,#1681,$,$,$);
#8482=IFCRELASSOCIATESMATERIAL('3PDvuDzFHFFu_waOor3BcJ',#3,$,$,(#8479),#8484);
#8483=IFCPRODUCTDEFINITIONSHAPE($,$,(#8485));
#8484=IFCMATERIALPROFILESETUSAGE(#8486,10,$);
#8485=IFCTOPOLOGYREPRESENTATION(#99,$,'Edge',(#8487));
#8486=IFCMATERIALPROFILESET($,$,(#8488),$);
#8487=IFCEDGE(#1671,#1519);
#8488=IFCMATERIALPROFILE($,$,#1704,#2644,$,$);
#8489=IFCSTRUCTURALCURVEMEMBER('06tP7cl_r38uZbc1WCnb1T',#95,'765',$,$,$,#8493,.RIGID_JOINED_MEMBER.,#7408);
#8490=IFCRELCONNECTSSTRUCTURALMEMBER('00g22$ypnDKBXoQbMZ8Y63',#3,$,$,#8489,#1526,#97,$,$,$);
#8491=IFCRELCONNECTSSTRUCTURALMEMBER('3sakG_qBT6V8NZGNFFWxM0',#3,$,$,#8489,#1506,#1681,$,$,$);
#8492=IFCRELASSOCIATESMATERIAL('0x8gNJUy19EQ9rN0mp2bWy',#3,$,$,(#8489),#8494);
#8493=IFCPRODUCTDEFINITIONSHAPE($,$,(#8495));
#8494=IFCMATERIALPROFILESETUSAGE(#8496,10,$);
#8495=IFCTOPOLOGYREPRESENTATION(#99,$,'Edge',(#8497));
#8496=IFCMATERIALPROFILESET($,$,(#8498),$);
#8497=IFCEDGE(#1529,#1509);
#8498=IFCMATERIALPROFILE($,$,#1704,#1696,$,$);
#8499=IFCSTRUCTURALCURVEMEMBER('2PCxoH2DzAqfoLqEPwP9VE',#95,'766',$,$,$,#8503,.RIGID_JOINED_MEMBER.,#7408);
#8500=IFCRELCONNECTSSTRUCTURALMEMBER('3cdgzeTU16EAYhgFH8XCbn',#3,$,$,#8499,#1531,#97,$,$,$);
#8501=IFCRELCONNECTSSTRUCTURALMEMBER('3IhvC_4YHETxeieF5m2gEU',#3,$,$,#8499,#1511,#1681,$,$,$);
#8502=IFCRELASSOCIATESMATERIAL('3QUwcob3f5$eQazm4j70mv',#3,$,$,(#8499),#8504);
#8503=IFCPRODUCTDEFINITIONSHAPE($,$,(#8505));
#8504=IFCMATERIALPROFILESETUSAGE(#8506,10,$);
#8505=IFCTOPOLOGYREPRESENTATION(#99,$,'Edge',(#8507));
#8506=IFCMATERIALPROFILESET($,$,(#8508),$);
#8507=IFCEDGE(#1534,#1514);
#8508=IFCMATERIALPROFILE($,$,#1704,#1696,$,$);
#8509=IFCSTRUCTURALCURVEMEMBER('0DorhxQQj3oxJCRK5iM12K',#95,'767',$,$,$,#8513,.RIGID_JOINED_MEMBER.,#7408);
#8510=IFCRELCONNECTSSTRUCTURALMEMBER('0xsG4w6kLDUwgfZZwDFOjO',#3,$,$,#8509,#1536,#97,$,$,$);
#8511=IFCRELCONNECTSSTRUCTURALMEMBER('3Wm1owwffDJxDJ337zRQxp',#3,$,$,#8509,#1623,#1681,$,$,$);
#8512=IFCRELASSOCIATESMATERIAL('1znEnfbm569wvZRXf30PWQ',#3,$,$,(#8509),#8514);
#8513=IFCPRODUCTDEFINITIONSHAPE($,$,(#8515));
#8514=IFCMATERIALPROFILESETUSAGE(#8516,10,$);
#8515=IFCTOPOLOGYREPRESENTATION(#99,$,'Edge',(#8517));
#8516=IFCMATERIALPROFILESET($,$,(#8518),$);
#8517=IFCEDGE(#1548,#1626);
#8518=IFCMATERIALPROFILE($,$,#1704,#1696,$,$);
#8519=IFCSTRUCTURALCURVEMEMBER('22xKWplzPAFfSltKNm4B86',#95,'768',$,$,$,#8523,.RIGID_JOINED_MEMBER.,#7408);
#8520=IFCRELCONNECTSSTRUCTURALMEMBER('3UwxAAcQX9BOiuKKxDIcS5',#3,$,$,#8519,#1550,#97,$,$,$);
#8521=IFCRELCONNECTSSTRUCTURALMEMBER('1LupBnnpjD5QMZmW3rbtVP',#3,$,$,#8519,#1648,#1681,$,$,$);
#8522=IFCRELASSOCIATESMATERIAL('1XOWfqlFnBmwOp$v_Uw0B1',#3,$,$,(#8519),#8524);
#8523=IFCPRODUCTDEFINITIONSHAPE($,$,(#8525));
#8524=IFCMATERIALPROFILESETUSAGE(#8526,10,$);
#8525=IFCTOPOLOGYREPRESENTATION(#99,$,'Edge',(#8527));
#8526=IFCMATERIALPROFILESET($,$,(#8528),$);
#8527=IFCEDGE(#1553,#1651);
#8528=IFCMATERIALPROFILE($,$,#1704,#1696,$,$);
#8529=IFCSTRUCTURALCURVEMEMBER('3WNLPt5wvDBua9HlaXOkYb',#95,'769',$,$,$,#8533,.RIGID_JOINED_MEMBER.,#7408);
#8530=IFCRELCONNECTSSTRUCTURALMEMBER('3cBPDuVeD209nN8tOrrVqA',#3,$,$,#8529,#1560,#97,$,$,$);
#8531=IFCRELCONNECTSSTRUCTURALMEMBER('01u81FSVXF5wu3nTddEARH',#3,$,$,#8529,#1653,#1681,$,$,$);
#8532=IFCRELASSOCIATESMATERIAL('0MtnJ5Ly91EOl0do1UmJm5',#3,$,$,(#8529),#8534);
#8533=IFCPRODUCTDEFINITIONSHAPE($,$,(#8535));
#8534=IFCMATERIALPROFILESETUSAGE(#8536,10,$);
#8535=IFCTOPOLOGYREPRESENTATION(#99,$,'Edge',(#8537));
#8536=IFCMATERIALPROFILESET($,$,(#8538),$);
#8537=IFCEDGE(#1563,#1656);
#8538=IFCMATERIALPROFILE($,$,#1704,#1696,$,$);
#8539=IFCSTRUCTURALCURVEMEMBER('0bs1QinIX64hj4ekW5hOZf',#95,'770',$,$,$,#8543,.RIGID_JOINED_MEMBER.,#7408);
#8540=IFCRELCONNECTSSTRUCTURALMEMBER('2kfuwG6QPB2PevgSw53KC6',#3,$,$,#8539,#1565,#97,$,$,$);
#8541=IFCRELCONNECTSSTRUCTURALMEMBER('1jRJTAadXF19YN3pFr$Jp3',#3,$,$,#8539,#1633,#1681,$,$,$);
#8542=IFCRELASSOCIATESMATERIAL('39c4JlThn628dN1a9bohK7',#3,$,$,(#8539),#8544);
#8543=IFCPRODUCTDEFINITIONSHAPE($,$,(#8545));
#8544=IFCMATERIALPROFILESETUSAGE(#8546,10,$);
#8545=IFCTOPOLOGYREPRESENTATION(#99,$,'Edge',(#8547));
#8546=IFCMATERIALPROFILESET($,$,(#8548),$);
#8547=IFCEDGE(#1577,#1636);
#8548=IFCMATERIALPROFILE($,$,#1704,#1696,$,$);
#8549=IFCSTRUCTURALCURVEMEMBER('3VUGIOOR59QA2oS$QCR8h0',#95,'771',$,$,$,#8553,.RIGID_JOINED_MEMBER.,#7408);
#8550=IFCRELCONNECTSSTRUCTURALMEMBER('35XF4q0hvFme5DQBPbb08B',#3,$,$,#8549,#1579,#97,$,$,$);
#8551=IFCRELCONNECTSSTRUCTURALMEMBER('3yqOC8TS9ANRvF445B14BI',#3,$,$,#8549,#1658,#1681,$,$,$);
#8552=IFCRELASSOCIATESMATERIAL('1ffs9zu7z4ZvzSGu3BNL5C',#3,$,$,(#8549),#8554);
#8553=IFCPRODUCTDEFINITIONSHAPE($,$,(#8555));
#8554=IFCMATERIALPROFILESETUSAGE(#8556,10,$);
#8555=IFCTOPOLOGYREPRESENTATION(#99,$,'Edge',(#8557));
#8556=IFCMATERIALPROFILESET($,$,(#8558),$);
#8557=IFCEDGE(#1582,#1661);
#8558=IFCMATERIALPROFILE($,$,#1704,#1696,$,$);
#8559=IFCSTRUCTURALCURVEMEMBER('1Hcr1p4UzA89SjXD1YoPvv',#95,'772',$,$,$,#8563,.RIGID_JOINED_MEMBER.,#7408);
#8560=IFCRELCONNECTSSTRUCTURALMEMBER('25M9Ny_Wz7Y9MjEz1Jey3_',#3,$,$,#8559,#1584,#97,$,$,$);
#8561=IFCRELCONNECTSSTRUCTURALMEMBER('3GiKgCNmnEzP_Hx1V0yIph',#3,$,$,#8559,#1638,#1681,$,$,$);
#8562=IFCRELASSOCIATESMATERIAL('1REklE9RP4wel83N6qkFSG',#3,$,$,(#8559),#8564);
#8563=IFCPRODUCTDEFINITIONSHAPE($,$,(#8565));
#8564=IFCMATERIALPROFILESETUSAGE(#8566,10,$);
#8565=IFCTOPOLOGYREPRESENTATION(#99,$,'Edge',(#8567));
#8566=IFCMATERIALPROFILESET($,$,(#8568),$);
#8567=IFCEDGE(#1587,#1641);
#8568=IFCMATERIALPROFILE($,$,#1704,#1696,$,$);
#8569=IFCSTRUCTURALCURVEMEMBER('1nNQQx55X6ieZpijfYOEfl',#95,'773',$,$,$,#8573,.RIGID_JOINED_MEMBER.,#7408);
#8570=IFCRELCONNECTSSTRUCTURALMEMBER('0nRKkTbAv389rOfD9BeiTU',#3,$,$,#8569,#1589,#97,$,$,$);
#8571=IFCRELCONNECTSSTRUCTURALMEMBER('2xEj9v_AjDYhPXHMqQyBcc',#3,$,$,#8569,#1663,#1681,$,$,$);
#8572=IFCRELASSOCIATESMATERIAL('0$enJpWOr8NwIgU9ISywBr',#3,$,$,(#8569),#8574);
#8573=IFCPRODUCTDEFINITIONSHAPE($,$,(#8575));
#8574=IFCMATERIALPROFILESETUSAGE(#8576,10,$);
#8575=IFCTOPOLOGYREPRESENTATION(#99,$,'Edge',(#8577));
#8576=IFCMATERIALPROFILESET($,$,(#8578),$);
#8577=IFCEDGE(#1592,#1666);
#8578=IFCMATERIALPROFILE($,$,#1704,#1696,$,$);
#8579=IFCSTRUCTURALCURVEMEMBER('30G883Liz5shYYl4LgH$0h',#95,'774',$,$,$,#8583,.RIGID_JOINED_MEMBER.,#7408);
#8580=IFCRELCONNECTSSTRUCTURALMEMBER('0RjaOT9tnCOh5B0U8syqDC',#3,$,$,#8579,#1594,#97,$,$,$);
#8581=IFCRELCONNECTSSTRUCTURALMEMBER('03JkFQGqr1ngCHl1xjVNz7',#3,$,$,#8579,#1643,#1681,$,$,$);
#8582=IFCRELASSOCIATESMATERIAL('2haCOyhtL7JObg3QEUkkhc',#3,$,$,(#8579),#8584);
#8583=IFCPRODUCTDEFINITIONSHAPE($,$,(#8585));
#8584=IFCMATERIALPROFILESETUSAGE(#8586,10,$);
#8585=IFCTOPOLOGYREPRESENTATION(#99,$,'Edge',(#8587));
#8586=IFCMATERIALPROFILESET($,$,(#8588),$);
#8587=IFCEDGE(#1606,#1646);
#8588=IFCMATERIALPROFILE($,$,#1704,#1696,$,$);
#8589=IFCSTRUCTURALCURVEMEMBER('1AqV3cBvHD8BlxUEAULvBu',#95,'775',$,$,$,#8593,.RIGID_JOINED_MEMBER.,#7408);
#8590=IFCRELCONNECTSSTRUCTURALMEMBER('0mftKqUuz6U9dy63Zfa23V',#3,$,$,#8589,#1608,#97,$,$,$);
#8591=IFCRELCONNECTSSTRUCTURALMEMBER('1BX6qy1J5BhACVW7FI8Bgl',#3,$,$,#8589,#1668,#1681,$,$,$);
#8592=IFCRELASSOCIATESMATERIAL('05qxOXRXX1wP1rqJi_5o3b',#3,$,$,(#8589),#8594);
#8593=IFCPRODUCTDEFINITIONSHAPE($,$,(#8595));
#8594=IFCMATERIALPROFILESETUSAGE(#8596,10,$);
#8595=IFCTOPOLOGYREPRESENTATION(#99,$,'Edge',(#8597));
#8596=IFCMATERIALPROFILESET($,$,(#8598),$);
#8597=IFCEDGE(#1611,#1671);
#8598=IFCMATERIALPROFILE($,$,#1704,#1696,$,$);
#8599=IFCSTRUCTURALCURVEMEMBER('0XRDxv2M1AJhflWfUR9Crh',#95,'776',$,$,$,#8603,.RIGID_JOINED_MEMBER.,#7408);
#8600=IFCRELCONNECTSSTRUCTURALMEMBER('2SHezjeR9CtRsY9HieH0Iv',#3,$,$,#8599,#1613,#97,$,$,$);
#8601=IFCRELCONNECTSSTRUCTURALMEMBER('3in5LUtu96ZhRcu3O9Y1hU',#3,$,$,#8599,#1521,#1681,$,$,$);
#8602=IFCRELASSOCIATESMATERIAL('0ZszdoSMXFtus5Sap$J1hv',#3,$,$,(#8599),#8604);
#8603=IFCPRODUCTDEFINITIONSHAPE($,$,(#8605));
#8604=IFCMATERIALPROFILESETUSAGE(#8606,10,$);
#8605=IFCTOPOLOGYREPRESENTATION(#99,$,'Edge',(#8607));
#8606=IFCMATERIALPROFILESET($,$,(#8608),$);
#8607=IFCEDGE(#1616,#1524);
#8608=IFCMATERIALPROFILE($,$,#1704,#1696,$,$);
#8609=IFCSTRUCTURALCURVEMEMBER('1yvYp_JMXAuuGPlU$MhXs1',#95,'777',$,$,$,#8613,.RIGID_JOINED_MEMBER.,#7408);
#8610=IFCRELCONNECTSSTRUCTURALMEMBER('3CDHpN6fL8zfrCDf3s6VDt',#3,$,$,#8609,#1618,#97,$,$,$);
#8611=IFCRELCONNECTSSTRUCTURALMEMBER('041KOF$lXCJOFM22yvZeso',#3,$,$,#8609,#1516,#1681,$,$,$);
#8612=IFCRELASSOCIATESMATERIAL('1q7Zv9raj1IhhnWf83urZp',#3,$,$,(#8609),#8614);
#8613=IFCPRODUCTDEFINITIONSHAPE($,$,(#8615));
#8614=IFCMATERIALPROFILESETUSAGE(#8616,10,$);
#8615=IFCTOPOLOGYREPRESENTATION(#99,$,'Edge',(#8617));
#8616=IFCMATERIALPROFILESET($,$,(#8618),$);
#8617=IFCEDGE(#1621,#1519);
#8618=IFCMATERIALPROFILE($,$,#1704,#1696,$,$);
#8619=IFCSTRUCTURALCURVEMEMBER('1seAcURJ5DqxER1Hp8SywY',#95,'778',$,$,$,#8623,.RIGID_JOINED_MEMBER.,#1680);
#8620=IFCRELCONNECTSSTRUCTURALMEMBER('2XvcsWGHfD0uFNesyPukp9',#3,$,$,#8619,#1531,#97,$,$,$);
#8621=IFCRELCONNECTSSTRUCTURALMEMBER('3OK7wjYAjE3R01LAqEFf6L',#3,$,$,#8619,#1526,#1681,$,$,$);
#8622=IFCRELASSOCIATESMATERIAL('219CqOVFrBqwFIV$prg6wN',#3,$,$,(#8619),#8624);
#8623=IFCPRODUCTDEFINITIONSHAPE($,$,(#8625));
#8624=IFCMATERIALPROFILESETUSAGE(#8626,10,$);
#8625=IFCTOPOLOGYREPRESENTATION(#99,$,'Edge',(#8627));
#8626=IFCMATERIALPROFILESET($,$,(#8628),$);
#8627=IFCEDGE(#1534,#1529);
#8628=IFCMATERIALPROFILE($,$,#1704,#1696,$,$);
#8629=IFCSTRUCTURALCURVEMEMBER('2I7b5IAcTAlA8kFFeoP1dU',#95,'779',$,$,$,#8633,.RIGID_JOINED_MEMBER.,#1680);
#8630=IFCRELCONNECTSSTRUCTURALMEMBER('0yPxJxmsn6Xff2GaY5a28i',#3,$,$,#8629,#1550,#97,$,$,$);
#8631=IFCRELCONNECTSSTRUCTURALMEMBER('1M0juR4N12FPiSgw1y2CJZ',#3,$,$,#8629,#1536,#1681,$,$,$);
#8632=IFCRELASSOCIATESMATERIAL('0imssUcJ1EXudQPMWCqGBu',#3,$,$,(#8629),#8634);
#8633=IFCPRODUCTDEFINITIONSHAPE($,$,(#8635));
#8634=IFCMATERIALPROFILESETUSAGE(#8636,10,$);
#8635=IFCTOPOLOGYREPRESENTATION(#99,$,'Edge',(#8637));
#8636=IFCMATERIALPROFILESET($,$,(#8638),$);
#8637=IFCEDGE(#1553,#1548);
#8638=IFCMATERIALPROFILE($,$,#1704,#1696,$,$);
#8639=IFCSTRUCTURALCURVEMEMBER('1l_XDtt1z0vQsHz4_z_mL4',#95,'780',$,$,$,#8643,.RIGID_JOINED_MEMBER.,#1680);
#8640=IFCRELCONNECTSSTRUCTURALMEMBER('1FyWjboiT5mwLaSziMCJaR',#3,$,$,#8639,#1648,#97,$,$,$);
#8641=IFCRELCONNECTSSTRUCTURALMEMBER('25yYiKkVj1uwi1aq$0fBLi',#3,$,$,#8639,#1623,#1681,$,$,$);
#8642=IFCRELASSOCIATESMATERIAL('3B9BZ9b6jD1PEgbSb22aDK',#3,$,$,(#8639),#8644);
#8643=IFCPRODUCTDEFINITIONSHAPE($,$,(#8645));
#8644=IFCMATERIALPROFILESETUSAGE(#8646,10,$);
#8645=IFCTOPOLOGYREPRESENTATION(#99,$,'Edge',(#8647));
#8646=IFCMATERIALPROFILESET($,$,(#8648),$);
#8647=IFCEDGE(#1651,#1626);
#8648=IFCMATERIALPROFILE($,$,#1704,#1696,$,$);
#8649=IFCSTRUCTURALCURVEMEMBER('39MDwGqun57fv$0FPPK9s2',#95,'781',$,$,$,#8653,.RIGID_JOINED_MEMBER.,#1680);
#8650=IFCRELCONNECTSSTRUCTURALMEMBER('3ruTbzx816ueH2v3NWEGpL',#3,$,$,#8649,#1560,#97,$,$,$);
#8651=IFCRELCONNECTSSTRUCTURALMEMBER('3$l5_6jcnCDvY6V53lISv8',#3,$,$,#8649,#1555,#1681,$,$,$);
#8652=IFCRELASSOCIATESMATERIAL('3hrhkxkJD1pxsJn2bScKkG',#3,$,$,(#8649),#8654);
#8653=IFCPRODUCTDEFINITIONSHAPE($,$,(#8655));
#8654=IFCMATERIALPROFILESETUSAGE(#8656,10,$);
#8655=IFCTOPOLOGYREPRESENTATION(#99,$,'Edge',(#8657));
#8656=IFCMATERIALPROFILESET($,$,(#8658),$);
#8657=IFCEDGE(#1563,#1558);
#8658=IFCMATERIALPROFILE($,$,#1704,#1696,$,$);
#8659=IFCSTRUCTURALCURVEMEMBER('01BOaYOPr1qhTJpeKTW4kg',#95,'782',$,$,$,#8663,.RIGID_JOINED_MEMBER.,#1680);
#8660=IFCRELCONNECTSSTRUCTURALMEMBER('3o4X5qQwTC3RTUUsm_DKTQ',#3,$,$,#8659,#1653,#97,$,$,$);
#8661=IFCRELCONNECTSSTRUCTURALMEMBER('1EuE_7NR9BQhzo9wbJStQ7',#3,$,$,#8659,#1628,#1681,$,$,$);
#8662=IFCRELASSOCIATESMATERIAL('0fFyqV7BL9c8Ci8_vZapZ1',#3,$,$,(#8659),#8664);
#8663=IFCPRODUCTDEFINITIONSHAPE($,$,(#8665));
#8664=IFCMATERIALPROFILESETUSAGE(#8666,10,$);
#8665=IFCTOPOLOGYREPRESENTATION(#99,$,'Edge',(#8667));
#8666=IFCMATERIALPROFILESET($,$,(#8668),$);
#8667=IFCEDGE(#1656,#1631);
#8668=IFCMATERIALPROFILE($,$,#1704,#1696,$,$);
#8669=IFCSTRUCTURALCURVEMEMBER('2WN1tyZ5DFAB2MevHD2nyL',#95,'783',$,$,$,#8673,.RIGID_JOINED_MEMBER.,#1680);
#8670=IFCRELCONNECTSSTRUCTURALMEMBER('2gh_Q69F9CzBUn_xb5bGiP',#3,$,$,#8669,#1579,#97,$,$,$);
#8671=IFCRELCONNECTSSTRUCTURALMEMBER('228TeseBv4rAvbsODhTUG4',#3,$,$,#8669,#1565,#1681,$,$,$);
#8672=IFCRELASSOCIATESMATERIAL('22c$rFSKL1r8fKcDgSsEvZ',#3,$,$,(#8669),#8674);
#8673=IFCPRODUCTDEFINITIONSHAPE($,$,(#8675));
#8674=IFCMATERIALPROFILESETUSAGE(#8676,10,$);
#8675=IFCTOPOLOGYREPRESENTATION(#99,$,'Edge',(#8677));
#8676=IFCMATERIALPROFILESET($,$,(#8678),$);
#8677=IFCEDGE(#1582,#1577);
#8678=IFCMATERIALPROFILE($,$,#1704,#1696,$,$);
#8679=IFCSTRUCTURALCURVEMEMBER('3XZI4QH4955AK9Gym66ECj',#95,'784',$,$,$,#8683,.RIGID_JOINED_MEMBER.,#1680);
#8680=IFCRELCONNECTSSTRUCTURALMEMBER('3K0DMfEPzBqgeHBMbu01IU',#3,$,$,#8679,#1658,#97,$,$,$);
#8681=IFCRELCONNECTSSTRUCTURALMEMBER('0qoN9CrPfAqfCdwEWikq6j',#3,$,$,#8679,#1633,#1681,$,$,$);
#8682=IFCRELASSOCIATESMATERIAL('29A6WR9Ej9vBPelLvLE4Sn',#3,$,$,(#8679),#8684);
#8683=IFCPRODUCTDEFINITIONSHAPE($,$,(#8685));
#8684=IFCMATERIALPROFILESETUSAGE(#8686,10,$);
#8685=IFCTOPOLOGYREPRESENTATION(#99,$,'Edge',(#8687));
#8686=IFCMATERIALPROFILESET($,$,(#8688),$);
#8687=IFCEDGE(#1661,#1636);
#8688=IFCMATERIALPROFILE($,$,#1704,#1696,$,$);
#8689=IFCSTRUCTURALCURVEMEMBER('0MbSixFfLCyx8gRGf1AqtK',#95,'785',$,$,$,#8693,.RIGID_JOINED_MEMBER.,#1680);
#8690=IFCRELCONNECTSSTRUCTURALMEMBER('1ls$b4Iz14JhjbUUdhj5o6',#3,$,$,#8689,#1589,#97,$,$,$);
#8691=IFCRELCONNECTSSTRUCTURALMEMBER('15Y_h68bH08fY5M5J6O6cb',#3,$,$,#8689,#1584,#1681,$,$,$);
#8692=IFCRELASSOCIATESMATERIAL('0yQWRhOQv2DA_2yOzX1BBJ',#3,$,$,(#8689),#8694);
#8693=IFCPRODUCTDEFINITIONSHAPE($,$,(#8695));
#8694=IFCMATERIALPROFILESETUSAGE(#8696,10,$);
#8695=IFCTOPOLOGYREPRESENTATION(#99,$,'Edge',(#8697));
#8696=IFCMATERIALPROFILESET($,$,(#8698),$);
#8697=IFCEDGE(#1592,#1587);
#8698=IFCMATERIALPROFILE($,$,#1704,#1696,$,$);
#8699=IFCSTRUCTURALCURVEMEMBER('0HSXGJp5z3SAAQUHJP5EDb',#95,'786',$,$,$,#8703,.RIGID_JOINED_MEMBER.,#1680);
#8700=IFCRELCONNECTSSTRUCTURALMEMBER('1DwQ1fIqH2uw38kE5DBzVL',#3,$,$,#8699,#1663,#97,$,$,$);
#8701=IFCRELCONNECTSSTRUCTURALMEMBER('2$E6d4$I53VvEuEa09HyaA',#3,$,$,#8699,#1638,#1681,$,$,$);
#8702=IFCRELASSOCIATESMATERIAL('3IzpFJoJr7jOp0pUxnZtan',#3,$,$,(#8699),#8704);
#8703=IFCPRODUCTDEFINITIONSHAPE($,$,(#8705));
#8704=IFCMATERIALPROFILESETUSAGE(#8706,10,$);
#8705=IFCTOPOLOGYREPRESENTATION(#99,$,'Edge',(#8707));
#8706=IFCMATERIALPROFILESET($,$,(#8708),$);
#8707=IFCEDGE(#1666,#1641);
#8708=IFCMATERIALPROFILE($,$,#1704,#1696,$,$);
#8709=IFCSTRUCTURALCURVEMEMBER('140BgK79bF48kA_tG4TsGZ',#95,'787',$,$,$,#8713,.RIGID_JOINED_MEMBER.,#1680);
#8710=IFCRELCONNECTSSTRUCTURALMEMBER('1X$lIX7Dz6ffdr0Bmz8Son',#3,$,$,#8709,#1608,#97,$,$,$);
#8711=IFCRELCONNECTSSTRUCTURALMEMBER('3Orxt3DvD8o9CDvswuI28a',#3,$,$,#8709,#1594,#1681,$,$,$);
#8712=IFCRELASSOCIATESMATERIAL('1Cp0xWVfLBU9e1ma$I3$ym',#3,$,$,(#8709),#8714);
#8713=IFCPRODUCTDEFINITIONSHAPE($,$,(#8715));
#8714=IFCMATERIALPROFILESETUSAGE(#8716,10,$);
#8715=IFCTOPOLOGYREPRESENTATION(#99,$,'Edge',(#8717));
#8716=IFCMATERIALPROFILESET($,$,(#8718),$);
#8717=IFCEDGE(#1611,#1606);
#8718=IFCMATERIALPROFILE($,$,#1704,#1696,$,$);
#8719=IFCSTRUCTURALCURVEMEMBER('2QcHkuRPn45AeO5X35rtPj',#95,'788',$,$,$,#8723,.RIGID_JOINED_MEMBER.,#1680);
#8720=IFCRELCONNECTSSTRUCTURALMEMBER('0_UFzDBz9Ezh6Jb$IprnCq',#3,$,$,#8719,#1668,#97,$,$,$);
#8721=IFCRELCONNECTSSTRUCTURALMEMBER('0ccf9AZFnEXA4$85LicPN_',#3,$,$,#8719,#1643,#1681,$,$,$);
#8722=IFCRELASSOCIATESMATERIAL('36y9y9ZVHA7xVZsgfxX2do',#3,$,$,(#8719),#8724);
#8723=IFCPRODUCTDEFINITIONSHAPE($,$,(#8725));
#8724=IFCMATERIALPROFILESETUSAGE(#8726,10,$);
#8725=IFCTOPOLOGYREPRESENTATION(#99,$,'Edge',(#8727));
#8726=IFCMATERIALPROFILESET($,$,(#8728),$);
#8727=IFCEDGE(#1671,#1646);
#8728=IFCMATERIALPROFILE($,$,#1704,#1696,$,$);
#8729=IFCSTRUCTURALCURVEMEMBER('2wnbzBlJfDe8fp4R4W0wDn',#95,'789',$,$,$,#8733,.RIGID_JOINED_MEMBER.,#7090);
#8730=IFCRELCONNECTSSTRUCTURALMEMBER('1kW_bm4eT8eg1nrzS6n8X3',#3,$,$,#8729,#1506,#97,$,$,$);
#8731=IFCRELCONNECTSSTRUCTURALMEMBER('0AbM0595b8bvFZbkJ_LXMX',#3,$,$,#8729,#1536,#1681,$,$,$);
#8732=IFCRELASSOCIATESMATERIAL('3e1xYjn8j4Q99F7KnLg7kf',#3,$,$,(#8729),#8734);
#8733=IFCPRODUCTDEFINITIONSHAPE($,$,(#8735));
#8734=IFCMATERIALPROFILESETUSAGE(#8736,10,$);
#8735=IFCTOPOLOGYREPRESENTATION(#99,$,'Edge',(#8737));
#8736=IFCMATERIALPROFILESET($,$,(#8738),$);
#8737=IFCEDGE(#1509,#1548);
#8738=IFCMATERIALPROFILE($,$,#1704,#2644,$,$);
#8739=IFCSTRUCTURALCURVEMEMBER('2XnTlljHLB9B1RXQNd9VJD',#95,'790',$,$,$,#8743,.RIGID_JOINED_MEMBER.,#7408);
#8740=IFCRELCONNECTSSTRUCTURALMEMBER('1_dVcIV993WBvtK2XCJS4G',#3,$,$,#8739,#1555,#97,$,$,$);
#8741=IFCRELCONNECTSSTRUCTURALMEMBER('1HsHrUSgvFwe45dO7eaU7v',#3,$,$,#8739,#1628,#1681,$,$,$);
#8742=IFCRELASSOCIATESMATERIAL('0IrGt7dTf1NwW8rsXCp2Yu',#3,$,$,(#8739),#8744);
#8743=IFCPRODUCTDEFINITIONSHAPE($,$,(#8745));
#8744=IFCMATERIALPROFILESETUSAGE(#8746,10,$);
#8745=IFCTOPOLOGYREPRESENTATION(#99,$,'Edge',(#8747));
#8746=IFCMATERIALPROFILESET($,$,(#8748),$);
#8747=IFCEDGE(#1558,#1631);
#8748=IFCMATERIALPROFILE($,$,#1704,#1696,$,$);
#8749=IFCSTRUCTURALCURVEMEMBER('0N0ox2A45D6wwWgDeifJ2o',#95,'791',$,$,$,#8753,.RIGID_JOINED_MEMBER.,#7677);
#8750=IFCRELCONNECTSSTRUCTURALMEMBER('1_KmV5hN965wFBk5RhfLgz',#3,$,$,#8749,#1536,#97,$,$,$);
#8751=IFCRELCONNECTSSTRUCTURALMEMBER('125XEgZoP04AJIVcQ6OMYq',#3,$,$,#8749,#1628,#1681,$,$,$);
#8752=IFCRELASSOCIATESMATERIAL('3EU6iY7fX2zOhHsrnNRon$',#3,$,$,(#8749),#8754);
#8753=IFCPRODUCTDEFINITIONSHAPE($,$,(#8755));
#8754=IFCMATERIALPROFILESETUSAGE(#8756,10,$);
#8755=IFCTOPOLOGYREPRESENTATION(#99,$,'Edge',(#8757));
#8756=IFCMATERIALPROFILESET($,$,(#8758),$);
#8757=IFCEDGE(#1548,#1631);
#8758=IFCMATERIALPROFILE($,$,#1704,#2644,$,$);
#8759=IFCSTRUCTURALCURVEMEMBER('1Jjiewq318kRfGE2kDF8Nc',#95,'792',$,$,$,#8763,.RIGID_JOINED_MEMBER.,#7694);
#8760=IFCRELCONNECTSSTRUCTURALMEMBER('39f3LNNlb1tglLQ5DNqkiB',#3,$,$,#8759,#1628,#97,$,$,$);
#8761=IFCRELCONNECTSSTRUCTURALMEMBER('1eRIyyXQHBROsgAQ1ieJTl',#3,$,$,#8759,#1565,#1681,$,$,$);
#8762=IFCRELASSOCIATESMATERIAL('3NTq$IWRz3G91lOJ0eVr9n',#3,$,$,(#8759),#8764);
#8763=IFCPRODUCTDEFINITIONSHAPE($,$,(#8765));
#8764=IFCMATERIALPROFILESETUSAGE(#8766,10,$);
#8765=IFCTOPOLOGYREPRESENTATION(#99,$,'Edge',(#8767));
#8766=IFCMATERIALPROFILESET($,$,(#8768),$);
#8767=IFCEDGE(#1631,#1577);
#8768=IFCMATERIALPROFILE($,$,#1704,#2644,$,$);
#8769=IFCSTRUCTURALCURVEMEMBER('0ACVj0Ekj5rOKcPfvYKCvy',#95,'793',$,$,$,#8773,.RIGID_JOINED_MEMBER.,#7677);
#8770=IFCRELCONNECTSSTRUCTURALMEMBER('2ipISVMojCgeTLYsHcYSRO',#3,$,$,#8769,#1565,#97,$,$,$);
#8771=IFCRELCONNECTSSTRUCTURALMEMBER('38l138S_DDuBnHZIYXUbtS',#3,$,$,#8769,#1638,#1681,$,$,$);
#8772=IFCRELASSOCIATESMATERIAL('3f3XUyyQn2qO0WNwIHvaXB',#3,$,$,(#8769),#8774);
#8773=IFCPRODUCTDEFINITIONSHAPE($,$,(#8775));
#8774=IFCMATERIALPROFILESETUSAGE(#8776,10,$);
#8775=IFCTOPOLOGYREPRESENTATION(#99,$,'Edge',(#8777));
#8776=IFCMATERIALPROFILESET($,$,(#8778),$);
#8777=IFCEDGE(#1577,#1641);
#8778=IFCMATERIALPROFILE($,$,#1704,#2644,$,$);
#8779=IFCSTRUCTURALCURVEMEMBER('19TxCKeBTApwxQwAfbv_Db',#95,'794',$,$,$,#8783,.RIGID_JOINED_MEMBER.,#7694);
#8780=IFCRELCONNECTSSTRUCTURALMEMBER('3QVjLC5BL0COmwFoFDediQ',#3,$,$,#8779,#1638,#97,$,$,$);
#8781=IFCRELCONNECTSSTRUCTURALMEMBER('3$uL0kGyL24wHcWriDh_up',#3,$,$,#8779,#1594,#1681,$,$,$);
#8782=IFCRELASSOCIATESMATERIAL('1Pj$qVZND5l8N9fqCUYJOv',#3,$,$,(#8779),#8784);
#8783=IFCPRODUCTDEFINITIONSHAPE($,$,(#8785));
#8784=IFCMATERIALPROFILESETUSAGE(#8786,10,$);
#8785=IFCTOPOLOGYREPRESENTATION(#99,$,'Edge',(#8787));
#8786=IFCMATERIALPROFILESET($,$,(#8788),$);
#8787=IFCEDGE(#1641,#1606);
#8788=IFCMATERIALPROFILE($,$,#1704,#2644,$,$);
#8789=IFCSTRUCTURALCURVEMEMBER('3CdBcuLVPA2Q_SVnwuTYbl',#95,'795',$,$,$,#8793,.RIGID_JOINED_MEMBER.,#7078);
#8790=IFCRELCONNECTSSTRUCTURALMEMBER('0rYZat_gj5ieOGNj2X4_kD',#3,$,$,#8789,#1594,#97,$,$,$);
#8791=IFCRELCONNECTSSTRUCTURALMEMBER('1anxos1OzCm9qbMKuId5EO',#3,$,$,#8789,#1521,#1681,$,$,$);
#8792=IFCRELASSOCIATESMATERIAL('177gvmyT5FaRjT7zkg4SZx',#3,$,$,(#8789),#8794);
#8793=IFCPRODUCTDEFINITIONSHAPE($,$,(#8795));
#8794=IFCMATERIALPROFILESETUSAGE(#8796,10,$);
#8795=IFCTOPOLOGYREPRESENTATION(#99,$,'Edge',(#8797));
#8796=IFCMATERIALPROFILESET($,$,(#8798),$);
#8797=IFCEDGE(#1606,#1524);
#8798=IFCMATERIALPROFILE($,$,#1704,#2644,$,$);
#8799=IFCSTRUCTURALCURVEMEMBER('2$q8qL6e14ZhVbPP6aUexS',#95,'796',$,$,$,#8803,.RIGID_JOINED_MEMBER.,#7090);
#8800=IFCRELCONNECTSSTRUCTURALMEMBER('0kYFEjzCf8iuARQ80C4Kxi',#3,$,$,#8799,#1511,#97,$,$,$);
#8801=IFCRELCONNECTSSTRUCTURALMEMBER('0I6cXihZ98zPIvAe2UzqKr',#3,$,$,#8799,#1550,#1681,$,$,$);
#8802=IFCRELASSOCIATESMATERIAL('2gtCufZEb0CvRUWny8P9c7',#3,$,$,(#8799),#8804);
#8803=IFCPRODUCTDEFINITIONSHAPE($,$,(#8805));
#8804=IFCMATERIALPROFILESETUSAGE(#8806,10,$);
#8805=IFCTOPOLOGYREPRESENTATION(#99,$,'Edge',(#8807));
#8806=IFCMATERIALPROFILESET($,$,(#8808),$);
#8807=IFCEDGE(#1514,#1553);
#8808=IFCMATERIALPROFILE($,$,#1704,#2644,$,$);
#8809=IFCSTRUCTURALCURVEMEMBER('366E9bj3D1qRyLxiF5qZd7',#95,'797',$,$,$,#8813,.RIGID_JOINED_MEMBER.,#7677);
#8810=IFCRELCONNECTSSTRUCTURALMEMBER('39ae9oPdr0WxYTBq8iH$O9',#3,$,$,#8809,#1550,#97,$,$,$);
#8811=IFCRELCONNECTSSTRUCTURALMEMBER('1IHJIU5Xj4jgq8FyGKpN68',#3,$,$,#8809,#1653,#1681,$,$,$);
#8812=IFCRELASSOCIATESMATERIAL('0o4MvWEIb8Ier8Y1qGJJZZ',#3,$,$,(#8809),#8814);
#8813=IFCPRODUCTDEFINITIONSHAPE($,$,(#8815));
#8814=IFCMATERIALPROFILESETUSAGE(#8816,10,$);
#8815=IFCTOPOLOGYREPRESENTATION(#99,$,'Edge',(#8817));
#8816=IFCMATERIALPROFILESET($,$,(#8818),$);
#8817=IFCEDGE(#1553,#1656);
#8818=IFCMATERIALPROFILE($,$,#1704,#2644,$,$);
#8819=IFCSTRUCTURALCURVEMEMBER('19YTJtiNP21vFySOBeFq00',#95,'798',$,$,$,#8823,.RIGID_JOINED_MEMBER.,#7694);
#8820=IFCRELCONNECTSSTRUCTURALMEMBER('3GdXKOMgvAyPOUjrV0dDsz',#3,$,$,#8819,#1653,#97,$,$,$);
#8821=IFCRELCONNECTSSTRUCTURALMEMBER('0BUNGfOA90KRDrBRcH3hjV',#3,$,$,#8819,#1579,#1681,$,$,$);
#8822=IFCRELASSOCIATESMATERIAL('2bfhguNAv2Cev0YQ5q$QSW',#3,$,$,(#8819),#8824);
#8823=IFCPRODUCTDEFINITIONSHAPE($,$,(#8825));
#8824=IFCMATERIALPROFILESETUSAGE(#8826,10,$);
#8825=IFCTOPOLOGYREPRESENTATION(#99,$,'Edge',(#8827));
#8826=IFCMATERIALPROFILESET($,$,(#8828),$);
#8827=IFCEDGE(#1656,#1582);
#8828=IFCMATERIALPROFILE($,$,#1704,#2644,$,$);
#8829=IFCSTRUCTURALCURVEMEMBER('0wrUvKrSLCSQMMpkktX0kN',#95,'799',$,$,$,#8833,.RIGID_JOINED_MEMBER.,#7677);
#8830=IFCRELCONNECTSSTRUCTURALMEMBER('0BxWeq0_T9MeIusajxfUhU',#3,$,$,#8829,#1579,#97,$,$,$);
#8831=IFCRELCONNECTSSTRUCTURALMEMBER('15Rp4dKJjDTxT$CbAbzeGk',#3,$,$,#8829,#1663,#1681,$,$,$);
#8832=IFCRELASSOCIATESMATERIAL('1bSCEvCHj9Dx3WKBHr9Lex',#3,$,$,(#8829),#8834);
#8833=IFCPRODUCTDEFINITIONSHAPE($,$,(#8835));
#8834=IFCMATERIALPROFILESETUSAGE(#8836,10,$);
#8835=IFCTOPOLOGYREPRESENTATION(#99,$,'Edge',(#8837));
#8836=IFCMATERIALPROFILESET($,$,(#8838),$);
#8837=IFCEDGE(#1582,#1666);
#8838=IFCMATERIALPROFILE($,$,#1704,#2644,$,$);
#8839=IFCSTRUCTURALCURVEMEMBER('0OnmuFJGv07Qs26yBshsL$',#95,'800',$,$,$,#8843,.RIGID_JOINED_MEMBER.,#7694);
#8840=IFCRELCONNECTSSTRUCTURALMEMBER('2OhrSnQbv2ne_uzmwWdWQf',#3,$,$,#8839,#1663,#97,$,$,$);
#8841=IFCRELCONNECTSSTRUCTURALMEMBER('2jCGx$VWDEsQ$BCvAPIkp$',#3,$,$,#8839,#1608,#1681,$,$,$);
#8842=IFCRELASSOCIATESMATERIAL('2i2RT6ZoP1AP0q2cf8svsG',#3,$,$,(#8839),#8844);
#8843=IFCPRODUCTDEFINITIONSHAPE($,$,(#8845));
#8844=IFCMATERIALPROFILESETUSAGE(#8846,10,$);
#8845=IFCTOPOLOGYREPRESENTATION(#99,$,'Edge',(#8847));
#8846=IFCMATERIALPROFILESET($,$,(#8848),$);
#8847=IFCEDGE(#1666,#1611);
#8848=IFCMATERIALPROFILE($,$,#1704,#2644,$,$);
#8849=IFCSTRUCTURALCURVEMEMBER('0FqxN0pYnAW984IVgLAM$I',#95,'801',$,$,$,#8853,.RIGID_JOINED_MEMBER.,#7078);
#8850=IFCRELCONNECTSSTRUCTURALMEMBER('2_Mgvlj3j6MhWHLQjMuC3E',#3,$,$,#8849,#1608,#97,$,$,$);
#8851=IFCRELCONNECTSSTRUCTURALMEMBER('2xm6AtB$f4jAq7F6RNwkGw',#3,$,$,#8849,#1516,#1681,$,$,$);
#8852=IFCRELASSOCIATESMATERIAL('0GKXVHCRvF8Ok4EJKXD$am',#3,$,$,(#8849),#8854);
#8853=IFCPRODUCTDEFINITIONSHAPE($,$,(#8855));
#8854=IFCMATERIALPROFILESETUSAGE(#8856,10,$);
#8855=IFCTOPOLOGYREPRESENTATION(#99,$,'Edge',(#8857));
#8856=IFCMATERIALPROFILESET($,$,(#8858),$);
#8857=IFCEDGE(#1611,#1519);
#8858=IFCMATERIALPROFILE($,$,#1704,#2644,$,$);
#8859=IFCSTRUCTURALCURVEMEMBER('25_ddFcCnEVvQO1TVMASg7',#95,'802',$,$,$,#8863,.RIGID_JOINED_MEMBER.,#1680);
#8860=IFCRELCONNECTSSTRUCTURALMEMBER('22A0xd8mz1yuCpFNDdHbGk',#3,$,$,#8859,#1531,#97,$,$,$);
#8861=IFCRELCONNECTSSTRUCTURALMEMBER('02zMXiLbfCReSRDoDOIyYT',#3,$,$,#8859,#1536,#1681,$,$,$);
#8862=IFCRELASSOCIATESMATERIAL('1TIaS$Yw5DCfJPDSOu8TQz',#3,$,$,(#8859),#8864);
#8863=IFCPRODUCTDEFINITIONSHAPE($,$,(#8865));
#8864=IFCMATERIALPROFILESETUSAGE(#8866,10,$);
#8865=IFCTOPOLOGYREPRESENTATION(#99,$,'Edge',(#8867));
#8866=IFCMATERIALPROFILESET($,$,(#8868),$);
#8867=IFCEDGE(#1534,#1548);
#8868=IFCMATERIALPROFILE($,$,#1704,#1696,$,$);
#8869=IFCSTRUCTURALCURVEMEMBER('208_3B_Q13bhvxM5CLxmXI',#95,'803',$,$,$,#8873,.RIGID_JOINED_MEMBER.,#1680);
#8870=IFCRELCONNECTSSTRUCTURALMEMBER('21n79V_un2DuWEyO_nLyYa',#3,$,$,#8869,#1536,#97,$,$,$);
#8871=IFCRELCONNECTSSTRUCTURALMEMBER('2dHkKA2jrB_PnchR60ZeTz',#3,$,$,#8869,#1560,#1681,$,$,$);
#8872=IFCRELASSOCIATESMATERIAL('1eGZj03fr40RalQpnXy0kd',#3,$,$,(#8869),#8874);
#8873=IFCPRODUCTDEFINITIONSHAPE($,$,(#8875));
#8874=IFCMATERIALPROFILESETUSAGE(#8876,10,$);
#8875=IFCTOPOLOGYREPRESENTATION(#99,$,'Edge',(#8877));
#8876=IFCMATERIALPROFILESET($,$,(#8878),$);
#8877=IFCEDGE(#1548,#1563);
#8878=IFCMATERIALPROFILE($,$,#1704,#1696,$,$);
#8879=IFCSTRUCTURALCURVEMEMBER('1nNxoeOCX8CBhN3SfOrwO$',#95,'804',$,$,$,#8883,.RIGID_JOINED_MEMBER.,#1680);
#8880=IFCRELCONNECTSSTRUCTURALMEMBER('21$knVCQj1_Pm6rDJ$dYTv',#3,$,$,#8879,#1560,#97,$,$,$);
#8881=IFCRELCONNECTSSTRUCTURALMEMBER('3G7nvuHXvESOtK8uCvulIy',#3,$,$,#8879,#1565,#1681,$,$,$);
#8882=IFCRELASSOCIATESMATERIAL('3CMK2q4nv8vOPMnLHijJn5',#3,$,$,(#8879),#8884);
#8883=IFCPRODUCTDEFINITIONSHAPE($,$,(#8885));
#8884=IFCMATERIALPROFILESETUSAGE(#8886,10,$);
#8885=IFCTOPOLOGYREPRESENTATION(#99,$,'Edge',(#8887));
#8886=IFCMATERIALPROFILESET($,$,(#8888),$);
#8887=IFCEDGE(#1563,#1577);
#8888=IFCMATERIALPROFILE($,$,#1704,#1696,$,$);
#8889=IFCSTRUCTURALCURVEMEMBER('3L965IWp16YB9DGSzhmULT',#95,'805',$,$,$,#8893,.RIGID_JOINED_MEMBER.,#1680);
#8890=IFCRELCONNECTSSTRUCTURALMEMBER('3S37$QsxH9U85sjUY2BeN3',#3,$,$,#8889,#1565,#97,$,$,$);
#8891=IFCRELCONNECTSSTRUCTURALMEMBER('0aL2SFhQX168IEtfL9ut_T',#3,$,$,#8889,#1589,#1681,$,$,$);
#8892=IFCRELASSOCIATESMATERIAL('3xOZsVUDrFDPgCgU6jzM0j',#3,$,$,(#8889),#8894);
#8893=IFCPRODUCTDEFINITIONSHAPE($,$,(#8895));
#8894=IFCMATERIALPROFILESETUSAGE(#8896,10,$);
#8895=IFCTOPOLOGYREPRESENTATION(#99,$,'Edge',(#8897));
#8896=IFCMATERIALPROFILESET($,$,(#8898),$);
#8897=IFCEDGE(#1577,#1592);
#8898=IFCMATERIALPROFILE($,$,#1704,#1696,$,$);
#8899=IFCSTRUCTURALCURVEMEMBER('2VCjKKuM5FWOfSITlYjifA',#95,'806',$,$,$,#8903,.RIGID_JOINED_MEMBER.,#1680);
#8900=IFCRELCONNECTSSTRUCTURALMEMBER('1N_vOEK0f57xKjYV08oIKD',#3,$,$,#8899,#1589,#97,$,$,$);
#8901=IFCRELCONNECTSSTRUCTURALMEMBER('1jTvAkFBDB8RYZ0tddRt5L',#3,$,$,#8899,#1594,#1681,$,$,$);
#8902=IFCRELASSOCIATESMATERIAL('3CQCs5_8v0ixWy3inCJDM9',#3,$,$,(#8899),#8904);
#8903=IFCPRODUCTDEFINITIONSHAPE($,$,(#8905));
#8904=IFCMATERIALPROFILESETUSAGE(#8906,10,$);
#8905=IFCTOPOLOGYREPRESENTATION(#99,$,'Edge',(#8907));
#8906=IFCMATERIALPROFILESET($,$,(#8908),$);
#8907=IFCEDGE(#1592,#1606);
#8908=IFCMATERIALPROFILE($,$,#1704,#1696,$,$);
#8909=IFCSTRUCTURALCURVEMEMBER('1A$IWINKT27upSaLP6qwxh',#95,'807',$,$,$,#8913,.RIGID_JOINED_MEMBER.,#1680);
#8910=IFCRELCONNECTSSTRUCTURALMEMBER('18w$3gm9170wXyUW3Otpy_',#3,$,$,#8909,#1594,#97,$,$,$);
#8911=IFCRELCONNECTSSTRUCTURALMEMBER('0KD8EN6Pn3EO7aMIcEtSGR',#3,$,$,#8909,#1618,#1681,$,$,$);
#8912=IFCRELASSOCIATESMATERIAL('3Pj7Mvulr1LOtMNSgj3d8k',#3,$,$,(#8909),#8914);
#8913=IFCPRODUCTDEFINITIONSHAPE($,$,(#8915));
#8914=IFCMATERIALPROFILESETUSAGE(#8916,10,$);
#8915=IFCTOPOLOGYREPRESENTATION(#99,$,'Edge',(#8917));
#8916=IFCMATERIALPROFILESET($,$,(#8918),$);
#8917=IFCEDGE(#1606,#1621);
#8918=IFCMATERIALPROFILE($,$,#1704,#1696,$,$);
#8919=IFCSTRUCTURALCURVEMEMBER('0novwX9O10TfY1mlsagaJt',#95,'808',$,$,$,#8923,.RIGID_JOINED_MEMBER.,#1680);
#8920=IFCRELCONNECTSSTRUCTURALMEMBER('34uzx24MT60gsEqS8xU5J2',#3,$,$,#8919,#1618,#97,$,$,$);
#8921=IFCRELCONNECTSSTRUCTURALMEMBER('0xmjVZADjFYfeKXJoWehwo',#3,$,$,#8919,#1613,#1681,$,$,$);
#8922=IFCRELASSOCIATESMATERIAL('2cGNWFQRjDRA6jKhEos9CI',#3,$,$,(#8919),#8924);
#8923=IFCPRODUCTDEFINITIONSHAPE($,$,(#8925));
#8924=IFCMATERIALPROFILESETUSAGE(#8926,10,$);
#8925=IFCTOPOLOGYREPRESENTATION(#99,$,'Edge',(#8927));
#8926=IFCMATERIALPROFILESET($,$,(#8928),$);
#8927=IFCEDGE(#1621,#1616);
#8928=IFCMATERIALPROFILE($,$,#1704,#1696,$,$);
#8929=IFCSTRUCTURALCURVEMEMBER('3Vh0d1qHvEIhAxyatWNac4',#95,'809',$,$,$,#8933,.RIGID_JOINED_MEMBER.,#1680);
#8930=IFCRELCONNECTSSTRUCTURALMEMBER('03Ix5hbPDD7OWOqacGmNlc',#3,$,$,#8929,#1511,#97,$,$,$);
#8931=IFCRELCONNECTSSTRUCTURALMEMBER('34a8XbovP0BBcWVBgHkdFg',#3,$,$,#8929,#1623,#1681,$,$,$);
#8932=IFCRELASSOCIATESMATERIAL('2zhjB2z59809HUgyBR9TKI',#3,$,$,(#8929),#8934);
#8933=IFCPRODUCTDEFINITIONSHAPE($,$,(#8935));
#8934=IFCMATERIALPROFILESETUSAGE(#8936,10,$);
#8935=IFCTOPOLOGYREPRESENTATION(#99,$,'Edge',(#8937));
#8936=IFCMATERIALPROFILESET($,$,(#8938),$);
#8937=IFCEDGE(#1514,#1626);
#8938=IFCMATERIALPROFILE($,$,#1704,#1696,$,$);
#8939=IFCSTRUCTURALCURVEMEMBER('0lbiRaIQbCawey0LSmsjRj',#95,'810',$,$,$,#8943,.RIGID_JOINED_MEMBER.,#1680);
#8940=IFCRELCONNECTSSTRUCTURALMEMBER('2aWT9I8rL2ZOjtN0L3DaLL',#3,$,$,#8939,#1623,#97,$,$,$);
#8941=IFCRELCONNECTSSTRUCTURALMEMBER('346IDLVLT0zPWyMGXCsYWZ',#3,$,$,#8939,#1653,#1681,$,$,$);
#8942=IFCRELASSOCIATESMATERIAL('1ZbVuojQL5dAODEtq5imc5',#3,$,$,(#8939),#8944);
#8943=IFCPRODUCTDEFINITIONSHAPE($,$,(#8945));
#8944=IFCMATERIALPROFILESETUSAGE(#8946,10,$);
#8945=IFCTOPOLOGYREPRESENTATION(#99,$,'Edge',(#8947));
#8946=IFCMATERIALPROFILESET($,$,(#8948),$);
#8947=IFCEDGE(#1626,#1656);
#8948=IFCMATERIALPROFILE($,$,#1704,#1696,$,$);
#8949=IFCSTRUCTURALCURVEMEMBER('3pa_ZtFD59B9bpyk64GRCT',#95,'811',$,$,$,#8953,.RIGID_JOINED_MEMBER.,#1680);
#8950=IFCRELCONNECTSSTRUCTURALMEMBER('2ztbcZmGj6_eIXAaAlu3Wk',#3,$,$,#8949,#1653,#97,$,$,$);
#8951=IFCRELCONNECTSSTRUCTURALMEMBER('1wcU79hsj6l9u5zo6WOcZJ',#3,$,$,#8949,#1633,#1681,$,$,$);
#8952=IFCRELASSOCIATESMATERIAL('20kOBnc755dO7Sun3HRqBA',#3,$,$,(#8949),#8954);
#8953=IFCPRODUCTDEFINITIONSHAPE($,$,(#8955));
#8954=IFCMATERIALPROFILESETUSAGE(#8956,10,$);
#8955=IFCTOPOLOGYREPRESENTATION(#99,$,'Edge',(#8957));
#8956=IFCMATERIALPROFILESET($,$,(#8958),$);
#8957=IFCEDGE(#1656,#1636);
#8958=IFCMATERIALPROFILE($,$,#1704,#1696,$,$);
#8959=IFCSTRUCTURALCURVEMEMBER('1loFvE$LjEivA1SRd$jE24',#95,'812',$,$,$,#8963,.RIGID_JOINED_MEMBER.,#1680);
#8960=IFCRELCONNECTSSTRUCTURALMEMBER('2fdSD6VDz5le4Hu2St6$F4',#3,$,$,#8959,#1633,#97,$,$,$);
#8961=IFCRELCONNECTSSTRUCTURALMEMBER('1tz6n5$DX6IxcNDu6y9QF9',#3,$,$,#8959,#1663,#1681,$,$,$);
#8962=IFCRELASSOCIATESMATERIAL('061b9Wk492lBlSFAP7TZOy',#3,$,$,(#8959),#8964);
#8963=IFCPRODUCTDEFINITIONSHAPE($,$,(#8965));
#8964=IFCMATERIALPROFILESETUSAGE(#8966,10,$);
#8965=IFCTOPOLOGYREPRESENTATION(#99,$,'Edge',(#8967));
#8966=IFCMATERIALPROFILESET($,$,(#8968),$);
#8967=IFCEDGE(#1636,#1666);
#8968=IFCMATERIALPROFILE($,$,#1704,#1696,$,$);
#8969=IFCSTRUCTURALCURVEMEMBER('3vFJ6FdOvDjAUoD9YZacXX',#95,'813',$,$,$,#8973,.RIGID_JOINED_MEMBER.,#1680);
#8970=IFCRELCONNECTSSTRUCTURALMEMBER('3ZnFvQSIH0Hw9kQfl5ynft',#3,$,$,#8969,#1663,#97,$,$,$);
#8971=IFCRELCONNECTSSTRUCTURALMEMBER('1nGM_JJQTAwOOHmmHaky5k',#3,$,$,#8969,#1643,#1681,$,$,$);
#8972=IFCRELASSOCIATESMATERIAL('1BocV3d8TAEe551jxbpNHz',#3,$,$,(#8969),#8974);
#8973=IFCPRODUCTDEFINITIONSHAPE($,$,(#8975));
#8974=IFCMATERIALPROFILESETUSAGE(#8976,10,$);
#8975=IFCTOPOLOGYREPRESENTATION(#99,$,'Edge',(#8977));
#8976=IFCMATERIALPROFILESET($,$,(#8978),$);
#8977=IFCEDGE(#1666,#1646);
#8978=IFCMATERIALPROFILE($,$,#1704,#1696,$,$);
#8979=IFCSTRUCTURALCURVEMEMBER('1CMvrI_3L2eg1nJ9uX_mwT',#95,'814',$,$,$,#8983,.RIGID_JOINED_MEMBER.,#1680);
#8980=IFCRELCONNECTSSTRUCTURALMEMBER('0UlPvgJ3fDneCmbVlF22ZE',#3,$,$,#8979,#1643,#97,$,$,$);
#8981=IFCRELCONNECTSSTRUCTURALMEMBER('3$fAZg5Xf5Hu$n2j3Or6w6',#3,$,$,#8979,#1516,#1681,$,$,$);
#8982=IFCRELASSOCIATESMATERIAL('1kz2dx5YnAcPzUvIPlYxMY',#3,$,$,(#8979),#8984);
#8983=IFCPRODUCTDEFINITIONSHAPE($,$,(#8985));
#8984=IFCMATERIALPROFILESETUSAGE(#8986,10,$);
#8985=IFCTOPOLOGYREPRESENTATION(#99,$,'Edge',(#8987));
#8986=IFCMATERIALPROFILESET($,$,(#8988),$);
#8987=IFCEDGE(#1646,#1519);
#8988=IFCMATERIALPROFILE($,$,#1704,#1696,$,$);
#8989=IFCSTRUCTURALCURVEMEMBER('1TaRDvBknDTRN34$_sc7bf',#95,'815',$,$,$,#8993,.RIGID_JOINED_MEMBER.,#7932);
#8990=IFCRELCONNECTSSTRUCTURALMEMBER('0iErh06NTCV8BAksmLOKPb',#3,$,$,#8989,#1511,#97,$,$,$);
#8991=IFCRELCONNECTSSTRUCTURALMEMBER('0UVMoBT_z9kuTj6C2MA_gK',#3,$,$,#8989,#526,#1681,$,$,$);
#8992=IFCRELASSOCIATESMATERIAL('2EePttlOz0s8mm5vRNotgy',#3,$,$,(#8989),#8994);
#8993=IFCPRODUCTDEFINITIONSHAPE($,$,(#8995));
#8994=IFCMATERIALPROFILESETUSAGE(#8996,10,$);
#8995=IFCTOPOLOGYREPRESENTATION(#99,$,'Edge',(#8997));
#8996=IFCMATERIALPROFILESET($,$,(#8998),$);
#8997=IFCEDGE(#1514,#529);
#8998=IFCMATERIALPROFILE($,$,#1704,#2644,$,$);
#8999=IFCSTRUCTURALCURVEMEMBER('1IvMQ0M4TFMu9uStPQ3od9',#95,'816',$,$,$,#9003,.RIGID_JOINED_MEMBER.,#7943);
#9000=IFCRELCONNECTSSTRUCTURALMEMBER('1dWeDyjj9Fne4Y2zHmL9JE',#3,$,$,#8999,#1516,#97,$,$,$);
#9001=IFCRELCONNECTSSTRUCTURALMEMBER('0bAJjmB_59XOenHiAAMxd5',#3,$,$,#8999,#930,#1681,$,$,$);
#9002=IFCRELASSOCIATESMATERIAL('2IpijXK7L0B9KXD2Z8v2_U',#3,$,$,(#8999),#9004);
#9003=IFCPRODUCTDEFINITIONSHAPE($,$,(#9005));
#9004=IFCMATERIALPROFILESETUSAGE(#9006,10,$);
#9005=IFCTOPOLOGYREPRESENTATION(#99,$,'Edge',(#9007));
#9006=IFCMATERIALPROFILESET($,$,(#9008),$);
#9007=IFCEDGE(#1519,#933);
#9008=IFCMATERIALPROFILE($,$,#1704,#2644,$,$);
#9009=IFCSTRUCTURALCURVEMEMBER('2GD5BTGNb3VA9k50Gp$Kw7',#95,'817',$,$,$,#9013,.RIGID_JOINED_MEMBER.,#1680);
#9010=IFCRELCONNECTSSTRUCTURALMEMBER('3uG1g96DLEi8aaefrAmore',#3,$,$,#9009,#1531,#97,$,$,$);
#9011=IFCRELCONNECTSSTRUCTURALMEMBER('0FVjw7_91ETh0T9I$g3$sL',#3,$,$,#9009,#526,#1681,$,$,$);
#9012=IFCRELASSOCIATESMATERIAL('1NTZcH5EP11h0e3U34U_iA',#3,$,$,(#9009),#9014);
#9013=IFCPRODUCTDEFINITIONSHAPE($,$,(#9015));
#9014=IFCMATERIALPROFILESETUSAGE(#9016,10,$);
#9015=IFCTOPOLOGYREPRESENTATION(#99,$,'Edge',(#9017));
#9016=IFCMATERIALPROFILESET($,$,(#9018),$);
#9017=IFCEDGE(#1534,#529);
#9018=IFCMATERIALPROFILE($,$,#1704,#1696,$,$);
#9019=IFCSTRUCTURALCURVEMEMBER('04zucnt1P0evMfyqoIWoIa',#95,'818',$,$,$,#9023,.RIGID_JOINED_MEMBER.,#1680);
#9020=IFCRELCONNECTSSTRUCTURALMEMBER('32D1wcPE19uvaraeXzwDUL',#3,$,$,#9019,#1618,#97,$,$,$);
#9021=IFCRELCONNECTSSTRUCTURALMEMBER('2UWKJhYorFlevn2DK9_mWA',#3,$,$,#9019,#930,#1681,$,$,$);
#9022=IFCRELASSOCIATESMATERIAL('1PVt8Y2Aj0qAlbgfc1X09w',#3,$,$,(#9019),#9024);
#9023=IFCPRODUCTDEFINITIONSHAPE($,$,(#9025));
#9024=IFCMATERIALPROFILESETUSAGE(#9026,10,$);
#9025=IFCTOPOLOGYREPRESENTATION(#99,$,'Edge',(#9027));
#9026=IFCMATERIALPROFILESET($,$,(#9028),$);
#9027=IFCEDGE(#1621,#933);
#9028=IFCMATERIALPROFILE($,$,#1704,#1696,$,$);
#9029=IFCSTRUCTURALCURVEMEMBER('0z06kvETDAeAggx_8FXy1G',#95,'819',$,$,$,#9033,.RIGID_JOINED_MEMBER.,#1680);
#9030=IFCRELCONNECTSSTRUCTURALMEMBER('1d6mV1u2b3bAed$IuYjFG4',#3,$,$,#9029,#1526,#97,$,$,$);
#9031=IFCRELCONNECTSSTRUCTURALMEMBER('0dBgl5pln7ywHs6peDvqqU',#3,$,$,#9029,#536,#1681,$,$,$);
#9032=IFCRELASSOCIATESMATERIAL('1BfbtPDljFtxxL_DkiWlrN',#3,$,$,(#9029),#9034);
#9033=IFCPRODUCTDEFINITIONSHAPE($,$,(#9035));
#9034=IFCMATERIALPROFILESETUSAGE(#9036,10,$);
#9035=IFCTOPOLOGYREPRESENTATION(#99,$,'Edge',(#9037));
#9036=IFCMATERIALPROFILESET($,$,(#9038),$);
#9037=IFCEDGE(#1529,#539);
#9038=IFCMATERIALPROFILE($,$,#1704,#1696,$,$);
#9039=IFCSTRUCTURALCURVEMEMBER('1r1CyyO8n9GuqM1Q8zbxnJ',#95,'820',$,$,$,#9043,.RIGID_JOINED_MEMBER.,#7984);
#9040=IFCRELCONNECTSSTRUCTURALMEMBER('2KI$yrdKH1uhBSfFn6o_ru',#3,$,$,#9039,#1506,#97,$,$,$);
#9041=IFCRELCONNECTSSTRUCTURALMEMBER('07LF9qwdjFBwkorNUbuEAq',#3,$,$,#9039,#536,#1681,$,$,$);
#9042=IFCRELASSOCIATESMATERIAL('198qrehdTBqh5urqjYyvLD',#3,$,$,(#9039),#9044);
#9043=IFCPRODUCTDEFINITIONSHAPE($,$,(#9045));
#9044=IFCMATERIALPROFILESETUSAGE(#9046,10,$);
#9045=IFCTOPOLOGYREPRESENTATION(#99,$,'Edge',(#9047));
#9046=IFCMATERIALPROFILESET($,$,(#9048),$);
#9047=IFCEDGE(#1509,#539);
#9048=IFCMATERIALPROFILE($,$,#1704,#2644,$,$);
#9049=IFCSTRUCTURALCURVEMEMBER('37irjY8P57jPkZBt$yxYnF',#95,'821',$,$,$,#9053,.RIGID_JOINED_MEMBER.,#7995);
#9050=IFCRELCONNECTSSTRUCTURALMEMBER('2xaAekkmH89usCJKKxHnXt',#3,$,$,#9049,#1521,#97,$,$,$);
#9051=IFCRELCONNECTSSTRUCTURALMEMBER('1_lNYOOkH2Tee5ilWdDXwz',#3,$,$,#9049,#960,#1681,$,$,$);
#9052=IFCRELASSOCIATESMATERIAL('0i2vtp16zBaAc015ennBuC',#3,$,$,(#9049),#9054);
#9053=IFCPRODUCTDEFINITIONSHAPE($,$,(#9055));
#9054=IFCMATERIALPROFILESETUSAGE(#9056,10,$);
#9055=IFCTOPOLOGYREPRESENTATION(#99,$,'Edge',(#9057));
#9056=IFCMATERIALPROFILESET($,$,(#9058),$);
#9057=IFCEDGE(#1524,#963);
#9058=IFCMATERIALPROFILE($,$,#1704,#2644,$,$);
#9059=IFCSTRUCTURALCURVEMEMBER('1DTaShwdH7uw8vuwBfuFwM',#95,'822',$,$,$,#9063,.RIGID_JOINED_MEMBER.,#1680);
#9060=IFCRELCONNECTSSTRUCTURALMEMBER('1W_kegrur5$BNTNUSSWIg8',#3,$,$,#9059,#1613,#97,$,$,$);
#9061=IFCRELCONNECTSSTRUCTURALMEMBER('2tvRah96X3qBrzj6sL6rZ9',#3,$,$,#9059,#960,#1681,$,$,$);
#9062=IFCRELASSOCIATESMATERIAL('3Gvja3cIr0KOV9Gdbeo7zA',#3,$,$,(#9059),#9064);
#9063=IFCPRODUCTDEFINITIONSHAPE($,$,(#9065));
#9064=IFCMATERIALPROFILESETUSAGE(#9066,10,$);
#9065=IFCTOPOLOGYREPRESENTATION(#99,$,'Edge',(#9067));
#9066=IFCMATERIALPROFILESET($,$,(#9068),$);
#9067=IFCEDGE(#1616,#963);
#9068=IFCMATERIALPROFILE($,$,#1704,#1696,$,$);
#9069=IFCSTRUCTURALCURVEMEMBER('0Z_S0V0$vAoRgJSqPgHeam',#95,'823',$,$,$,#9073,.RIGID_JOINED_MEMBER.,#8076);
#9070=IFCRELCONNECTSSTRUCTURALMEMBER('2lY33zEFzDg93V8lBO15Ij',#3,$,$,#9069,#1648,#97,$,$,$);
#9071=IFCRELCONNECTSSTRUCTURALMEMBER('1A8mbLxZ5C6AtLekTJ6$i8',#3,$,$,#9069,#1536,#1681,$,$,$);
#9072=IFCRELASSOCIATESMATERIAL('3WKEL_h093bwN57m8BjOFB',#3,$,$,(#9069),#9074);
#9073=IFCPRODUCTDEFINITIONSHAPE($,$,(#9075));
#9074=IFCMATERIALPROFILESETUSAGE(#9076,10,$);
#9075=IFCTOPOLOGYREPRESENTATION(#99,$,'Edge',(#9077));
#9076=IFCMATERIALPROFILESET($,$,(#9078),$);
#9077=IFCEDGE(#1651,#1548);
#9078=IFCMATERIALPROFILE($,$,#1704,#2644,$,$);
#9079=IFCSTRUCTURALCURVEMEMBER('37mF7cvlnEFBtfEj7o557U',#95,'824',$,$,$,#9083,.RIGID_JOINED_MEMBER.,#8087);
#9080=IFCRELCONNECTSSTRUCTURALMEMBER('3cl5WZkMn4QhHov74epSQ5',#3,$,$,#9079,#1623,#97,$,$,$);
#9081=IFCRELCONNECTSSTRUCTURALMEMBER('1gLlmZseD8ZAuh_$XaISLj',#3,$,$,#9079,#1550,#1681,$,$,$);
#9082=IFCRELASSOCIATESMATERIAL('2TLP_aiF59ywqjuQ_8F3Oh',#3,$,$,(#9079),#9084);
#9083=IFCPRODUCTDEFINITIONSHAPE($,$,(#9085));
#9084=IFCMATERIALPROFILESETUSAGE(#9086,10,$);
#9085=IFCTOPOLOGYREPRESENTATION(#99,$,'Edge',(#9087));
#9086=IFCMATERIALPROFILESET($,$,(#9088),$);
#9087=IFCEDGE(#1626,#1553);
#9088=IFCMATERIALPROFILE($,$,#1704,#2644,$,$);
#9089=IFCSTRUCTURALCURVEMEMBER('2s4A9Thqf809bCMkhjhq2e',#95,'825',$,$,$,#9093,.RIGID_JOINED_MEMBER.,#8087);
#9090=IFCRELCONNECTSSTRUCTURALMEMBER('0vKceO7jnFDOjvbFq_CJg7',#3,$,$,#9089,#1633,#97,$,$,$);
#9091=IFCRELCONNECTSSTRUCTURALMEMBER('2V8E92OZ9BPfRNbm4UdzzQ',#3,$,$,#9089,#1579,#1681,$,$,$);
#9092=IFCRELASSOCIATESMATERIAL('38mUSvPbbCo9lL8oPN3ej1',#3,$,$,(#9089),#9094);
#9093=IFCPRODUCTDEFINITIONSHAPE($,$,(#9095));
#9094=IFCMATERIALPROFILESETUSAGE(#9096,10,$);
#9095=IFCTOPOLOGYREPRESENTATION(#99,$,'Edge',(#9097));
#9096=IFCMATERIALPROFILESET($,$,(#9098),$);
#9097=IFCEDGE(#1636,#1582);
#9098=IFCMATERIALPROFILE($,$,#1704,#2644,$,$);
#9099=IFCSTRUCTURALCURVEMEMBER('0KIqkPoyr98BtOD_X_sfap',#95,'826',$,$,$,#9103,.RIGID_JOINED_MEMBER.,#8076);
#9100=IFCRELCONNECTSSTRUCTURALMEMBER('0EAd4TnMnBIugW63L1fQkF',#3,$,$,#9099,#1565,#97,$,$,$);
#9101=IFCRELCONNECTSSTRUCTURALMEMBER('07tn6irar0fPVJxsMiSzLo',#3,$,$,#9099,#1658,#1681,$,$,$);
#9102=IFCRELASSOCIATESMATERIAL('0uqpnQDSLFle9r4RT0QAWe',#3,$,$,(#9099),#9104);
#9103=IFCPRODUCTDEFINITIONSHAPE($,$,(#9105));
#9104=IFCMATERIALPROFILESETUSAGE(#9106,10,$);
#9105=IFCTOPOLOGYREPRESENTATION(#99,$,'Edge',(#9107));
#9106=IFCMATERIALPROFILESET($,$,(#9108),$);
#9107=IFCEDGE(#1577,#1661);
#9108=IFCMATERIALPROFILE($,$,#1704,#2644,$,$);
#9109=IFCSTRUCTURALCURVEMEMBER('0eEdM6sI53y9xgkLi9b3_5',#95,'827',$,$,$,#9113,.RIGID_JOINED_MEMBER.,#8087);
#9110=IFCRELCONNECTSSTRUCTURALMEMBER('2DdN0XgSL4cvROplPGzHEm',#3,$,$,#9109,#1643,#97,$,$,$);
#9111=IFCRELCONNECTSSTRUCTURALMEMBER('10vNbgOFT7fxV24PZbCih$',#3,$,$,#9109,#1608,#1681,$,$,$);
#9112=IFCRELASSOCIATESMATERIAL('14hzVn2mbEIh8x1ktp9gyL',#3,$,$,(#9109),#9114);
#9113=IFCPRODUCTDEFINITIONSHAPE($,$,(#9115));
#9114=IFCMATERIALPROFILESETUSAGE(#9116,10,$);
#9115=IFCTOPOLOGYREPRESENTATION(#99,$,'Edge',(#9117));
#9116=IFCMATERIALPROFILESET($,$,(#9118),$);
#9117=IFCEDGE(#1646,#1611);
#9118=IFCMATERIALPROFILE($,$,#1704,#2644,$,$);
#9119=IFCSTRUCTURALCURVEMEMBER('2TVYbjT_9DNQ0V3kkONeyO',#95,'828',$,$,$,#9123,.RIGID_JOINED_MEMBER.,#8076);
#9120=IFCRELCONNECTSSTRUCTURALMEMBER('1ZR7ueQwz8Lg0ROT4MDG_v',#3,$,$,#9119,#1594,#97,$,$,$);
#9121=IFCRELCONNECTSSTRUCTURALMEMBER('24CUuhdVrBkOJwGAg9c0p7',#3,$,$,#9119,#1668,#1681,$,$,$);
#9122=IFCRELASSOCIATESMATERIAL('0nAZfJLXL4qx4pSaEQf3X_',#3,$,$,(#9119),#9124);
#9123=IFCPRODUCTDEFINITIONSHAPE($,$,(#9125));
#9124=IFCMATERIALPROFILESETUSAGE(#9126,10,$);
#9125=IFCTOPOLOGYREPRESENTATION(#99,$,'Edge',(#9127));
#9126=IFCMATERIALPROFILESET($,$,(#9128),$);
#9127=IFCEDGE(#1606,#1671);
#9128=IFCMATERIALPROFILE($,$,#1704,#2644,$,$);
#9129=IFCSTRUCTURALCURVEMEMBER('3iNVYQj3L64AJ6I3CJmPJV',#95,'829',$,$,$,#9133,.RIGID_JOINED_MEMBER.,#1680);
#9130=IFCRELCONNECTSSTRUCTURALMEMBER('3RaCKYWmr9g9$NX3BKxYOh',#3,$,$,#9129,#306,#97,$,$,$);
#9131=IFCRELCONNECTSSTRUCTURALMEMBER('1vt85kO_LByP_Io6rPVUex',#3,$,$,#9129,#291,#1681,$,$,$);
#9132=IFCRELASSOCIATESMATERIAL('2sB$q8QZH56AyOS4WLadHW',#3,$,$,(#9129),#9134);
#9133=IFCPRODUCTDEFINITIONSHAPE($,$,(#9135));
#9134=IFCMATERIALPROFILESETUSAGE(#9136,10,$);
#9135=IFCTOPOLOGYREPRESENTATION(#99,$,'Edge',(#9137));
#9136=IFCMATERIALPROFILESET($,$,(#9138),$);
#9137=IFCEDGE(#309,#294);
#9138=IFCMATERIALPROFILE($,$,#1704,#1696,$,$);
#9139=IFCSTRUCTURALCURVEMEMBER('2mmajGR3XDw9qjMC8_PP$Z',#95,'830',$,$,$,#9144,.RIGID_JOINED_MEMBER.,#1680);
#9140=IFCRELCONNECTSSTRUCTURALMEMBER('0_8B$mB5j4A9VwZLUcj0ei',#3,$,$,#9139,#291,#97,$,$,$);
#9141=IFCRELCONNECTSSTRUCTURALMEMBER('2TOHjWQVbClRn_l2rAbLSI',#3,$,$,#9139,#296,#1681,$,$,$);
#9142=IFCRELASSOCIATESMATERIAL('1HMRZSfNf5L8nWYQn4QzoO',#3,$,$,(#9139),#9145);
#9143=IFCRELCONNECTSSTRUCTURALACTIVITY('1pQyUv29P5dRifAtKc209z',#3,$,$,#9139,#9146);
#9144=IFCPRODUCTDEFINITIONSHAPE($,$,(#9147));
#9145=IFCMATERIALPROFILESETUSAGE(#9148,10,$);
#9146=IFCSTRUCTURALPOINTACTION('3O5FNB6LvDzPI5jgXibTCd',#3,$,$,$,$,#9149,#9150,.GLOBAL_COORDS.,$);
#9147=IFCTOPOLOGYREPRESENTATION(#99,$,'Edge',(#9151));
#9148=IFCMATERIALPROFILESET($,$,(#9152),$);
#9149=IFCPRODUCTDEFINITIONSHAPE($,$,(#9153));
#9150=IFCSTRUCTURALLOADSINGLEFORCE($,$,$,-1.5000000E+000,$,$,$);
#9151=IFCEDGE(#294,#299);
#9152=IFCMATERIALPROFILE($,$,#1704,#1696,$,$);
#9153=IFCTOPOLOGYREPRESENTATION(#99,$,'Vertex',(#9154));
#9154=IFCVERTEXPOINT(#9155);
#9155=IFCCARTESIANPOINT((7.0000000E-001,1.3333333E-001,6.6000000E+000));
#9156=IFCSTRUCTURALCURVEMEMBER('3UHbLNWu99zebpultYM0_r',#95,'831',$,$,$,#9160,.RIGID_JOINED_MEMBER.,#1680);
#9157=IFCRELCONNECTSSTRUCTURALMEMBER('0ey6C_U8D4AvPVtRQhWR7i',#3,$,$,#9156,#296,#97,$,$,$);
#9158=IFCRELCONNECTSSTRUCTURALMEMBER('3hGMggstD9yvTAzmKSz3fx',#3,$,$,#9156,#301,#1681,$,$,$);
#9159=IFCRELASSOCIATESMATERIAL('09k5d8u4j6RAFAaOi_TwQL',#3,$,$,(#9156),#9161);
#9160=IFCPRODUCTDEFINITIONSHAPE($,$,(#9162));
#9161=IFCMATERIALPROFILESETUSAGE(#9163,10,$);
#9162=IFCTOPOLOGYREPRESENTATION(#99,$,'Edge',(#9164));
#9163=IFCMATERIALPROFILESET($,$,(#9165),$);
#9164=IFCEDGE(#299,#304);
#9165=IFCMATERIALPROFILE($,$,#1704,#1696,$,$);
#9166=IFCSTRUCTURALCURVEMEMBER('37XLc1dl50gup7Go6m8pu1',#95,'832',$,$,$,#9170,.RIGID_JOINED_MEMBER.,#1680);
#9167=IFCRELCONNECTSSTRUCTURALMEMBER('0cZLBl8ErC9Ao9v7ktHfvy',#3,$,$,#9166,#301,#97,$,$,$);
#9168=IFCRELCONNECTSSTRUCTURALMEMBER('2YDAGY$2XC$B3TE$hy7UaB',#3,$,$,#9166,#306,#1681,$,$,$);
#9169=IFCRELASSOCIATESMATERIAL('1OSpB2ibP4nf7MH_jw6BV3',#3,$,$,(#9166),#9171);
#9170=IFCPRODUCTDEFINITIONSHAPE($,$,(#9172));
#9171=IFCMATERIALPROFILESETUSAGE(#9173,10,$);
#9172=IFCTOPOLOGYREPRESENTATION(#99,$,'Edge',(#9174));
#9173=IFCMATERIALPROFILESET($,$,(#9175),$);
#9174=IFCEDGE(#304,#309);
#9175=IFCMATERIALPROFILE($,$,#1704,#1696,$,$);
#9176=IFCSTRUCTURALCURVEMEMBER('3lo9J1LkjD2hZEbacIq_nm',#95,'833',$,$,$,#9180,.RIGID_JOINED_MEMBER.,#1680);
#9177=IFCRELCONNECTSSTRUCTURALMEMBER('1PzcXZCI9BVuSPaGyo3oVb',#3,$,$,#9176,#306,#97,$,$,$);
#9178=IFCRELCONNECTSSTRUCTURALMEMBER('0IrTDwogjApfFk246pceVW',#3,$,$,#9176,#296,#1681,$,$,$);
#9179=IFCRELASSOCIATESMATERIAL('1A5dbEVpXDiQk9QLwS0GR0',#3,$,$,(#9176),#9181);
#9180=IFCPRODUCTDEFINITIONSHAPE($,$,(#9182));
#9181=IFCMATERIALPROFILESETUSAGE(#9183,10,$);
#9182=IFCTOPOLOGYREPRESENTATION(#99,$,'Edge',(#9184));
#9183=IFCMATERIALPROFILESET($,$,(#9185),$);
#9184=IFCEDGE(#309,#299);
#9185=IFCMATERIALPROFILE($,$,#1704,#1696,$,$);
#9186=IFCSTRUCTURALCURVEMEMBER('3Djmby2qr3Zf5383G8sBsW',#95,'834',$,$,$,#9190,.RIGID_JOINED_MEMBER.,#1680);
#9187=IFCRELCONNECTSSTRUCTURALMEMBER('36aulpsInEygvpD2VHDH1b',#3,$,$,#9186,#301,#97,$,$,$);
#9188=IFCRELCONNECTSSTRUCTURALMEMBER('2rYz2KeeDAn8YyiIS$rKK6',#3,$,$,#9186,#291,#1681,$,$,$);
#9189=IFCRELASSOCIATESMATERIAL('2NLXMueqnBre7Zjnk0NBh2',#3,$,$,(#9186),#9191);
#9190=IFCPRODUCTDEFINITIONSHAPE($,$,(#9192));
#9191=IFCMATERIALPROFILESETUSAGE(#9193,10,$);
#9192=IFCTOPOLOGYREPRESENTATION(#99,$,'Edge',(#9194));
#9193=IFCMATERIALPROFILESET($,$,(#9195),$);
#9194=IFCEDGE(#304,#294);
#9195=IFCMATERIALPROFILE($,$,#1704,#1696,$,$);
#9196=IFCSTRUCTURALCURVEMEMBER('2owq8QmxP4gOVhkHbP$hmc',#95,'835',$,$,$,#9200,.RIGID_JOINED_MEMBER.,#1680);
#9197=IFCRELCONNECTSSTRUCTURALMEMBER('2mpYjqbObBBgzRYdKNRlIC',#3,$,$,#9196,#685,#97,$,$,$);
#9198=IFCRELCONNECTSSTRUCTURALMEMBER('1N2PL_LvTBOR$ttJnHP$MJ',#3,$,$,#9196,#690,#1681,$,$,$);
#9199=IFCRELASSOCIATESMATERIAL('0eT34HTjXAjQ8iKbU2c51w',#3,$,$,(#9196),#9201);
#9200=IFCPRODUCTDEFINITIONSHAPE($,$,(#9202));
#9201=IFCMATERIALPROFILESETUSAGE(#9203,10,$);
#9202=IFCTOPOLOGYREPRESENTATION(#99,$,'Edge',(#9204));
#9203=IFCMATERIALPROFILESET($,$,(#9205),$);
#9204=IFCEDGE(#688,#693);
#9205=IFCMATERIALPROFILE($,$,#1704,#1696,$,$);
#9206=IFCSTRUCTURALCURVEMEMBER('3V2AbCEdz4qhp$QfJl$zrF',#95,'836',$,$,$,#9210,.RIGID_JOINED_MEMBER.,#1680);
#9207=IFCRELCONNECTSSTRUCTURALMEMBER('1CmpmnnT94Jxwa8Ma2OnFr',#3,$,$,#9206,#690,#97,$,$,$);
#9208=IFCRELCONNECTSSTRUCTURALMEMBER('1b$GxQd_DFQu6oQ_urPUbv',#3,$,$,#9206,#695,#1681,$,$,$);
#9209=IFCRELASSOCIATESMATERIAL('3gplUIFnvFKvKDxMDQ6iHe',#3,$,$,(#9206),#9211);
#9210=IFCPRODUCTDEFINITIONSHAPE($,$,(#9212));
#9211=IFCMATERIALPROFILESETUSAGE(#9213,10,$);
#9212=IFCTOPOLOGYREPRESENTATION(#99,$,'Edge',(#9214));
#9213=IFCMATERIALPROFILESET($,$,(#9215),$);
#9214=IFCEDGE(#693,#698);
#9215=IFCMATERIALPROFILE($,$,#1704,#1696,$,$);
#9216=IFCSTRUCTURALCURVEMEMBER('39gCAhQ9P3Nw5o0MWYcw4N',#95,'837',$,$,$,#9220,.RIGID_JOINED_MEMBER.,#1680);
#9217=IFCRELCONNECTSSTRUCTURALMEMBER('3XJAArr0b1LAL92JY0ihEA',#3,$,$,#9216,#695,#97,$,$,$);
#9218=IFCRELCONNECTSSTRUCTURALMEMBER('2MSrueNdn42hbNHoK0y9tS',#3,$,$,#9216,#700,#1681,$,$,$);
#9219=IFCRELASSOCIATESMATERIAL('3c_8pt50r3PRYfET2pP1o1',#3,$,$,(#9216),#9221);
#9220=IFCPRODUCTDEFINITIONSHAPE($,$,(#9222));
#9221=IFCMATERIALPROFILESETUSAGE(#9223,10,$);
#9222=IFCTOPOLOGYREPRESENTATION(#99,$,'Edge',(#9224));
#9223=IFCMATERIALPROFILESET($,$,(#9225),$);
#9224=IFCEDGE(#698,#703);
#9225=IFCMATERIALPROFILE($,$,#1704,#1696,$,$);
#9226=IFCSTRUCTURALCURVEMEMBER('0Er9k$aWnDEgqhtbcIh7TF',#95,'838',$,$,$,#9230,.RIGID_JOINED_MEMBER.,#1680);
#9227=IFCRELCONNECTSSTRUCTURALMEMBER('0t1lLTgAXBHOHOKEacXisr',#3,$,$,#9226,#700,#97,$,$,$);
#9228=IFCRELCONNECTSSTRUCTURALMEMBER('0s9pjAG$DBcBL0oqfevwL_',#3,$,$,#9226,#685,#1681,$,$,$);
#9229=IFCRELASSOCIATESMATERIAL('3RXUcKTBP7mvPtg9r1Rmgx',#3,$,$,(#9226),#9231);
#9230=IFCPRODUCTDEFINITIONSHAPE($,$,(#9232));
#9231=IFCMATERIALPROFILESETUSAGE(#9233,10,$);
#9232=IFCTOPOLOGYREPRESENTATION(#99,$,'Edge',(#9234));
#9233=IFCMATERIALPROFILESET($,$,(#9235),$);
#9234=IFCEDGE(#703,#688);
#9235=IFCMATERIALPROFILE($,$,#1704,#1696,$,$);
#9236=IFCSTRUCTURALCURVEMEMBER('2iTEr$Ysj0YelUwsWtUusE',#95,'839',$,$,$,#9240,.RIGID_JOINED_MEMBER.,#1680);
#9237=IFCRELCONNECTSSTRUCTURALMEMBER('0qAWKFWhn5W83w4ii_cci6',#3,$,$,#9236,#685,#97,$,$,$);
#9238=IFCRELCONNECTSSTRUCTURALMEMBER('3o70HVMMrEcwo6wTmNseQg',#3,$,$,#9236,#695,#1681,$,$,$);
#9239=IFCRELASSOCIATESMATERIAL('0ansLSieDEv8VQfzhcWrqB',#3,$,$,(#9236),#9241);
#9240=IFCPRODUCTDEFINITIONSHAPE($,$,(#9242));
#9241=IFCMATERIALPROFILESETUSAGE(#9243,10,$);
#9242=IFCTOPOLOGYREPRESENTATION(#99,$,'Edge',(#9244));
#9243=IFCMATERIALPROFILESET($,$,(#9245),$);
#9244=IFCEDGE(#688,#698);
#9245=IFCMATERIALPROFILE($,$,#1704,#1696,$,$);
#9246=IFCSTRUCTURALCURVEMEMBER('3I_qI$Zz9ENRSQs3WcmDsk',#95,'840',$,$,$,#9250,.RIGID_JOINED_MEMBER.,#1680);
#9247=IFCRELCONNECTSSTRUCTURALMEMBER('1_WdqM1Wb2U9SW1oAydjum',#3,$,$,#9246,#700,#97,$,$,$);
#9248=IFCRELCONNECTSSTRUCTURALMEMBER('0EF_wyFM5B2e_j0noY0NP$',#3,$,$,#9246,#690,#1681,$,$,$);
#9249=IFCRELASSOCIATESMATERIAL('3fogRDJNb42u24AUE_3mIU',#3,$,$,(#9246),#9251);
#9250=IFCPRODUCTDEFINITIONSHAPE($,$,(#9252));
#9251=IFCMATERIALPROFILESETUSAGE(#9253,10,$);
#9252=IFCTOPOLOGYREPRESENTATION(#99,$,'Edge',(#9254));
#9253=IFCMATERIALPROFILESET($,$,(#9255),$);
#9254=IFCEDGE(#703,#693);
#9255=IFCMATERIALPROFILE($,$,#1704,#1696,$,$);
#9256=IFCSTRUCTURALCURVEMEMBER('2GXNl5Don6egVOp_okYSFa',#95,'841',$,$,$,#9260,.RIGID_JOINED_MEMBER.,#1680);
#9257=IFCRELCONNECTSSTRUCTURALMEMBER('1FMo27s0DF4wNEJnAVRRy1',#3,$,$,#9256,#1099,#97,$,$,$);
#9258=IFCRELCONNECTSSTRUCTURALMEMBER('03Y__42QrBiw5JAHXAaEmc',#3,$,$,#9256,#1104,#1681,$,$,$);
#9259=IFCRELASSOCIATESMATERIAL('2G9FQYpiH0MB_c9odE5xLI',#3,$,$,(#9256),#9261);
#9260=IFCPRODUCTDEFINITIONSHAPE($,$,(#9262));
#9261=IFCMATERIALPROFILESETUSAGE(#9263,10,$);
#9262=IFCTOPOLOGYREPRESENTATION(#99,$,'Edge',(#9264));
#9263=IFCMATERIALPROFILESET($,$,(#9265),$);
#9264=IFCEDGE(#1102,#1107);
#9265=IFCMATERIALPROFILE($,$,#1704,#1696,$,$);
#9266=IFCSTRUCTURALCURVEMEMBER('2wMS7$H6L38hgnbx_0Cg_G',#95,'842',$,$,$,#9270,.RIGID_JOINED_MEMBER.,#1680);
#9267=IFCRELCONNECTSSTRUCTURALMEMBER('1GQ6paV6z8U8CcUz5V7w4o',#3,$,$,#9266,#1104,#97,$,$,$);
#9268=IFCRELCONNECTSSTRUCTURALMEMBER('18eAIGYt1AVxSXQNBiQ0GP',#3,$,$,#9266,#1109,#1681,$,$,$);
#9269=IFCRELASSOCIATESMATERIAL('3bcQI4DmHDaRBGhAnqKaYV',#3,$,$,(#9266),#9271);
#9270=IFCPRODUCTDEFINITIONSHAPE($,$,(#9272));
#9271=IFCMATERIALPROFILESETUSAGE(#9273,10,$);
#9272=IFCTOPOLOGYREPRESENTATION(#99,$,'Edge',(#9274));
#9273=IFCMATERIALPROFILESET($,$,(#9275),$);
#9274=IFCEDGE(#1107,#1112);
#9275=IFCMATERIALPROFILE($,$,#1704,#1696,$,$);
#9276=IFCSTRUCTURALCURVEMEMBER('1CIki5hHf8hfuEjOzULiVx',#95,'843',$,$,$,#9280,.RIGID_JOINED_MEMBER.,#1680);
#9277=IFCRELCONNECTSSTRUCTURALMEMBER('3yyzK1idf2oOt1rpIjeJjA',#3,$,$,#9276,#1109,#97,$,$,$);
#9278=IFCRELCONNECTSSTRUCTURALMEMBER('3C5N49aTb7ZAJ4Iq4zgJZY',#3,$,$,#9276,#1114,#1681,$,$,$);
#9279=IFCRELASSOCIATESMATERIAL('3lW8mh1zX1Yv3gvH0HPCY_',#3,$,$,(#9276),#9281);
#9280=IFCPRODUCTDEFINITIONSHAPE($,$,(#9282));
#9281=IFCMATERIALPROFILESETUSAGE(#9283,10,$);
#9282=IFCTOPOLOGYREPRESENTATION(#99,$,'Edge',(#9284));
#9283=IFCMATERIALPROFILESET($,$,(#9285),$);
#9284=IFCEDGE(#1112,#1117);
#9285=IFCMATERIALPROFILE($,$,#1704,#1696,$,$);
#9286=IFCSTRUCTURALCURVEMEMBER('04fn4wyTPBUfiqahVJOE02',#95,'844',$,$,$,#9290,.RIGID_JOINED_MEMBER.,#1680);
#9287=IFCRELCONNECTSSTRUCTURALMEMBER('094LcWej91kfm5ZxIoyPEi',#3,$,$,#9286,#1114,#97,$,$,$);
#9288=IFCRELCONNECTSSTRUCTURALMEMBER('3POJ7OvDzEzglBvWO3WVfp',#3,$,$,#9286,#1099,#1681,$,$,$);
#9289=IFCRELASSOCIATESMATERIAL('35HmbjXxPAZQF$Umpt$RuW',#3,$,$,(#9286),#9291);
#9290=IFCPRODUCTDEFINITIONSHAPE($,$,(#9292));
#9291=IFCMATERIALPROFILESETUSAGE(#9293,10,$);
#9292=IFCTOPOLOGYREPRESENTATION(#99,$,'Edge',(#9294));
#9293=IFCMATERIALPROFILESET($,$,(#9295),$);
#9294=IFCEDGE(#1117,#1102);
#9295=IFCMATERIALPROFILE($,$,#1704,#1696,$,$);
#9296=IFCSTRUCTURALCURVEMEMBER('1UJ89Q2p90IAugKOPwNqxv',#95,'845',$,$,$,#9300,.RIGID_JOINED_MEMBER.,#1680);
#9297=IFCRELCONNECTSSTRUCTURALMEMBER('0_qrhtxe96Kx4Mylrvnrnm',#3,$,$,#9296,#1099,#97,$,$,$);
#9298=IFCRELCONNECTSSTRUCTURALMEMBER('2XvPCmdaz7sfo6tyyWs07h',#3,$,$,#9296,#1109,#1681,$,$,$);
#9299=IFCRELASSOCIATESMATERIAL('0VknpJCt5EGRBIsEK3znBd',#3,$,$,(#9296),#9301);
#9300=IFCPRODUCTDEFINITIONSHAPE($,$,(#9302));
#9301=IFCMATERIALPROFILESETUSAGE(#9303,10,$);
#9302=IFCTOPOLOGYREPRESENTATION(#99,$,'Edge',(#9304));
#9303=IFCMATERIALPROFILESET($,$,(#9305),$);
#9304=IFCEDGE(#1102,#1112);
#9305=IFCMATERIALPROFILE($,$,#1704,#1696,$,$);
#9306=IFCSTRUCTURALCURVEMEMBER('3lVs7UvTr8lABv0GsAy1LS',#95,'846',$,$,$,#9310,.RIGID_JOINED_MEMBER.,#1680);
#9307=IFCRELCONNECTSSTRUCTURALMEMBER('1NR7xT3kDAAesVJaPBCAcJ',#3,$,$,#9306,#1114,#97,$,$,$);
#9308=IFCRELCONNECTSSTRUCTURALMEMBER('1pnZJ78Y9E1u0bK3W48FVE',#3,$,$,#9306,#1104,#1681,$,$,$);
#9309=IFCRELASSOCIATESMATERIAL('2CDAbuxbzAreapMnzVFOmj',#3,$,$,(#9306),#9311);
#9310=IFCPRODUCTDEFINITIONSHAPE($,$,(#9312));
#9311=IFCMATERIALPROFILESETUSAGE(#9313,10,$);
#9312=IFCTOPOLOGYREPRESENTATION(#99,$,'Edge',(#9314));
#9313=IFCMATERIALPROFILESET($,$,(#9315),$);
#9314=IFCEDGE(#1117,#1107);
#9315=IFCMATERIALPROFILE($,$,#1704,#1696,$,$);
#9316=IFCRELASSIGNSTOGROUP('3BPy4OZPH9agP3VkBh2dNs',#3,$,$,(#77,#102,#107,#112,#117,#122,#127,#132,#137,#151,#156,#161,#166,#171,#176,#181,#186,#191,
#196,#201,#206,#211,#216,#221,#226,#231,#236,#241,#246,#251,#256,#261,#266,#271,#276,#281,#286,#291,#296,#301,#306,
#311,#316,#321,#326,#331,#336,#341,#346,#351,#356,#361,#366,#371,#376,#381,#386,#391,#396,#401,#406,#411,#416,#421,
#426,#431,#436,#441,#446,#451,#456,#461,#466,#471,#476,#481,#486,#491,#496,#501,#506,#511,#516,#521,#526,#531,#536,
#541,#546,#551,#565,#570,#575,#580,#585,#590,#595,#600,#605,#610,#615,#620,#625,#630,#635,#640,#645,#650,#655,#660,
#665,#670,#675,#680,#685,#690,#695,#700,#705,#710,#715,#720,#725,#730,#735,#740,#745,#750,#755,#760,#765,#770,#775,
#780,#785,#790,#795,#800,#805,#810,#815,#820,#825,#830,#835,#840,#845,#850,#855,#860,#865,#870,#875,#880,#885,#890,
#895,#900,#905,#910,#915,#920,#925,#930,#935,#940,#945,#950,#955,#960,#965,#979,#984,#989,#994,#999,#1004,#1009,#1014,
#1019,#1024,#1029,#1034,#1039,#1044,#1049,#1054,#1059,#1064,#1069,#1074,#1079,#1084,#1089,#1094,#1099,#1104,#1109,#1114,#1119,#1124,#1129,
#1134,#1139,#1144,#1149,#1154,#1159,#1164,#1169,#1174,#1179,#1184,#1189,#1194,#1199,#1204,#1209,#1214,#1219,#1224,#1229,#1234,#1239,#1244,
#1249,#1254,#1259,#1264,#1269,#1274,#1279,#1284,#1289,#1294,#1299,#1304,#1309,#1314,#1319,#1324,#1329,#1334,#1339,#1344,#1349,#1354,#1359,
#1364,#1369,#1383,#1388,#1393,#1398,#1412,#1417,#1422,#1427,#1441,#1446,#1451,#1456,#1461,#1466,#1471,#1476,#1481,#1486,#1491,#1496,#1501,
#1506,#1511,#1516,#1521,#1526,#1531,#1536,#1550,#1555,#1560,#1565,#1579,#1584,#1589,#1594,#1608,#1613,#1618,#1623,#1628,#1633,#1638,#1643,
#1648,#1653,#1658,#1663,#1668,#1673,#1713,#1723,#1733,#1743,#1753,#1763,#1773,#1783,#1793,#1803,#1813,#1823,#1833,#1843,#1853,#1880,#1890,
#1901,#1911,#1922,#1932,#1943,#1953,#1963,#1973,#1983,#1993,#2003,#2013,#2023,#2033,#2043,#2053,#2063,#2073,#2083,#2093,#2103,#2113,#2123,
#2133,#2143,#2153,#2163,#2173,#2183,#2193,#2203,#2213,#2223,#2233,#2243,#2253,#2263,#2273,#2283,#2293,#2303,#2313,#2323,#2333,#2343,#2353,
#2363,#2373,#2383,#2393,#2403,#2413,#2423,#2433,#2443,#2453,#2463,#2473,#2483,#2493,#2503,#2513,#2523,#2533,#2543,#2553,#2563,#2573,#2583,
#2593,#2603,#2613,#2623,#2650,#2668,#2679,#2690,#2701,#2712,#2723,#2734,#2745,#2756,#2767,#2778,#2789,#2800,#2811,#2822,#2833,#2844,#2861,
#2871,#2882,#2893,#2904,#2915,#2926,#2937,#2948,#2959,#2970,#2981,#2992,#3003,#3014,#3025,#3036,#3047,#3058,#3069,#3079,#3089,#3100,#3111,
#3122,#3133,#3144,#3155,#3166,#3177,#3188,#3199,#3210,#3221,#3232,#3243,#3254,#3265,#3276,#3287,#3297,#3307,#3318,#3329,#3340,#3351,#3362,
#3373,#3384,#3395,#3406,#3417,#3428,#3439,#3450,#3461,#3472,#3483,#3494,#3505,#3515,#3525,#3536,#3546,#3557,#3567,#3578,#3588,#3599,#3609,
#3620,#3630,#3641,#3651,#3662,#3672,#3683,#3693,#3703,#3713,#3723,#3733,#3743,#3753,#3763,#3773,#3783,#3793,#3803,#3813,#3823,#3833,#3843,
#3853,#3863,#3873,#3883,#3893,#3903,#3913,#3923,#3933,#3943,#3953,#3963,#3973,#3983,#3993,#4003,#4013,#4023,#4033,#4043,#4053,#4063,#4073,
#4083,#4093,#4103,#4113,#4123,#4133,#4143,#4153,#4163,#4173,#4183,#4193,#4203,#4213,#4223,#4233,#4243,#4253,#4263,#4273,#4283,#4293,#4303,
#4313,#4323,#4333,#4343,#4353,#4363,#4373,#4383,#4393,#4403,#4413,#4423,#4433,#4443,#4453,#4463,#4473,#4483,#4493,#4503,#4513,#4523,#4533,
#4543,#4553,#4563,#4573,#4583,#4593,#4603,#4613,#4623,#4633,#4643,#4653,#4663,#4673,#4683,#4693,#4703,#4713,#4723,#4733,#4743,#4753,#4763,
#4773,#4783,#4793,#4803,#4813,#4823,#4833,#4843,#4853,#4863,#4873,#4883,#4893,#4903,#4913,#4923,#4933,#4943,#4953,#4963,#4973,#4983,#4993,
#5003,#5013,#5023,#5033,#5043,#5053,#5063,#5073,#5083,#5093,#5103,#5113,#5123,#5133,#5143,#5153,#5163,#5173,#5183,#5193,#5203,#5213,#5223,
#5233,#5243,#5253,#5263,#5273,#5283,#5293,#5303,#5313,#5323,#5333,#5343,#5353,#5363,#5373,#5383,#5393,#5403,#5413,#5423,#5433,#5443,#5453,
#5463,#5473,#5483,#5493,#5503,#5513,#5523,#5533,#5543,#5553,#5563,#5573,#5583,#5593,#5603,#5613,#5623,#5633,#5643,#5653,#5663,#5673,#5683,
#5693,#5703,#5713,#5723,#5733,#5743,#5753,#5763,#5773,#5783,#5793,#5803,#5813,#5823,#5833,#5843,#5853,#5863,#5873,#5883,#5893,#5903,#5913,
#5923,#5933,#5943,#5953,#5963,#5973,#5983,#5993,#6003,#6013,#6023,#6033,#6043,#6053,#6063,#6073,#6083,#6093,#6103,#6113,#6123,#6133,#6143,
#6153,#6163,#6173,#6183,#6193,#6203,#6213,#6223,#6233,#6243,#6253,#6263,#6273,#6283,#6293,#6303,#6313,#6323,#6333,#6343,#6353,#6363,#6373,
#6383,#6393,#6403,#6413,#6423,#6433,#6443,#6453,#6463,#6473,#6483,#6493,#6503,#6513,#6523,#6533,#6543,#6553,#6563,#6573,#6583,#6593,#6603,
#6613,#6623,#6633,#6643,#6653,#6663,#6673,#6683,#6693,#6703,#6713,#6723,#6733,#6743,#6753,#6763,#6773,#6783,#6793,#6803,#6813,#6823,#6833,
#6843,#6853,#6863,#6873,#6883,#6893,#6903,#6913,#6923,#6933,#6943,#6953,#6963,#6973,#6983,#6993,#7003,#7013,#7023,#7033,#7043,#7053,#7063,
#7073,#7085,#7096,#7106,#7116,#7126,#7136,#7146,#7156,#7173,#7183,#7193,#7203,#7213,#7223,#7233,#7243,#7253,#7263,#7273,#7283,#7293,#7303,
#7313,#7323,#7333,#7343,#7353,#7363,#7373,#7383,#7393,#7403,#7414,#7424,#7434,#7444,#7454,#7464,#7474,#7484,#7494,#7504,#7514,#7524,#7534,
#7544,#7554,#7564,#7581,#7591,#7601,#7611,#7621,#7631,#7641,#7651,#7661,#7671,#7689,#7700,#7710,#7720,#7730,#7740,#7750,#7760,#7770,#7780,
#7790,#7800,#7810,#7820,#7830,#7840,#7850,#7860,#7870,#7887,#7897,#7907,#7917,#7927,#7938,#7949,#7959,#7969,#7979,#7990,#8001,#8011,#8021,
#8031,#8041,#8051,#8061,#8071,#8082,#8093,#8103,#8113,#8123,#8133,#8143,#8153,#8163,#8173,#8183,#8193,#8203,#8213,#8223,#8233,#8243,#8253,
#8279,#8289,#8299,#8309,#8319,#8329,#8339,#8349,#8359,#8369,#8379,#8389,#8399,#8409,#8419,#8429,#8439,#8449,#8459,#8469,#8479,#8489,#8499,
#8509,#8519,#8529,#8539,#8549,#8559,#8569,#8579,#8589,#8599,#8609,#8619,#8629,#8639,#8649,#8659,#8669,#8679,#8689,#8699,#8709,#8719,#8729,
#8739,#8749,#8759,#8769,#8779,#8789,#8799,#8809,#8819,#8829,#8839,#8849,#8859,#8869,#8879,#8889,#8899,#8909,#8919,#8929,#8939,#8949,#8959,
#8969,#8979,#8989,#8999,#9009,#9019,#9029,#9039,#9049,#9059,#9069,#9079,#9089,#9099,#9109,#9119,#9129,#9139,#9156,#9166,#9176,#9186,#9196,
#9206,#9216,#9226,#9236,#9246,#9256,#9266,#9276,#9286,#9296,#9306),$,#94);
#9317=IFCRELASSIGNSTOGROUP('2CYx0K25j9i9zaABhE$kQB',#3,$,$,(#2658,#2851,#7163,#7571,#7679,#7877,#9146),$,#86);
#9318=IFCRELASSIGNSTOGROUP('2tTBsAnQP4C9n1yjAIgtaI',#3,$,$,(#142,#556,#970,#1374,#1403,#1432,#1541,#1570,#1599),$,#78);
#9319=IFCRELASSIGNSTOGROUP('3BlJ0XIYv8VB49J7nf4uCH',#3,$,$,(#143,#557,#971,#1375,#1404,#1433,#1542,#1571,#1600),$,#80);
#9320=IFCRELASSIGNSTOGROUP('2Txe_nJnv9GOwPZi$w6jRb',#3,$,$,(#558,#1376,#1405,#1434,#1543,#1572,#1601),$,#82);
#9321=IFCRELASSIGNSTOGROUP('3E2Elrcjr0jQPtOAgf0NVJ',#3,$,$,(#144,#972),$,#84);
#9322=IFCRELCONTAINEDINSPATIALSTRUCTURE('2E8uP7_rH0xxtH2EsgfFAo',#3,$,$,(#1853,#1890,#1911,#1932,#2623,#2871,#3089,#3307,#3693,#3703,#3713,#3723,#4413,#4613,#4813,#5013,#5373,#5383,
#5393,#5403,#6093,#6293,#6493,#6693,#1943,#1953,#1963,#1973,#2650,#2882,#3100,#3318,#3733,#3743,#3753,#3763,#4423,#4623,#4823,#5023,#5413,
#5423,#5433,#5443,#6103,#6303,#6503,#6703,#1983,#1993,#2003,#2013,#2668,#2893,#3111,#3329,#3773,#3783,#3793,#3803,#4433,#4633,#4833,#5033,
#5453,#5463,#5473,#5483,#6113,#6313,#6513,#6713,#2023,#2033,#2043,#2053,#2679,#2904,#3122,#3340,#3813,#3823,#3833,#3843,#4443,#4643,#4843,
#5043,#5493,#5503,#5513,#5523,#6123,#6323,#6523,#6723,#2063,#2073,#2083,#2093,#2690,#2915,#3133,#3351,#3853,#3863,#3873,#3883,#4453,#4653,
#4853,#5053,#5533,#5543,#5553,#5563,#6133,#6333,#6533,#6733,#2103,#2113,#2123,#2133,#2701,#2926,#3144,#3362,#3893,#3903,#3913,#3923,#4463,
#4663,#4863,#5063,#5573,#5583,#5593,#5603,#6143,#6343,#6543,#6743,#2143,#2153,#2163,#2173,#2712,#2937,#3155,#3373,#3933,#3943,#3953,#3963,
#4473,#4673,#4873,#5073,#5613,#5623,#5633,#5643,#6153,#6353,#6553,#6753,#2183,#2193,#2203,#2213,#2723,#2948,#3166,#3384,#3973,#3983,#3993,
#4003,#4483,#4683,#4883,#5083,#5653,#5663,#5673,#5683,#6163,#6363,#6563,#6763,#9196,#9206,#9216,#9226,#9236,#9246,#9256,#9266,#9276,#9286,
#9296,#9306),#9329);
#9323=IFCRELCONTAINEDINSPATIALSTRUCTURE('1pG8rdIl5EOvc1uarZmFYl',#3,$,$,(#2223,#2233,#2243,#2253,#2734,#2959,#3177,#3395,#4013,#4023,#4033,#4043,#4493,#4693,#4893,#5093,#5693,#5703,
#5713,#5723,#6173,#6373,#6573,#6773,#9129,#9139,#9156,#9166,#9176,#9186,#2263,#2273,#2283,#2293,#2745,#2970,#3188,#3406,#4053,#4063,#4073,
#4083,#4503,#4703,#4903,#5103,#5733,#5743,#5753,#5763,#6183,#6383,#6583,#6783,#2303,#2313,#2323,#2333,#2756,#2981,#3199,#3417,#4093,#4103,
#4113,#4123,#4513,#4713,#4913,#5113,#5773,#5783,#5793,#5803,#6193,#6393,#6593,#6793,#2343,#2353,#2363,#2373,#2767,#2992,#3210,#3428,#4133,
#4143,#4153,#4163,#4523,#4723,#4923,#5123,#5813,#5823,#5833,#5843,#6203,#6403,#6603,#6803,#2383,#2393,#2403,#2413,#2778,#3003,#3221,#3439,
#4173,#4183,#4193,#4203,#4533,#4733,#4933,#5133,#5853,#5863,#5873,#5883,#6213,#6413,#6613,#6813,#2423,#2433,#2443,#2453,#2789,#3014,#3232,
#3450,#4213,#4223,#4233,#4243,#4543,#4743,#4943,#5143,#5893,#5903,#5913,#5923,#6223,#6423,#6623,#6823),#9330);
#9324=IFCRELCONTAINEDINSPATIALSTRUCTURE('3IS7JOpcLEpOjlqplA0cvx',#3,$,$,(#1673,#1713,#1723,#1733,#1743,#1753,#1763,#1773,#1783,#1793,#1803,#1813,#1823,#1833,#1843,#1880,#1901,#1922,
#2463,#2473,#2483,#2493,#2800,#3025,#3243,#3461,#4253,#4263,#4273,#4283,#4553,#4753,#4953,#5153,#5933,#5943,#5953,#5963,#6233,#6433,#6633,
#6833,#2503,#2513,#2523,#2533,#2811,#3036,#3254,#3472,#4293,#4303,#4313,#4323,#4563,#4763,#4963,#5163,#5973,#5983,#5993,#6003,#6243,#6443,
#6643,#6843,#2543,#2563,#2583,#2603,#2822,#3047,#3265,#3483,#4333,#4353,#4373,#4393,#4573,#4773,#4973,#5173,#6013,#6033,#6053,#6073,#6253,
#6453,#6653,#6853),#9331);
#9325=IFCRELCONTAINEDINSPATIALSTRUCTURE('0UVpTg$f5ACgDsyilc6zQf',#3,$,$,(#2553,#2573,#2593,#2613,#2833,#2861,#3058,#3079,#3276,#3297,#3494,#3515,#4343,#4363,#4383,#4403,#4583,#4603,
#4783,#4803,#4983,#5003,#5183,#5203,#6023,#6043,#6063,#6083,#6263,#6283,#6463,#6483,#6663,#6683,#6863,#6883,#7053,#7063,#7073,#7085,#7096,
#7106,#7283,#7293,#7303,#7313,#7323,#7333,#7343,#7353,#7363,#7373,#7383,#7393,#7403,#7414,#7424,#7434,#7444,#7454,#7464,#7474,#7484,#7494,
#7504,#7514,#7524,#7554,#7581,#7601,#7621,#7641,#7651,#7661,#7671,#7689,#7700,#7710,#7720,#7730,#7740,#7750,#7760,#7770,#7780,#7860,#7870,
#7887,#7897,#7907,#7917,#7927,#7938,#7979,#7990,#8071,#8082,#8093,#8103,#8113,#8123,#8133,#8143,#8153,#8163,#8173,#8183,#8369,#8379,#8389,
#8399,#8409,#8419,#8429,#8439,#8449,#8459,#8469,#8479,#8489,#8499,#8509,#8519,#8529,#8539,#8549,#8559,#8569,#8579,#8589,#8599,#8609,#8639,
#8659,#8679,#8699,#8719,#8729,#8739,#8749,#8759,#8769,#8779,#8789,#8799,#8809,#8819,#8829,#8839,#8849,#8929,#8939,#8949,#8959,#8969,#8979,
#8989,#8999,#9039,#9049,#9069,#9079,#9089,#9099,#9109,#9119),#9332);
#9326=IFCRELCONTAINEDINSPATIALSTRUCTURE('04A9PNcoD0FRfuQi0rkv59',#3,$,$,(#2844,#3069,#3287,#3505,#3525,#3546,#3567,#3588,#3609,#3630,#3651,#3672,#4593,#4793,#4993,#5193,#5213,#5233,
#5253,#5273,#5293,#5313,#5333,#5353,#6273,#6473,#6673,#6873,#6893,#6913,#6933,#6953,#6973,#6993,#7013,#7033,#7116,#7126,#7136,#7146,#7156,
#7173,#7183,#7193,#7203,#7213,#7223,#7233,#7243,#7253,#7263,#7273,#7534,#7544,#7564,#7591,#7611,#7631,#7790,#7800,#7810,#7820,#7830,#7840,
#7850,#7949,#7959,#7969,#8001,#8011,#8021,#8031,#8041,#8051,#8061,#8193,#8203,#8213,#8223,#8233,#8243,#8253,#8279,#8289,#8299,#8309,#8319,
#8329,#8339,#8349,#8359,#8619,#8629,#8649,#8669,#8689,#8709,#8859,#8869,#8879,#8889,#8899,#8909,#8919,#9009,#9019,#9029,#9059),#9333);
#9327=IFCRELCONTAINEDINSPATIALSTRUCTURE('1Ev5C8ahj9kQhg$NhP$zlW',#3,$,$,(#3536,#3557,#3578,#3599,#3620,#3641,#3662,#3683,#5223,#5243,#5263,#5283,#5303,#5323,#5343,#5363,#6903,#6923,
#6943,#6963,#6983,#7003,#7023,#7043),#9334);
#9328=IFCRELAGGREGATES('2XBEjFHf11luK5IusvsW5f',#3,$,$,#6,(#9329,#9330,#9331,#9332,#9333,#9334));
#9329=IFCBUILDINGSTOREY('3hf2$2pYH0AuNa71FesASp',#3,'BASE LEVEL',$,$,$,$,$,.ELEMENT.,5.7750000E+000);
#9330=IFCBUILDINGSTOREY('2W6Lk5gJnDAAMA$baNpjX3',#3,'LEVEL 2',$,$,$,$,$,.ELEMENT.,6.6000000E+000);
#9331=IFCBUILDINGSTOREY('3CEp47p2j17PtSMXZWisk2',#3,'LEVEL 3',$,$,$,$,$,.ELEMENT.,1.1550000E+001);
#9332=IFCBUILDINGSTOREY('3w4X131HL44AKaCTRJLSSD',#3,'LEVEL 4',$,$,$,$,$,.ELEMENT.,1.4025000E+001);
#9333=IFCBUILDINGSTOREY('0gJq$Wzp56FACwkX0D1HxH',#3,'LEVEL 5',$,$,$,$,$,.ELEMENT.,1.4850000E+001);
#9334=IFCBUILDINGSTOREY('0pdaJDb5H21uUqjqXwzw4S',#3,'TOP LEVEL',$,$,$,$,$,.ELEMENT.,1.5350000E+001);
ENDSEC;
END-ISO-10303-21;
