ISO-10303-21;
HEADER;
FILE_DESCRIPTION (('ViewDefinition [CoordinationView]'), '2;1');
FILE_NAME ('Substation_Gantry_GA.ifc','2025-07-31T10:18:16',('aleja'),('rixchh'),'24.2.0','SAP2000','None');

FILE_SCHEMA(('IFC2X3'));
ENDSEC;

DATA;
#1=IFCRELAGGREGATES('3l58lH3D90$B_XYEdM$A_i',#3,$,$,#4,(#5));
#2=IFCRELAGGREGATES('2VpBcFXFj5du1doUNNDrc$',#3,$,$,#5,(#6));
#3=IFCOWNERHISTORY(#7,#8,$,.NOCHANGE.,1753953303,$,$,1753953303);
#4=IFCPROJECT('2a0pfDHTnEJPkmlmRZRgar',#3,'PorticoGuajira2.sdb',$,$,$,$,(#9),#10);
#5=IFCSITE('27hX1thBnBBvYs9z87of1l',#3,'Site',$,$,$,$,$,.ELEMENT.,$,$,$,$,$);
#6=IFCBUILDING('0bVYqDBrfDde7KvaMCOQWv',#3,'Building',$,$,$,$,$,.ELEMENT.,$,$,$);
#7=IFCPERSONANDORGANIZATION(#11,#12,$);
#8=IFCAPPLICATION(#13,'24.2.0','SAP2000','SAP2000');
#9=IFCGEOMETRICREPRESENTATIONCONTEXT('Project World','Model',3,$,#14,$);
#10=IFCUNITASSIGNMENT((#15,#16,#17,#18,#19,#20,#21,#22,#23,#24,#25,#26,#27,#28,#29,#30,#31,#32,#33));
#11=IFCPERSON('aleja',$,'Nameless',$,$,$,$,$);
#12=IFCORGANIZATION($,'rixchh',$,(#34),$);
#13=IFCORGANIZATION($,'Computers & Structures, Inc.',$,(#35),$);
#14=IFCAXIS2PLACEMENT3D(#36,#37,#38);
#15=IFCSIUNIT(*,.LENGTHUNIT.,$,.METRE.);
#16=IFCSIUNIT(*,.AREAUNIT.,$,.SQUARE_METRE.);
#17=IFCSIUNIT(*,.VOLUMEUNIT.,$,.CUBIC_METRE.);
#18=IFCDERIVEDUNIT((#39),.SECTIONMODULUSUNIT.,$);
#19=IFCDERIVEDUNIT((#40),.MOMENTOFINERTIAUNIT.,$);
#20=IFCSIUNIT(*,.PLANEANGLEUNIT.,$,.RADIAN.);
#21=IFCSIUNIT(*,.TIMEUNIT.,$,.SECOND.);
#22=IFCSIUNIT(*,.MASSUNIT.,.MEGA.,.GRAM.);
#23=IFCDERIVEDUNIT((#41,#42),.MASSDENSITYUNIT.,$);
#24=IFCSIUNIT(*,.FORCEUNIT.,.KILO.,.NEWTON.);
#25=IFCDERIVEDUNIT((#43,#44),.TORQUEUNIT.,$);
#26=IFCSIUNIT(*,.PRESSUREUNIT.,.KILO.,.PASCAL.);
#27=IFCDERIVEDUNIT((#45,#46),.LINEARFORCEUNIT.,$);
#28=IFCDERIVEDUNIT((#47,#48),.PLANARFORCEUNIT.,$);
#29=IFCDERIVEDUNIT((#49,#50,#51),.LINEARMOMENTUNIT.,$);
#30=IFCDERIVEDUNIT((#52,#53),.SHEARMODULUSUNIT.,$);
#31=IFCDERIVEDUNIT((#54,#55),.MODULUSOFELASTICITYUNIT.,$);
#32=IFCSIUNIT(*,.THERMODYNAMICTEMPERATUREUNIT.,$,.DEGREE_CELSIUS.);
#33=IFCDERIVEDUNIT((#56),.THERMALEXPANSIONCOEFFICIENTUNIT.,$);
#34=IFCACTORROLE(.STRUCTURALENGINEER.,$,$);
#35=IFCACTORROLE(.MANUFACTURER.,$,$);
#36=IFCCARTESIANPOINT((0.0000000E+000,0.0000000E+000,0.0000000E+000));
#37=IFCDIRECTION((0.0000000E+000,0.0000000E+000,1.0000000E+000));
#38=IFCDIRECTION((1.0000000E+000,0.0000000E+000,0.0000000E+000));
#39=IFCDERIVEDUNITELEMENT(#15,3);
#40=IFCDERIVEDUNITELEMENT(#15,4);
#41=IFCDERIVEDUNITELEMENT(#22,1);
#42=IFCDERIVEDUNITELEMENT(#15,-3);
#43=IFCDERIVEDUNITELEMENT(#15,1);
#44=IFCDERIVEDUNITELEMENT(#24,1);
#45=IFCDERIVEDUNITELEMENT(#15,-1);
#46=IFCDERIVEDUNITELEMENT(#24,1);
#47=IFCDERIVEDUNITELEMENT(#15,-2);
#48=IFCDERIVEDUNITELEMENT(#24,1);
#49=IFCDERIVEDUNITELEMENT(#24,1);
#50=IFCDERIVEDUNITELEMENT(#15,1);
#51=IFCDERIVEDUNITELEMENT(#15,-1);
#52=IFCDERIVEDUNITELEMENT(#15,-2);
#53=IFCDERIVEDUNITELEMENT(#24,1);
#54=IFCDERIVEDUNITELEMENT(#15,-2);
#55=IFCDERIVEDUNITELEMENT(#24,1);
#56=IFCDERIVEDUNITELEMENT(#32,-1);
#57=IFCSTRUCTURALPROFILEPROPERTIES('L51X51X4.8',#61,$,$,$,$,4.6600000E-004,3.8300000E-009,$,1.1300000E-007,1.1300000E-007,$,$,$,2.4180800E-004,2.4180800E-004,3.0874317E-006,3.0874317E-006,3.0874317E-006,3.0874317E-006,$,$,
$);
#58=IFCCOLUMN('3teuHABvn0KBX0u8D4fwBN',#62,'660',$,$,#63,#64,$);
#59=IFCEXTENDEDMATERIALPROPERTIES(#65,(#66,#67,#68,#69,#70,#71,#72),$,'A992Fy50');
#60=IFCRELASSOCIATESMATERIAL('3GRQ4tuzP1U9oXsvqarp$$',#3,$,$,(#58),#65);
#61=IFCLSHAPEPROFILEDEF(.AREA.,'L51X51X4.8',#73,5.0799999E-002,5.0799999E-002,4.7600002E-003,6.3400002E-003,$,$,$,$);
#62=IFCOWNERHISTORY(#7,#8,$,.MODIFIED.,1753953303,$,$,1753953303);
#63=IFCLOCALPLACEMENT($,#74);
#64=IFCPRODUCTDEFINITIONSHAPE($,$,(#75));
#65=IFCMATERIAL('A992Fy50');
#66=IFCPROPERTYSINGLEVALUE('MassDensity',$,IFCMASSDENSITYMEASURE(7.8490474E+000),#23);
#67=IFCPROPERTYSINGLEVALUE('PoissonRatio',$,IFCRATIOMEASURE(3.0000000E-001),$);
#68=IFCPROPERTYSINGLEVALUE('ShearModulus',$,IFCSHEARMODULUSMEASURE(7.6903069E+007),#30);
#69=IFCPROPERTYSINGLEVALUE('ThermalExpansionCoefficient',$,IFCTHERMALEXPANSIONCOEFFICIENTMEASURE(1.1699999E-005),#33);
#70=IFCPROPERTYSINGLEVALUE('UltimateStress',$,IFCPRESSUREMEASURE(4.4815926E+005),#26);
#71=IFCPROPERTYSINGLEVALUE('YieldStress',$,IFCPRESSUREMEASURE(3.4473789E+005),#26);
#72=IFCPROPERTYSINGLEVALUE('YoungModulus',$,IFCMODULUSOFELASTICITYMEASURE(1.9994798E+008),#31);
#73=IFCAXIS2PLACEMENT2D(#76,#77);
#74=IFCAXIS2PLACEMENT3D(#78,#79,#80);
#75=IFCSHAPEREPRESENTATION(#9,'Body','SweptSolid',(#81));
#76=IFCCARTESIANPOINT((0.0000000E+000,0.0000000E+000));
#77=IFCDIRECTION((1.0000000E+000,0.0000000E+000));
#78=IFCCARTESIANPOINT((2.1500000E+000,3.0000000E-001,1.4850000E+001));
#79=IFCDIRECTION((0.0000000E+000,0.0000000E+000,-1.0000000E+000));
#80=IFCDIRECTION((0.0000000E+000,1.0000000E+000,0.0000000E+000));
#81=IFCEXTRUDEDAREASOLID(#61,#14,#37,8.0000000E-001);
#82=IFCCOLUMN('24ZIs2SlzFqOHrIFfGeJbM',#62,'661',$,$,#84,#85,$);
#83=IFCRELASSOCIATESMATERIAL('3IyF32Prr7QxxPw5QJaZ2T',#3,$,$,(#82),#65);
#84=IFCLOCALPLACEMENT($,#86);
#85=IFCPRODUCTDEFINITIONSHAPE($,$,(#87));
#86=IFCAXIS2PLACEMENT3D(#88,#79,#80);
#87=IFCSHAPEREPRESENTATION(#9,'Body','SweptSolid',(#89));
#88=IFCCARTESIANPOINT((2.1500000E+000,1.1000000E+000,1.4850000E+001));
#89=IFCEXTRUDEDAREASOLID(#61,#14,#37,8.0000000E-001);
#90=IFCCOLUMN('0BIlt$DTrBTOke76oFEBV_',#62,'662',$,$,#92,#93,$);
#91=IFCRELASSOCIATESMATERIAL('3M00q2YozD$eOYW56iiSGl',#3,$,$,(#90),#65);
#92=IFCLOCALPLACEMENT($,#94);
#93=IFCPRODUCTDEFINITIONSHAPE($,$,(#95));
#94=IFCAXIS2PLACEMENT3D(#96,#79,#80);
#95=IFCSHAPEREPRESENTATION(#9,'Body','SweptSolid',(#97));
#96=IFCCARTESIANPOINT((3.2000000E+000,3.0000000E-001,1.4850000E+001));
#97=IFCEXTRUDEDAREASOLID(#61,#14,#37,8.0000000E-001);
#98=IFCCOLUMN('2W_sbbH1LD_ewzgETxY0j1',#62,'663',$,$,#100,#101,$);
#99=IFCRELASSOCIATESMATERIAL('1UXWNAskT61QqSDP1svIWz',#3,$,$,(#98),#65);
#100=IFCLOCALPLACEMENT($,#102);
#101=IFCPRODUCTDEFINITIONSHAPE($,$,(#103));
#102=IFCAXIS2PLACEMENT3D(#104,#79,#80);
#103=IFCSHAPEREPRESENTATION(#9,'Body','SweptSolid',(#105));
#104=IFCCARTESIANPOINT((3.2000000E+000,1.1000000E+000,1.4850000E+001));
#105=IFCEXTRUDEDAREASOLID(#61,#14,#37,8.0000000E-001);
#106=IFCCOLUMN('0_ZKWSTzj68O0x01pM4N93',#62,'665',$,$,#108,#109,$);
#107=IFCRELASSOCIATESMATERIAL('1zW6n8avv4bvaJq6B2D2y_',#3,$,$,(#106),#65);
#108=IFCLOCALPLACEMENT($,#110);
#109=IFCPRODUCTDEFINITIONSHAPE($,$,(#111));
#110=IFCAXIS2PLACEMENT3D(#112,#79,#80);
#111=IFCSHAPEREPRESENTATION(#9,'Body','SweptSolid',(#113));
#112=IFCCARTESIANPOINT((4.4500000E+000,1.1000000E+000,1.4850000E+001));
#113=IFCEXTRUDEDAREASOLID(#61,#14,#37,8.0000000E-001);
#114=IFCCOLUMN('2hzjL0tlr7rhPOzKFu8pJp',#62,'666',$,$,#116,#117,$);
#115=IFCRELASSOCIATESMATERIAL('2xSoKUo0f69vgCzGEEwdax',#3,$,$,(#114),#65);
#116=IFCLOCALPLACEMENT($,#118);
#117=IFCPRODUCTDEFINITIONSHAPE($,$,(#119));
#118=IFCAXIS2PLACEMENT3D(#120,#79,#80);
#119=IFCSHAPEREPRESENTATION(#9,'Body','SweptSolid',(#121));
#120=IFCCARTESIANPOINT((5.7000000E+000,3.0000000E-001,1.4850000E+001));
#121=IFCEXTRUDEDAREASOLID(#61,#14,#37,8.0000000E-001);
#122=IFCCOLUMN('2_JuuFiVzCHAlRioI1Duty',#62,'667',$,$,#124,#125,$);
#123=IFCRELASSOCIATESMATERIAL('1minqqKVj9sBXbadOOQERC',#3,$,$,(#122),#65);
#124=IFCLOCALPLACEMENT($,#126);
#125=IFCPRODUCTDEFINITIONSHAPE($,$,(#127));
#126=IFCAXIS2PLACEMENT3D(#128,#79,#80);
#127=IFCSHAPEREPRESENTATION(#9,'Body','SweptSolid',(#129));
#128=IFCCARTESIANPOINT((5.7000000E+000,1.1000000E+000,1.4850000E+001));
#129=IFCEXTRUDEDAREASOLID(#61,#14,#37,8.0000000E-001);
#130=IFCCOLUMN('1IgZUQHc91Dx_zDN6h5uWg',#62,'668',$,$,#132,#133,$);
#131=IFCRELASSOCIATESMATERIAL('0isOKbB_H3pA3U45zhTfrN',#3,$,$,(#130),#65);
#132=IFCLOCALPLACEMENT($,#134);
#133=IFCPRODUCTDEFINITIONSHAPE($,$,(#135));
#134=IFCAXIS2PLACEMENT3D(#136,#79,#80);
#135=IFCSHAPEREPRESENTATION(#9,'Body','SweptSolid',(#137));
#136=IFCCARTESIANPOINT((6.9500000E+000,3.0000000E-001,1.4850000E+001));
#137=IFCEXTRUDEDAREASOLID(#61,#14,#37,8.0000000E-001);
#138=IFCCOLUMN('1gs3z64NbARvWDsN7tgUtx',#62,'669',$,$,#140,#141,$);
#139=IFCRELASSOCIATESMATERIAL('239nEy$Ez1VAo738eYY$zo',#3,$,$,(#138),#65);
#140=IFCLOCALPLACEMENT($,#142);
#141=IFCPRODUCTDEFINITIONSHAPE($,$,(#143));
#142=IFCAXIS2PLACEMENT3D(#144,#79,#80);
#143=IFCSHAPEREPRESENTATION(#9,'Body','SweptSolid',(#145));
#144=IFCCARTESIANPOINT((6.9500000E+000,1.1000000E+000,1.4850000E+001));
#145=IFCEXTRUDEDAREASOLID(#61,#14,#37,8.0000000E-001);
#146=IFCCOLUMN('3dTrem64P5ix9xSusuqmy5',#62,'670',$,$,#148,#149,$);
#147=IFCRELASSOCIATESMATERIAL('3BUZt$K797LOTamnEYZfon',#3,$,$,(#146),#65);
#148=IFCLOCALPLACEMENT($,#150);
#149=IFCPRODUCTDEFINITIONSHAPE($,$,(#151));
#150=IFCAXIS2PLACEMENT3D(#152,#79,#80);
#151=IFCSHAPEREPRESENTATION(#9,'Body','SweptSolid',(#153));
#152=IFCCARTESIANPOINT((8.2000000E+000,3.0000000E-001,1.4850000E+001));
#153=IFCEXTRUDEDAREASOLID(#61,#14,#37,8.0000000E-001);
#154=IFCCOLUMN('0ka$RzrUL2YuXCoXtRPso9',#62,'671',$,$,#156,#157,$);
#155=IFCRELASSOCIATESMATERIAL('2897aX2jXBK9piuU0SYlb3',#3,$,$,(#154),#65);
#156=IFCLOCALPLACEMENT($,#158);
#157=IFCPRODUCTDEFINITIONSHAPE($,$,(#159));
#158=IFCAXIS2PLACEMENT3D(#160,#79,#80);
#159=IFCSHAPEREPRESENTATION(#9,'Body','SweptSolid',(#161));
#160=IFCCARTESIANPOINT((8.2000000E+000,1.1000000E+000,1.4850000E+001));
#161=IFCEXTRUDEDAREASOLID(#61,#14,#37,8.0000000E-001);
#162=IFCCOLUMN('1Fiq1mttn0BxQSbEOu1rBA',#62,'672',$,$,#164,#165,$);
#163=IFCRELASSOCIATESMATERIAL('3QqU2a98bFge68j_Kojhv8',#3,$,$,(#162),#65);
#164=IFCLOCALPLACEMENT($,#166);
#165=IFCPRODUCTDEFINITIONSHAPE($,$,(#167));
#166=IFCAXIS2PLACEMENT3D(#168,#79,#80);
#167=IFCSHAPEREPRESENTATION(#9,'Body','SweptSolid',(#169));
#168=IFCCARTESIANPOINT((9.2500000E+000,3.0000000E-001,1.4850000E+001));
#169=IFCEXTRUDEDAREASOLID(#61,#14,#37,8.0000000E-001);
#170=IFCCOLUMN('01qLMUP692BRVyHeLPE5PV',#62,'673',$,$,#172,#173,$);
#171=IFCRELASSOCIATESMATERIAL('27VuCFMuD0hhQUq20VS99Z',#3,$,$,(#170),#65);
#172=IFCLOCALPLACEMENT($,#174);
#173=IFCPRODUCTDEFINITIONSHAPE($,$,(#175));
#174=IFCAXIS2PLACEMENT3D(#176,#79,#80);
#175=IFCSHAPEREPRESENTATION(#9,'Body','SweptSolid',(#177));
#176=IFCCARTESIANPOINT((9.2500000E+000,1.1000000E+000,1.4850000E+001));
#177=IFCEXTRUDEDAREASOLID(#61,#14,#37,8.0000000E-001);
#178=IFCCOLUMN('14uH9ncxf8bBjgx7CwxGsk',#62,'686',$,$,#180,#181,$);
#179=IFCRELASSOCIATESMATERIAL('3kp5OwbQL0BBxXzJipGxG5',#3,$,$,(#178),#65);
#180=IFCLOCALPLACEMENT($,#182);
#181=IFCPRODUCTDEFINITIONSHAPE($,$,(#183));
#182=IFCAXIS2PLACEMENT3D(#184,#79,#80);
#183=IFCSHAPEREPRESENTATION(#9,'Body','SweptSolid',(#185));
#184=IFCCARTESIANPOINT((4.4500000E+000,3.0000000E-001,1.4850000E+001));
#185=IFCEXTRUDEDAREASOLID(#61,#14,#37,8.0000000E-001);
#186=IFCCOLUMN('06tP7cl_r38uZbc1WCnb1T',#62,'765',$,$,#188,#189,$);
#187=IFCRELASSOCIATESMATERIAL('3zbGtKigv8_wG5LByN2VRY',#3,$,$,(#186),#65);
#188=IFCLOCALPLACEMENT($,#190);
#189=IFCPRODUCTDEFINITIONSHAPE($,$,(#191));
#190=IFCAXIS2PLACEMENT3D(#192,#79,#80);
#191=IFCSHAPEREPRESENTATION(#9,'Body','SweptSolid',(#193));
#192=IFCCARTESIANPOINT((1.2150000E+001,3.0000000E-001,1.4850000E+001));
#193=IFCEXTRUDEDAREASOLID(#61,#14,#37,8.0000000E-001);
#194=IFCCOLUMN('2PCxoH2DzAqfoLqEPwP9VE',#62,'766',$,$,#196,#197,$);
#195=IFCRELASSOCIATESMATERIAL('2oUuQxRSbF_wBGJpE9blwd',#3,$,$,(#194),#65);
#196=IFCLOCALPLACEMENT($,#198);
#197=IFCPRODUCTDEFINITIONSHAPE($,$,(#199));
#198=IFCAXIS2PLACEMENT3D(#200,#79,#80);
#199=IFCSHAPEREPRESENTATION(#9,'Body','SweptSolid',(#201));
#200=IFCCARTESIANPOINT((1.2150000E+001,1.1000000E+000,1.4850000E+001));
#201=IFCEXTRUDEDAREASOLID(#61,#14,#37,8.0000000E-001);
#202=IFCCOLUMN('0DorhxQQj3oxJCRK5iM12K',#62,'767',$,$,#204,#205,$);
#203=IFCRELASSOCIATESMATERIAL('07ORySZWfFZO_oMzA3f2Hx',#3,$,$,(#202),#65);
#204=IFCLOCALPLACEMENT($,#206);
#205=IFCPRODUCTDEFINITIONSHAPE($,$,(#207));
#206=IFCAXIS2PLACEMENT3D(#208,#79,#80);
#207=IFCSHAPEREPRESENTATION(#9,'Body','SweptSolid',(#209));
#208=IFCCARTESIANPOINT((1.3200000E+001,3.0000000E-001,1.4850000E+001));
#209=IFCEXTRUDEDAREASOLID(#61,#14,#37,8.0000000E-001);
#210=IFCCOLUMN('22xKWplzPAFfSltKNm4B86',#62,'768',$,$,#212,#213,$);
#211=IFCRELASSOCIATESMATERIAL('1wqTH9E2103vWcOardor2E',#3,$,$,(#210),#65);
#212=IFCLOCALPLACEMENT($,#214);
#213=IFCPRODUCTDEFINITIONSHAPE($,$,(#215));
#214=IFCAXIS2PLACEMENT3D(#216,#79,#80);
#215=IFCSHAPEREPRESENTATION(#9,'Body','SweptSolid',(#217));
#216=IFCCARTESIANPOINT((1.3200000E+001,1.1000000E+000,1.4850000E+001));
#217=IFCEXTRUDEDAREASOLID(#61,#14,#37,8.0000000E-001);
#218=IFCCOLUMN('3WNLPt5wvDBua9HlaXOkYb',#62,'769',$,$,#220,#221,$);
#219=IFCRELASSOCIATESMATERIAL('3DZGwki0LC4wKiH3SGe_JR',#3,$,$,(#218),#65);
#220=IFCLOCALPLACEMENT($,#222);
#221=IFCPRODUCTDEFINITIONSHAPE($,$,(#223));
#222=IFCAXIS2PLACEMENT3D(#224,#79,#80);
#223=IFCSHAPEREPRESENTATION(#9,'Body','SweptSolid',(#225));
#224=IFCCARTESIANPOINT((1.4450000E+001,1.1000000E+000,1.4850000E+001));
#225=IFCEXTRUDEDAREASOLID(#61,#14,#37,8.0000000E-001);
#226=IFCCOLUMN('0bs1QinIX64hj4ekW5hOZf',#62,'770',$,$,#228,#229,$);
#227=IFCRELASSOCIATESMATERIAL('0sHqR3LgL4TfhoPr4VasN1',#3,$,$,(#226),#65);
#228=IFCLOCALPLACEMENT($,#230);
#229=IFCPRODUCTDEFINITIONSHAPE($,$,(#231));
#230=IFCAXIS2PLACEMENT3D(#232,#79,#80);
#231=IFCSHAPEREPRESENTATION(#9,'Body','SweptSolid',(#233));
#232=IFCCARTESIANPOINT((1.5700000E+001,3.0000000E-001,1.4850000E+001));
#233=IFCEXTRUDEDAREASOLID(#61,#14,#37,8.0000000E-001);
#234=IFCCOLUMN('3VUGIOOR59QA2oS$QCR8h0',#62,'771',$,$,#236,#237,$);
#235=IFCRELASSOCIATESMATERIAL('1ThgIXeXX0NPbSi7DzENKE',#3,$,$,(#234),#65);
#236=IFCLOCALPLACEMENT($,#238);
#237=IFCPRODUCTDEFINITIONSHAPE($,$,(#239));
#238=IFCAXIS2PLACEMENT3D(#240,#79,#80);
#239=IFCSHAPEREPRESENTATION(#9,'Body','SweptSolid',(#241));
#240=IFCCARTESIANPOINT((1.5700000E+001,1.1000000E+000,1.4850000E+001));
#241=IFCEXTRUDEDAREASOLID(#61,#14,#37,8.0000000E-001);
#242=IFCCOLUMN('1Hcr1p4UzA89SjXD1YoPvv',#62,'772',$,$,#244,#245,$);
#243=IFCRELASSOCIATESMATERIAL('36NGlvrp98BulTD72WaGQx',#3,$,$,(#242),#65);
#244=IFCLOCALPLACEMENT($,#246);
#245=IFCPRODUCTDEFINITIONSHAPE($,$,(#247));
#246=IFCAXIS2PLACEMENT3D(#248,#79,#80);
#247=IFCSHAPEREPRESENTATION(#9,'Body','SweptSolid',(#249));
#248=IFCCARTESIANPOINT((1.6950000E+001,3.0000000E-001,1.4850000E+001));
#249=IFCEXTRUDEDAREASOLID(#61,#14,#37,8.0000000E-001);
#250=IFCCOLUMN('1nNQQx55X6ieZpijfYOEfl',#62,'773',$,$,#252,#253,$);
#251=IFCRELASSOCIATESMATERIAL('1B6D4NQsHAPOAwfOKCMQZo',#3,$,$,(#250),#65);
#252=IFCLOCALPLACEMENT($,#254);
#253=IFCPRODUCTDEFINITIONSHAPE($,$,(#255));
#254=IFCAXIS2PLACEMENT3D(#256,#79,#80);
#255=IFCSHAPEREPRESENTATION(#9,'Body','SweptSolid',(#257));
#256=IFCCARTESIANPOINT((1.6950000E+001,1.1000000E+000,1.4850000E+001));
#257=IFCEXTRUDEDAREASOLID(#61,#14,#37,8.0000000E-001);
#258=IFCCOLUMN('30G883Liz5shYYl4LgH$0h',#62,'774',$,$,#260,#261,$);
#259=IFCRELASSOCIATESMATERIAL('0BH7C2pbHFkxgRAM6266en',#3,$,$,(#258),#65);
#260=IFCLOCALPLACEMENT($,#262);
#261=IFCPRODUCTDEFINITIONSHAPE($,$,(#263));
#262=IFCAXIS2PLACEMENT3D(#264,#79,#80);
#263=IFCSHAPEREPRESENTATION(#9,'Body','SweptSolid',(#265));
#264=IFCCARTESIANPOINT((1.8200000E+001,3.0000000E-001,1.4850000E+001));
#265=IFCEXTRUDEDAREASOLID(#61,#14,#37,8.0000000E-001);
#266=IFCCOLUMN('1AqV3cBvHD8BlxUEAULvBu',#62,'775',$,$,#268,#269,$);
#267=IFCRELASSOCIATESMATERIAL('1cQFvk0SX1KQ6bhj4NJL7W',#3,$,$,(#266),#65);
#268=IFCLOCALPLACEMENT($,#270);
#269=IFCPRODUCTDEFINITIONSHAPE($,$,(#271));
#270=IFCAXIS2PLACEMENT3D(#272,#79,#80);
#271=IFCSHAPEREPRESENTATION(#9,'Body','SweptSolid',(#273));
#272=IFCCARTESIANPOINT((1.8200000E+001,1.1000000E+000,1.4850000E+001));
#273=IFCEXTRUDEDAREASOLID(#61,#14,#37,8.0000000E-001);
#274=IFCCOLUMN('0XRDxv2M1AJhflWfUR9Crh',#62,'776',$,$,#276,#277,$);
#275=IFCRELASSOCIATESMATERIAL('2S458ftVn1JQ8KLwyA$OfY',#3,$,$,(#274),#65);
#276=IFCLOCALPLACEMENT($,#278);
#277=IFCPRODUCTDEFINITIONSHAPE($,$,(#279));
#278=IFCAXIS2PLACEMENT3D(#280,#79,#80);
#279=IFCSHAPEREPRESENTATION(#9,'Body','SweptSolid',(#281));
#280=IFCCARTESIANPOINT((1.9250000E+001,3.0000000E-001,1.4850000E+001));
#281=IFCEXTRUDEDAREASOLID(#61,#14,#37,8.0000000E-001);
#282=IFCCOLUMN('1yvYp_JMXAuuGPlU$MhXs1',#62,'777',$,$,#284,#285,$);
#283=IFCRELASSOCIATESMATERIAL('0gEUrHnZHFI8C5rBy7vhMd',#3,$,$,(#282),#65);
#284=IFCLOCALPLACEMENT($,#286);
#285=IFCPRODUCTDEFINITIONSHAPE($,$,(#287));
#286=IFCAXIS2PLACEMENT3D(#288,#79,#80);
#287=IFCSHAPEREPRESENTATION(#9,'Body','SweptSolid',(#289));
#288=IFCCARTESIANPOINT((1.9250000E+001,1.1000000E+000,1.4850000E+001));
#289=IFCEXTRUDEDAREASOLID(#61,#14,#37,8.0000000E-001);
#290=IFCCOLUMN('2XnTlljHLB9B1RXQNd9VJD',#62,'790',$,$,#292,#293,$);
#291=IFCRELASSOCIATESMATERIAL('3gfvFrru16Sh58EDmvCGh8',#3,$,$,(#290),#65);
#292=IFCLOCALPLACEMENT($,#294);
#293=IFCPRODUCTDEFINITIONSHAPE($,$,(#295));
#294=IFCAXIS2PLACEMENT3D(#296,#79,#80);
#295=IFCSHAPEREPRESENTATION(#9,'Body','SweptSolid',(#297));
#296=IFCCARTESIANPOINT((1.4450000E+001,3.0000000E-001,1.4850000E+001));
#297=IFCEXTRUDEDAREASOLID(#61,#14,#37,8.0000000E-001);
#298=IFCBEAM('2l5b$uJJr7DOJVjocJ$xa2',#62,'3',$,$,#300,#301,$);
#299=IFCRELASSOCIATESMATERIAL('2ZzdxSpcv4UuoBCOaT$IBC',#3,$,$,(#298),#65);
#300=IFCLOCALPLACEMENT($,#302);
#301=IFCPRODUCTDEFINITIONSHAPE($,$,(#303));
#302=IFCAXIS2PLACEMENT3D(#304,#305,#306);
#303=IFCSHAPEREPRESENTATION(#9,'Body','SweptSolid',(#307));
#304=IFCCARTESIANPOINT((2.3333333E-001,1.1666667E+000,1.1550000E+001));
#305=IFCDIRECTION((0.0000000E+000,-1.0000000E+000,0.0000000E+000));
#306=IFCDIRECTION((1.0000000E+000,0.0000000E+000,0.0000000E+000));
#307=IFCEXTRUDEDAREASOLID(#61,#14,#37,9.3333333E-001);
#308=IFCBEAM('0XC3RAWur5AxaIxmPA_pl9',#62,'4',$,$,#310,#311,$);
#309=IFCRELASSOCIATESMATERIAL('3cMNG2SkL02vbErn_mOyM1',#3,$,$,(#308),#65);
#310=IFCLOCALPLACEMENT($,#312);
#311=IFCPRODUCTDEFINITIONSHAPE($,$,(#313));
#312=IFCAXIS2PLACEMENT3D(#314,#306,#80);
#313=IFCSHAPEREPRESENTATION(#9,'Body','SweptSolid',(#315));
#314=IFCCARTESIANPOINT((2.3333333E-001,2.3333333E-001,1.1550000E+001));
#315=IFCEXTRUDEDAREASOLID(#61,#14,#37,9.3333333E-001);
#316=IFCBEAM('1YGCh$HwbBY9e8_vYb2c4M',#62,'5',$,$,#318,#319,$);
#317=IFCRELASSOCIATESMATERIAL('3PaF2i8AP1mRef8A4zSx_U',#3,$,$,(#316),#65);
#318=IFCLOCALPLACEMENT($,#320);
#319=IFCPRODUCTDEFINITIONSHAPE($,$,(#321));
#320=IFCAXIS2PLACEMENT3D(#322,#80,#323);
#321=IFCSHAPEREPRESENTATION(#9,'Body','SweptSolid',(#324));
#322=IFCCARTESIANPOINT((1.1666667E+000,2.3333333E-001,1.1550000E+001));
#323=IFCDIRECTION((-1.0000000E+000,0.0000000E+000,0.0000000E+000));
#324=IFCEXTRUDEDAREASOLID(#61,#14,#37,9.3333333E-001);
#325=IFCBEAM('2_Z4FpKMHBZfHd3tAtlNQn',#62,'6',$,$,#327,#328,$);
#326=IFCRELASSOCIATESMATERIAL('1FCJZugrPDewlmmQCiUHDV',#3,$,$,(#325),#65);
#327=IFCLOCALPLACEMENT($,#329);
#328=IFCPRODUCTDEFINITIONSHAPE($,$,(#330));
#329=IFCAXIS2PLACEMENT3D(#331,#323,#305);
#330=IFCSHAPEREPRESENTATION(#9,'Body','SweptSolid',(#332));
#331=IFCCARTESIANPOINT((1.1666667E+000,1.1666667E+000,1.1550000E+001));
#332=IFCEXTRUDEDAREASOLID(#61,#14,#37,9.3333333E-001);
#333=IFCBEAM('0uRtT12jH3mRnWVSrhoHEc',#62,'7',$,$,#335,#336,$);
#334=IFCRELASSOCIATESMATERIAL('3YRSv41mf3xPS$0LCgRUxI',#3,$,$,(#333),#65);
#335=IFCLOCALPLACEMENT($,#337);
#336=IFCPRODUCTDEFINITIONSHAPE($,$,(#338));
#337=IFCAXIS2PLACEMENT3D(#304,#339,#340);
#338=IFCSHAPEREPRESENTATION(#9,'Body','SweptSolid',(#341));
#339=IFCDIRECTION((7.0710678E-001,-7.0710678E-001,0.0000000E+000));
#340=IFCDIRECTION((7.0710678E-001,7.0710678E-001,0.0000000E+000));
#341=IFCEXTRUDEDAREASOLID(#61,#14,#37,1.3199327E+000);
#342=IFCBEAM('3JDXoessT15xjGTvZWegJ1',#62,'8',$,$,#344,#345,$);
#343=IFCRELASSOCIATESMATERIAL('0gB8jwxzL8vh88PyKMYTpb',#3,$,$,(#342),#65);
#344=IFCLOCALPLACEMENT($,#346);
#345=IFCPRODUCTDEFINITIONSHAPE($,$,(#347));
#346=IFCAXIS2PLACEMENT3D(#331,#348,#339);
#347=IFCSHAPEREPRESENTATION(#9,'Body','SweptSolid',(#349));
#348=IFCDIRECTION((-7.0710678E-001,-7.0710678E-001,0.0000000E+000));
#349=IFCEXTRUDEDAREASOLID(#61,#14,#37,1.3199327E+000);
#350=IFCBEAM('2B8b83c$XBnvjs$tJW8_3Y',#62,'9',$,$,#352,#353,$);
#351=IFCRELASSOCIATESMATERIAL('08fIbt1ur8sOBqB5YUnFAX',#3,$,$,(#350),#65);
#352=IFCLOCALPLACEMENT($,#354);
#353=IFCPRODUCTDEFINITIONSHAPE($,$,(#355));
#354=IFCAXIS2PLACEMENT3D(#356,#305,#306);
#355=IFCSHAPEREPRESENTATION(#9,'Body','SweptSolid',(#357));
#356=IFCCARTESIANPOINT((1.0233333E+001,1.1666667E+000,1.1550000E+001));
#357=IFCEXTRUDEDAREASOLID(#61,#14,#37,9.3333333E-001);
#358=IFCBEAM('1Wk0kYBz90PxK7ie53_XAR',#62,'10',$,$,#360,#361,$);
#359=IFCRELASSOCIATESMATERIAL('2Ox6jondrF5vNw$9Uxo$mM',#3,$,$,(#358),#65);
#360=IFCLOCALPLACEMENT($,#362);
#361=IFCPRODUCTDEFINITIONSHAPE($,$,(#363));
#362=IFCAXIS2PLACEMENT3D(#364,#306,#80);
#363=IFCSHAPEREPRESENTATION(#9,'Body','SweptSolid',(#365));
#364=IFCCARTESIANPOINT((1.0233333E+001,2.3333333E-001,1.1550000E+001));
#365=IFCEXTRUDEDAREASOLID(#61,#14,#37,9.3333333E-001);
#366=IFCBEAM('39D9x81O92IByQH5byvL_A',#62,'11',$,$,#368,#369,$);
#367=IFCRELASSOCIATESMATERIAL('1$$YTO3HHDfQvS65VldspY',#3,$,$,(#366),#65);
#368=IFCLOCALPLACEMENT($,#370);
#369=IFCPRODUCTDEFINITIONSHAPE($,$,(#371));
#370=IFCAXIS2PLACEMENT3D(#372,#80,#323);
#371=IFCSHAPEREPRESENTATION(#9,'Body','SweptSolid',(#373));
#372=IFCCARTESIANPOINT((1.1166667E+001,2.3333333E-001,1.1550000E+001));
#373=IFCEXTRUDEDAREASOLID(#61,#14,#37,9.3333333E-001);
#374=IFCBEAM('37S2GuMmn1LODlFwqv2rie',#62,'12',$,$,#376,#377,$);
#375=IFCRELASSOCIATESMATERIAL('2dS6Jk9XTFKQmtq1mhi2Mc',#3,$,$,(#374),#65);
#376=IFCLOCALPLACEMENT($,#378);
#377=IFCPRODUCTDEFINITIONSHAPE($,$,(#379));
#378=IFCAXIS2PLACEMENT3D(#380,#323,#305);
#379=IFCSHAPEREPRESENTATION(#9,'Body','SweptSolid',(#381));
#380=IFCCARTESIANPOINT((1.1166667E+001,1.1666667E+000,1.1550000E+001));
#381=IFCEXTRUDEDAREASOLID(#61,#14,#37,9.3333333E-001);
#382=IFCBEAM('2m_W3xVJHDy9C5Y$ZMGDxz',#62,'13',$,$,#384,#385,$);
#383=IFCRELASSOCIATESMATERIAL('3UgC3bA6L5y9W570ffNApJ',#3,$,$,(#382),#65);
#384=IFCLOCALPLACEMENT($,#386);
#385=IFCPRODUCTDEFINITIONSHAPE($,$,(#387));
#386=IFCAXIS2PLACEMENT3D(#356,#339,#340);
#387=IFCSHAPEREPRESENTATION(#9,'Body','SweptSolid',(#388));
#388=IFCEXTRUDEDAREASOLID(#61,#14,#37,1.3199327E+000);
#389=IFCBEAM('2F5RF5jxv5qwPAQkeLbl5e',#62,'14',$,$,#391,#392,$);
#390=IFCRELASSOCIATESMATERIAL('1iOyzCfO93svA4FAugTyK4',#3,$,$,(#389),#65);
#391=IFCLOCALPLACEMENT($,#393);
#392=IFCPRODUCTDEFINITIONSHAPE($,$,(#394));
#393=IFCAXIS2PLACEMENT3D(#380,#348,#339);
#394=IFCSHAPEREPRESENTATION(#9,'Body','SweptSolid',(#395));
#395=IFCEXTRUDEDAREASOLID(#61,#14,#37,1.3199327E+000);
#396=IFCBEAM('2NlORDzSX7cwRrbcoNegm4',#62,'15',$,$,#398,#399,$);
#397=IFCRELASSOCIATESMATERIAL('2tgfOumbD98AHyelO$FXQI',#3,$,$,(#396),#65);
#398=IFCLOCALPLACEMENT($,#400);
#399=IFCPRODUCTDEFINITIONSHAPE($,$,(#401));
#400=IFCAXIS2PLACEMENT3D(#402,#305,#306);
#401=IFCSHAPEREPRESENTATION(#9,'Body','SweptSolid',(#403));
#402=IFCCARTESIANPOINT((2.0233333E+001,1.1666667E+000,1.1550000E+001));
#403=IFCEXTRUDEDAREASOLID(#61,#14,#37,9.3333333E-001);
#404=IFCBEAM('3LOCU72Y15X8_9FSTauE7h',#62,'16',$,$,#406,#407,$);
#405=IFCRELASSOCIATESMATERIAL('205uKbKoXCNwvV60CD$vfj',#3,$,$,(#404),#65);
#406=IFCLOCALPLACEMENT($,#408);
#407=IFCPRODUCTDEFINITIONSHAPE($,$,(#409));
#408=IFCAXIS2PLACEMENT3D(#410,#306,#80);
#409=IFCSHAPEREPRESENTATION(#9,'Body','SweptSolid',(#411));
#410=IFCCARTESIANPOINT((2.0233333E+001,2.3333333E-001,1.1550000E+001));
#411=IFCEXTRUDEDAREASOLID(#61,#14,#37,9.3333333E-001);
#412=IFCBEAM('0gf_ar_qjDch6IAO4yVvG4',#62,'17',$,$,#414,#415,$);
#413=IFCRELASSOCIATESMATERIAL('0KKd$517jEtvehOH50$e7K',#3,$,$,(#412),#65);
#414=IFCLOCALPLACEMENT($,#416);
#415=IFCPRODUCTDEFINITIONSHAPE($,$,(#417));
#416=IFCAXIS2PLACEMENT3D(#418,#80,#323);
#417=IFCSHAPEREPRESENTATION(#9,'Body','SweptSolid',(#419));
#418=IFCCARTESIANPOINT((2.1166667E+001,2.3333333E-001,1.1550000E+001));
#419=IFCEXTRUDEDAREASOLID(#61,#14,#37,9.3333333E-001);
#420=IFCBEAM('1jpZf1S_n5muAdfYPK8tiW',#62,'19',$,$,#422,#423,$);
#421=IFCRELASSOCIATESMATERIAL('03kt51ye11of6Y4RzmO$HT',#3,$,$,(#420),#65);
#422=IFCLOCALPLACEMENT($,#424);
#423=IFCPRODUCTDEFINITIONSHAPE($,$,(#425));
#424=IFCAXIS2PLACEMENT3D(#426,#323,#305);
#425=IFCSHAPEREPRESENTATION(#9,'Body','SweptSolid',(#427));
#426=IFCCARTESIANPOINT((2.1166667E+001,1.1666667E+000,1.1550000E+001));
#427=IFCEXTRUDEDAREASOLID(#61,#14,#37,9.3333333E-001);
#428=IFCBEAM('3JqdCd6h5B1BJv27ftVHyM',#62,'21',$,$,#430,#431,$);
#429=IFCRELASSOCIATESMATERIAL('2L4nPCbtLClgwwR2YdqPxg',#3,$,$,(#428),#65);
#430=IFCLOCALPLACEMENT($,#432);
#431=IFCPRODUCTDEFINITIONSHAPE($,$,(#433));
#432=IFCAXIS2PLACEMENT3D(#402,#339,#340);
#433=IFCSHAPEREPRESENTATION(#9,'Body','SweptSolid',(#434));
#434=IFCEXTRUDEDAREASOLID(#61,#14,#37,1.3199327E+000);
#435=IFCBEAM('3ja9b7DxL0R9gb8matCdQR',#62,'23',$,$,#437,#438,$);
#436=IFCRELASSOCIATESMATERIAL('3Kg7pgVvf7fhDXGLf2U9Zt',#3,$,$,(#435),#65);
#437=IFCLOCALPLACEMENT($,#439);
#438=IFCPRODUCTDEFINITIONSHAPE($,$,(#440));
#439=IFCAXIS2PLACEMENT3D(#426,#348,#339);
#440=IFCSHAPEREPRESENTATION(#9,'Body','SweptSolid',(#441));
#441=IFCEXTRUDEDAREASOLID(#61,#14,#37,1.3199327E+000);
#442=IFCSTRUCTURALPROFILEPROPERTIES('L51X51X6.4',#445,$,$,$,$,6.0900000E-004,8.7000000E-009,$,1.4400000E-007,1.4400000E-007,$,$,$,3.2257999E-004,3.2257999E-004,4.0111421E-006,4.0111421E-006,4.0111421E-006,4.0111421E-006,$,$,
$);
#443=IFCBEAM('2wWUM_cjr6QxpN6rIyy3N8',#62,'172',$,$,#446,#447,$);
#444=IFCRELASSOCIATESMATERIAL('3VToaKjmP4vQV4Z_RC18Nk',#3,$,$,(#443),#65);
#445=IFCLSHAPEPROFILEDEF(.AREA.,'L51X51X6.4',#73,5.0799999E-002,5.0799999E-002,6.3499999E-003,6.3499999E-003,$,$,$,$);
#446=IFCLOCALPLACEMENT($,#448);
#447=IFCPRODUCTDEFINITIONSHAPE($,$,(#449));
#448=IFCAXIS2PLACEMENT3D(#450,#306,#80);
#449=IFCSHAPEREPRESENTATION(#9,'Body','SweptSolid',(#451));
#450=IFCCARTESIANPOINT((3.0000000E-001,3.0000000E-001,1.4850000E+001));
#451=IFCEXTRUDEDAREASOLID(#445,#14,#37,8.0000000E-001);
#452=IFCBEAM('2MVjIZZo14LP28uvbwtYMi',#62,'173',$,$,#454,#455,$);
#453=IFCRELASSOCIATESMATERIAL('3s45CqlET3UOhtzAVZe3qt',#3,$,$,(#452),#65);
#454=IFCLOCALPLACEMENT($,#456);
#455=IFCPRODUCTDEFINITIONSHAPE($,$,(#457));
#456=IFCAXIS2PLACEMENT3D(#458,#306,#80);
#457=IFCSHAPEREPRESENTATION(#9,'Body','SweptSolid',(#459));
#458=IFCCARTESIANPOINT((2.8333333E-001,2.8333333E-001,1.4025000E+001));
#459=IFCEXTRUDEDAREASOLID(#445,#14,#37,8.3333333E-001);
#460=IFCBEAM('0_hECjXMX0sQWMBjGPBqGb',#62,'192',$,$,#462,#463,$);
#461=IFCRELASSOCIATESMATERIAL('22Kp09pgbFigS3CtC0a6vM',#3,$,$,(#460),#65);
#462=IFCLOCALPLACEMENT($,#464);
#463=IFCPRODUCTDEFINITIONSHAPE($,$,(#465));
#464=IFCAXIS2PLACEMENT3D(#466,#80,#323);
#465=IFCSHAPEREPRESENTATION(#9,'Body','SweptSolid',(#467));
#466=IFCCARTESIANPOINT((1.1000000E+000,3.0000000E-001,1.4850000E+001));
#467=IFCEXTRUDEDAREASOLID(#445,#14,#37,8.0000000E-001);
#468=IFCBEAM('3x5FJ5T6X9zBLy4Olgvh8R',#62,'193',$,$,#470,#471,$);
#469=IFCRELASSOCIATESMATERIAL('1NgS8ofUX1dQA9WYiQ_A6x',#3,$,$,(#468),#65);
#470=IFCLOCALPLACEMENT($,#472);
#471=IFCPRODUCTDEFINITIONSHAPE($,$,(#473));
#472=IFCAXIS2PLACEMENT3D(#474,#80,#323);
#473=IFCSHAPEREPRESENTATION(#9,'Body','SweptSolid',(#475));
#474=IFCCARTESIANPOINT((1.1166667E+000,2.8333333E-001,1.4025000E+001));
#475=IFCEXTRUDEDAREASOLID(#445,#14,#37,8.3333333E-001);
#476=IFCBEAM('3Hi6ZjFOrBx9ozgk5EfDY6',#62,'212',$,$,#478,#479,$);
#477=IFCRELASSOCIATESMATERIAL('157rb_umXFe90rL5WvXvnJ',#3,$,$,(#476),#65);
#478=IFCLOCALPLACEMENT($,#480);
#479=IFCPRODUCTDEFINITIONSHAPE($,$,(#481));
#480=IFCAXIS2PLACEMENT3D(#482,#323,#305);
#481=IFCSHAPEREPRESENTATION(#9,'Body','SweptSolid',(#483));
#482=IFCCARTESIANPOINT((1.1000000E+000,1.1000000E+000,1.4850000E+001));
#483=IFCEXTRUDEDAREASOLID(#445,#14,#37,8.0000000E-001);
#484=IFCBEAM('1IXixj82rCERxMbwDwW1zo',#62,'213',$,$,#486,#487,$);
#485=IFCRELASSOCIATESMATERIAL('3NpRWT9oX5eeCnb3yzSA3G',#3,$,$,(#484),#65);
#486=IFCLOCALPLACEMENT($,#488);
#487=IFCPRODUCTDEFINITIONSHAPE($,$,(#489));
#488=IFCAXIS2PLACEMENT3D(#490,#323,#305);
#489=IFCSHAPEREPRESENTATION(#9,'Body','SweptSolid',(#491));
#490=IFCCARTESIANPOINT((1.1166667E+000,1.1166667E+000,1.4025000E+001));
#491=IFCEXTRUDEDAREASOLID(#445,#14,#37,8.3333333E-001);
#492=IFCBEAM('0fpCo0GO5Fb9R6cx1v_RQQ',#62,'232',$,$,#494,#495,$);
#493=IFCRELASSOCIATESMATERIAL('3l2zeybLz8bxCx3C7Ay46A',#3,$,$,(#492),#65);
#494=IFCLOCALPLACEMENT($,#496);
#495=IFCPRODUCTDEFINITIONSHAPE($,$,(#497));
#496=IFCAXIS2PLACEMENT3D(#498,#305,#306);
#497=IFCSHAPEREPRESENTATION(#9,'Body','SweptSolid',(#499));
#498=IFCCARTESIANPOINT((3.0000000E-001,1.1000000E+000,1.4850000E+001));
#499=IFCEXTRUDEDAREASOLID(#445,#14,#37,8.0000000E-001);
#500=IFCBEAM('2oWevsecPAX9zlwKuhohNv',#62,'233',$,$,#502,#503,$);
#501=IFCRELASSOCIATESMATERIAL('3zHPqodkfDgxcrZ$zEUfNt',#3,$,$,(#500),#65);
#502=IFCLOCALPLACEMENT($,#504);
#503=IFCPRODUCTDEFINITIONSHAPE($,$,(#505));
#504=IFCAXIS2PLACEMENT3D(#506,#305,#306);
#505=IFCSHAPEREPRESENTATION(#9,'Body','SweptSolid',(#507));
#506=IFCCARTESIANPOINT((2.8333333E-001,1.1166667E+000,1.4025000E+001));
#507=IFCEXTRUDEDAREASOLID(#445,#14,#37,8.3333333E-001);
#508=IFCBEAM('2GRI_pF5H19vKTT4AoULpy',#62,'243',$,$,#510,#511,$);
#509=IFCRELASSOCIATESMATERIAL('1$H4UTg3X6mg$rnpfraFYr',#3,$,$,(#508),#65);
#510=IFCLOCALPLACEMENT($,#512);
#511=IFCPRODUCTDEFINITIONSHAPE($,$,(#513));
#512=IFCAXIS2PLACEMENT3D(#514,#323,#305);
#513=IFCSHAPEREPRESENTATION(#9,'Body','SweptSolid',(#515));
#514=IFCCARTESIANPOINT((9.0000000E-001,5.0000000E-001,1.5350000E+001));
#515=IFCEXTRUDEDAREASOLID(#61,#14,#37,4.0000000E-001);
#516=IFCBEAM('0ExbLY0j590AC4Y5$gdSbF',#62,'245',$,$,#518,#519,$);
#517=IFCRELASSOCIATESMATERIAL('3KJtB2n$TFZxK7zRDNbwl9',#3,$,$,(#516),#65);
#518=IFCLOCALPLACEMENT($,#520);
#519=IFCPRODUCTDEFINITIONSHAPE($,$,(#521));
#520=IFCAXIS2PLACEMENT3D(#522,#80,#323);
#521=IFCSHAPEREPRESENTATION(#9,'Body','SweptSolid',(#523));
#522=IFCCARTESIANPOINT((5.0000000E-001,5.0000000E-001,1.5350000E+001));
#523=IFCEXTRUDEDAREASOLID(#61,#14,#37,4.0000000E-001);
#524=IFCBEAM('2w3_zUqbf6uPMugiojBkms',#62,'247',$,$,#526,#527,$);
#525=IFCRELASSOCIATESMATERIAL('1OgtPWFqHAGQN_IKNRQS64',#3,$,$,(#524),#65);
#526=IFCLOCALPLACEMENT($,#528);
#527=IFCPRODUCTDEFINITIONSHAPE($,$,(#529));
#528=IFCAXIS2PLACEMENT3D(#530,#306,#80);
#529=IFCSHAPEREPRESENTATION(#9,'Body','SweptSolid',(#531));
#530=IFCCARTESIANPOINT((5.0000000E-001,9.0000000E-001,1.5350000E+001));
#531=IFCEXTRUDEDAREASOLID(#61,#14,#37,4.0000000E-001);
#532=IFCBEAM('1lzJowpdn4BB00qp_gGtZ7',#62,'249',$,$,#534,#535,$);
#533=IFCRELASSOCIATESMATERIAL('3dAmO_ggz1dQZopyBa5$_I',#3,$,$,(#532),#65);
#534=IFCLOCALPLACEMENT($,#536);
#535=IFCPRODUCTDEFINITIONSHAPE($,$,(#537));
#536=IFCAXIS2PLACEMENT3D(#538,#305,#306);
#537=IFCSHAPEREPRESENTATION(#9,'Body','SweptSolid',(#539));
#538=IFCCARTESIANPOINT((9.0000000E-001,9.0000000E-001,1.5350000E+001));
#539=IFCEXTRUDEDAREASOLID(#61,#14,#37,4.0000000E-001);
#540=IFCBEAM('2yQbX64kf5w9ptYLFQskU8',#62,'340',$,$,#542,#543,$);
#541=IFCRELASSOCIATESMATERIAL('0zK9$GvKLBjQD8YtEmakQR',#3,$,$,(#540),#65);
#542=IFCLOCALPLACEMENT($,#544);
#543=IFCPRODUCTDEFINITIONSHAPE($,$,(#545));
#544=IFCAXIS2PLACEMENT3D(#546,#306,#80);
#545=IFCSHAPEREPRESENTATION(#9,'Body','SweptSolid',(#547));
#546=IFCCARTESIANPOINT((1.0300000E+001,3.0000000E-001,1.4850000E+001));
#547=IFCEXTRUDEDAREASOLID(#445,#14,#37,8.0000000E-001);
#548=IFCBEAM('0m6DOIjTv8LO3t2OyTjLzr',#62,'341',$,$,#550,#551,$);
#549=IFCRELASSOCIATESMATERIAL('3MamKtumP66u2bwsP2aDPp',#3,$,$,(#548),#65);
#550=IFCLOCALPLACEMENT($,#552);
#551=IFCPRODUCTDEFINITIONSHAPE($,$,(#553));
#552=IFCAXIS2PLACEMENT3D(#554,#306,#80);
#553=IFCSHAPEREPRESENTATION(#9,'Body','SweptSolid',(#555));
#554=IFCCARTESIANPOINT((1.0283333E+001,2.8333333E-001,1.4025000E+001));
#555=IFCEXTRUDEDAREASOLID(#445,#14,#37,8.3333333E-001);
#556=IFCBEAM('2azZZX4W1BWR0Xm5_O4vsV',#62,'360',$,$,#558,#559,$);
#557=IFCRELASSOCIATESMATERIAL('2LGwXJzw17Ave54Dk3J3Fo',#3,$,$,(#556),#65);
#558=IFCLOCALPLACEMENT($,#560);
#559=IFCPRODUCTDEFINITIONSHAPE($,$,(#561));
#560=IFCAXIS2PLACEMENT3D(#562,#80,#323);
#561=IFCSHAPEREPRESENTATION(#9,'Body','SweptSolid',(#563));
#562=IFCCARTESIANPOINT((1.1100000E+001,3.0000000E-001,1.4850000E+001));
#563=IFCEXTRUDEDAREASOLID(#445,#14,#37,8.0000000E-001);
#564=IFCBEAM('1dSCY4_ZXFWReLk3y1kQcf',#62,'361',$,$,#566,#567,$);
#565=IFCRELASSOCIATESMATERIAL('1JiFBgmQT3Wf$MQ0by$PZW',#3,$,$,(#564),#65);
#566=IFCLOCALPLACEMENT($,#568);
#567=IFCPRODUCTDEFINITIONSHAPE($,$,(#569));
#568=IFCAXIS2PLACEMENT3D(#570,#80,#323);
#569=IFCSHAPEREPRESENTATION(#9,'Body','SweptSolid',(#571));
#570=IFCCARTESIANPOINT((1.1116667E+001,2.8333333E-001,1.4025000E+001));
#571=IFCEXTRUDEDAREASOLID(#445,#14,#37,8.3333333E-001);
#572=IFCBEAM('3UpLGZZb57b8$oR1oCz26s',#62,'380',$,$,#574,#575,$);
#573=IFCRELASSOCIATESMATERIAL('2tH37oIQLAVv6qMlhkyWlu',#3,$,$,(#572),#65);
#574=IFCLOCALPLACEMENT($,#576);
#575=IFCPRODUCTDEFINITIONSHAPE($,$,(#577));
#576=IFCAXIS2PLACEMENT3D(#578,#323,#305);
#577=IFCSHAPEREPRESENTATION(#9,'Body','SweptSolid',(#579));
#578=IFCCARTESIANPOINT((1.1100000E+001,1.1000000E+000,1.4850000E+001));
#579=IFCEXTRUDEDAREASOLID(#445,#14,#37,8.0000000E-001);
#580=IFCBEAM('2yGXqieEjA4OKAbm3eTxb1',#62,'381',$,$,#582,#583,$);
#581=IFCRELASSOCIATESMATERIAL('2UV$yV3Or46QqozYcQ$IS2',#3,$,$,(#580),#65);
#582=IFCLOCALPLACEMENT($,#584);
#583=IFCPRODUCTDEFINITIONSHAPE($,$,(#585));
#584=IFCAXIS2PLACEMENT3D(#586,#323,#305);
#585=IFCSHAPEREPRESENTATION(#9,'Body','SweptSolid',(#587));
#586=IFCCARTESIANPOINT((1.1116667E+001,1.1166667E+000,1.4025000E+001));
#587=IFCEXTRUDEDAREASOLID(#445,#14,#37,8.3333333E-001);
#588=IFCBEAM('2O86UHAnbEwvG4xTGLro8v',#62,'400',$,$,#590,#591,$);
#589=IFCRELASSOCIATESMATERIAL('1h5SVh7FT2j8SJv81k9D$A',#3,$,$,(#588),#65);
#590=IFCLOCALPLACEMENT($,#592);
#591=IFCPRODUCTDEFINITIONSHAPE($,$,(#593));
#592=IFCAXIS2PLACEMENT3D(#594,#305,#306);
#593=IFCSHAPEREPRESENTATION(#9,'Body','SweptSolid',(#595));
#594=IFCCARTESIANPOINT((1.0300000E+001,1.1000000E+000,1.4850000E+001));
#595=IFCEXTRUDEDAREASOLID(#445,#14,#37,8.0000000E-001);
#596=IFCBEAM('1UPVaq3jH9JORQ6g2fTLeF',#62,'401',$,$,#598,#599,$);
#597=IFCRELASSOCIATESMATERIAL('27vQtnhO95hBXeEDqRI_N1',#3,$,$,(#596),#65);
#598=IFCLOCALPLACEMENT($,#600);
#599=IFCPRODUCTDEFINITIONSHAPE($,$,(#601));
#600=IFCAXIS2PLACEMENT3D(#602,#305,#306);
#601=IFCSHAPEREPRESENTATION(#9,'Body','SweptSolid',(#603));
#602=IFCCARTESIANPOINT((1.0283333E+001,1.1166667E+000,1.4025000E+001));
#603=IFCEXTRUDEDAREASOLID(#445,#14,#37,8.3333333E-001);
#604=IFCBEAM('12araCF2H8j8LWlbUdrGM9',#62,'411',$,$,#606,#607,$);
#605=IFCRELASSOCIATESMATERIAL('2zGrI0oQr0DRVOWpuom91q',#3,$,$,(#604),#65);
#606=IFCLOCALPLACEMENT($,#608);
#607=IFCPRODUCTDEFINITIONSHAPE($,$,(#609));
#608=IFCAXIS2PLACEMENT3D(#610,#323,#305);
#609=IFCSHAPEREPRESENTATION(#9,'Body','SweptSolid',(#611));
#610=IFCCARTESIANPOINT((1.0900000E+001,5.0000000E-001,1.5350000E+001));
#611=IFCEXTRUDEDAREASOLID(#445,#14,#37,4.0000000E-001);
#612=IFCBEAM('3iV6pStBH9wP7zHySq_niT',#62,'413',$,$,#614,#615,$);
#613=IFCRELASSOCIATESMATERIAL('3u5HniOyj9ggfgoPMvKiBe',#3,$,$,(#612),#65);
#614=IFCLOCALPLACEMENT($,#616);
#615=IFCPRODUCTDEFINITIONSHAPE($,$,(#617));
#616=IFCAXIS2PLACEMENT3D(#618,#80,#323);
#617=IFCSHAPEREPRESENTATION(#9,'Body','SweptSolid',(#619));
#618=IFCCARTESIANPOINT((1.0500000E+001,5.0000000E-001,1.5350000E+001));
#619=IFCEXTRUDEDAREASOLID(#445,#14,#37,4.0000000E-001);
#620=IFCBEAM('1CEc4miov3zBY37WCUuI7O',#62,'415',$,$,#622,#623,$);
#621=IFCRELASSOCIATESMATERIAL('3BGRtq2Kn4gvL3i9TTV24l',#3,$,$,(#620),#65);
#622=IFCLOCALPLACEMENT($,#624);
#623=IFCPRODUCTDEFINITIONSHAPE($,$,(#625));
#624=IFCAXIS2PLACEMENT3D(#626,#306,#80);
#625=IFCSHAPEREPRESENTATION(#9,'Body','SweptSolid',(#627));
#626=IFCCARTESIANPOINT((1.0500000E+001,9.0000000E-001,1.5350000E+001));
#627=IFCEXTRUDEDAREASOLID(#445,#14,#37,4.0000000E-001);
#628=IFCBEAM('3ZstW2Vr5CGvNWGLiLcD1L',#62,'417',$,$,#630,#631,$);
#629=IFCRELASSOCIATESMATERIAL('1V_R4XDeT1qfkl9v0igAVX',#3,$,$,(#628),#65);
#630=IFCLOCALPLACEMENT($,#632);
#631=IFCPRODUCTDEFINITIONSHAPE($,$,(#633));
#632=IFCAXIS2PLACEMENT3D(#634,#305,#306);
#633=IFCSHAPEREPRESENTATION(#9,'Body','SweptSolid',(#635));
#634=IFCCARTESIANPOINT((1.0900000E+001,9.0000000E-001,1.5350000E+001));
#635=IFCEXTRUDEDAREASOLID(#445,#14,#37,4.0000000E-001);
#636=IFCBEAM('1ysz1xLJvAOhWPZhQVjPHC',#62,'508',$,$,#638,#639,$);
#637=IFCRELASSOCIATESMATERIAL('0Fdx$OuJLEnu_WfJZKW9tI',#3,$,$,(#636),#65);
#638=IFCLOCALPLACEMENT($,#640);
#639=IFCPRODUCTDEFINITIONSHAPE($,$,(#641));
#640=IFCAXIS2PLACEMENT3D(#642,#306,#80);
#641=IFCSHAPEREPRESENTATION(#9,'Body','SweptSolid',(#643));
#642=IFCCARTESIANPOINT((2.0300000E+001,3.0000000E-001,1.4850000E+001));
#643=IFCEXTRUDEDAREASOLID(#445,#14,#37,8.0000000E-001);
#644=IFCBEAM('1vgk8643XEUOAVcu80RCfD',#62,'509',$,$,#646,#647,$);
#645=IFCRELASSOCIATESMATERIAL('3BCUPQdZrFnuLBqzwoZgYA',#3,$,$,(#644),#65);
#646=IFCLOCALPLACEMENT($,#648);
#647=IFCPRODUCTDEFINITIONSHAPE($,$,(#649));
#648=IFCAXIS2PLACEMENT3D(#650,#306,#80);
#649=IFCSHAPEREPRESENTATION(#9,'Body','SweptSolid',(#651));
#650=IFCCARTESIANPOINT((2.0283333E+001,2.8333333E-001,1.4025000E+001));
#651=IFCEXTRUDEDAREASOLID(#445,#14,#37,8.3333333E-001);
#652=IFCBEAM('2Yxf8BbI549eFF4rFO3NtU',#62,'528',$,$,#654,#655,$);
#653=IFCRELASSOCIATESMATERIAL('0xcE9LKzjCs9DP7T7__LWS',#3,$,$,(#652),#65);
#654=IFCLOCALPLACEMENT($,#656);
#655=IFCPRODUCTDEFINITIONSHAPE($,$,(#657));
#656=IFCAXIS2PLACEMENT3D(#658,#80,#323);
#657=IFCSHAPEREPRESENTATION(#9,'Body','SweptSolid',(#659));
#658=IFCCARTESIANPOINT((2.1100000E+001,3.0000000E-001,1.4850000E+001));
#659=IFCEXTRUDEDAREASOLID(#445,#14,#37,8.0000000E-001);
#660=IFCBEAM('1Glqqvvs11f833tLuRcmCW',#62,'529',$,$,#662,#663,$);
#661=IFCRELASSOCIATESMATERIAL('3bbcsCqwz9v926ivuBm_1J',#3,$,$,(#660),#65);
#662=IFCLOCALPLACEMENT($,#664);
#663=IFCPRODUCTDEFINITIONSHAPE($,$,(#665));
#664=IFCAXIS2PLACEMENT3D(#666,#80,#323);
#665=IFCSHAPEREPRESENTATION(#9,'Body','SweptSolid',(#667));
#666=IFCCARTESIANPOINT((2.1116667E+001,2.8333333E-001,1.4025000E+001));
#667=IFCEXTRUDEDAREASOLID(#445,#14,#37,8.3333333E-001);
#668=IFCBEAM('0kYvi5YoDDNgKUqbOny47K',#62,'548',$,$,#670,#671,$);
#669=IFCRELASSOCIATESMATERIAL('1YGHn5tT92vgbT5Kls57zq',#3,$,$,(#668),#65);
#670=IFCLOCALPLACEMENT($,#672);
#671=IFCPRODUCTDEFINITIONSHAPE($,$,(#673));
#672=IFCAXIS2PLACEMENT3D(#674,#323,#305);
#673=IFCSHAPEREPRESENTATION(#9,'Body','SweptSolid',(#675));
#674=IFCCARTESIANPOINT((2.1100000E+001,1.1000000E+000,1.4850000E+001));
#675=IFCEXTRUDEDAREASOLID(#445,#14,#37,8.0000000E-001);
#676=IFCBEAM('3Ral7aGiP4rRHO6yS9rASS',#62,'549',$,$,#678,#679,$);
#677=IFCRELASSOCIATESMATERIAL('2Ng$f0wT10UvW5FS9fEc9e',#3,$,$,(#676),#65);
#678=IFCLOCALPLACEMENT($,#680);
#679=IFCPRODUCTDEFINITIONSHAPE($,$,(#681));
#680=IFCAXIS2PLACEMENT3D(#682,#323,#305);
#681=IFCSHAPEREPRESENTATION(#9,'Body','SweptSolid',(#683));
#682=IFCCARTESIANPOINT((2.1116667E+001,1.1166667E+000,1.4025000E+001));
#683=IFCEXTRUDEDAREASOLID(#445,#14,#37,8.3333333E-001);
#684=IFCBEAM('2YxZARaTXEavadj8g6leFi',#62,'568',$,$,#686,#687,$);
#685=IFCRELASSOCIATESMATERIAL('0ZbExVZgD3qRVmsiaVTBtS',#3,$,$,(#684),#65);
#686=IFCLOCALPLACEMENT($,#688);
#687=IFCPRODUCTDEFINITIONSHAPE($,$,(#689));
#688=IFCAXIS2PLACEMENT3D(#690,#305,#306);
#689=IFCSHAPEREPRESENTATION(#9,'Body','SweptSolid',(#691));
#690=IFCCARTESIANPOINT((2.0300000E+001,1.1000000E+000,1.4850000E+001));
#691=IFCEXTRUDEDAREASOLID(#445,#14,#37,8.0000000E-001);
#692=IFCBEAM('1F2TMPJ513wxehhfo4xitG',#62,'569',$,$,#694,#695,$);
#693=IFCRELASSOCIATESMATERIAL('1ekUAe41j4TfMbHeLHlng0',#3,$,$,(#692),#65);
#694=IFCLOCALPLACEMENT($,#696);
#695=IFCPRODUCTDEFINITIONSHAPE($,$,(#697));
#696=IFCAXIS2PLACEMENT3D(#698,#305,#306);
#697=IFCSHAPEREPRESENTATION(#9,'Body','SweptSolid',(#699));
#698=IFCCARTESIANPOINT((2.0283333E+001,1.1166667E+000,1.4025000E+001));
#699=IFCEXTRUDEDAREASOLID(#445,#14,#37,8.3333333E-001);
#700=IFCBEAM('3jLl5b4HD9gPICDd7vX8xs',#62,'579',$,$,#702,#703,$);
#701=IFCRELASSOCIATESMATERIAL('0PzfP86oX1HBaiOMfMXMT4',#3,$,$,(#700),#65);
#702=IFCLOCALPLACEMENT($,#704);
#703=IFCPRODUCTDEFINITIONSHAPE($,$,(#705));
#704=IFCAXIS2PLACEMENT3D(#706,#323,#305);
#705=IFCSHAPEREPRESENTATION(#9,'Body','SweptSolid',(#707));
#706=IFCCARTESIANPOINT((2.0900000E+001,5.0000000E-001,1.5350000E+001));
#707=IFCEXTRUDEDAREASOLID(#445,#14,#37,4.0000000E-001);
#708=IFCBEAM('3M8L3WPMr0$gotXdPkR0Bm',#62,'581',$,$,#710,#711,$);
#709=IFCRELASSOCIATESMATERIAL('0Zmhcn7SL1V9llWypeX9pl',#3,$,$,(#708),#65);
#710=IFCLOCALPLACEMENT($,#712);
#711=IFCPRODUCTDEFINITIONSHAPE($,$,(#713));
#712=IFCAXIS2PLACEMENT3D(#714,#80,#323);
#713=IFCSHAPEREPRESENTATION(#9,'Body','SweptSolid',(#715));
#714=IFCCARTESIANPOINT((2.0500000E+001,5.0000000E-001,1.5350000E+001));
#715=IFCEXTRUDEDAREASOLID(#445,#14,#37,4.0000000E-001);
#716=IFCBEAM('3dQp0XDxHD6Rjbnf91IpZ3',#62,'583',$,$,#718,#719,$);
#717=IFCRELASSOCIATESMATERIAL('0Fvpzj4hzAefmGfFi48D2Z',#3,$,$,(#716),#65);
#718=IFCLOCALPLACEMENT($,#720);
#719=IFCPRODUCTDEFINITIONSHAPE($,$,(#721));
#720=IFCAXIS2PLACEMENT3D(#722,#306,#80);
#721=IFCSHAPEREPRESENTATION(#9,'Body','SweptSolid',(#723));
#722=IFCCARTESIANPOINT((2.0500000E+001,9.0000000E-001,1.5350000E+001));
#723=IFCEXTRUDEDAREASOLID(#445,#14,#37,4.0000000E-001);
#724=IFCBEAM('3HdWS82ofC4PidpbvOK$_Y',#62,'585',$,$,#726,#727,$);
#725=IFCRELASSOCIATESMATERIAL('0yd75CTybEqAg4KMzsLYyb',#3,$,$,(#724),#65);
#726=IFCLOCALPLACEMENT($,#728);
#727=IFCPRODUCTDEFINITIONSHAPE($,$,(#729));
#728=IFCAXIS2PLACEMENT3D(#730,#305,#306);
#729=IFCSHAPEREPRESENTATION(#9,'Body','SweptSolid',(#731));
#730=IFCCARTESIANPOINT((2.0900000E+001,9.0000000E-001,1.5350000E+001));
#731=IFCEXTRUDEDAREASOLID(#445,#14,#37,4.0000000E-001);
#732=IFCBEAM('2Ep80ETtH128feiQ9sHmpV',#62,'590',$,$,#734,#735,$);
#733=IFCRELASSOCIATESMATERIAL('1xNrN55T91aupUwNZBQtqE',#3,$,$,(#732),#65);
#734=IFCLOCALPLACEMENT($,#736);
#735=IFCPRODUCTDEFINITIONSHAPE($,$,(#737));
#736=IFCAXIS2PLACEMENT3D(#738,#80,#323);
#737=IFCSHAPEREPRESENTATION(#9,'Body','SweptSolid',(#739));
#738=IFCCARTESIANPOINT((2.1500000E+000,3.0000000E-001,1.4050000E+001));
#739=IFCEXTRUDEDAREASOLID(#445,#14,#37,8.0000000E-001);
#740=IFCBEAM('273EOc7uv0tvBw_BspMZMp',#62,'591',$,$,#742,#743,$);
#741=IFCRELASSOCIATESMATERIAL('2MXs3nvj569gau6NEhQg5u',#3,$,$,(#740),#65);
#742=IFCLOCALPLACEMENT($,#744);
#743=IFCPRODUCTDEFINITIONSHAPE($,$,(#745));
#744=IFCAXIS2PLACEMENT3D(#746,#305,#306);
#745=IFCSHAPEREPRESENTATION(#9,'Body','SweptSolid',(#747));
#746=IFCCARTESIANPOINT((9.2500000E+000,1.1000000E+000,1.4050000E+001));
#747=IFCEXTRUDEDAREASOLID(#445,#14,#37,8.0000000E-001);
#748=IFCBEAM('2gam9ZcDn3zfWU272TZT64',#62,'612',$,$,#750,#751,$);
#749=IFCRELASSOCIATESMATERIAL('0Ukv6qP3LDKOAzTi71PYfD',#3,$,$,(#748),#65);
#750=IFCLOCALPLACEMENT($,#752);
#751=IFCPRODUCTDEFINITIONSHAPE($,$,(#753));
#752=IFCAXIS2PLACEMENT3D(#466,#306,#80);
#753=IFCSHAPEREPRESENTATION(#9,'Body','SweptSolid',(#754));
#754=IFCEXTRUDEDAREASOLID(#445,#14,#37,1.0500000E+000);
#755=IFCBEAM('0j3CA5cjfBOQ8Fjot9NHPw',#62,'613',$,$,#757,#758,$);
#756=IFCRELASSOCIATESMATERIAL('0lBtI4nxzC4Qd1JpiLO5yR',#3,$,$,(#755),#65);
#757=IFCLOCALPLACEMENT($,#759);
#758=IFCPRODUCTDEFINITIONSHAPE($,$,(#760));
#759=IFCAXIS2PLACEMENT3D(#78,#306,#80);
#760=IFCSHAPEREPRESENTATION(#9,'Body','SweptSolid',(#761));
#761=IFCEXTRUDEDAREASOLID(#445,#14,#37,1.0500000E+000);
#762=IFCBEAM('1ikx21IwfDewb1D$jTZNmg',#62,'614',$,$,#764,#765,$);
#763=IFCRELASSOCIATESMATERIAL('0yViOiDHn5OxdnkEduB1zX',#3,$,$,(#762),#65);
#764=IFCLOCALPLACEMENT($,#766);
#765=IFCPRODUCTDEFINITIONSHAPE($,$,(#767));
#766=IFCAXIS2PLACEMENT3D(#96,#306,#80);
#767=IFCSHAPEREPRESENTATION(#9,'Body','SweptSolid',(#768));
#768=IFCEXTRUDEDAREASOLID(#445,#14,#37,1.2500000E+000);
#769=IFCBEAM('3VhNi4sMn3gR7cngI0kn1l',#62,'615',$,$,#771,#772,$);
#770=IFCRELASSOCIATESMATERIAL('1eMFMQfIH7egcVmnKpo66Y',#3,$,$,(#769),#65);
#771=IFCLOCALPLACEMENT($,#773);
#772=IFCPRODUCTDEFINITIONSHAPE($,$,(#774));
#773=IFCAXIS2PLACEMENT3D(#184,#306,#80);
#774=IFCSHAPEREPRESENTATION(#9,'Body','SweptSolid',(#775));
#775=IFCEXTRUDEDAREASOLID(#445,#14,#37,1.2500000E+000);
#776=IFCBEAM('3RwUU5mCLFjQFQ0yOPkbQ9',#62,'616',$,$,#778,#779,$);
#777=IFCRELASSOCIATESMATERIAL('3BTUIvvUL42POQJuGxkiIv',#3,$,$,(#776),#65);
#778=IFCLOCALPLACEMENT($,#780);
#779=IFCPRODUCTDEFINITIONSHAPE($,$,(#781));
#780=IFCAXIS2PLACEMENT3D(#120,#306,#80);
#781=IFCSHAPEREPRESENTATION(#9,'Body','SweptSolid',(#782));
#782=IFCEXTRUDEDAREASOLID(#445,#14,#37,1.2500000E+000);
#783=IFCBEAM('1ZU10Om7HC2O61HH5ztt0m',#62,'617',$,$,#785,#786,$);
#784=IFCRELASSOCIATESMATERIAL('2aJMqmQt1Afv5$RuD$nLTk',#3,$,$,(#783),#65);
#785=IFCLOCALPLACEMENT($,#787);
#786=IFCPRODUCTDEFINITIONSHAPE($,$,(#788));
#787=IFCAXIS2PLACEMENT3D(#136,#306,#80);
#788=IFCSHAPEREPRESENTATION(#9,'Body','SweptSolid',(#789));
#789=IFCEXTRUDEDAREASOLID(#445,#14,#37,1.2500000E+000);
#790=IFCBEAM('0VlvABHMb62gw1gougG7NC',#62,'618',$,$,#792,#793,$);
#791=IFCRELASSOCIATESMATERIAL('2Zhm4ftrz9$xzSwonycthv',#3,$,$,(#790),#65);
#792=IFCLOCALPLACEMENT($,#794);
#793=IFCPRODUCTDEFINITIONSHAPE($,$,(#795));
#794=IFCAXIS2PLACEMENT3D(#152,#306,#80);
#795=IFCSHAPEREPRESENTATION(#9,'Body','SweptSolid',(#796));
#796=IFCEXTRUDEDAREASOLID(#445,#14,#37,1.0500000E+000);
#797=IFCBEAM('3cS0aMvx12zB0chiImXnMa',#62,'619',$,$,#799,#800,$);
#798=IFCRELASSOCIATESMATERIAL('2YZBKmjG1AfArz2uzcRQzQ',#3,$,$,(#797),#65);
#799=IFCLOCALPLACEMENT($,#801);
#800=IFCPRODUCTDEFINITIONSHAPE($,$,(#802));
#801=IFCAXIS2PLACEMENT3D(#168,#306,#80);
#802=IFCSHAPEREPRESENTATION(#9,'Body','SweptSolid',(#803));
#803=IFCEXTRUDEDAREASOLID(#445,#14,#37,1.0500000E+000);
#804=IFCBEAM('3mBQa4I6n019aQC$4LJ3_b',#62,'620',$,$,#806,#807,$);
#805=IFCRELASSOCIATESMATERIAL('2DpMXkk$r8WwOcQTw$qTod',#3,$,$,(#804),#65);
#806=IFCLOCALPLACEMENT($,#808);
#807=IFCPRODUCTDEFINITIONSHAPE($,$,(#809));
#808=IFCAXIS2PLACEMENT3D(#482,#306,#80);
#809=IFCSHAPEREPRESENTATION(#9,'Body','SweptSolid',(#810));
#810=IFCEXTRUDEDAREASOLID(#445,#14,#37,1.0500000E+000);
#811=IFCBEAM('1OgBWtwrvFNOg6uOgGdBw0',#62,'621',$,$,#813,#814,$);
#812=IFCRELASSOCIATESMATERIAL('1dVaO4lQ5BZe6CzdTkxwcG',#3,$,$,(#811),#65);
#813=IFCLOCALPLACEMENT($,#815);
#814=IFCPRODUCTDEFINITIONSHAPE($,$,(#816));
#815=IFCAXIS2PLACEMENT3D(#88,#306,#80);
#816=IFCSHAPEREPRESENTATION(#9,'Body','SweptSolid',(#817));
#817=IFCEXTRUDEDAREASOLID(#445,#14,#37,1.0500000E+000);
#818=IFCBEAM('1SCWZF$PfF_f7SIEGh$oYn',#62,'622',$,$,#820,#821,$);
#819=IFCRELASSOCIATESMATERIAL('2v0HJSHJD1AfZLfvFXm8JF',#3,$,$,(#818),#65);
#820=IFCLOCALPLACEMENT($,#822);
#821=IFCPRODUCTDEFINITIONSHAPE($,$,(#823));
#822=IFCAXIS2PLACEMENT3D(#104,#306,#80);
#823=IFCSHAPEREPRESENTATION(#9,'Body','SweptSolid',(#824));
#824=IFCEXTRUDEDAREASOLID(#445,#14,#37,1.2500000E+000);
#825=IFCBEAM('26_qETxQ58UOq$pViHLobl',#62,'623',$,$,#827,#828,$);
#826=IFCRELASSOCIATESMATERIAL('1WsFRVOYjBnv7LEK2Rfca9',#3,$,$,(#825),#65);
#827=IFCLOCALPLACEMENT($,#829);
#828=IFCPRODUCTDEFINITIONSHAPE($,$,(#830));
#829=IFCAXIS2PLACEMENT3D(#112,#306,#80);
#830=IFCSHAPEREPRESENTATION(#9,'Body','SweptSolid',(#831));
#831=IFCEXTRUDEDAREASOLID(#445,#14,#37,1.2500000E+000);
#832=IFCBEAM('3MmdpkXmb6AQM41sMcISdj',#62,'624',$,$,#834,#835,$);
#833=IFCRELASSOCIATESMATERIAL('0BuKsZgZbF$RqMkUnoWjuX',#3,$,$,(#832),#65);
#834=IFCLOCALPLACEMENT($,#836);
#835=IFCPRODUCTDEFINITIONSHAPE($,$,(#837));
#836=IFCAXIS2PLACEMENT3D(#128,#306,#80);
#837=IFCSHAPEREPRESENTATION(#9,'Body','SweptSolid',(#838));
#838=IFCEXTRUDEDAREASOLID(#445,#14,#37,1.2500000E+000);
#839=IFCBEAM('1vQ98QVaDBQvBClvk2c0ob',#62,'625',$,$,#841,#842,$);
#840=IFCRELASSOCIATESMATERIAL('3Q42qEBjn7TBhnwjm_8dLQ',#3,$,$,(#839),#65);
#841=IFCLOCALPLACEMENT($,#843);
#842=IFCPRODUCTDEFINITIONSHAPE($,$,(#844));
#843=IFCAXIS2PLACEMENT3D(#144,#306,#80);
#844=IFCSHAPEREPRESENTATION(#9,'Body','SweptSolid',(#845));
#845=IFCEXTRUDEDAREASOLID(#445,#14,#37,1.2500000E+000);
#846=IFCBEAM('2xfWx5XlHEjBj1Xce_s$8r',#62,'626',$,$,#848,#849,$);
#847=IFCRELASSOCIATESMATERIAL('0d6KwpJYn0ZPPuTUV$HXKk',#3,$,$,(#846),#65);
#848=IFCLOCALPLACEMENT($,#850);
#849=IFCPRODUCTDEFINITIONSHAPE($,$,(#851));
#850=IFCAXIS2PLACEMENT3D(#160,#306,#80);
#851=IFCSHAPEREPRESENTATION(#9,'Body','SweptSolid',(#852));
#852=IFCEXTRUDEDAREASOLID(#445,#14,#37,1.0500000E+000);
#853=IFCBEAM('3rt2vXT7P0Ver3Xx2aC2d0',#62,'627',$,$,#855,#856,$);
#854=IFCRELASSOCIATESMATERIAL('0kjOaEsjT83ApBsVNiIoR0',#3,$,$,(#853),#65);
#855=IFCLOCALPLACEMENT($,#857);
#856=IFCPRODUCTDEFINITIONSHAPE($,$,(#858));
#857=IFCAXIS2PLACEMENT3D(#176,#306,#80);
#858=IFCSHAPEREPRESENTATION(#9,'Body','SweptSolid',(#859));
#859=IFCEXTRUDEDAREASOLID(#445,#14,#37,1.0500000E+000);
#860=IFCBEAM('2$LfUfi1LAjx56zy7Zqneu',#62,'628',$,$,#862,#863,$);
#861=IFCRELASSOCIATESMATERIAL('1HqPYmYfP3NvoCOMnHLdue',#3,$,$,(#860),#65);
#862=IFCLOCALPLACEMENT($,#864);
#863=IFCPRODUCTDEFINITIONSHAPE($,$,(#865));
#864=IFCAXIS2PLACEMENT3D(#738,#306,#80);
#865=IFCSHAPEREPRESENTATION(#9,'Body','SweptSolid',(#866));
#866=IFCEXTRUDEDAREASOLID(#445,#14,#37,1.0500000E+000);
#867=IFCBEAM('1sWsvYlYvCMw2f0rzLCuXB',#62,'629',$,$,#869,#870,$);
#868=IFCRELASSOCIATESMATERIAL('1qBDhFSLjCCvk_LbjK3G4F',#3,$,$,(#867),#65);
#869=IFCLOCALPLACEMENT($,#871);
#870=IFCPRODUCTDEFINITIONSHAPE($,$,(#872));
#871=IFCAXIS2PLACEMENT3D(#873,#306,#80);
#872=IFCSHAPEREPRESENTATION(#9,'Body','SweptSolid',(#874));
#873=IFCCARTESIANPOINT((3.2000000E+000,3.0000000E-001,1.4050000E+001));
#874=IFCEXTRUDEDAREASOLID(#445,#14,#37,1.2500000E+000);
#875=IFCBEAM('0hl$9U_953Lv0wsYu8ZQ$8',#62,'630',$,$,#877,#878,$);
#876=IFCRELASSOCIATESMATERIAL('1mwT3hsUn65PD1AObJZbAj',#3,$,$,(#875),#65);
#877=IFCLOCALPLACEMENT($,#879);
#878=IFCPRODUCTDEFINITIONSHAPE($,$,(#880));
#879=IFCAXIS2PLACEMENT3D(#881,#306,#80);
#880=IFCSHAPEREPRESENTATION(#9,'Body','SweptSolid',(#882));
#881=IFCCARTESIANPOINT((4.4500000E+000,3.0000000E-001,1.4050000E+001));
#882=IFCEXTRUDEDAREASOLID(#445,#14,#37,1.2500000E+000);
#883=IFCBEAM('1Wd2ZkGVj5tvKv_auTHtD0',#62,'631',$,$,#885,#886,$);
#884=IFCRELASSOCIATESMATERIAL('0XBaAepL14GhYqyGocKUsP',#3,$,$,(#883),#65);
#885=IFCLOCALPLACEMENT($,#887);
#886=IFCPRODUCTDEFINITIONSHAPE($,$,(#888));
#887=IFCAXIS2PLACEMENT3D(#889,#306,#80);
#888=IFCSHAPEREPRESENTATION(#9,'Body','SweptSolid',(#890));
#889=IFCCARTESIANPOINT((5.7000000E+000,3.0000000E-001,1.4050000E+001));
#890=IFCEXTRUDEDAREASOLID(#445,#14,#37,1.2500000E+000);
#891=IFCBEAM('1jtJNZh3T19x06yujMQZWK',#62,'632',$,$,#893,#894,$);
#892=IFCRELASSOCIATESMATERIAL('2Cqxq0_oT4l8Pt3$rFCcSI',#3,$,$,(#891),#65);
#893=IFCLOCALPLACEMENT($,#895);
#894=IFCPRODUCTDEFINITIONSHAPE($,$,(#896));
#895=IFCAXIS2PLACEMENT3D(#897,#306,#80);
#896=IFCSHAPEREPRESENTATION(#9,'Body','SweptSolid',(#898));
#897=IFCCARTESIANPOINT((6.9500000E+000,3.0000000E-001,1.4050000E+001));
#898=IFCEXTRUDEDAREASOLID(#445,#14,#37,1.2500000E+000);
#899=IFCBEAM('0_G3Lc3Y9CYerJ9cKb8F1X',#62,'633',$,$,#901,#902,$);
#900=IFCRELASSOCIATESMATERIAL('1H90CcxXP5XBylfdy2Ufdd',#3,$,$,(#899),#65);
#901=IFCLOCALPLACEMENT($,#903);
#902=IFCPRODUCTDEFINITIONSHAPE($,$,(#904));
#903=IFCAXIS2PLACEMENT3D(#905,#306,#80);
#904=IFCSHAPEREPRESENTATION(#9,'Body','SweptSolid',(#906));
#905=IFCCARTESIANPOINT((8.2000000E+000,3.0000000E-001,1.4050000E+001));
#906=IFCEXTRUDEDAREASOLID(#445,#14,#37,1.0500000E+000);
#907=IFCBEAM('3JkRvMNwP0zAK$5kbRecPN',#62,'634',$,$,#909,#910,$);
#908=IFCRELASSOCIATESMATERIAL('1XVHQe25v4KPxQqJHOoFPF',#3,$,$,(#907),#65);
#909=IFCLOCALPLACEMENT($,#911);
#910=IFCPRODUCTDEFINITIONSHAPE($,$,(#912));
#911=IFCAXIS2PLACEMENT3D(#913,#306,#80);
#912=IFCSHAPEREPRESENTATION(#9,'Body','SweptSolid',(#914));
#913=IFCCARTESIANPOINT((2.1500000E+000,1.1000000E+000,1.4050000E+001));
#914=IFCEXTRUDEDAREASOLID(#445,#14,#37,1.0500000E+000);
#915=IFCBEAM('0Twt28n0b1O8nYbusKqIcw',#62,'635',$,$,#917,#918,$);
#916=IFCRELASSOCIATESMATERIAL('096eOnBZP1OwaOyQcbNJ9J',#3,$,$,(#915),#65);
#917=IFCLOCALPLACEMENT($,#919);
#918=IFCPRODUCTDEFINITIONSHAPE($,$,(#920));
#919=IFCAXIS2PLACEMENT3D(#921,#306,#80);
#920=IFCSHAPEREPRESENTATION(#9,'Body','SweptSolid',(#922));
#921=IFCCARTESIANPOINT((3.2000000E+000,1.1000000E+000,1.4050000E+001));
#922=IFCEXTRUDEDAREASOLID(#445,#14,#37,1.2500000E+000);
#923=IFCBEAM('101DPGX95DleLcn0x72iBL',#62,'636',$,$,#925,#926,$);
#924=IFCRELASSOCIATESMATERIAL('2doMYhwJH1sO3NmgETJ5_F',#3,$,$,(#923),#65);
#925=IFCLOCALPLACEMENT($,#927);
#926=IFCPRODUCTDEFINITIONSHAPE($,$,(#928));
#927=IFCAXIS2PLACEMENT3D(#929,#306,#80);
#928=IFCSHAPEREPRESENTATION(#9,'Body','SweptSolid',(#930));
#929=IFCCARTESIANPOINT((4.4500000E+000,1.1000000E+000,1.4050000E+001));
#930=IFCEXTRUDEDAREASOLID(#445,#14,#37,1.2500000E+000);
#931=IFCBEAM('3$b9F2DZn6VPhXKdcGgED5',#62,'637',$,$,#933,#934,$);
#932=IFCRELASSOCIATESMATERIAL('2KLMcTuIPA_RM7_BvJDRQp',#3,$,$,(#931),#65);
#933=IFCLOCALPLACEMENT($,#935);
#934=IFCPRODUCTDEFINITIONSHAPE($,$,(#936));
#935=IFCAXIS2PLACEMENT3D(#937,#306,#80);
#936=IFCSHAPEREPRESENTATION(#9,'Body','SweptSolid',(#938));
#937=IFCCARTESIANPOINT((5.7000000E+000,1.1000000E+000,1.4050000E+001));
#938=IFCEXTRUDEDAREASOLID(#445,#14,#37,1.2500000E+000);
#939=IFCBEAM('3eCGIZbIjFNPtwMNrHLhar',#62,'638',$,$,#941,#942,$);
#940=IFCRELASSOCIATESMATERIAL('2kO1n22XjDFBac4wEeVBts',#3,$,$,(#939),#65);
#941=IFCLOCALPLACEMENT($,#943);
#942=IFCPRODUCTDEFINITIONSHAPE($,$,(#944));
#943=IFCAXIS2PLACEMENT3D(#945,#306,#80);
#944=IFCSHAPEREPRESENTATION(#9,'Body','SweptSolid',(#946));
#945=IFCCARTESIANPOINT((6.9500000E+000,1.1000000E+000,1.4050000E+001));
#946=IFCEXTRUDEDAREASOLID(#445,#14,#37,1.2500000E+000);
#947=IFCBEAM('2D3qJZZSH0bxtByiNU6QMB',#62,'639',$,$,#949,#950,$);
#948=IFCRELASSOCIATESMATERIAL('2Hd7feULL4EOsR1jBalp3t',#3,$,$,(#947),#65);
#949=IFCLOCALPLACEMENT($,#951);
#950=IFCPRODUCTDEFINITIONSHAPE($,$,(#952));
#951=IFCAXIS2PLACEMENT3D(#953,#306,#80);
#952=IFCSHAPEREPRESENTATION(#9,'Body','SweptSolid',(#954));
#953=IFCCARTESIANPOINT((8.2000000E+000,1.1000000E+000,1.4050000E+001));
#954=IFCEXTRUDEDAREASOLID(#445,#14,#37,1.0500000E+000);
#955=IFCBEAM('1nhnhvAgDEFQ$Ua4F7FEKK',#62,'674',$,$,#957,#958,$);
#956=IFCRELASSOCIATESMATERIAL('1rzddIig9FLfTg766Klnkt',#3,$,$,(#955),#65);
#957=IFCLOCALPLACEMENT($,#959);
#958=IFCPRODUCTDEFINITIONSHAPE($,$,(#960));
#959=IFCAXIS2PLACEMENT3D(#88,#305,#306);
#960=IFCSHAPEREPRESENTATION(#9,'Body','SweptSolid',(#961));
#961=IFCEXTRUDEDAREASOLID(#61,#14,#37,8.0000000E-001);
#962=IFCBEAM('0HAuvKojj3ZP0oAK0$OVeW',#62,'675',$,$,#964,#965,$);
#963=IFCRELASSOCIATESMATERIAL('0DgYbI0Fz1ah7987IiKNMT',#3,$,$,(#962),#65);
#964=IFCLOCALPLACEMENT($,#966);
#965=IFCPRODUCTDEFINITIONSHAPE($,$,(#967));
#966=IFCAXIS2PLACEMENT3D(#104,#305,#306);
#967=IFCSHAPEREPRESENTATION(#9,'Body','SweptSolid',(#968));
#968=IFCEXTRUDEDAREASOLID(#61,#14,#37,8.0000000E-001);
#969=IFCBEAM('0tKxVTErbDWwoXIKPW7LiV',#62,'676',$,$,#971,#972,$);
#970=IFCRELASSOCIATESMATERIAL('2M1k1eiQP0ju9961kUU41W',#3,$,$,(#969),#65);
#971=IFCLOCALPLACEMENT($,#973);
#972=IFCPRODUCTDEFINITIONSHAPE($,$,(#974));
#973=IFCAXIS2PLACEMENT3D(#921,#305,#306);
#974=IFCSHAPEREPRESENTATION(#9,'Body','SweptSolid',(#975));
#975=IFCEXTRUDEDAREASOLID(#61,#14,#37,8.0000000E-001);
#976=IFCBEAM('3VJgnOsav17wu$KnVLfR81',#62,'677',$,$,#978,#979,$);
#977=IFCRELASSOCIATESMATERIAL('3c5aH_pMb6EwWVANOlsD_J',#3,$,$,(#976),#65);
#978=IFCLOCALPLACEMENT($,#980);
#979=IFCPRODUCTDEFINITIONSHAPE($,$,(#981));
#980=IFCAXIS2PLACEMENT3D(#112,#305,#306);
#981=IFCSHAPEREPRESENTATION(#9,'Body','SweptSolid',(#982));
#982=IFCEXTRUDEDAREASOLID(#61,#14,#37,8.0000000E-001);
#983=IFCBEAM('3clEfUWVXBzPct5o9jR2Bl',#62,'678',$,$,#985,#986,$);
#984=IFCRELASSOCIATESMATERIAL('2kxcakIpz7khd1AVOu2r47',#3,$,$,(#983),#65);
#985=IFCLOCALPLACEMENT($,#987);
#986=IFCPRODUCTDEFINITIONSHAPE($,$,(#988));
#987=IFCAXIS2PLACEMENT3D(#929,#305,#306);
#988=IFCSHAPEREPRESENTATION(#9,'Body','SweptSolid',(#989));
#989=IFCEXTRUDEDAREASOLID(#61,#14,#37,8.0000000E-001);
#990=IFCBEAM('3_m7ql3294$AwpDiIELa6p',#62,'679',$,$,#992,#993,$);
#991=IFCRELASSOCIATESMATERIAL('3KS0Hpd4T5N8YII7$XY4s0',#3,$,$,(#990),#65);
#992=IFCLOCALPLACEMENT($,#994);
#993=IFCPRODUCTDEFINITIONSHAPE($,$,(#995));
#994=IFCAXIS2PLACEMENT3D(#128,#305,#306);
#995=IFCSHAPEREPRESENTATION(#9,'Body','SweptSolid',(#996));
#996=IFCEXTRUDEDAREASOLID(#61,#14,#37,8.0000000E-001);
#997=IFCBEAM('1Zy1NnfE9ExhbekIbottgo',#62,'680',$,$,#999,#1000,$);
#998=IFCRELASSOCIATESMATERIAL('3QtDWKZ4XBO9nvEj1elb42',#3,$,$,(#997),#65);
#999=IFCLOCALPLACEMENT($,#1001);
#1000=IFCPRODUCTDEFINITIONSHAPE($,$,(#1002));
#1001=IFCAXIS2PLACEMENT3D(#937,#305,#306);
#1002=IFCSHAPEREPRESENTATION(#9,'Body','SweptSolid',(#1003));
#1003=IFCEXTRUDEDAREASOLID(#61,#14,#37,8.0000000E-001);
#1004=IFCBEAM('3dWpvsT3P91eBfchgtR$kl',#62,'681',$,$,#1006,#1007,$);
#1005=IFCRELASSOCIATESMATERIAL('2PAIzVo5z2pBd48BdePqjD',#3,$,$,(#1004),#65);
#1006=IFCLOCALPLACEMENT($,#1008);
#1007=IFCPRODUCTDEFINITIONSHAPE($,$,(#1009));
#1008=IFCAXIS2PLACEMENT3D(#144,#305,#306);
#1009=IFCSHAPEREPRESENTATION(#9,'Body','SweptSolid',(#1010));
#1010=IFCEXTRUDEDAREASOLID(#61,#14,#37,8.0000000E-001);
#1011=IFCBEAM('2SyJ9Aie18lP7i971PCzd9',#62,'682',$,$,#1013,#1014,$);
#1012=IFCRELASSOCIATESMATERIAL('1bcLVSK3j5k9qSIS2UmRyq',#3,$,$,(#1011),#65);
#1013=IFCLOCALPLACEMENT($,#1015);
#1014=IFCPRODUCTDEFINITIONSHAPE($,$,(#1016));
#1015=IFCAXIS2PLACEMENT3D(#945,#305,#306);
#1016=IFCSHAPEREPRESENTATION(#9,'Body','SweptSolid',(#1017));
#1017=IFCEXTRUDEDAREASOLID(#61,#14,#37,8.0000000E-001);
#1018=IFCBEAM('2DztSezI1DvwSmcCpzBt$_',#62,'683',$,$,#1020,#1021,$);
#1019=IFCRELASSOCIATESMATERIAL('2WerJwpjj4iBIPTOarGgKR',#3,$,$,(#1018),#65);
#1020=IFCLOCALPLACEMENT($,#1022);
#1021=IFCPRODUCTDEFINITIONSHAPE($,$,(#1023));
#1022=IFCAXIS2PLACEMENT3D(#160,#305,#306);
#1023=IFCSHAPEREPRESENTATION(#9,'Body','SweptSolid',(#1024));
#1024=IFCEXTRUDEDAREASOLID(#61,#14,#37,8.0000000E-001);
#1025=IFCBEAM('0fXKk0KLH6Ae5dak05wFVi',#62,'684',$,$,#1027,#1028,$);
#1026=IFCRELASSOCIATESMATERIAL('3UTMoSu4r6dhv694jnoiVT',#3,$,$,(#1025),#65);
#1027=IFCLOCALPLACEMENT($,#1029);
#1028=IFCPRODUCTDEFINITIONSHAPE($,$,(#1030));
#1029=IFCAXIS2PLACEMENT3D(#953,#305,#306);
#1030=IFCSHAPEREPRESENTATION(#9,'Body','SweptSolid',(#1031));
#1031=IFCEXTRUDEDAREASOLID(#61,#14,#37,8.0000000E-001);
#1032=IFCBEAM('3UDWg6ktHDoeHIWzZaV2mA',#62,'698',$,$,#1034,#1035,$);
#1033=IFCRELASSOCIATESMATERIAL('0tJikgkuP8CvoxkL51Ps54',#3,$,$,(#1032),#65);
#1034=IFCLOCALPLACEMENT($,#1036);
#1035=IFCPRODUCTDEFINITIONSHAPE($,$,(#1037));
#1036=IFCAXIS2PLACEMENT3D(#88,#1038,#1039);
#1037=IFCSHAPEREPRESENTATION(#9,'Body','SweptSolid',(#1040));
#1038=IFCDIRECTION((7.9543172E-001,-6.0604322E-001,0.0000000E+000));
#1039=IFCDIRECTION((6.0604322E-001,7.9543172E-001,0.0000000E+000));
#1040=IFCEXTRUDEDAREASOLID(#61,#14,#37,1.3200379E+000);
#1041=IFCBEAM('2oDxNZLef6lv7lu36lHvhe',#62,'699',$,$,#1043,#1044,$);
#1042=IFCRELASSOCIATESMATERIAL('3Pa0RnIz95WfguzVXzcvb9',#3,$,$,(#1041),#65);
#1043=IFCLOCALPLACEMENT($,#1045);
#1044=IFCPRODUCTDEFINITIONSHAPE($,$,(#1046));
#1045=IFCAXIS2PLACEMENT3D(#96,#1047,#1048);
#1046=IFCSHAPEREPRESENTATION(#9,'Body','SweptSolid',(#1049));
#1047=IFCDIRECTION((8.4227140E-001,5.3905370E-001,0.0000000E+000));
#1048=IFCDIRECTION((-5.3905370E-001,8.4227140E-001,0.0000000E+000));
#1049=IFCEXTRUDEDAREASOLID(#61,#14,#37,1.4840822E+000);
#1050=IFCBEAM('0utsw84sT2$PSVdyXy$4Rk',#62,'700',$,$,#1052,#1053,$);
#1051=IFCRELASSOCIATESMATERIAL('3BmQFhVPP3Oxp3jX2WG1BF',#3,$,$,(#1050),#65);
#1052=IFCLOCALPLACEMENT($,#1054);
#1053=IFCPRODUCTDEFINITIONSHAPE($,$,(#1055));
#1054=IFCAXIS2PLACEMENT3D(#112,#1056,#1057);
#1055=IFCSHAPEREPRESENTATION(#9,'Body','SweptSolid',(#1058));
#1056=IFCDIRECTION((8.4227140E-001,-5.3905370E-001,0.0000000E+000));
#1057=IFCDIRECTION((5.3905370E-001,8.4227140E-001,0.0000000E+000));
#1058=IFCEXTRUDEDAREASOLID(#61,#14,#37,1.4840822E+000);
#1059=IFCBEAM('0zvIbnpHr4FAz3c3HvcdaH',#62,'701',$,$,#1061,#1062,$);
#1060=IFCRELASSOCIATESMATERIAL('2jECVQkoz9CwKSMysfw7eg',#3,$,$,(#1059),#65);
#1061=IFCLOCALPLACEMENT($,#1063);
#1062=IFCPRODUCTDEFINITIONSHAPE($,$,(#1064));
#1063=IFCAXIS2PLACEMENT3D(#120,#1047,#1048);
#1064=IFCSHAPEREPRESENTATION(#9,'Body','SweptSolid',(#1065));
#1065=IFCEXTRUDEDAREASOLID(#61,#14,#37,1.4840822E+000);
#1066=IFCBEAM('2PRTedTI92mwxOCwPlzjRX',#62,'702',$,$,#1068,#1069,$);
#1067=IFCRELASSOCIATESMATERIAL('0kUPElUhXA3f$bpK7IzNeB',#3,$,$,(#1066),#65);
#1068=IFCLOCALPLACEMENT($,#1070);
#1069=IFCPRODUCTDEFINITIONSHAPE($,$,(#1071));
#1070=IFCAXIS2PLACEMENT3D(#144,#1056,#1057);
#1071=IFCSHAPEREPRESENTATION(#9,'Body','SweptSolid',(#1072));
#1072=IFCEXTRUDEDAREASOLID(#61,#14,#37,1.4840822E+000);
#1073=IFCBEAM('0_c_S49wfEpOqEShvj6Z4b',#62,'703',$,$,#1075,#1076,$);
#1074=IFCRELASSOCIATESMATERIAL('0RtggpKorFrBJIbGfjsqPV',#3,$,$,(#1073),#65);
#1075=IFCLOCALPLACEMENT($,#1077);
#1076=IFCPRODUCTDEFINITIONSHAPE($,$,(#1078));
#1077=IFCAXIS2PLACEMENT3D(#152,#1079,#1080);
#1078=IFCSHAPEREPRESENTATION(#9,'Body','SweptSolid',(#1081));
#1079=IFCDIRECTION((7.9543172E-001,6.0604322E-001,0.0000000E+000));
#1080=IFCDIRECTION((-6.0604322E-001,7.9543172E-001,0.0000000E+000));
#1081=IFCEXTRUDEDAREASOLID(#61,#14,#37,1.3200379E+000);
#1082=IFCBEAM('31SA1h5193fB$Sbl51Euoz',#62,'704',$,$,#1084,#1085,$);
#1083=IFCRELASSOCIATESMATERIAL('2yjYJTN7DDW93uTyyclw9$',#3,$,$,(#1082),#65);
#1084=IFCLOCALPLACEMENT($,#1086);
#1085=IFCPRODUCTDEFINITIONSHAPE($,$,(#1087));
#1086=IFCAXIS2PLACEMENT3D(#176,#305,#306);
#1087=IFCSHAPEREPRESENTATION(#9,'Body','SweptSolid',(#1088));
#1088=IFCEXTRUDEDAREASOLID(#61,#14,#37,8.0000000E-001);
#1089=IFCBEAM('3KT26ka7vEF9hZNgbcu0LB',#62,'705',$,$,#1091,#1092,$);
#1090=IFCRELASSOCIATESMATERIAL('33M2E$Av91$QS77RMf5Y8a',#3,$,$,(#1089),#65);
#1091=IFCLOCALPLACEMENT($,#1093);
#1092=IFCPRODUCTDEFINITIONSHAPE($,$,(#1094));
#1093=IFCAXIS2PLACEMENT3D(#913,#1038,#1039);
#1094=IFCSHAPEREPRESENTATION(#9,'Body','SweptSolid',(#1095));
#1095=IFCEXTRUDEDAREASOLID(#61,#14,#37,1.3200379E+000);
#1096=IFCBEAM('04L0TJ_PHEPxpBXocQdQvB',#62,'706',$,$,#1098,#1099,$);
#1097=IFCRELASSOCIATESMATERIAL('2oqIyw93D0cQAZnhXh4pyv',#3,$,$,(#1096),#65);
#1098=IFCLOCALPLACEMENT($,#1100);
#1099=IFCPRODUCTDEFINITIONSHAPE($,$,(#1101));
#1100=IFCAXIS2PLACEMENT3D(#873,#1047,#1048);
#1101=IFCSHAPEREPRESENTATION(#9,'Body','SweptSolid',(#1102));
#1102=IFCEXTRUDEDAREASOLID(#61,#14,#37,1.4840822E+000);
#1103=IFCBEAM('1X6NVxe8f6ix1FMF9GSEDj',#62,'707',$,$,#1105,#1106,$);
#1104=IFCRELASSOCIATESMATERIAL('3HBQ2Uf1nCFxVvISYDvwu7',#3,$,$,(#1103),#65);
#1105=IFCLOCALPLACEMENT($,#1107);
#1106=IFCPRODUCTDEFINITIONSHAPE($,$,(#1108));
#1107=IFCAXIS2PLACEMENT3D(#929,#1056,#1057);
#1108=IFCSHAPEREPRESENTATION(#9,'Body','SweptSolid',(#1109));
#1109=IFCEXTRUDEDAREASOLID(#61,#14,#37,1.4840822E+000);
#1110=IFCBEAM('29X3bBxorCcg0q3YGn24ic',#62,'708',$,$,#1112,#1113,$);
#1111=IFCRELASSOCIATESMATERIAL('2ax_YPKGP53wr3Nxbv2EPY',#3,$,$,(#1110),#65);
#1112=IFCLOCALPLACEMENT($,#1114);
#1113=IFCPRODUCTDEFINITIONSHAPE($,$,(#1115));
#1114=IFCAXIS2PLACEMENT3D(#889,#1047,#1048);
#1115=IFCSHAPEREPRESENTATION(#9,'Body','SweptSolid',(#1116));
#1116=IFCEXTRUDEDAREASOLID(#61,#14,#37,1.4840822E+000);
#1117=IFCBEAM('3$jSXmBWjA39drYsmK3mWa',#62,'709',$,$,#1119,#1120,$);
#1118=IFCRELASSOCIATESMATERIAL('0PEUCW9D59qeEh8NiINmNJ',#3,$,$,(#1117),#65);
#1119=IFCLOCALPLACEMENT($,#1121);
#1120=IFCPRODUCTDEFINITIONSHAPE($,$,(#1122));
#1121=IFCAXIS2PLACEMENT3D(#945,#1056,#1057);
#1122=IFCSHAPEREPRESENTATION(#9,'Body','SweptSolid',(#1123));
#1123=IFCEXTRUDEDAREASOLID(#61,#14,#37,1.4840822E+000);
#1124=IFCBEAM('23yLM_pm92eQhduUgM4pk3',#62,'710',$,$,#1126,#1127,$);
#1125=IFCRELASSOCIATESMATERIAL('3WibsqWzrFRuShlfJbkwkt',#3,$,$,(#1124),#65);
#1126=IFCLOCALPLACEMENT($,#1128);
#1127=IFCPRODUCTDEFINITIONSHAPE($,$,(#1129));
#1128=IFCAXIS2PLACEMENT3D(#905,#1079,#1080);
#1129=IFCSHAPEREPRESENTATION(#9,'Body','SweptSolid',(#1130));
#1130=IFCEXTRUDEDAREASOLID(#61,#14,#37,1.3200379E+000);
#1131=IFCBEAM('0zGT7LOYPBkQFj1IB_D3hH',#62,'713',$,$,#1133,#1134,$);
#1132=IFCRELASSOCIATESMATERIAL('3UNquIDDL4ERE9RYMeDYyh',#3,$,$,(#1131),#65);
#1133=IFCLOCALPLACEMENT($,#1135);
#1134=IFCPRODUCTDEFINITIONSHAPE($,$,(#1136));
#1135=IFCAXIS2PLACEMENT3D(#88,#1137,#1138);
#1136=IFCSHAPEREPRESENTATION(#9,'Body','SweptSolid',(#1139));
#1137=IFCDIRECTION((-7.9543172E-001,-6.0604322E-001,0.0000000E+000));
#1138=IFCDIRECTION((6.0604322E-001,-7.9543172E-001,0.0000000E+000));
#1139=IFCEXTRUDEDAREASOLID(#61,#14,#37,1.3200379E+000);
#1140=IFCBEAM('0B$kltflb2w8Ye6wP_5RZ7',#62,'714',$,$,#1142,#1143,$);
#1141=IFCRELASSOCIATESMATERIAL('33Zqzj$GjBmxkEeKrjoSvX',#3,$,$,(#1140),#65);
#1142=IFCLOCALPLACEMENT($,#1144);
#1143=IFCPRODUCTDEFINITIONSHAPE($,$,(#1145));
#1144=IFCAXIS2PLACEMENT3D(#176,#1038,#1039);
#1145=IFCSHAPEREPRESENTATION(#9,'Body','SweptSolid',(#1146));
#1146=IFCEXTRUDEDAREASOLID(#61,#14,#37,1.3200379E+000);
#1147=IFCBEAM('38DHtN6Tz7mBNcLQRYGgpM',#62,'715',$,$,#1149,#1150,$);
#1148=IFCRELASSOCIATESMATERIAL('3u1NtBSozDsAF1BFQCZKkI',#3,$,$,(#1147),#65);
#1149=IFCLOCALPLACEMENT($,#1151);
#1150=IFCPRODUCTDEFINITIONSHAPE($,$,(#1152));
#1151=IFCAXIS2PLACEMENT3D(#78,#1153,#1154);
#1152=IFCSHAPEREPRESENTATION(#9,'Body','SweptSolid',(#1155));
#1153=IFCDIRECTION((-7.9543172E-001,6.0604322E-001,0.0000000E+000));
#1154=IFCDIRECTION((-6.0604322E-001,-7.9543172E-001,0.0000000E+000));
#1155=IFCEXTRUDEDAREASOLID(#61,#14,#37,1.3200379E+000);
#1156=IFCBEAM('2A3knbjefFARavxm9vYqgE',#62,'718',$,$,#1158,#1159,$);
#1157=IFCRELASSOCIATESMATERIAL('3WDyAYR09DWfqEFCg2nL__',#3,$,$,(#1156),#65);
#1158=IFCLOCALPLACEMENT($,#1160);
#1159=IFCPRODUCTDEFINITIONSHAPE($,$,(#1161));
#1160=IFCAXIS2PLACEMENT3D(#168,#1079,#1080);
#1161=IFCSHAPEREPRESENTATION(#9,'Body','SweptSolid',(#1162));
#1162=IFCEXTRUDEDAREASOLID(#61,#14,#37,1.3200379E+000);
#1163=IFCBEAM('2jLZYQGEL6DxCI5Te7cZke',#62,'719',$,$,#1165,#1166,$);
#1164=IFCRELASSOCIATESMATERIAL('1Mn7PtAIj9je9YvAokdFN$',#3,$,$,(#1163),#65);
#1165=IFCLOCALPLACEMENT($,#1167);
#1166=IFCPRODUCTDEFINITIONSHAPE($,$,(#1168));
#1167=IFCAXIS2PLACEMENT3D(#546,#340,#1169);
#1168=IFCSHAPEREPRESENTATION(#9,'Body','SweptSolid',(#1170));
#1169=IFCDIRECTION((-7.0710678E-001,7.0710678E-001,0.0000000E+000));
#1170=IFCEXTRUDEDAREASOLID(#61,#14,#37,1.1313708E+000);
#1171=IFCBEAM('2$nH5skWb3Nh5iYDMoH2lY',#62,'720',$,$,#1173,#1174,$);
#1172=IFCRELASSOCIATESMATERIAL('3_nOGhFhX9Ve0CtT3Abssp',#3,$,$,(#1171),#65);
#1173=IFCLOCALPLACEMENT($,#1175);
#1174=IFCPRODUCTDEFINITIONSHAPE($,$,(#1176));
#1175=IFCAXIS2PLACEMENT3D(#562,#1169,#348);
#1176=IFCSHAPEREPRESENTATION(#9,'Body','SweptSolid',(#1177));
#1177=IFCEXTRUDEDAREASOLID(#61,#14,#37,1.1313708E+000);
#1178=IFCBEAM('3cvQ6jT71EmwHp7YippqLh',#62,'721',$,$,#1180,#1181,$);
#1179=IFCRELASSOCIATESMATERIAL('1XUaufbXr7_g5E51js0G05',#3,$,$,(#1178),#65);
#1180=IFCLOCALPLACEMENT($,#1182);
#1181=IFCPRODUCTDEFINITIONSHAPE($,$,(#1183));
#1182=IFCAXIS2PLACEMENT3D(#450,#340,#1169);
#1183=IFCSHAPEREPRESENTATION(#9,'Body','SweptSolid',(#1184));
#1184=IFCEXTRUDEDAREASOLID(#61,#14,#37,1.1313708E+000);
#1185=IFCBEAM('0rt7rsAz99t8qVbtSqlyVF',#62,'722',$,$,#1187,#1188,$);
#1186=IFCRELASSOCIATESMATERIAL('3EhOM9FP5Fwhrm7bvVWeXV',#3,$,$,(#1185),#65);
#1187=IFCLOCALPLACEMENT($,#1189);
#1188=IFCPRODUCTDEFINITIONSHAPE($,$,(#1190));
#1189=IFCAXIS2PLACEMENT3D(#466,#1169,#348);
#1190=IFCSHAPEREPRESENTATION(#9,'Body','SweptSolid',(#1191));
#1191=IFCEXTRUDEDAREASOLID(#61,#14,#37,1.1313708E+000);
#1192=IFCBEAM('1BQn3DRsb1wggWAqnjK_ow',#62,'723',$,$,#1194,#1195,$);
#1193=IFCRELASSOCIATESMATERIAL('1BqAeh6UrAs9WLTkUMEfqa',#3,$,$,(#1192),#65);
#1194=IFCLOCALPLACEMENT($,#1196);
#1195=IFCPRODUCTDEFINITIONSHAPE($,$,(#1197));
#1196=IFCAXIS2PLACEMENT3D(#642,#340,#1169);
#1197=IFCSHAPEREPRESENTATION(#9,'Body','SweptSolid',(#1198));
#1198=IFCEXTRUDEDAREASOLID(#61,#14,#37,1.1313708E+000);
#1199=IFCBEAM('12$BSDHivDnAtkM1Dt$5Pm',#62,'724',$,$,#1201,#1202,$);
#1200=IFCRELASSOCIATESMATERIAL('2FsuP9Vc5F$wrPLBfkg4Tc',#3,$,$,(#1199),#65);
#1201=IFCLOCALPLACEMENT($,#1203);
#1202=IFCPRODUCTDEFINITIONSHAPE($,$,(#1204));
#1203=IFCAXIS2PLACEMENT3D(#658,#1169,#348);
#1204=IFCSHAPEREPRESENTATION(#9,'Body','SweptSolid',(#1205));
#1205=IFCEXTRUDEDAREASOLID(#61,#14,#37,1.1313708E+000);
#1206=IFCBEAM('3y9vW0g7D18hsdZnYumB9n',#62,'731',$,$,#1208,#1209,$);
#1207=IFCRELASSOCIATESMATERIAL('2$SWn_ITr1TfWrCqfasEcA',#3,$,$,(#1206),#65);
#1208=IFCLOCALPLACEMENT($,#1210);
#1209=IFCPRODUCTDEFINITIONSHAPE($,$,(#1211));
#1210=IFCAXIS2PLACEMENT3D(#1212,#80,#323);
#1211=IFCSHAPEREPRESENTATION(#9,'Body','SweptSolid',(#1213));
#1212=IFCCARTESIANPOINT((1.2150000E+001,3.0000000E-001,1.4050000E+001));
#1213=IFCEXTRUDEDAREASOLID(#445,#14,#37,8.0000000E-001);
#1214=IFCBEAM('3Rl$NU4m93vQZP4Ni1zclk',#62,'732',$,$,#1216,#1217,$);
#1215=IFCRELASSOCIATESMATERIAL('2PnoYaAofCRfbSk4o_jTJ$',#3,$,$,(#1214),#65);
#1216=IFCLOCALPLACEMENT($,#1218);
#1217=IFCPRODUCTDEFINITIONSHAPE($,$,(#1219));
#1218=IFCAXIS2PLACEMENT3D(#1220,#305,#306);
#1219=IFCSHAPEREPRESENTATION(#9,'Body','SweptSolid',(#1221));
#1220=IFCCARTESIANPOINT((1.9250000E+001,1.1000000E+000,1.4050000E+001));
#1221=IFCEXTRUDEDAREASOLID(#445,#14,#37,8.0000000E-001);
#1222=IFCBEAM('2j0_NILBH1M8MunrFCu0Iz',#62,'737',$,$,#1224,#1225,$);
#1223=IFCRELASSOCIATESMATERIAL('2gYrH626v0rel77t_kE9Jb',#3,$,$,(#1222),#65);
#1224=IFCLOCALPLACEMENT($,#1226);
#1225=IFCPRODUCTDEFINITIONSHAPE($,$,(#1227));
#1226=IFCAXIS2PLACEMENT3D(#562,#306,#80);
#1227=IFCSHAPEREPRESENTATION(#9,'Body','SweptSolid',(#1228));
#1228=IFCEXTRUDEDAREASOLID(#445,#14,#37,1.0500000E+000);
#1229=IFCBEAM('3gYKeXLbLAGvZ4HU0j4EnN',#62,'738',$,$,#1231,#1232,$);
#1230=IFCRELASSOCIATESMATERIAL('2BIuOsORT58vx4tFv8SFFF',#3,$,$,(#1229),#65);
#1231=IFCLOCALPLACEMENT($,#1233);
#1232=IFCPRODUCTDEFINITIONSHAPE($,$,(#1234));
#1233=IFCAXIS2PLACEMENT3D(#192,#306,#80);
#1234=IFCSHAPEREPRESENTATION(#9,'Body','SweptSolid',(#1235));
#1235=IFCEXTRUDEDAREASOLID(#445,#14,#37,1.0500000E+000);
#1236=IFCBEAM('0nsMXNGmb0I9N0fJEimIwe',#62,'739',$,$,#1238,#1239,$);
#1237=IFCRELASSOCIATESMATERIAL('1XTRwGXFT5u9YP1nI8plR3',#3,$,$,(#1236),#65);
#1238=IFCLOCALPLACEMENT($,#1240);
#1239=IFCPRODUCTDEFINITIONSHAPE($,$,(#1241));
#1240=IFCAXIS2PLACEMENT3D(#208,#306,#80);
#1241=IFCSHAPEREPRESENTATION(#9,'Body','SweptSolid',(#1242));
#1242=IFCEXTRUDEDAREASOLID(#445,#14,#37,1.2500000E+000);
#1243=IFCBEAM('3S9OGIG59CVh4GZLtIGAdQ',#62,'740',$,$,#1245,#1246,$);
#1244=IFCRELASSOCIATESMATERIAL('3dxLiP4Xb4JQpLm0P3XTS7',#3,$,$,(#1243),#65);
#1245=IFCLOCALPLACEMENT($,#1247);
#1246=IFCPRODUCTDEFINITIONSHAPE($,$,(#1248));
#1247=IFCAXIS2PLACEMENT3D(#296,#306,#80);
#1248=IFCSHAPEREPRESENTATION(#9,'Body','SweptSolid',(#1249));
#1249=IFCEXTRUDEDAREASOLID(#445,#14,#37,1.2500000E+000);
#1250=IFCBEAM('3VBp9kWEvFuBXBt8EPXhCT',#62,'741',$,$,#1252,#1253,$);
#1251=IFCRELASSOCIATESMATERIAL('3k9t0b4ELDux3m1$gfybEv',#3,$,$,(#1250),#65);
#1252=IFCLOCALPLACEMENT($,#1254);
#1253=IFCPRODUCTDEFINITIONSHAPE($,$,(#1255));
#1254=IFCAXIS2PLACEMENT3D(#232,#306,#80);
#1255=IFCSHAPEREPRESENTATION(#9,'Body','SweptSolid',(#1256));
#1256=IFCEXTRUDEDAREASOLID(#445,#14,#37,1.2500000E+000);
#1257=IFCBEAM('3hr0uL1Y18NwtIhcYAoU7K',#62,'742',$,$,#1259,#1260,$);
#1258=IFCRELASSOCIATESMATERIAL('0v_iKUp3PCoAwHTJ4tuUkm',#3,$,$,(#1257),#65);
#1259=IFCLOCALPLACEMENT($,#1261);
#1260=IFCPRODUCTDEFINITIONSHAPE($,$,(#1262));
#1261=IFCAXIS2PLACEMENT3D(#248,#306,#80);
#1262=IFCSHAPEREPRESENTATION(#9,'Body','SweptSolid',(#1263));
#1263=IFCEXTRUDEDAREASOLID(#445,#14,#37,1.2500000E+000);
#1264=IFCSTRUCTURALPROFILEPROPERTIES('L76X76X6.4',#1267,$,$,$,$,9.2900000E-004,1.3000000E-008,$,5.1200000E-007,5.1200000E-007,$,$,$,4.8387000E-004,4.8387000E-004,9.3090916E-006,9.3090916E-006,9.3090916E-006,9.3090916E-006,$,$,
$);
#1265=IFCBEAM('0Qne0n$FP5LOoZiNM_EpaA',#62,'743',$,$,#1268,#1269,$);
#1266=IFCRELASSOCIATESMATERIAL('1I5AzMlCD1kxfvGeS16yE4',#3,$,$,(#1265),#65);
#1267=IFCLSHAPEPROFILEDEF(.AREA.,'L76X76X6.4',#73,7.6199997E-002,7.6199997E-002,6.3499999E-003,9.5499992E-003,$,$,$,$);
#1268=IFCLOCALPLACEMENT($,#1270);
#1269=IFCPRODUCTDEFINITIONSHAPE($,$,(#1271));
#1270=IFCAXIS2PLACEMENT3D(#264,#306,#80);
#1271=IFCSHAPEREPRESENTATION(#9,'Body','SweptSolid',(#1272));
#1272=IFCEXTRUDEDAREASOLID(#1267,#14,#37,1.0500000E+000);
#1273=IFCBEAM('0Ovf9fjCP16BGbi63aaO23',#62,'744',$,$,#1275,#1276,$);
#1274=IFCRELASSOCIATESMATERIAL('24$8LXKzT2EB5KfjotgveO',#3,$,$,(#1273),#65);
#1275=IFCLOCALPLACEMENT($,#1277);
#1276=IFCPRODUCTDEFINITIONSHAPE($,$,(#1278));
#1277=IFCAXIS2PLACEMENT3D(#280,#306,#80);
#1278=IFCSHAPEREPRESENTATION(#9,'Body','SweptSolid',(#1279));
#1279=IFCEXTRUDEDAREASOLID(#445,#14,#37,1.0500000E+000);
#1280=IFCBEAM('0TvAYVjcrCRx6GqRmszGwU',#62,'745',$,$,#1282,#1283,$);
#1281=IFCRELASSOCIATESMATERIAL('2v15o7fdL7avvlwne7nTfA',#3,$,$,(#1280),#65);
#1282=IFCLOCALPLACEMENT($,#1284);
#1283=IFCPRODUCTDEFINITIONSHAPE($,$,(#1285));
#1284=IFCAXIS2PLACEMENT3D(#578,#306,#80);
#1285=IFCSHAPEREPRESENTATION(#9,'Body','SweptSolid',(#1286));
#1286=IFCEXTRUDEDAREASOLID(#445,#14,#37,1.0500000E+000);
#1287=IFCBEAM('2Vl7ebVQr18eYp8Kv2U1BM',#62,'746',$,$,#1289,#1290,$);
#1288=IFCRELASSOCIATESMATERIAL('1nKRa4aAr9wQFQyEnlf9Bi',#3,$,$,(#1287),#65);
#1289=IFCLOCALPLACEMENT($,#1291);
#1290=IFCPRODUCTDEFINITIONSHAPE($,$,(#1292));
#1291=IFCAXIS2PLACEMENT3D(#200,#306,#80);
#1292=IFCSHAPEREPRESENTATION(#9,'Body','SweptSolid',(#1293));
#1293=IFCEXTRUDEDAREASOLID(#445,#14,#37,1.0500000E+000);
#1294=IFCBEAM('1iUfHwtUL7ZBWx4PuW_UTZ',#62,'747',$,$,#1296,#1297,$);
#1295=IFCRELASSOCIATESMATERIAL('0HZqKe17X8LfcRI$WmliFt',#3,$,$,(#1294),#65);
#1296=IFCLOCALPLACEMENT($,#1298);
#1297=IFCPRODUCTDEFINITIONSHAPE($,$,(#1299));
#1298=IFCAXIS2PLACEMENT3D(#216,#306,#80);
#1299=IFCSHAPEREPRESENTATION(#9,'Body','SweptSolid',(#1300));
#1300=IFCEXTRUDEDAREASOLID(#445,#14,#37,1.2500000E+000);
#1301=IFCBEAM('3NKkVhzsv3mfRU4YiehmUh',#62,'748',$,$,#1303,#1304,$);
#1302=IFCRELASSOCIATESMATERIAL('1urkCNJGHFEAiHaMyp8jUF',#3,$,$,(#1301),#65);
#1303=IFCLOCALPLACEMENT($,#1305);
#1304=IFCPRODUCTDEFINITIONSHAPE($,$,(#1306));
#1305=IFCAXIS2PLACEMENT3D(#224,#306,#80);
#1306=IFCSHAPEREPRESENTATION(#9,'Body','SweptSolid',(#1307));
#1307=IFCEXTRUDEDAREASOLID(#445,#14,#37,1.2500000E+000);
#1308=IFCBEAM('2PKdY2Tsn0m9bmCQzp2iCz',#62,'749',$,$,#1310,#1311,$);
#1309=IFCRELASSOCIATESMATERIAL('1k_yPyCT59ZuwZE5KxV_7F',#3,$,$,(#1308),#65);
#1310=IFCLOCALPLACEMENT($,#1312);
#1311=IFCPRODUCTDEFINITIONSHAPE($,$,(#1313));
#1312=IFCAXIS2PLACEMENT3D(#240,#306,#80);
#1313=IFCSHAPEREPRESENTATION(#9,'Body','SweptSolid',(#1314));
#1314=IFCEXTRUDEDAREASOLID(#445,#14,#37,1.2500000E+000);
#1315=IFCBEAM('113Um60LXB4O28c7uxBRVJ',#62,'750',$,$,#1317,#1318,$);
#1316=IFCRELASSOCIATESMATERIAL('1xVH12nTbC7Q$6_xnxEn7y',#3,$,$,(#1315),#65);
#1317=IFCLOCALPLACEMENT($,#1319);
#1318=IFCPRODUCTDEFINITIONSHAPE($,$,(#1320));
#1319=IFCAXIS2PLACEMENT3D(#256,#306,#80);
#1320=IFCSHAPEREPRESENTATION(#9,'Body','SweptSolid',(#1321));
#1321=IFCEXTRUDEDAREASOLID(#445,#14,#37,1.2500000E+000);
#1322=IFCBEAM('38h9AzWCj4vA_o07rUzVy5',#62,'751',$,$,#1324,#1325,$);
#1323=IFCRELASSOCIATESMATERIAL('2GRaN7sdjEjeozBkjTMHhP',#3,$,$,(#1322),#65);
#1324=IFCLOCALPLACEMENT($,#1326);
#1325=IFCPRODUCTDEFINITIONSHAPE($,$,(#1327));
#1326=IFCAXIS2PLACEMENT3D(#272,#306,#80);
#1327=IFCSHAPEREPRESENTATION(#9,'Body','SweptSolid',(#1328));
#1328=IFCEXTRUDEDAREASOLID(#445,#14,#37,1.0500000E+000);
#1329=IFCBEAM('12vLKkb8D47g52l5UBLB6u',#62,'752',$,$,#1331,#1332,$);
#1330=IFCRELASSOCIATESMATERIAL('1nadibSdr3zweDJrlf5gRr',#3,$,$,(#1329),#65);
#1331=IFCLOCALPLACEMENT($,#1333);
#1332=IFCPRODUCTDEFINITIONSHAPE($,$,(#1334));
#1333=IFCAXIS2PLACEMENT3D(#288,#306,#80);
#1334=IFCSHAPEREPRESENTATION(#9,'Body','SweptSolid',(#1335));
#1335=IFCEXTRUDEDAREASOLID(#445,#14,#37,1.0500000E+000);
#1336=IFCBEAM('3MSkT7zV1FT9y66HSgy5hn',#62,'753',$,$,#1338,#1339,$);
#1337=IFCRELASSOCIATESMATERIAL('3qEeQ4eAX8X8UFGmoxvC4h',#3,$,$,(#1336),#65);
#1338=IFCLOCALPLACEMENT($,#1340);
#1339=IFCPRODUCTDEFINITIONSHAPE($,$,(#1341));
#1340=IFCAXIS2PLACEMENT3D(#1212,#306,#80);
#1341=IFCSHAPEREPRESENTATION(#9,'Body','SweptSolid',(#1342));
#1342=IFCEXTRUDEDAREASOLID(#445,#14,#37,1.0500000E+000);
#1343=IFCBEAM('3KMee13NT4i8wgEi1yuG7u',#62,'754',$,$,#1345,#1346,$);
#1344=IFCRELASSOCIATESMATERIAL('1q7YRycvfAtgtFgWIRTVap',#3,$,$,(#1343),#65);
#1345=IFCLOCALPLACEMENT($,#1347);
#1346=IFCPRODUCTDEFINITIONSHAPE($,$,(#1348));
#1347=IFCAXIS2PLACEMENT3D(#1349,#306,#80);
#1348=IFCSHAPEREPRESENTATION(#9,'Body','SweptSolid',(#1350));
#1349=IFCCARTESIANPOINT((1.3200000E+001,3.0000000E-001,1.4050000E+001));
#1350=IFCEXTRUDEDAREASOLID(#445,#14,#37,1.2500000E+000);
#1351=IFCBEAM('3Q2ile_7T5rwdnOg9T09PG',#62,'755',$,$,#1353,#1354,$);
#1352=IFCRELASSOCIATESMATERIAL('2ePxDLzVD5S8MZnzhN3vgE',#3,$,$,(#1351),#65);
#1353=IFCLOCALPLACEMENT($,#1355);
#1354=IFCPRODUCTDEFINITIONSHAPE($,$,(#1356));
#1355=IFCAXIS2PLACEMENT3D(#1357,#306,#80);
#1356=IFCSHAPEREPRESENTATION(#9,'Body','SweptSolid',(#1358));
#1357=IFCCARTESIANPOINT((1.4450000E+001,3.0000000E-001,1.4050000E+001));
#1358=IFCEXTRUDEDAREASOLID(#445,#14,#37,1.2500000E+000);
#1359=IFCBEAM('15Dy9GeoD24R8eCsndcSIZ',#62,'756',$,$,#1361,#1362,$);
#1360=IFCRELASSOCIATESMATERIAL('0dI_jwGG5A0Bo5GqlUF4N6',#3,$,$,(#1359),#65);
#1361=IFCLOCALPLACEMENT($,#1363);
#1362=IFCPRODUCTDEFINITIONSHAPE($,$,(#1364));
#1363=IFCAXIS2PLACEMENT3D(#1365,#306,#80);
#1364=IFCSHAPEREPRESENTATION(#9,'Body','SweptSolid',(#1366));
#1365=IFCCARTESIANPOINT((1.5700000E+001,3.0000000E-001,1.4050000E+001));
#1366=IFCEXTRUDEDAREASOLID(#445,#14,#37,1.2500000E+000);
#1367=IFCBEAM('0NEqRulLvAoQA9vtGmHPf9',#62,'757',$,$,#1369,#1370,$);
#1368=IFCRELASSOCIATESMATERIAL('15qMqjqzfF4h1VQScAzPtI',#3,$,$,(#1367),#65);
#1369=IFCLOCALPLACEMENT($,#1371);
#1370=IFCPRODUCTDEFINITIONSHAPE($,$,(#1372));
#1371=IFCAXIS2PLACEMENT3D(#1373,#306,#80);
#1372=IFCSHAPEREPRESENTATION(#9,'Body','SweptSolid',(#1374));
#1373=IFCCARTESIANPOINT((1.6950000E+001,3.0000000E-001,1.4050000E+001));
#1374=IFCEXTRUDEDAREASOLID(#445,#14,#37,1.2500000E+000);
#1375=IFCBEAM('2jOJqrbODBWP29HbxkUXti',#62,'758',$,$,#1377,#1378,$);
#1376=IFCRELASSOCIATESMATERIAL('2HE$_vi452_f3jl3Y77N3L',#3,$,$,(#1375),#65);
#1377=IFCLOCALPLACEMENT($,#1379);
#1378=IFCPRODUCTDEFINITIONSHAPE($,$,(#1380));
#1379=IFCAXIS2PLACEMENT3D(#1381,#306,#80);
#1380=IFCSHAPEREPRESENTATION(#9,'Body','SweptSolid',(#1382));
#1381=IFCCARTESIANPOINT((1.8200000E+001,3.0000000E-001,1.4050000E+001));
#1382=IFCEXTRUDEDAREASOLID(#445,#14,#37,1.0500000E+000);
#1383=IFCBEAM('1oKrxFj$b3Jf9wdzGK$yFo',#62,'759',$,$,#1385,#1386,$);
#1384=IFCRELASSOCIATESMATERIAL('2LrxQACe55JONiz4UCLFDL',#3,$,$,(#1383),#65);
#1385=IFCLOCALPLACEMENT($,#1387);
#1386=IFCPRODUCTDEFINITIONSHAPE($,$,(#1388));
#1387=IFCAXIS2PLACEMENT3D(#1389,#306,#80);
#1388=IFCSHAPEREPRESENTATION(#9,'Body','SweptSolid',(#1390));
#1389=IFCCARTESIANPOINT((1.2150000E+001,1.1000000E+000,1.4050000E+001));
#1390=IFCEXTRUDEDAREASOLID(#445,#14,#37,1.0500000E+000);
#1391=IFCBEAM('0pAMXqF4PFO8QaeP4wFjP3',#62,'760',$,$,#1393,#1394,$);
#1392=IFCRELASSOCIATESMATERIAL('2upcSiu5D1PgoCHrpbbTra',#3,$,$,(#1391),#65);
#1393=IFCLOCALPLACEMENT($,#1395);
#1394=IFCPRODUCTDEFINITIONSHAPE($,$,(#1396));
#1395=IFCAXIS2PLACEMENT3D(#1397,#306,#80);
#1396=IFCSHAPEREPRESENTATION(#9,'Body','SweptSolid',(#1398));
#1397=IFCCARTESIANPOINT((1.3200000E+001,1.1000000E+000,1.4050000E+001));
#1398=IFCEXTRUDEDAREASOLID(#445,#14,#37,1.2500000E+000);
#1399=IFCBEAM('3Q5CoQn1fDXRdF$6K1ls8y',#62,'761',$,$,#1401,#1402,$);
#1400=IFCRELASSOCIATESMATERIAL('2dIv4FSH50LQLy1RzYerOf',#3,$,$,(#1399),#65);
#1401=IFCLOCALPLACEMENT($,#1403);
#1402=IFCPRODUCTDEFINITIONSHAPE($,$,(#1404));
#1403=IFCAXIS2PLACEMENT3D(#1405,#306,#80);
#1404=IFCSHAPEREPRESENTATION(#9,'Body','SweptSolid',(#1406));
#1405=IFCCARTESIANPOINT((1.4450000E+001,1.1000000E+000,1.4050000E+001));
#1406=IFCEXTRUDEDAREASOLID(#445,#14,#37,1.2500000E+000);
#1407=IFCBEAM('05PiirvD91PxjkFz7v8$Xe',#62,'762',$,$,#1409,#1410,$);
#1408=IFCRELASSOCIATESMATERIAL('2lZ$twmCrEbhXCLrz2KmbM',#3,$,$,(#1407),#65);
#1409=IFCLOCALPLACEMENT($,#1411);
#1410=IFCPRODUCTDEFINITIONSHAPE($,$,(#1412));
#1411=IFCAXIS2PLACEMENT3D(#1413,#306,#80);
#1412=IFCSHAPEREPRESENTATION(#9,'Body','SweptSolid',(#1414));
#1413=IFCCARTESIANPOINT((1.5700000E+001,1.1000000E+000,1.4050000E+001));
#1414=IFCEXTRUDEDAREASOLID(#1267,#14,#37,1.2500000E+000);
#1415=IFCBEAM('3j23IoMEz5Jvpd9usYFYQQ',#62,'763',$,$,#1417,#1418,$);
#1416=IFCRELASSOCIATESMATERIAL('0_ud0GeRX6JvL2p2SA_6Yn',#3,$,$,(#1415),#65);
#1417=IFCLOCALPLACEMENT($,#1419);
#1418=IFCPRODUCTDEFINITIONSHAPE($,$,(#1420));
#1419=IFCAXIS2PLACEMENT3D(#1421,#306,#80);
#1420=IFCSHAPEREPRESENTATION(#9,'Body','SweptSolid',(#1422));
#1421=IFCCARTESIANPOINT((1.6950000E+001,1.1000000E+000,1.4050000E+001));
#1422=IFCEXTRUDEDAREASOLID(#445,#14,#37,1.2500000E+000);
#1423=IFCBEAM('3Sv4KbfVHCPOalbZ8DfCLI',#62,'764',$,$,#1425,#1426,$);
#1424=IFCRELASSOCIATESMATERIAL('3Rh0KXHDP4jgANj5vkCn3f',#3,$,$,(#1423),#65);
#1425=IFCLOCALPLACEMENT($,#1427);
#1426=IFCPRODUCTDEFINITIONSHAPE($,$,(#1428));
#1427=IFCAXIS2PLACEMENT3D(#1429,#306,#80);
#1428=IFCSHAPEREPRESENTATION(#9,'Body','SweptSolid',(#1430));
#1429=IFCCARTESIANPOINT((1.8200000E+001,1.1000000E+000,1.4050000E+001));
#1430=IFCEXTRUDEDAREASOLID(#445,#14,#37,1.0500000E+000);
#1431=IFCBEAM('1seAcURJ5DqxER1Hp8SywY',#62,'778',$,$,#1433,#1434,$);
#1432=IFCRELASSOCIATESMATERIAL('0RLaVLPTH9evALmL3ofGGZ',#3,$,$,(#1431),#65);
#1433=IFCLOCALPLACEMENT($,#1435);
#1434=IFCPRODUCTDEFINITIONSHAPE($,$,(#1436));
#1435=IFCAXIS2PLACEMENT3D(#200,#305,#306);
#1436=IFCSHAPEREPRESENTATION(#9,'Body','SweptSolid',(#1437));
#1437=IFCEXTRUDEDAREASOLID(#61,#14,#37,8.0000000E-001);
#1438=IFCBEAM('2I7b5IAcTAlA8kFFeoP1dU',#62,'779',$,$,#1440,#1441,$);
#1439=IFCRELASSOCIATESMATERIAL('1xM9tKszf7c8ONdGWil4us',#3,$,$,(#1438),#65);
#1440=IFCLOCALPLACEMENT($,#1442);
#1441=IFCPRODUCTDEFINITIONSHAPE($,$,(#1443));
#1442=IFCAXIS2PLACEMENT3D(#216,#305,#306);
#1443=IFCSHAPEREPRESENTATION(#9,'Body','SweptSolid',(#1444));
#1444=IFCEXTRUDEDAREASOLID(#61,#14,#37,8.0000000E-001);
#1445=IFCBEAM('1l_XDtt1z0vQsHz4_z_mL4',#62,'780',$,$,#1447,#1448,$);
#1446=IFCRELASSOCIATESMATERIAL('2yyj7a0jf02uECpdWFWCFe',#3,$,$,(#1445),#65);
#1447=IFCLOCALPLACEMENT($,#1449);
#1448=IFCPRODUCTDEFINITIONSHAPE($,$,(#1450));
#1449=IFCAXIS2PLACEMENT3D(#1397,#305,#306);
#1450=IFCSHAPEREPRESENTATION(#9,'Body','SweptSolid',(#1451));
#1451=IFCEXTRUDEDAREASOLID(#61,#14,#37,8.0000000E-001);
#1452=IFCBEAM('39MDwGqun57fv$0FPPK9s2',#62,'781',$,$,#1454,#1455,$);
#1453=IFCRELASSOCIATESMATERIAL('0h$ZLtGGn8VwXMGgpt68eJ',#3,$,$,(#1452),#65);
#1454=IFCLOCALPLACEMENT($,#1456);
#1455=IFCPRODUCTDEFINITIONSHAPE($,$,(#1457));
#1456=IFCAXIS2PLACEMENT3D(#224,#305,#306);
#1457=IFCSHAPEREPRESENTATION(#9,'Body','SweptSolid',(#1458));
#1458=IFCEXTRUDEDAREASOLID(#61,#14,#37,8.0000000E-001);
#1459=IFCBEAM('01BOaYOPr1qhTJpeKTW4kg',#62,'782',$,$,#1461,#1462,$);
#1460=IFCRELASSOCIATESMATERIAL('2bd2JvltX5gOdEELOWQdrW',#3,$,$,(#1459),#65);
#1461=IFCLOCALPLACEMENT($,#1463);
#1462=IFCPRODUCTDEFINITIONSHAPE($,$,(#1464));
#1463=IFCAXIS2PLACEMENT3D(#1405,#305,#306);
#1464=IFCSHAPEREPRESENTATION(#9,'Body','SweptSolid',(#1465));
#1465=IFCEXTRUDEDAREASOLID(#61,#14,#37,8.0000000E-001);
#1466=IFCBEAM('2WN1tyZ5DFAB2MevHD2nyL',#62,'783',$,$,#1468,#1469,$);
#1467=IFCRELASSOCIATESMATERIAL('1ClY9UOWzDf8xNXhX8wEEh',#3,$,$,(#1466),#65);
#1468=IFCLOCALPLACEMENT($,#1470);
#1469=IFCPRODUCTDEFINITIONSHAPE($,$,(#1471));
#1470=IFCAXIS2PLACEMENT3D(#240,#305,#306);
#1471=IFCSHAPEREPRESENTATION(#9,'Body','SweptSolid',(#1472));
#1472=IFCEXTRUDEDAREASOLID(#61,#14,#37,8.0000000E-001);
#1473=IFCBEAM('3XZI4QH4955AK9Gym66ECj',#62,'784',$,$,#1475,#1476,$);
#1474=IFCRELASSOCIATESMATERIAL('3ByusZsxD2FBgW8_ZMM_sE',#3,$,$,(#1473),#65);
#1475=IFCLOCALPLACEMENT($,#1477);
#1476=IFCPRODUCTDEFINITIONSHAPE($,$,(#1478));
#1477=IFCAXIS2PLACEMENT3D(#1413,#305,#306);
#1478=IFCSHAPEREPRESENTATION(#9,'Body','SweptSolid',(#1479));
#1479=IFCEXTRUDEDAREASOLID(#61,#14,#37,8.0000000E-001);
#1480=IFCBEAM('0MbSixFfLCyx8gRGf1AqtK',#62,'785',$,$,#1482,#1483,$);
#1481=IFCRELASSOCIATESMATERIAL('3UWK7NKwzF98XrAU318d_V',#3,$,$,(#1480),#65);
#1482=IFCLOCALPLACEMENT($,#1484);
#1483=IFCPRODUCTDEFINITIONSHAPE($,$,(#1485));
#1484=IFCAXIS2PLACEMENT3D(#256,#305,#306);
#1485=IFCSHAPEREPRESENTATION(#9,'Body','SweptSolid',(#1486));
#1486=IFCEXTRUDEDAREASOLID(#61,#14,#37,8.0000000E-001);
#1487=IFCBEAM('0HSXGJp5z3SAAQUHJP5EDb',#62,'786',$,$,#1489,#1490,$);
#1488=IFCRELASSOCIATESMATERIAL('15vnDcko16QeWPHiPXPbRl',#3,$,$,(#1487),#65);
#1489=IFCLOCALPLACEMENT($,#1491);
#1490=IFCPRODUCTDEFINITIONSHAPE($,$,(#1492));
#1491=IFCAXIS2PLACEMENT3D(#1421,#305,#306);
#1492=IFCSHAPEREPRESENTATION(#9,'Body','SweptSolid',(#1493));
#1493=IFCEXTRUDEDAREASOLID(#61,#14,#37,8.0000000E-001);
#1494=IFCBEAM('140BgK79bF48kA_tG4TsGZ',#62,'787',$,$,#1496,#1497,$);
#1495=IFCRELASSOCIATESMATERIAL('3WwqK0bUL73x_ife$4gHEt',#3,$,$,(#1494),#65);
#1496=IFCLOCALPLACEMENT($,#1498);
#1497=IFCPRODUCTDEFINITIONSHAPE($,$,(#1499));
#1498=IFCAXIS2PLACEMENT3D(#272,#305,#306);
#1499=IFCSHAPEREPRESENTATION(#9,'Body','SweptSolid',(#1500));
#1500=IFCEXTRUDEDAREASOLID(#61,#14,#37,8.0000000E-001);
#1501=IFCBEAM('2QcHkuRPn45AeO5X35rtPj',#62,'788',$,$,#1503,#1504,$);
#1502=IFCRELASSOCIATESMATERIAL('1LEbTkx199iOp0ZlVwaFEx',#3,$,$,(#1501),#65);
#1503=IFCLOCALPLACEMENT($,#1505);
#1504=IFCPRODUCTDEFINITIONSHAPE($,$,(#1506));
#1505=IFCAXIS2PLACEMENT3D(#1429,#305,#306);
#1506=IFCSHAPEREPRESENTATION(#9,'Body','SweptSolid',(#1507));
#1507=IFCEXTRUDEDAREASOLID(#61,#14,#37,8.0000000E-001);
#1508=IFCBEAM('25_ddFcCnEVvQO1TVMASg7',#62,'802',$,$,#1510,#1511,$);
#1509=IFCRELASSOCIATESMATERIAL('2c6jYdyMHEHPLqgxJPzKrv',#3,$,$,(#1508),#65);
#1510=IFCLOCALPLACEMENT($,#1512);
#1511=IFCPRODUCTDEFINITIONSHAPE($,$,(#1513));
#1512=IFCAXIS2PLACEMENT3D(#200,#1038,#1039);
#1513=IFCSHAPEREPRESENTATION(#9,'Body','SweptSolid',(#1514));
#1514=IFCEXTRUDEDAREASOLID(#61,#14,#37,1.3200379E+000);
#1515=IFCBEAM('208_3B_Q13bhvxM5CLxmXI',#62,'803',$,$,#1517,#1518,$);
#1516=IFCRELASSOCIATESMATERIAL('3FrLFRs5X4qhqCYlMpIcdC',#3,$,$,(#1515),#65);
#1517=IFCLOCALPLACEMENT($,#1519);
#1518=IFCPRODUCTDEFINITIONSHAPE($,$,(#1520));
#1519=IFCAXIS2PLACEMENT3D(#208,#1047,#1048);
#1520=IFCSHAPEREPRESENTATION(#9,'Body','SweptSolid',(#1521));
#1521=IFCEXTRUDEDAREASOLID(#61,#14,#37,1.4840822E+000);
#1522=IFCBEAM('1nNxoeOCX8CBhN3SfOrwO$',#62,'804',$,$,#1524,#1525,$);
#1523=IFCRELASSOCIATESMATERIAL('1cqjqop1rCs9bh_p0ajXam',#3,$,$,(#1522),#65);
#1524=IFCLOCALPLACEMENT($,#1526);
#1525=IFCPRODUCTDEFINITIONSHAPE($,$,(#1527));
#1526=IFCAXIS2PLACEMENT3D(#224,#1056,#1057);
#1527=IFCSHAPEREPRESENTATION(#9,'Body','SweptSolid',(#1528));
#1528=IFCEXTRUDEDAREASOLID(#61,#14,#37,1.4840822E+000);
#1529=IFCBEAM('3L965IWp16YB9DGSzhmULT',#62,'805',$,$,#1531,#1532,$);
#1530=IFCRELASSOCIATESMATERIAL('1T3VPhgaPEVR001oDHOmHs',#3,$,$,(#1529),#65);
#1531=IFCLOCALPLACEMENT($,#1533);
#1532=IFCPRODUCTDEFINITIONSHAPE($,$,(#1534));
#1533=IFCAXIS2PLACEMENT3D(#232,#1047,#1048);
#1534=IFCSHAPEREPRESENTATION(#9,'Body','SweptSolid',(#1535));
#1535=IFCEXTRUDEDAREASOLID(#61,#14,#37,1.4840822E+000);
#1536=IFCBEAM('2VCjKKuM5FWOfSITlYjifA',#62,'806',$,$,#1538,#1539,$);
#1537=IFCRELASSOCIATESMATERIAL('3UALtcD4rEIQF4Z1jsQQQO',#3,$,$,(#1536),#65);
#1538=IFCLOCALPLACEMENT($,#1540);
#1539=IFCPRODUCTDEFINITIONSHAPE($,$,(#1541));
#1540=IFCAXIS2PLACEMENT3D(#256,#1056,#1057);
#1541=IFCSHAPEREPRESENTATION(#9,'Body','SweptSolid',(#1542));
#1542=IFCEXTRUDEDAREASOLID(#61,#14,#37,1.4840822E+000);
#1543=IFCBEAM('1A$IWINKT27upSaLP6qwxh',#62,'807',$,$,#1545,#1546,$);
#1544=IFCRELASSOCIATESMATERIAL('1hp9OrF4PBphV3$88$jRon',#3,$,$,(#1543),#65);
#1545=IFCLOCALPLACEMENT($,#1547);
#1546=IFCPRODUCTDEFINITIONSHAPE($,$,(#1548));
#1547=IFCAXIS2PLACEMENT3D(#264,#1079,#1080);
#1548=IFCSHAPEREPRESENTATION(#9,'Body','SweptSolid',(#1549));
#1549=IFCEXTRUDEDAREASOLID(#61,#14,#37,1.3200379E+000);
#1550=IFCBEAM('0novwX9O10TfY1mlsagaJt',#62,'808',$,$,#1552,#1553,$);
#1551=IFCRELASSOCIATESMATERIAL('0uN52QV69DPOrxNPUIagFq',#3,$,$,(#1550),#65);
#1552=IFCLOCALPLACEMENT($,#1554);
#1553=IFCPRODUCTDEFINITIONSHAPE($,$,(#1555));
#1554=IFCAXIS2PLACEMENT3D(#288,#305,#306);
#1555=IFCSHAPEREPRESENTATION(#9,'Body','SweptSolid',(#1556));
#1556=IFCEXTRUDEDAREASOLID(#61,#14,#37,8.0000000E-001);
#1557=IFCBEAM('3Vh0d1qHvEIhAxyatWNac4',#62,'809',$,$,#1559,#1560,$);
#1558=IFCRELASSOCIATESMATERIAL('3CNta6XtT7oA4z4vB31G3x',#3,$,$,(#1557),#65);
#1559=IFCLOCALPLACEMENT($,#1561);
#1560=IFCPRODUCTDEFINITIONSHAPE($,$,(#1562));
#1561=IFCAXIS2PLACEMENT3D(#1389,#1038,#1039);
#1562=IFCSHAPEREPRESENTATION(#9,'Body','SweptSolid',(#1563));
#1563=IFCEXTRUDEDAREASOLID(#61,#14,#37,1.3200379E+000);
#1564=IFCBEAM('0lbiRaIQbCawey0LSmsjRj',#62,'810',$,$,#1566,#1567,$);
#1565=IFCRELASSOCIATESMATERIAL('2Cx125i6b2JfTj1xGDOe81',#3,$,$,(#1564),#65);
#1566=IFCLOCALPLACEMENT($,#1568);
#1567=IFCPRODUCTDEFINITIONSHAPE($,$,(#1569));
#1568=IFCAXIS2PLACEMENT3D(#1349,#1047,#1048);
#1569=IFCSHAPEREPRESENTATION(#9,'Body','SweptSolid',(#1570));
#1570=IFCEXTRUDEDAREASOLID(#61,#14,#37,1.4840822E+000);
#1571=IFCBEAM('3pa_ZtFD59B9bpyk64GRCT',#62,'811',$,$,#1573,#1574,$);
#1572=IFCRELASSOCIATESMATERIAL('3k21Hlic55CxR0QuoJHT_H',#3,$,$,(#1571),#65);
#1573=IFCLOCALPLACEMENT($,#1575);
#1574=IFCPRODUCTDEFINITIONSHAPE($,$,(#1576));
#1575=IFCAXIS2PLACEMENT3D(#1405,#1056,#1057);
#1576=IFCSHAPEREPRESENTATION(#9,'Body','SweptSolid',(#1577));
#1577=IFCEXTRUDEDAREASOLID(#61,#14,#37,1.4840822E+000);
#1578=IFCBEAM('1loFvE$LjEivA1SRd$jE24',#62,'812',$,$,#1580,#1581,$);
#1579=IFCRELASSOCIATESMATERIAL('0Xrd74I9v1vO8pB2REHCc4',#3,$,$,(#1578),#65);
#1580=IFCLOCALPLACEMENT($,#1582);
#1581=IFCPRODUCTDEFINITIONSHAPE($,$,(#1583));
#1582=IFCAXIS2PLACEMENT3D(#1365,#1047,#1048);
#1583=IFCSHAPEREPRESENTATION(#9,'Body','SweptSolid',(#1584));
#1584=IFCEXTRUDEDAREASOLID(#61,#14,#37,1.4840822E+000);
#1585=IFCBEAM('3vFJ6FdOvDjAUoD9YZacXX',#62,'813',$,$,#1587,#1588,$);
#1586=IFCRELASSOCIATESMATERIAL('03KVdd_nL3h86onZHARMN7',#3,$,$,(#1585),#65);
#1587=IFCLOCALPLACEMENT($,#1589);
#1588=IFCPRODUCTDEFINITIONSHAPE($,$,(#1590));
#1589=IFCAXIS2PLACEMENT3D(#1421,#1056,#1057);
#1590=IFCSHAPEREPRESENTATION(#9,'Body','SweptSolid',(#1591));
#1591=IFCEXTRUDEDAREASOLID(#61,#14,#37,1.4840822E+000);
#1592=IFCBEAM('1CMvrI_3L2eg1nJ9uX_mwT',#62,'814',$,$,#1594,#1595,$);
#1593=IFCRELASSOCIATESMATERIAL('3nLwJUtVL5FPbBLp5L5W8C',#3,$,$,(#1592),#65);
#1594=IFCLOCALPLACEMENT($,#1596);
#1595=IFCPRODUCTDEFINITIONSHAPE($,$,(#1597));
#1596=IFCAXIS2PLACEMENT3D(#1381,#1079,#1080);
#1597=IFCSHAPEREPRESENTATION(#9,'Body','SweptSolid',(#1598));
#1598=IFCEXTRUDEDAREASOLID(#61,#14,#37,1.3200379E+000);
#1599=IFCBEAM('2GD5BTGNb3VA9k50Gp$Kw7',#62,'817',$,$,#1601,#1602,$);
#1600=IFCRELASSOCIATESMATERIAL('2nzdiiIQH7Ju2xXyLffXfl',#3,$,$,(#1599),#65);
#1601=IFCLOCALPLACEMENT($,#1603);
#1602=IFCPRODUCTDEFINITIONSHAPE($,$,(#1604));
#1603=IFCAXIS2PLACEMENT3D(#200,#1137,#1138);
#1604=IFCSHAPEREPRESENTATION(#9,'Body','SweptSolid',(#1605));
#1605=IFCEXTRUDEDAREASOLID(#61,#14,#37,1.3200379E+000);
#1606=IFCBEAM('04zucnt1P0evMfyqoIWoIa',#62,'818',$,$,#1608,#1609,$);
#1607=IFCRELASSOCIATESMATERIAL('0LJOC2yFHF3A_cntbMYimQ',#3,$,$,(#1606),#65);
#1608=IFCLOCALPLACEMENT($,#1610);
#1609=IFCPRODUCTDEFINITIONSHAPE($,$,(#1611));
#1610=IFCAXIS2PLACEMENT3D(#288,#1038,#1039);
#1611=IFCSHAPEREPRESENTATION(#9,'Body','SweptSolid',(#1612));
#1612=IFCEXTRUDEDAREASOLID(#61,#14,#37,1.3200379E+000);
#1613=IFCBEAM('0z06kvETDAeAggx_8FXy1G',#62,'819',$,$,#1615,#1616,$);
#1614=IFCRELASSOCIATESMATERIAL('18W01QOQz9RQpp$2Rvx20o',#3,$,$,(#1613),#65);
#1615=IFCLOCALPLACEMENT($,#1617);
#1616=IFCPRODUCTDEFINITIONSHAPE($,$,(#1618));
#1617=IFCAXIS2PLACEMENT3D(#192,#1153,#1154);
#1618=IFCSHAPEREPRESENTATION(#9,'Body','SweptSolid',(#1619));
#1619=IFCEXTRUDEDAREASOLID(#61,#14,#37,1.3200379E+000);
#1620=IFCBEAM('1DTaShwdH7uw8vuwBfuFwM',#62,'822',$,$,#1622,#1623,$);
#1621=IFCRELASSOCIATESMATERIAL('3U_q3mBqX76vhCZh_iV48P',#3,$,$,(#1620),#65);
#1622=IFCLOCALPLACEMENT($,#1624);
#1623=IFCPRODUCTDEFINITIONSHAPE($,$,(#1625));
#1624=IFCAXIS2PLACEMENT3D(#280,#1079,#1080);
#1625=IFCSHAPEREPRESENTATION(#9,'Body','SweptSolid',(#1626));
#1626=IFCEXTRUDEDAREASOLID(#61,#14,#37,1.3200379E+000);
#1627=IFCBEAM('3iNVYQj3L64AJ6I3CJmPJV',#62,'829',$,$,#1629,#1630,$);
#1628=IFCRELASSOCIATESMATERIAL('0H_PMyxV96CAQV$MclqXU9',#3,$,$,(#1627),#65);
#1629=IFCLOCALPLACEMENT($,#1631);
#1630=IFCPRODUCTDEFINITIONSHAPE($,$,(#1632));
#1631=IFCAXIS2PLACEMENT3D(#1633,#305,#306);
#1632=IFCSHAPEREPRESENTATION(#9,'Body','SweptSolid',(#1634));
#1633=IFCCARTESIANPOINT((1.3333333E-001,1.2666667E+000,6.6000000E+000));
#1634=IFCEXTRUDEDAREASOLID(#61,#14,#37,1.1333333E+000);
#1635=IFCBEAM('2mmajGR3XDw9qjMC8_PP$Z',#62,'830',$,$,#1637,#1638,$);
#1636=IFCRELASSOCIATESMATERIAL('0Fy0zrjH9D8gHsgkq_9UM9',#3,$,$,(#1635),#65);
#1637=IFCLOCALPLACEMENT($,#1639);
#1638=IFCPRODUCTDEFINITIONSHAPE($,$,(#1640));
#1639=IFCAXIS2PLACEMENT3D(#1641,#306,#80);
#1640=IFCSHAPEREPRESENTATION(#9,'Body','SweptSolid',(#1642));
#1641=IFCCARTESIANPOINT((1.3333333E-001,1.3333333E-001,6.6000000E+000));
#1642=IFCEXTRUDEDAREASOLID(#61,#14,#37,1.1333333E+000);
#1643=IFCBEAM('3UHbLNWu99zebpultYM0_r',#62,'831',$,$,#1645,#1646,$);
#1644=IFCRELASSOCIATESMATERIAL('0aX9PvNpr0NenWnkd04WTq',#3,$,$,(#1643),#65);
#1645=IFCLOCALPLACEMENT($,#1647);
#1646=IFCPRODUCTDEFINITIONSHAPE($,$,(#1648));
#1647=IFCAXIS2PLACEMENT3D(#1649,#80,#323);
#1648=IFCSHAPEREPRESENTATION(#9,'Body','SweptSolid',(#1650));
#1649=IFCCARTESIANPOINT((1.2666667E+000,1.3333333E-001,6.6000000E+000));
#1650=IFCEXTRUDEDAREASOLID(#61,#14,#37,1.1333333E+000);
#1651=IFCBEAM('37XLc1dl50gup7Go6m8pu1',#62,'832',$,$,#1653,#1654,$);
#1652=IFCRELASSOCIATESMATERIAL('0_jfxRow99dx03ZfM8Vjse',#3,$,$,(#1651),#65);
#1653=IFCLOCALPLACEMENT($,#1655);
#1654=IFCPRODUCTDEFINITIONSHAPE($,$,(#1656));
#1655=IFCAXIS2PLACEMENT3D(#1657,#323,#305);
#1656=IFCSHAPEREPRESENTATION(#9,'Body','SweptSolid',(#1658));
#1657=IFCCARTESIANPOINT((1.2666667E+000,1.2666667E+000,6.6000000E+000));
#1658=IFCEXTRUDEDAREASOLID(#61,#14,#37,1.1333333E+000);
#1659=IFCBEAM('3lo9J1LkjD2hZEbacIq_nm',#62,'833',$,$,#1661,#1662,$);
#1660=IFCRELASSOCIATESMATERIAL('01sxXy5_jAJQzpbJEnkpjT',#3,$,$,(#1659),#65);
#1661=IFCLOCALPLACEMENT($,#1663);
#1662=IFCPRODUCTDEFINITIONSHAPE($,$,(#1664));
#1663=IFCAXIS2PLACEMENT3D(#1633,#339,#340);
#1664=IFCSHAPEREPRESENTATION(#9,'Body','SweptSolid',(#1665));
#1665=IFCEXTRUDEDAREASOLID(#61,#14,#37,1.6027754E+000);
#1666=IFCBEAM('3Djmby2qr3Zf5383G8sBsW',#62,'834',$,$,#1668,#1669,$);
#1667=IFCRELASSOCIATESMATERIAL('2W4YON1qz4$OvNU9It_cna',#3,$,$,(#1666),#65);
#1668=IFCLOCALPLACEMENT($,#1670);
#1669=IFCPRODUCTDEFINITIONSHAPE($,$,(#1671));
#1670=IFCAXIS2PLACEMENT3D(#1657,#348,#339);
#1671=IFCSHAPEREPRESENTATION(#9,'Body','SweptSolid',(#1672));
#1672=IFCEXTRUDEDAREASOLID(#61,#14,#37,1.6027754E+000);
#1673=IFCBEAM('2owq8QmxP4gOVhkHbP$hmc',#62,'835',$,$,#1675,#1676,$);
#1674=IFCRELASSOCIATESMATERIAL('3X3stb3ZX1MhsMa$7sYirF',#3,$,$,(#1673),#65);
#1675=IFCLOCALPLACEMENT($,#1677);
#1676=IFCPRODUCTDEFINITIONSHAPE($,$,(#1678));
#1677=IFCAXIS2PLACEMENT3D(#1679,#306,#80);
#1678=IFCSHAPEREPRESENTATION(#9,'Body','SweptSolid',(#1680));
#1679=IFCCARTESIANPOINT((1.0116667E+001,1.1666667E-001,5.7750000E+000));
#1680=IFCEXTRUDEDAREASOLID(#61,#14,#37,1.1666667E+000);
#1681=IFCBEAM('3V2AbCEdz4qhp$QfJl$zrF',#62,'836',$,$,#1683,#1684,$);
#1682=IFCRELASSOCIATESMATERIAL('2f6j8TUyDAPfuAsruYFgL8',#3,$,$,(#1681),#65);
#1683=IFCLOCALPLACEMENT($,#1685);
#1684=IFCPRODUCTDEFINITIONSHAPE($,$,(#1686));
#1685=IFCAXIS2PLACEMENT3D(#1687,#80,#323);
#1686=IFCSHAPEREPRESENTATION(#9,'Body','SweptSolid',(#1688));
#1687=IFCCARTESIANPOINT((1.1283333E+001,1.1666667E-001,5.7750000E+000));
#1688=IFCEXTRUDEDAREASOLID(#61,#14,#37,1.1666667E+000);
#1689=IFCBEAM('39gCAhQ9P3Nw5o0MWYcw4N',#62,'837',$,$,#1691,#1692,$);
#1690=IFCRELASSOCIATESMATERIAL('1G5P3obHTELQtl7sKNXG11',#3,$,$,(#1689),#65);
#1691=IFCLOCALPLACEMENT($,#1693);
#1692=IFCPRODUCTDEFINITIONSHAPE($,$,(#1694));
#1693=IFCAXIS2PLACEMENT3D(#1695,#323,#305);
#1694=IFCSHAPEREPRESENTATION(#9,'Body','SweptSolid',(#1696));
#1695=IFCCARTESIANPOINT((1.1283333E+001,1.2833333E+000,5.7750000E+000));
#1696=IFCEXTRUDEDAREASOLID(#61,#14,#37,1.1666667E+000);
#1697=IFCBEAM('0Er9k$aWnDEgqhtbcIh7TF',#62,'838',$,$,#1699,#1700,$);
#1698=IFCRELASSOCIATESMATERIAL('3gKKzeXYT1hgAdnQl4eg4F',#3,$,$,(#1697),#65);
#1699=IFCLOCALPLACEMENT($,#1701);
#1700=IFCPRODUCTDEFINITIONSHAPE($,$,(#1702));
#1701=IFCAXIS2PLACEMENT3D(#1703,#305,#306);
#1702=IFCSHAPEREPRESENTATION(#9,'Body','SweptSolid',(#1704));
#1703=IFCCARTESIANPOINT((1.0116667E+001,1.2833333E+000,5.7750000E+000));
#1704=IFCEXTRUDEDAREASOLID(#61,#14,#37,1.1666667E+000);
#1705=IFCBEAM('2iTEr$Ysj0YelUwsWtUusE',#62,'839',$,$,#1707,#1708,$);
#1706=IFCRELASSOCIATESMATERIAL('2xRwRifTTAP8zLGybX$p$E',#3,$,$,(#1705),#65);
#1707=IFCLOCALPLACEMENT($,#1709);
#1708=IFCPRODUCTDEFINITIONSHAPE($,$,(#1710));
#1709=IFCAXIS2PLACEMENT3D(#1679,#340,#1169);
#1710=IFCSHAPEREPRESENTATION(#9,'Body','SweptSolid',(#1711));
#1711=IFCEXTRUDEDAREASOLID(#61,#14,#37,1.6499158E+000);
#1712=IFCBEAM('3I_qI$Zz9ENRSQs3WcmDsk',#62,'840',$,$,#1714,#1715,$);
#1713=IFCRELASSOCIATESMATERIAL('1HxGlUmyX0pw$cvW96q$Dq',#3,$,$,(#1712),#65);
#1714=IFCLOCALPLACEMENT($,#1716);
#1715=IFCPRODUCTDEFINITIONSHAPE($,$,(#1717));
#1716=IFCAXIS2PLACEMENT3D(#1703,#339,#340);
#1717=IFCSHAPEREPRESENTATION(#9,'Body','SweptSolid',(#1718));
#1718=IFCEXTRUDEDAREASOLID(#61,#14,#37,1.6499158E+000);
#1719=IFCBEAM('2GXNl5Don6egVOp_okYSFa',#62,'841',$,$,#1721,#1722,$);
#1720=IFCRELASSOCIATESMATERIAL('0bYibZCe53gP65H0umx3rU',#3,$,$,(#1719),#65);
#1721=IFCLOCALPLACEMENT($,#1723);
#1722=IFCPRODUCTDEFINITIONSHAPE($,$,(#1724));
#1723=IFCAXIS2PLACEMENT3D(#1725,#306,#80);
#1724=IFCSHAPEREPRESENTATION(#9,'Body','SweptSolid',(#1726));
#1725=IFCCARTESIANPOINT((2.0116667E+001,1.1666667E-001,5.7750000E+000));
#1726=IFCEXTRUDEDAREASOLID(#61,#14,#37,1.1666667E+000);
#1727=IFCBEAM('2wMS7$H6L38hgnbx_0Cg_G',#62,'842',$,$,#1729,#1730,$);
#1728=IFCRELASSOCIATESMATERIAL('2jw9VyB551vuFJ396oE153',#3,$,$,(#1727),#65);
#1729=IFCLOCALPLACEMENT($,#1731);
#1730=IFCPRODUCTDEFINITIONSHAPE($,$,(#1732));
#1731=IFCAXIS2PLACEMENT3D(#1733,#80,#323);
#1732=IFCSHAPEREPRESENTATION(#9,'Body','SweptSolid',(#1734));
#1733=IFCCARTESIANPOINT((2.1283333E+001,1.1666667E-001,5.7750000E+000));
#1734=IFCEXTRUDEDAREASOLID(#61,#14,#37,1.1666667E+000);
#1735=IFCBEAM('1CIki5hHf8hfuEjOzULiVx',#62,'843',$,$,#1737,#1738,$);
#1736=IFCRELASSOCIATESMATERIAL('0rFnMacGj81Ai9Amv2e6AZ',#3,$,$,(#1735),#65);
#1737=IFCLOCALPLACEMENT($,#1739);
#1738=IFCPRODUCTDEFINITIONSHAPE($,$,(#1740));
#1739=IFCAXIS2PLACEMENT3D(#1741,#323,#305);
#1740=IFCSHAPEREPRESENTATION(#9,'Body','SweptSolid',(#1742));
#1741=IFCCARTESIANPOINT((2.1283333E+001,1.2833333E+000,5.7750000E+000));
#1742=IFCEXTRUDEDAREASOLID(#61,#14,#37,1.1666667E+000);
#1743=IFCBEAM('04fn4wyTPBUfiqahVJOE02',#62,'844',$,$,#1745,#1746,$);
#1744=IFCRELASSOCIATESMATERIAL('0JFNSuerX7chf7AtNFKQlI',#3,$,$,(#1743),#65);
#1745=IFCLOCALPLACEMENT($,#1747);
#1746=IFCPRODUCTDEFINITIONSHAPE($,$,(#1748));
#1747=IFCAXIS2PLACEMENT3D(#1749,#305,#306);
#1748=IFCSHAPEREPRESENTATION(#9,'Body','SweptSolid',(#1750));
#1749=IFCCARTESIANPOINT((2.0116667E+001,1.2833333E+000,5.7750000E+000));
#1750=IFCEXTRUDEDAREASOLID(#61,#14,#37,1.1666667E+000);
#1751=IFCBEAM('1UJ89Q2p90IAugKOPwNqxv',#62,'845',$,$,#1753,#1754,$);
#1752=IFCRELASSOCIATESMATERIAL('3C03TL4gv7TOxx5eHXcRi9',#3,$,$,(#1751),#65);
#1753=IFCLOCALPLACEMENT($,#1755);
#1754=IFCPRODUCTDEFINITIONSHAPE($,$,(#1756));
#1755=IFCAXIS2PLACEMENT3D(#1725,#340,#1169);
#1756=IFCSHAPEREPRESENTATION(#9,'Body','SweptSolid',(#1757));
#1757=IFCEXTRUDEDAREASOLID(#61,#14,#37,1.6499158E+000);
#1758=IFCBEAM('3lVs7UvTr8lABv0GsAy1LS',#62,'846',$,$,#1760,#1761,$);
#1759=IFCRELASSOCIATESMATERIAL('1qOhCh5jn4lPfa5HqiOEjC',#3,$,$,(#1758),#65);
#1760=IFCLOCALPLACEMENT($,#1762);
#1761=IFCPRODUCTDEFINITIONSHAPE($,$,(#1763));
#1762=IFCAXIS2PLACEMENT3D(#1749,#339,#340);
#1763=IFCSHAPEREPRESENTATION(#9,'Body','SweptSolid',(#1764));
#1764=IFCEXTRUDEDAREASOLID(#61,#14,#37,1.6499158E+000);
#1765=IFCSTRUCTURALPROFILEPROPERTIES('L76X76X7.9',#1768,$,$,$,$,1.1500000E-003,2.4800000E-008,$,6.2400000E-007,6.2400000E-007,$,$,$,6.0502802E-004,6.0502802E-004,1.1470589E-005,1.1470589E-005,1.1470589E-005,1.1470589E-005,$,$,
$);
#1766=IFCMEMBER('26Kv$k_WT8qha3TpkhUHeV',#62,'18',$,$,#1769,#1770,$);
#1767=IFCRELASSOCIATESMATERIAL('1oLfBMyc55Vw3poxIegti3',#3,$,$,(#1766),#65);
#1768=IFCLSHAPEPROFILEDEF(.AREA.,'L76X76X7.9',#73,7.6199997E-002,7.6199997E-002,7.9400001E-003,9.5599995E-003,$,$,$,$);
#1769=IFCLOCALPLACEMENT($,#1771);
#1770=IFCPRODUCTDEFINITIONSHAPE($,$,(#1772));
#1771=IFCAXIS2PLACEMENT3D(#1773,#1774,#1169);
#1772=IFCSHAPEREPRESENTATION(#9,'Body','SweptSolid',(#1775));
#1773=IFCCARTESIANPOINT((0.0000000E+000,0.0000000E+000,0.0000000E+000));
#1774=IFCDIRECTION((2.0193780E-002,2.0193780E-002,9.9959213E-001));
#1775=IFCEXTRUDEDAREASOLID(#1768,#14,#37,8.2533663E-001);
#1776=IFCMEMBER('0tcxeb$hfBe9TQwo7nnu1P',#62,'20',$,$,#1778,#1779,$);
#1777=IFCRELASSOCIATESMATERIAL('1qdlVllTPDMuNYCZMF4Q_T',#3,$,$,(#1776),#65);
#1778=IFCLOCALPLACEMENT($,#1780);
#1779=IFCPRODUCTDEFINITIONSHAPE($,$,(#1781));
#1780=IFCAXIS2PLACEMENT3D(#1782,#1783,#348);
#1781=IFCSHAPEREPRESENTATION(#9,'Body','SweptSolid',(#1784));
#1782=IFCCARTESIANPOINT((1.4000000E+000,0.0000000E+000,0.0000000E+000));
#1783=IFCDIRECTION((-2.0193780E-002,2.0193780E-002,9.9959213E-001));
#1784=IFCEXTRUDEDAREASOLID(#1768,#14,#37,8.2533663E-001);
#1785=IFCMEMBER('0v7Tn2t1f7QebcLQI1a7Xu',#62,'22',$,$,#1787,#1788,$);
#1786=IFCRELASSOCIATESMATERIAL('3vht2eONXCVRdn8vS54Meq',#3,$,$,(#1785),#65);
#1787=IFCLOCALPLACEMENT($,#1789);
#1788=IFCPRODUCTDEFINITIONSHAPE($,$,(#1790));
#1789=IFCAXIS2PLACEMENT3D(#1791,#1792,#339);
#1790=IFCSHAPEREPRESENTATION(#9,'Body','SweptSolid',(#1793));
#1791=IFCCARTESIANPOINT((1.4000000E+000,1.4000000E+000,0.0000000E+000));
#1792=IFCDIRECTION((-2.0193780E-002,-2.0193780E-002,9.9959213E-001));
#1793=IFCEXTRUDEDAREASOLID(#1768,#14,#37,8.2533663E-001);
#1794=IFCMEMBER('3WRIQdrQL61RiH1t$p$22I',#62,'24',$,$,#1796,#1797,$);
#1795=IFCRELASSOCIATESMATERIAL('0gMnvPSKH2kA8tof7$7fEn',#3,$,$,(#1794),#65);
#1796=IFCLOCALPLACEMENT($,#1798);
#1797=IFCPRODUCTDEFINITIONSHAPE($,$,(#1799));
#1798=IFCAXIS2PLACEMENT3D(#1800,#1801,#340);
#1799=IFCSHAPEREPRESENTATION(#9,'Body','SweptSolid',(#1802));
#1800=IFCCARTESIANPOINT((0.0000000E+000,1.4000000E+000,0.0000000E+000));
#1801=IFCDIRECTION((2.0193780E-002,-2.0193780E-002,9.9959213E-001));
#1802=IFCEXTRUDEDAREASOLID(#1768,#14,#37,8.2533663E-001);
#1803=IFCMEMBER('2SEpdbBKjF5eWXCyCa3gAr',#62,'26',$,$,#1805,#1806,$);
#1804=IFCRELASSOCIATESMATERIAL('1rJMUmelT1Ovbz3v2ZNfR2',#3,$,$,(#1803),#65);
#1805=IFCLOCALPLACEMENT($,#1807);
#1806=IFCPRODUCTDEFINITIONSHAPE($,$,(#1808));
#1807=IFCAXIS2PLACEMENT3D(#1809,#1774,#1169);
#1808=IFCSHAPEREPRESENTATION(#9,'Body','SweptSolid',(#1810));
#1809=IFCCARTESIANPOINT((1.6666667E-002,1.6666667E-002,8.2500000E-001));
#1810=IFCEXTRUDEDAREASOLID(#1768,#14,#37,8.2533663E-001);
#1811=IFCMEMBER('2GFF9Ox_v4NvZFJIoJ5hEF',#62,'28',$,$,#1813,#1814,$);
#1812=IFCRELASSOCIATESMATERIAL('3Pxe$9f$j2V8nNtpq1uBI7',#3,$,$,(#1811),#65);
#1813=IFCLOCALPLACEMENT($,#1815);
#1814=IFCPRODUCTDEFINITIONSHAPE($,$,(#1816));
#1815=IFCAXIS2PLACEMENT3D(#1817,#1783,#348);
#1816=IFCSHAPEREPRESENTATION(#9,'Body','SweptSolid',(#1818));
#1817=IFCCARTESIANPOINT((1.3833333E+000,1.6666667E-002,8.2500000E-001));
#1818=IFCEXTRUDEDAREASOLID(#1768,#14,#37,8.2533663E-001);
#1819=IFCMEMBER('24i3RRJ7fDTwAWHIGmbni3',#62,'30',$,$,#1821,#1822,$);
#1820=IFCRELASSOCIATESMATERIAL('3RhC6jXLvANh8Z_YyuTE4j',#3,$,$,(#1819),#65);
#1821=IFCLOCALPLACEMENT($,#1823);
#1822=IFCPRODUCTDEFINITIONSHAPE($,$,(#1824));
#1823=IFCAXIS2PLACEMENT3D(#1825,#1792,#339);
#1824=IFCSHAPEREPRESENTATION(#9,'Body','SweptSolid',(#1826));
#1825=IFCCARTESIANPOINT((1.3833333E+000,1.3833333E+000,8.2500000E-001));
#1826=IFCEXTRUDEDAREASOLID(#1768,#14,#37,8.2533663E-001);
#1827=IFCMEMBER('3eUAVtXQrDfegGLWqex62A',#62,'32',$,$,#1829,#1830,$);
#1828=IFCRELASSOCIATESMATERIAL('3IO$hAOG1EjRtp43k9$Vsv',#3,$,$,(#1827),#65);
#1829=IFCLOCALPLACEMENT($,#1831);
#1830=IFCPRODUCTDEFINITIONSHAPE($,$,(#1832));
#1831=IFCAXIS2PLACEMENT3D(#1833,#1801,#340);
#1832=IFCSHAPEREPRESENTATION(#9,'Body','SweptSolid',(#1834));
#1833=IFCCARTESIANPOINT((1.6666667E-002,1.3833333E+000,8.2500000E-001));
#1834=IFCEXTRUDEDAREASOLID(#1768,#14,#37,8.2533663E-001);
#1835=IFCMEMBER('0jbOBDBOj9ruzIhmMdymfI',#62,'34',$,$,#1837,#1838,$);
#1836=IFCRELASSOCIATESMATERIAL('2y7tgQ4ZnEo8lCHHgO79W4',#3,$,$,(#1835),#65);
#1837=IFCLOCALPLACEMENT($,#1839);
#1838=IFCPRODUCTDEFINITIONSHAPE($,$,(#1840));
#1839=IFCAXIS2PLACEMENT3D(#1841,#1774,#1169);
#1840=IFCSHAPEREPRESENTATION(#9,'Body','SweptSolid',(#1842));
#1841=IFCCARTESIANPOINT((3.3333333E-002,3.3333333E-002,1.6500000E+000));
#1842=IFCEXTRUDEDAREASOLID(#1768,#14,#37,8.2533663E-001);
#1843=IFCMEMBER('3wSFjS1DPD4BT6R8iIzxUa',#62,'36',$,$,#1845,#1846,$);
#1844=IFCRELASSOCIATESMATERIAL('2YdZXjO9X8zO4bV_$5qxPY',#3,$,$,(#1843),#65);
#1845=IFCLOCALPLACEMENT($,#1847);
#1846=IFCPRODUCTDEFINITIONSHAPE($,$,(#1848));
#1847=IFCAXIS2PLACEMENT3D(#1849,#1783,#348);
#1848=IFCSHAPEREPRESENTATION(#9,'Body','SweptSolid',(#1850));
#1849=IFCCARTESIANPOINT((1.3666667E+000,3.3333333E-002,1.6500000E+000));
#1850=IFCEXTRUDEDAREASOLID(#1768,#14,#37,8.2533663E-001);
#1851=IFCMEMBER('0ZptV7gwHAeP8ZFUBBGhBU',#62,'38',$,$,#1853,#1854,$);
#1852=IFCRELASSOCIATESMATERIAL('1qKzw$MoD6Zxg0TZsZY9I7',#3,$,$,(#1851),#65);
#1853=IFCLOCALPLACEMENT($,#1855);
#1854=IFCPRODUCTDEFINITIONSHAPE($,$,(#1856));
#1855=IFCAXIS2PLACEMENT3D(#1857,#1792,#339);
#1856=IFCSHAPEREPRESENTATION(#9,'Body','SweptSolid',(#1858));
#1857=IFCCARTESIANPOINT((1.3666667E+000,1.3666667E+000,1.6500000E+000));
#1858=IFCEXTRUDEDAREASOLID(#1768,#14,#37,8.2533663E-001);
#1859=IFCMEMBER('2WPz2Rttf1b98eCk2XZKzX',#62,'40',$,$,#1861,#1862,$);
#1860=IFCRELASSOCIATESMATERIAL('3ug76tUlv7zR7zWghXaQax',#3,$,$,(#1859),#65);
#1861=IFCLOCALPLACEMENT($,#1863);
#1862=IFCPRODUCTDEFINITIONSHAPE($,$,(#1864));
#1863=IFCAXIS2PLACEMENT3D(#1865,#1801,#340);
#1864=IFCSHAPEREPRESENTATION(#9,'Body','SweptSolid',(#1866));
#1865=IFCCARTESIANPOINT((3.3333333E-002,1.3666667E+000,1.6500000E+000));
#1866=IFCEXTRUDEDAREASOLID(#1768,#14,#37,8.2533663E-001);
#1867=IFCMEMBER('0kn8AtHkX6gelA4JCnrJ$C',#62,'42',$,$,#1869,#1870,$);
#1868=IFCRELASSOCIATESMATERIAL('3HmEevpR19fe07G3xSseMy',#3,$,$,(#1867),#65);
#1869=IFCLOCALPLACEMENT($,#1871);
#1870=IFCPRODUCTDEFINITIONSHAPE($,$,(#1872));
#1871=IFCAXIS2PLACEMENT3D(#1873,#1774,#1169);
#1872=IFCSHAPEREPRESENTATION(#9,'Body','SweptSolid',(#1874));
#1873=IFCCARTESIANPOINT((5.0000000E-002,5.0000000E-002,2.4750000E+000));
#1874=IFCEXTRUDEDAREASOLID(#1768,#14,#37,8.2533663E-001);
#1875=IFCMEMBER('278PUzfkX8meRXWltLOPwc',#62,'44',$,$,#1877,#1878,$);
#1876=IFCRELASSOCIATESMATERIAL('2houlh9pX959x6DK$6l5Nc',#3,$,$,(#1875),#65);
#1877=IFCLOCALPLACEMENT($,#1879);
#1878=IFCPRODUCTDEFINITIONSHAPE($,$,(#1880));
#1879=IFCAXIS2PLACEMENT3D(#1881,#1783,#348);
#1880=IFCSHAPEREPRESENTATION(#9,'Body','SweptSolid',(#1882));
#1881=IFCCARTESIANPOINT((1.3500000E+000,5.0000000E-002,2.4750000E+000));
#1882=IFCEXTRUDEDAREASOLID(#1768,#14,#37,8.2533663E-001);
#1883=IFCMEMBER('1e_71fuRXEHPDj8AXSSN5_',#62,'46',$,$,#1885,#1886,$);
#1884=IFCRELASSOCIATESMATERIAL('1DzE5QtDHDY8VOqkYosATe',#3,$,$,(#1883),#65);
#1885=IFCLOCALPLACEMENT($,#1887);
#1886=IFCPRODUCTDEFINITIONSHAPE($,$,(#1888));
#1887=IFCAXIS2PLACEMENT3D(#1889,#1792,#339);
#1888=IFCSHAPEREPRESENTATION(#9,'Body','SweptSolid',(#1890));
#1889=IFCCARTESIANPOINT((1.3500000E+000,1.3500000E+000,2.4750000E+000));
#1890=IFCEXTRUDEDAREASOLID(#1768,#14,#37,8.2533663E-001);
#1891=IFCMEMBER('3mn0wOcXH87fJFOL1DcMaM',#62,'48',$,$,#1893,#1894,$);
#1892=IFCRELASSOCIATESMATERIAL('3M1fjMJ_jDnPZ7YZfW1lR4',#3,$,$,(#1891),#65);
#1893=IFCLOCALPLACEMENT($,#1895);
#1894=IFCPRODUCTDEFINITIONSHAPE($,$,(#1896));
#1895=IFCAXIS2PLACEMENT3D(#1897,#1801,#340);
#1896=IFCSHAPEREPRESENTATION(#9,'Body','SweptSolid',(#1898));
#1897=IFCCARTESIANPOINT((5.0000000E-002,1.3500000E+000,2.4750000E+000));
#1898=IFCEXTRUDEDAREASOLID(#1768,#14,#37,8.2533663E-001);
#1899=IFCMEMBER('3yCzENmcj0yvh4ltppqB0$',#62,'50',$,$,#1901,#1902,$);
#1900=IFCRELASSOCIATESMATERIAL('3CwRy_5cn4rf69eLwL9xT3',#3,$,$,(#1899),#65);
#1901=IFCLOCALPLACEMENT($,#1903);
#1902=IFCPRODUCTDEFINITIONSHAPE($,$,(#1904));
#1903=IFCAXIS2PLACEMENT3D(#1905,#1774,#1169);
#1904=IFCSHAPEREPRESENTATION(#9,'Body','SweptSolid',(#1906));
#1905=IFCCARTESIANPOINT((6.6666667E-002,6.6666667E-002,3.3000000E+000));
#1906=IFCEXTRUDEDAREASOLID(#1768,#14,#37,8.2533663E-001);
#1907=IFCMEMBER('30dADC9ED10xY8Tfk7U1AX',#62,'52',$,$,#1909,#1910,$);
#1908=IFCRELASSOCIATESMATERIAL('2UoCiyDGbB6gGfKkEabYiM',#3,$,$,(#1907),#65);
#1909=IFCLOCALPLACEMENT($,#1911);
#1910=IFCPRODUCTDEFINITIONSHAPE($,$,(#1912));
#1911=IFCAXIS2PLACEMENT3D(#1913,#1783,#348);
#1912=IFCSHAPEREPRESENTATION(#9,'Body','SweptSolid',(#1914));
#1913=IFCCARTESIANPOINT((1.3333333E+000,6.6666667E-002,3.3000000E+000));
#1914=IFCEXTRUDEDAREASOLID(#1768,#14,#37,8.2533663E-001);
#1915=IFCMEMBER('0Df_jdcYHAagqSISmmhYmZ',#62,'54',$,$,#1917,#1918,$);
#1916=IFCRELASSOCIATESMATERIAL('06ZJ2KhZXBTAWuXpr1rOz_',#3,$,$,(#1915),#65);
#1917=IFCLOCALPLACEMENT($,#1919);
#1918=IFCPRODUCTDEFINITIONSHAPE($,$,(#1920));
#1919=IFCAXIS2PLACEMENT3D(#1921,#1792,#339);
#1920=IFCSHAPEREPRESENTATION(#9,'Body','SweptSolid',(#1922));
#1921=IFCCARTESIANPOINT((1.3333333E+000,1.3333333E+000,3.3000000E+000));
#1922=IFCEXTRUDEDAREASOLID(#1768,#14,#37,8.2533663E-001);
#1923=IFCMEMBER('0HPJcnaE58bOFyj_CShXui',#62,'56',$,$,#1925,#1926,$);
#1924=IFCRELASSOCIATESMATERIAL('2pmBdf2LTBZeXg8yCfjQAs',#3,$,$,(#1923),#65);
#1925=IFCLOCALPLACEMENT($,#1927);
#1926=IFCPRODUCTDEFINITIONSHAPE($,$,(#1928));
#1927=IFCAXIS2PLACEMENT3D(#1929,#1801,#340);
#1928=IFCSHAPEREPRESENTATION(#9,'Body','SweptSolid',(#1930));
#1929=IFCCARTESIANPOINT((6.6666667E-002,1.3333333E+000,3.3000000E+000));
#1930=IFCEXTRUDEDAREASOLID(#1768,#14,#37,8.2533663E-001);
#1931=IFCMEMBER('2Bf3lj9VPAowQ0oOhAsV23',#62,'58',$,$,#1933,#1934,$);
#1932=IFCRELASSOCIATESMATERIAL('0NzbF4ox5008obZr62wEhb',#3,$,$,(#1931),#65);
#1933=IFCLOCALPLACEMENT($,#1935);
#1934=IFCPRODUCTDEFINITIONSHAPE($,$,(#1936));
#1935=IFCAXIS2PLACEMENT3D(#1937,#1774,#1169);
#1936=IFCSHAPEREPRESENTATION(#9,'Body','SweptSolid',(#1938));
#1937=IFCCARTESIANPOINT((8.3333333E-002,8.3333333E-002,4.1250000E+000));
#1938=IFCEXTRUDEDAREASOLID(#1768,#14,#37,8.2533663E-001);
#1939=IFCMEMBER('1CG5KhE_D3$83bFR$GXwUO',#62,'60',$,$,#1941,#1942,$);
#1940=IFCRELASSOCIATESMATERIAL('0ScSHtHPvAtQH9IhY2C7DU',#3,$,$,(#1939),#65);
#1941=IFCLOCALPLACEMENT($,#1943);
#1942=IFCPRODUCTDEFINITIONSHAPE($,$,(#1944));
#1943=IFCAXIS2PLACEMENT3D(#1945,#1783,#348);
#1944=IFCSHAPEREPRESENTATION(#9,'Body','SweptSolid',(#1946));
#1945=IFCCARTESIANPOINT((1.3166667E+000,8.3333333E-002,4.1250000E+000));
#1946=IFCEXTRUDEDAREASOLID(#1768,#14,#37,8.2533663E-001);
#1947=IFCMEMBER('3WMQq545nEK9udxGbn87oC',#62,'62',$,$,#1949,#1950,$);
#1948=IFCRELASSOCIATESMATERIAL('3HdCL$b017xfGN4lwUUvyf',#3,$,$,(#1947),#65);
#1949=IFCLOCALPLACEMENT($,#1951);
#1950=IFCPRODUCTDEFINITIONSHAPE($,$,(#1952));
#1951=IFCAXIS2PLACEMENT3D(#1953,#1792,#339);
#1952=IFCSHAPEREPRESENTATION(#9,'Body','SweptSolid',(#1954));
#1953=IFCCARTESIANPOINT((1.3166667E+000,1.3166667E+000,4.1250000E+000));
#1954=IFCEXTRUDEDAREASOLID(#1768,#14,#37,8.2533663E-001);
#1955=IFCMEMBER('113bBdTvjAcvM1rtLk9coV',#62,'64',$,$,#1957,#1958,$);
#1956=IFCRELASSOCIATESMATERIAL('2h6reghrXDF98znxsDy1gz',#3,$,$,(#1955),#65);
#1957=IFCLOCALPLACEMENT($,#1959);
#1958=IFCPRODUCTDEFINITIONSHAPE($,$,(#1960));
#1959=IFCAXIS2PLACEMENT3D(#1961,#1801,#340);
#1960=IFCSHAPEREPRESENTATION(#9,'Body','SweptSolid',(#1962));
#1961=IFCCARTESIANPOINT((8.3333333E-002,1.3166667E+000,4.1250000E+000));
#1962=IFCEXTRUDEDAREASOLID(#1768,#14,#37,8.2533663E-001);
#1963=IFCMEMBER('28AtYSlkTEmew7X3jcebJi',#62,'66',$,$,#1965,#1966,$);
#1964=IFCRELASSOCIATESMATERIAL('2LSMzKzKj5Z9JwQvY8trwG',#3,$,$,(#1963),#65);
#1965=IFCLOCALPLACEMENT($,#1967);
#1966=IFCPRODUCTDEFINITIONSHAPE($,$,(#1968));
#1967=IFCAXIS2PLACEMENT3D(#1969,#1774,#1169);
#1968=IFCSHAPEREPRESENTATION(#9,'Body','SweptSolid',(#1970));
#1969=IFCCARTESIANPOINT((1.0000000E-001,1.0000000E-001,4.9500000E+000));
#1970=IFCEXTRUDEDAREASOLID(#1768,#14,#37,8.2533663E-001);
#1971=IFCMEMBER('1KDFb_mIbEbAXUZ9WPuBs_',#62,'68',$,$,#1973,#1974,$);
#1972=IFCRELASSOCIATESMATERIAL('0JToL1Q1z5v8196VKRG8ci',#3,$,$,(#1971),#65);
#1973=IFCLOCALPLACEMENT($,#1975);
#1974=IFCPRODUCTDEFINITIONSHAPE($,$,(#1976));
#1975=IFCAXIS2PLACEMENT3D(#1977,#1783,#348);
#1976=IFCSHAPEREPRESENTATION(#9,'Body','SweptSolid',(#1978));
#1977=IFCCARTESIANPOINT((1.3000000E+000,1.0000000E-001,4.9500000E+000));
#1978=IFCEXTRUDEDAREASOLID(#1768,#14,#37,8.2533663E-001);
#1979=IFCMEMBER('2eWYhSdvr0fvxjpODaE34i',#62,'70',$,$,#1981,#1982,$);
#1980=IFCRELASSOCIATESMATERIAL('1aPzUnCU99HgiTy8Nz7SQ2',#3,$,$,(#1979),#65);
#1981=IFCLOCALPLACEMENT($,#1983);
#1982=IFCPRODUCTDEFINITIONSHAPE($,$,(#1984));
#1983=IFCAXIS2PLACEMENT3D(#1985,#1792,#339);
#1984=IFCSHAPEREPRESENTATION(#9,'Body','SweptSolid',(#1986));
#1985=IFCCARTESIANPOINT((1.3000000E+000,1.3000000E+000,4.9500000E+000));
#1986=IFCEXTRUDEDAREASOLID(#1768,#14,#37,8.2533663E-001);
#1987=IFCMEMBER('0GbhxjysPFI9Zuq1VWvqVq',#62,'72',$,$,#1989,#1990,$);
#1988=IFCRELASSOCIATESMATERIAL('2460YZMCTBTPC$vpRUWYGG',#3,$,$,(#1987),#65);
#1989=IFCLOCALPLACEMENT($,#1991);
#1990=IFCPRODUCTDEFINITIONSHAPE($,$,(#1992));
#1991=IFCAXIS2PLACEMENT3D(#1993,#1801,#340);
#1992=IFCSHAPEREPRESENTATION(#9,'Body','SweptSolid',(#1994));
#1993=IFCCARTESIANPOINT((1.0000000E-001,1.3000000E+000,4.9500000E+000));
#1994=IFCEXTRUDEDAREASOLID(#1768,#14,#37,8.2533663E-001);
#1995=IFCMEMBER('0lazQVftnBYOaDm7CJboT_',#62,'74',$,$,#1997,#1998,$);
#1996=IFCRELASSOCIATESMATERIAL('0bXlSoNJT04e4jiFAWvXSc',#3,$,$,(#1995),#65);
#1997=IFCLOCALPLACEMENT($,#1999);
#1998=IFCPRODUCTDEFINITIONSHAPE($,$,(#2000));
#1999=IFCAXIS2PLACEMENT3D(#2001,#1774,#1169);
#2000=IFCSHAPEREPRESENTATION(#9,'Body','SweptSolid',(#2002));
#2001=IFCCARTESIANPOINT((1.1666667E-001,1.1666667E-001,5.7750000E+000));
#2002=IFCEXTRUDEDAREASOLID(#1768,#14,#37,8.2533663E-001);
#2003=IFCMEMBER('1UiAEZLpz28woBoduj7PLG',#62,'76',$,$,#2005,#2006,$);
#2004=IFCRELASSOCIATESMATERIAL('0TCQUf31r84PazUTYSw_On',#3,$,$,(#2003),#65);
#2005=IFCLOCALPLACEMENT($,#2007);
#2006=IFCPRODUCTDEFINITIONSHAPE($,$,(#2008));
#2007=IFCAXIS2PLACEMENT3D(#2009,#1783,#348);
#2008=IFCSHAPEREPRESENTATION(#9,'Body','SweptSolid',(#2010));
#2009=IFCCARTESIANPOINT((1.2833333E+000,1.1666667E-001,5.7750000E+000));
#2010=IFCEXTRUDEDAREASOLID(#1768,#14,#37,8.2533663E-001);
#2011=IFCMEMBER('2fYtBDV0v2mgaLj2Fm8VFC',#62,'78',$,$,#2013,#2014,$);
#2012=IFCRELASSOCIATESMATERIAL('00KcW9ttH9rOrjbpcE7Cx$',#3,$,$,(#2011),#65);
#2013=IFCLOCALPLACEMENT($,#2015);
#2014=IFCPRODUCTDEFINITIONSHAPE($,$,(#2016));
#2015=IFCAXIS2PLACEMENT3D(#2017,#1792,#339);
#2016=IFCSHAPEREPRESENTATION(#9,'Body','SweptSolid',(#2018));
#2017=IFCCARTESIANPOINT((1.2833333E+000,1.2833333E+000,5.7750000E+000));
#2018=IFCEXTRUDEDAREASOLID(#1768,#14,#37,8.2533663E-001);
#2019=IFCMEMBER('2AGoYGBNz50uiVLTVwpGlQ',#62,'80',$,$,#2021,#2022,$);
#2020=IFCRELASSOCIATESMATERIAL('3hthCfbFL9XQ9WNK_G21r8',#3,$,$,(#2019),#65);
#2021=IFCLOCALPLACEMENT($,#2023);
#2022=IFCPRODUCTDEFINITIONSHAPE($,$,(#2024));
#2023=IFCAXIS2PLACEMENT3D(#2025,#1801,#340);
#2024=IFCSHAPEREPRESENTATION(#9,'Body','SweptSolid',(#2026));
#2025=IFCCARTESIANPOINT((1.1666667E-001,1.2833333E+000,5.7750000E+000));
#2026=IFCEXTRUDEDAREASOLID(#1768,#14,#37,8.2533663E-001);
#2027=IFCMEMBER('2_h7cQuT51cgG3_$JcT5jG',#62,'82',$,$,#2029,#2030,$);
#2028=IFCRELASSOCIATESMATERIAL('2pwnl_mYzD0em09fgZN9Ce',#3,$,$,(#2027),#65);
#2029=IFCLOCALPLACEMENT($,#2031);
#2030=IFCPRODUCTDEFINITIONSHAPE($,$,(#2032));
#2031=IFCAXIS2PLACEMENT3D(#1641,#1774,#1169);
#2032=IFCSHAPEREPRESENTATION(#9,'Body','SweptSolid',(#2033));
#2033=IFCEXTRUDEDAREASOLID(#1768,#14,#37,8.2533663E-001);
#2034=IFCMEMBER('0LybaDnx9Aegf9Zi2Ornbz',#62,'84',$,$,#2036,#2037,$);
#2035=IFCRELASSOCIATESMATERIAL('0cJdkwlt1ETeHbh8iqK8b6',#3,$,$,(#2034),#65);
#2036=IFCLOCALPLACEMENT($,#2038);
#2037=IFCPRODUCTDEFINITIONSHAPE($,$,(#2039));
#2038=IFCAXIS2PLACEMENT3D(#1649,#1783,#348);
#2039=IFCSHAPEREPRESENTATION(#9,'Body','SweptSolid',(#2040));
#2040=IFCEXTRUDEDAREASOLID(#1768,#14,#37,8.2533663E-001);
#2041=IFCMEMBER('2MQUwpnlPBZgLotfNeYUQX',#62,'86',$,$,#2043,#2044,$);
#2042=IFCRELASSOCIATESMATERIAL('0Zr3NYDtP7O8H23fLudyrM',#3,$,$,(#2041),#65);
#2043=IFCLOCALPLACEMENT($,#2045);
#2044=IFCPRODUCTDEFINITIONSHAPE($,$,(#2046));
#2045=IFCAXIS2PLACEMENT3D(#1657,#1792,#339);
#2046=IFCSHAPEREPRESENTATION(#9,'Body','SweptSolid',(#2047));
#2047=IFCEXTRUDEDAREASOLID(#1768,#14,#37,8.2533663E-001);
#2048=IFCMEMBER('2dUaHNUTf1zfPKARuUmawM',#62,'88',$,$,#2050,#2051,$);
#2049=IFCRELASSOCIATESMATERIAL('1ePc0ZqD55vgGN40g30gt2',#3,$,$,(#2048),#65);
#2050=IFCLOCALPLACEMENT($,#2052);
#2051=IFCPRODUCTDEFINITIONSHAPE($,$,(#2053));
#2052=IFCAXIS2PLACEMENT3D(#1633,#1801,#340);
#2053=IFCSHAPEREPRESENTATION(#9,'Body','SweptSolid',(#2054));
#2054=IFCEXTRUDEDAREASOLID(#1768,#14,#37,8.2533663E-001);
#2055=IFCMEMBER('2ywOugL3L7vRD6GCsw19c6',#62,'90',$,$,#2057,#2058,$);
#2056=IFCRELASSOCIATESMATERIAL('0rJ1i$KJb8hfWQDHkbnDWa',#3,$,$,(#2055),#65);
#2057=IFCLOCALPLACEMENT($,#2059);
#2058=IFCPRODUCTDEFINITIONSHAPE($,$,(#2060));
#2059=IFCAXIS2PLACEMENT3D(#2061,#1774,#1169);
#2060=IFCSHAPEREPRESENTATION(#9,'Body','SweptSolid',(#2062));
#2061=IFCCARTESIANPOINT((1.5000000E-001,1.5000000E-001,7.4250000E+000));
#2062=IFCEXTRUDEDAREASOLID(#1768,#14,#37,8.2533663E-001);
#2063=IFCMEMBER('2q2rSyRMn9u8ou7OsfYCBO',#62,'92',$,$,#2065,#2066,$);
#2064=IFCRELASSOCIATESMATERIAL('3_HX1DlJv3CvVhFNpcJ5Un',#3,$,$,(#2063),#65);
#2065=IFCLOCALPLACEMENT($,#2067);
#2066=IFCPRODUCTDEFINITIONSHAPE($,$,(#2068));
#2067=IFCAXIS2PLACEMENT3D(#2069,#1783,#348);
#2068=IFCSHAPEREPRESENTATION(#9,'Body','SweptSolid',(#2070));
#2069=IFCCARTESIANPOINT((1.2500000E+000,1.5000000E-001,7.4250000E+000));
#2070=IFCEXTRUDEDAREASOLID(#1768,#14,#37,8.2533663E-001);
#2071=IFCMEMBER('3Z3HspgFz7kBf5qgPmbxMa',#62,'94',$,$,#2073,#2074,$);
#2072=IFCRELASSOCIATESMATERIAL('2uNYrPNff1y8lv31wBYJrw',#3,$,$,(#2071),#65);
#2073=IFCLOCALPLACEMENT($,#2075);
#2074=IFCPRODUCTDEFINITIONSHAPE($,$,(#2076));
#2075=IFCAXIS2PLACEMENT3D(#2077,#1792,#339);
#2076=IFCSHAPEREPRESENTATION(#9,'Body','SweptSolid',(#2078));
#2077=IFCCARTESIANPOINT((1.2500000E+000,1.2500000E+000,7.4250000E+000));
#2078=IFCEXTRUDEDAREASOLID(#1768,#14,#37,8.2533663E-001);
#2079=IFCMEMBER('3vo5Ulj2b5meO9bsPeGSmS',#62,'96',$,$,#2081,#2082,$);
#2080=IFCRELASSOCIATESMATERIAL('1hZ1vIG3DEluYc10baYsrQ',#3,$,$,(#2079),#65);
#2081=IFCLOCALPLACEMENT($,#2083);
#2082=IFCPRODUCTDEFINITIONSHAPE($,$,(#2084));
#2083=IFCAXIS2PLACEMENT3D(#2085,#1801,#340);
#2084=IFCSHAPEREPRESENTATION(#9,'Body','SweptSolid',(#2086));
#2085=IFCCARTESIANPOINT((1.5000000E-001,1.2500000E+000,7.4250000E+000));
#2086=IFCEXTRUDEDAREASOLID(#1768,#14,#37,8.2533663E-001);
#2087=IFCMEMBER('0J$uJvn5L5_vyfRVY9oS7d',#62,'98',$,$,#2089,#2090,$);
#2088=IFCRELASSOCIATESMATERIAL('3amEi6TmT8cQaLbbyTvxbI',#3,$,$,(#2087),#65);
#2089=IFCLOCALPLACEMENT($,#2091);
#2090=IFCPRODUCTDEFINITIONSHAPE($,$,(#2092));
#2091=IFCAXIS2PLACEMENT3D(#2093,#1774,#1169);
#2092=IFCSHAPEREPRESENTATION(#9,'Body','SweptSolid',(#2094));
#2093=IFCCARTESIANPOINT((1.6666667E-001,1.6666667E-001,8.2500000E+000));
#2094=IFCEXTRUDEDAREASOLID(#1768,#14,#37,8.2533663E-001);
#2095=IFCMEMBER('1B7T5gMnb69g8h1JfkY3kh',#62,'100',$,$,#2097,#2098,$);
#2096=IFCRELASSOCIATESMATERIAL('2vI2X9jHHFXf2U7PrASL3x',#3,$,$,(#2095),#65);
#2097=IFCLOCALPLACEMENT($,#2099);
#2098=IFCPRODUCTDEFINITIONSHAPE($,$,(#2100));
#2099=IFCAXIS2PLACEMENT3D(#2101,#1783,#348);
#2100=IFCSHAPEREPRESENTATION(#9,'Body','SweptSolid',(#2102));
#2101=IFCCARTESIANPOINT((1.2333333E+000,1.6666667E-001,8.2500000E+000));
#2102=IFCEXTRUDEDAREASOLID(#1768,#14,#37,8.2533663E-001);
#2103=IFCMEMBER('0dmpCSiND0SxC_Pm90k$lq',#62,'102',$,$,#2105,#2106,$);
#2104=IFCRELASSOCIATESMATERIAL('3SEonY06zEnwV0yCjqy5yv',#3,$,$,(#2103),#65);
#2105=IFCLOCALPLACEMENT($,#2107);
#2106=IFCPRODUCTDEFINITIONSHAPE($,$,(#2108));
#2107=IFCAXIS2PLACEMENT3D(#2109,#1792,#339);
#2108=IFCSHAPEREPRESENTATION(#9,'Body','SweptSolid',(#2110));
#2109=IFCCARTESIANPOINT((1.2333333E+000,1.2333333E+000,8.2500000E+000));
#2110=IFCEXTRUDEDAREASOLID(#1768,#14,#37,8.2533663E-001);
#2111=IFCMEMBER('3ZYeUsdCH7k9dYTvqo$BjN',#62,'104',$,$,#2113,#2114,$);
#2112=IFCRELASSOCIATESMATERIAL('2WXcYQeb92Eu11Qd3aljth',#3,$,$,(#2111),#65);
#2113=IFCLOCALPLACEMENT($,#2115);
#2114=IFCPRODUCTDEFINITIONSHAPE($,$,(#2116));
#2115=IFCAXIS2PLACEMENT3D(#2117,#1801,#340);
#2116=IFCSHAPEREPRESENTATION(#9,'Body','SweptSolid',(#2118));
#2117=IFCCARTESIANPOINT((1.6666667E-001,1.2333333E+000,8.2500000E+000));
#2118=IFCEXTRUDEDAREASOLID(#1768,#14,#37,8.2533663E-001);
#2119=IFCMEMBER('0lInogO89Csfs3bXgj08Pi',#62,'106',$,$,#2121,#2122,$);
#2120=IFCRELASSOCIATESMATERIAL('2iGVwyYPH1ZfoBXx7PzbDm',#3,$,$,(#2119),#65);
#2121=IFCLOCALPLACEMENT($,#2123);
#2122=IFCPRODUCTDEFINITIONSHAPE($,$,(#2124));
#2123=IFCAXIS2PLACEMENT3D(#2125,#1774,#1169);
#2124=IFCSHAPEREPRESENTATION(#9,'Body','SweptSolid',(#2126));
#2125=IFCCARTESIANPOINT((1.8333333E-001,1.8333333E-001,9.0750000E+000));
#2126=IFCEXTRUDEDAREASOLID(#1768,#14,#37,8.2533663E-001);
#2127=IFCMEMBER('34uy8lDkj83wD6G4Cx4yCq',#62,'108',$,$,#2129,#2130,$);
#2128=IFCRELASSOCIATESMATERIAL('3OxyjQPHH7kfQY1vgYQNtn',#3,$,$,(#2127),#65);
#2129=IFCLOCALPLACEMENT($,#2131);
#2130=IFCPRODUCTDEFINITIONSHAPE($,$,(#2132));
#2131=IFCAXIS2PLACEMENT3D(#2133,#1783,#348);
#2132=IFCSHAPEREPRESENTATION(#9,'Body','SweptSolid',(#2134));
#2133=IFCCARTESIANPOINT((1.2166667E+000,1.8333333E-001,9.0750000E+000));
#2134=IFCEXTRUDEDAREASOLID(#1768,#14,#37,8.2533663E-001);
#2135=IFCMEMBER('2Kkk11FOf3Zf4OgCu_nLJN',#62,'110',$,$,#2137,#2138,$);
#2136=IFCRELASSOCIATESMATERIAL('3tZmw$H$z3sxk29tvSKzO9',#3,$,$,(#2135),#65);
#2137=IFCLOCALPLACEMENT($,#2139);
#2138=IFCPRODUCTDEFINITIONSHAPE($,$,(#2140));
#2139=IFCAXIS2PLACEMENT3D(#2141,#1792,#339);
#2140=IFCSHAPEREPRESENTATION(#9,'Body','SweptSolid',(#2142));
#2141=IFCCARTESIANPOINT((1.2166667E+000,1.2166667E+000,9.0750000E+000));
#2142=IFCEXTRUDEDAREASOLID(#1768,#14,#37,8.2533663E-001);
#2143=IFCMEMBER('2MMglXVLD8mfRiOw3$x4ag',#62,'112',$,$,#2145,#2146,$);
#2144=IFCRELASSOCIATESMATERIAL('0KMNg7cCH3HueZhUeh$GMM',#3,$,$,(#2143),#65);
#2145=IFCLOCALPLACEMENT($,#2147);
#2146=IFCPRODUCTDEFINITIONSHAPE($,$,(#2148));
#2147=IFCAXIS2PLACEMENT3D(#2149,#1801,#340);
#2148=IFCSHAPEREPRESENTATION(#9,'Body','SweptSolid',(#2150));
#2149=IFCCARTESIANPOINT((1.8333333E-001,1.2166667E+000,9.0750000E+000));
#2150=IFCEXTRUDEDAREASOLID(#1768,#14,#37,8.2533663E-001);
#2151=IFCMEMBER('0gGCUnbf5AeBn_0vE4inPD',#62,'114',$,$,#2153,#2154,$);
#2152=IFCRELASSOCIATESMATERIAL('0jn0mBkBjAcAOtLkL1Z34F',#3,$,$,(#2151),#65);
#2153=IFCLOCALPLACEMENT($,#2155);
#2154=IFCPRODUCTDEFINITIONSHAPE($,$,(#2156));
#2155=IFCAXIS2PLACEMENT3D(#2157,#1774,#1169);
#2156=IFCSHAPEREPRESENTATION(#9,'Body','SweptSolid',(#2158));
#2157=IFCCARTESIANPOINT((2.0000000E-001,2.0000000E-001,9.9000000E+000));
#2158=IFCEXTRUDEDAREASOLID(#1768,#14,#37,8.2533663E-001);
#2159=IFCMEMBER('0_UhiNeObBDuvAijqsnKv7',#62,'116',$,$,#2161,#2162,$);
#2160=IFCRELASSOCIATESMATERIAL('1ZwZSQB01B2xHSeysDKA0t',#3,$,$,(#2159),#65);
#2161=IFCLOCALPLACEMENT($,#2163);
#2162=IFCPRODUCTDEFINITIONSHAPE($,$,(#2164));
#2163=IFCAXIS2PLACEMENT3D(#2165,#1783,#348);
#2164=IFCSHAPEREPRESENTATION(#9,'Body','SweptSolid',(#2166));
#2165=IFCCARTESIANPOINT((1.2000000E+000,2.0000000E-001,9.9000000E+000));
#2166=IFCEXTRUDEDAREASOLID(#1768,#14,#37,8.2533663E-001);
#2167=IFCMEMBER('2PeCagI6XAxu9ii9A_sGc7',#62,'118',$,$,#2169,#2170,$);
#2168=IFCRELASSOCIATESMATERIAL('2TL0$0lIz4dBOAuUan17zm',#3,$,$,(#2167),#65);
#2169=IFCLOCALPLACEMENT($,#2171);
#2170=IFCPRODUCTDEFINITIONSHAPE($,$,(#2172));
#2171=IFCAXIS2PLACEMENT3D(#2173,#1792,#339);
#2172=IFCSHAPEREPRESENTATION(#9,'Body','SweptSolid',(#2174));
#2173=IFCCARTESIANPOINT((1.2000000E+000,1.2000000E+000,9.9000000E+000));
#2174=IFCEXTRUDEDAREASOLID(#1768,#14,#37,8.2533663E-001);
#2175=IFCMEMBER('2r2FP$6wH1lhopZJcpc0ex',#62,'120',$,$,#2177,#2178,$);
#2176=IFCRELASSOCIATESMATERIAL('2T3dkfKGX2ffRLRhBGTegw',#3,$,$,(#2175),#65);
#2177=IFCLOCALPLACEMENT($,#2179);
#2178=IFCPRODUCTDEFINITIONSHAPE($,$,(#2180));
#2179=IFCAXIS2PLACEMENT3D(#2181,#1801,#340);
#2180=IFCSHAPEREPRESENTATION(#9,'Body','SweptSolid',(#2182));
#2181=IFCCARTESIANPOINT((2.0000000E-001,1.2000000E+000,9.9000000E+000));
#2182=IFCEXTRUDEDAREASOLID(#1768,#14,#37,8.2533663E-001);
#2183=IFCMEMBER('0JY7t0DcfFUwRm$18xymWA',#62,'122',$,$,#2185,#2186,$);
#2184=IFCRELASSOCIATESMATERIAL('0ql5j2pYH1GBmymyUjh2Zb',#3,$,$,(#2183),#65);
#2185=IFCLOCALPLACEMENT($,#2187);
#2186=IFCPRODUCTDEFINITIONSHAPE($,$,(#2188));
#2187=IFCAXIS2PLACEMENT3D(#2189,#1774,#1169);
#2188=IFCSHAPEREPRESENTATION(#9,'Body','SweptSolid',(#2190));
#2189=IFCCARTESIANPOINT((2.1666667E-001,2.1666667E-001,1.0725000E+001));
#2190=IFCEXTRUDEDAREASOLID(#1768,#14,#37,8.2533663E-001);
#2191=IFCMEMBER('23yBtz6VfCYe9k7xlGqqz5',#62,'124',$,$,#2193,#2194,$);
#2192=IFCRELASSOCIATESMATERIAL('2e69o4or5Ebhu8uvXjkSHn',#3,$,$,(#2191),#65);
#2193=IFCLOCALPLACEMENT($,#2195);
#2194=IFCPRODUCTDEFINITIONSHAPE($,$,(#2196));
#2195=IFCAXIS2PLACEMENT3D(#2197,#1783,#348);
#2196=IFCSHAPEREPRESENTATION(#9,'Body','SweptSolid',(#2198));
#2197=IFCCARTESIANPOINT((1.1833333E+000,2.1666667E-001,1.0725000E+001));
#2198=IFCEXTRUDEDAREASOLID(#1768,#14,#37,8.2533663E-001);
#2199=IFCMEMBER('2PYniEcNTDqfWgvE$zqPA$',#62,'126',$,$,#2201,#2202,$);
#2200=IFCRELASSOCIATESMATERIAL('178xiGe6LDcPoyYhiZoy0s',#3,$,$,(#2199),#65);
#2201=IFCLOCALPLACEMENT($,#2203);
#2202=IFCPRODUCTDEFINITIONSHAPE($,$,(#2204));
#2203=IFCAXIS2PLACEMENT3D(#2205,#1792,#339);
#2204=IFCSHAPEREPRESENTATION(#9,'Body','SweptSolid',(#2206));
#2205=IFCCARTESIANPOINT((1.1833333E+000,1.1833333E+000,1.0725000E+001));
#2206=IFCEXTRUDEDAREASOLID(#1768,#14,#37,8.2533663E-001);
#2207=IFCMEMBER('3vGphiExT4MAw8ukJ0_fT7',#62,'128',$,$,#2209,#2210,$);
#2208=IFCRELASSOCIATESMATERIAL('0AsK19ViLEOeTzzdxGBaBf',#3,$,$,(#2207),#65);
#2209=IFCLOCALPLACEMENT($,#2211);
#2210=IFCPRODUCTDEFINITIONSHAPE($,$,(#2212));
#2211=IFCAXIS2PLACEMENT3D(#2213,#1801,#340);
#2212=IFCSHAPEREPRESENTATION(#9,'Body','SweptSolid',(#2214));
#2213=IFCCARTESIANPOINT((2.1666667E-001,1.1833333E+000,1.0725000E+001));
#2214=IFCEXTRUDEDAREASOLID(#1768,#14,#37,8.2533663E-001);
#2215=IFCMEMBER('0N$ttQ5Dv7yRa56ZVkVFJt',#62,'130',$,$,#2217,#2218,$);
#2216=IFCRELASSOCIATESMATERIAL('3em1d1P1D0RQAZiCFaOvS4',#3,$,$,(#2215),#65);
#2217=IFCLOCALPLACEMENT($,#2219);
#2218=IFCPRODUCTDEFINITIONSHAPE($,$,(#2220));
#2219=IFCAXIS2PLACEMENT3D(#314,#1774,#1169);
#2220=IFCSHAPEREPRESENTATION(#9,'Body','SweptSolid',(#2221));
#2221=IFCEXTRUDEDAREASOLID(#1768,#14,#37,8.2533663E-001);
#2222=IFCMEMBER('239fErUO50dgE$HhwXG4ei',#62,'132',$,$,#2224,#2225,$);
#2223=IFCRELASSOCIATESMATERIAL('2hKbP0x6X2aejSXPJEV$Vy',#3,$,$,(#2222),#65);
#2224=IFCLOCALPLACEMENT($,#2226);
#2225=IFCPRODUCTDEFINITIONSHAPE($,$,(#2227));
#2226=IFCAXIS2PLACEMENT3D(#322,#1783,#348);
#2227=IFCSHAPEREPRESENTATION(#9,'Body','SweptSolid',(#2228));
#2228=IFCEXTRUDEDAREASOLID(#1768,#14,#37,8.2533663E-001);
#2229=IFCMEMBER('2a1Wg$BqH9N8WO7O4qIbkZ',#62,'134',$,$,#2231,#2232,$);
#2230=IFCRELASSOCIATESMATERIAL('2Jgy8wtpH2PQxXR26KKZKY',#3,$,$,(#2229),#65);
#2231=IFCLOCALPLACEMENT($,#2233);
#2232=IFCPRODUCTDEFINITIONSHAPE($,$,(#2234));
#2233=IFCAXIS2PLACEMENT3D(#331,#1792,#339);
#2234=IFCSHAPEREPRESENTATION(#9,'Body','SweptSolid',(#2235));
#2235=IFCEXTRUDEDAREASOLID(#1768,#14,#37,8.2533663E-001);
#2236=IFCMEMBER('3UI$NwDiPEU9_v8I0d2dM3',#62,'136',$,$,#2238,#2239,$);
#2237=IFCRELASSOCIATESMATERIAL('28uYmLoPj0$hSYCPONQYtL',#3,$,$,(#2236),#65);
#2238=IFCLOCALPLACEMENT($,#2240);
#2239=IFCPRODUCTDEFINITIONSHAPE($,$,(#2241));
#2240=IFCAXIS2PLACEMENT3D(#304,#1801,#340);
#2241=IFCSHAPEREPRESENTATION(#9,'Body','SweptSolid',(#2242));
#2242=IFCEXTRUDEDAREASOLID(#1768,#14,#37,8.2533663E-001);
#2243=IFCMEMBER('0$a8RxFa1BDAVg_$Y22hxq',#62,'138',$,$,#2245,#2246,$);
#2244=IFCRELASSOCIATESMATERIAL('1TNDGJEif7D9ZmIYHIteFN',#3,$,$,(#2243),#65);
#2245=IFCLOCALPLACEMENT($,#2247);
#2246=IFCPRODUCTDEFINITIONSHAPE($,$,(#2248));
#2247=IFCAXIS2PLACEMENT3D(#2249,#1774,#1169);
#2248=IFCSHAPEREPRESENTATION(#9,'Body','SweptSolid',(#2250));
#2249=IFCCARTESIANPOINT((2.5000000E-001,2.5000000E-001,1.2375000E+001));
#2250=IFCEXTRUDEDAREASOLID(#1768,#14,#37,8.2533663E-001);
#2251=IFCMEMBER('29nYbkO11AP8rQl7wj$t4w',#62,'140',$,$,#2253,#2254,$);
#2252=IFCRELASSOCIATESMATERIAL('2KVZhHs5z6AxVCSQW5eqo8',#3,$,$,(#2251),#65);
#2253=IFCLOCALPLACEMENT($,#2255);
#2254=IFCPRODUCTDEFINITIONSHAPE($,$,(#2256));
#2255=IFCAXIS2PLACEMENT3D(#2257,#1783,#348);
#2256=IFCSHAPEREPRESENTATION(#9,'Body','SweptSolid',(#2258));
#2257=IFCCARTESIANPOINT((1.1500000E+000,2.5000000E-001,1.2375000E+001));
#2258=IFCEXTRUDEDAREASOLID(#1768,#14,#37,8.2533663E-001);
#2259=IFCMEMBER('0UDtSNW6jAsv4XozeP9fsd',#62,'142',$,$,#2261,#2262,$);
#2260=IFCRELASSOCIATESMATERIAL('3V6d9wDf9DIuJ8dZrPoAcy',#3,$,$,(#2259),#65);
#2261=IFCLOCALPLACEMENT($,#2263);
#2262=IFCPRODUCTDEFINITIONSHAPE($,$,(#2264));
#2263=IFCAXIS2PLACEMENT3D(#2265,#1792,#339);
#2264=IFCSHAPEREPRESENTATION(#9,'Body','SweptSolid',(#2266));
#2265=IFCCARTESIANPOINT((1.1500000E+000,1.1500000E+000,1.2375000E+001));
#2266=IFCEXTRUDEDAREASOLID(#1768,#14,#37,8.2533663E-001);
#2267=IFCMEMBER('16h9bmrS9CSBOG0xtA6PQK',#62,'144',$,$,#2269,#2270,$);
#2268=IFCRELASSOCIATESMATERIAL('0IfLwmKk9DfxSWqcL4Jm1b',#3,$,$,(#2267),#65);
#2269=IFCLOCALPLACEMENT($,#2271);
#2270=IFCPRODUCTDEFINITIONSHAPE($,$,(#2272));
#2271=IFCAXIS2PLACEMENT3D(#2273,#1801,#340);
#2272=IFCSHAPEREPRESENTATION(#9,'Body','SweptSolid',(#2274));
#2273=IFCCARTESIANPOINT((2.5000000E-001,1.1500000E+000,1.2375000E+001));
#2274=IFCEXTRUDEDAREASOLID(#1768,#14,#37,8.2533663E-001);
#2275=IFCMEMBER('2EPuq3Unz7FQ7Z37Mo0sH5',#62,'146',$,$,#2277,#2278,$);
#2276=IFCRELASSOCIATESMATERIAL('2E4ss9sKXEqRDqqBHMmBxq',#3,$,$,(#2275),#65);
#2277=IFCLOCALPLACEMENT($,#2279);
#2278=IFCPRODUCTDEFINITIONSHAPE($,$,(#2280));
#2279=IFCAXIS2PLACEMENT3D(#2281,#1774,#1169);
#2280=IFCSHAPEREPRESENTATION(#9,'Body','SweptSolid',(#2282));
#2281=IFCCARTESIANPOINT((2.6666667E-001,2.6666667E-001,1.3200000E+001));
#2282=IFCEXTRUDEDAREASOLID(#1768,#14,#37,8.2533663E-001);
#2283=IFCMEMBER('0uRyJ5d_5Cqvwy_fXQZdnE',#62,'147',$,$,#2285,#2286,$);
#2284=IFCRELASSOCIATESMATERIAL('3tZ_U0hynBJ8T02Gbv3GVZ',#3,$,$,(#2283),#65);
#2285=IFCLOCALPLACEMENT($,#2287);
#2286=IFCPRODUCTDEFINITIONSHAPE($,$,(#2288));
#2287=IFCAXIS2PLACEMENT3D(#458,#1774,#1169);
#2288=IFCSHAPEREPRESENTATION(#9,'Body','SweptSolid',(#2289));
#2289=IFCEXTRUDEDAREASOLID(#1768,#14,#37,8.2533663E-001);
#2290=IFCMEMBER('14Ed9kDj10DQga6gHYAUvj',#62,'148',$,$,#2292,#2293,$);
#2291=IFCRELASSOCIATESMATERIAL('1fYN5z50nBJwJvIjmimGev',#3,$,$,(#2290),#65);
#2292=IFCLOCALPLACEMENT($,#2294);
#2293=IFCPRODUCTDEFINITIONSHAPE($,$,(#2295));
#2294=IFCAXIS2PLACEMENT3D(#2296,#1783,#348);
#2295=IFCSHAPEREPRESENTATION(#9,'Body','SweptSolid',(#2297));
#2296=IFCCARTESIANPOINT((1.1333333E+000,2.6666667E-001,1.3200000E+001));
#2297=IFCEXTRUDEDAREASOLID(#1768,#14,#37,8.2533663E-001);
#2298=IFCMEMBER('1mCBkKCDn5X8Tz7UoXMZhQ',#62,'149',$,$,#2300,#2301,$);
#2299=IFCRELASSOCIATESMATERIAL('1x6Vq83d95oPCO5W3zMb99',#3,$,$,(#2298),#65);
#2300=IFCLOCALPLACEMENT($,#2302);
#2301=IFCPRODUCTDEFINITIONSHAPE($,$,(#2303));
#2302=IFCAXIS2PLACEMENT3D(#474,#1783,#348);
#2303=IFCSHAPEREPRESENTATION(#9,'Body','SweptSolid',(#2304));
#2304=IFCEXTRUDEDAREASOLID(#1768,#14,#37,8.2533663E-001);
#2305=IFCMEMBER('1doDA0W7D3bvj6jWhLcKVL',#62,'150',$,$,#2307,#2308,$);
#2306=IFCRELASSOCIATESMATERIAL('0pdK2h1ab1NgkjajOb0SRX',#3,$,$,(#2305),#65);
#2307=IFCLOCALPLACEMENT($,#2309);
#2308=IFCPRODUCTDEFINITIONSHAPE($,$,(#2310));
#2309=IFCAXIS2PLACEMENT3D(#2311,#1792,#339);
#2310=IFCSHAPEREPRESENTATION(#9,'Body','SweptSolid',(#2312));
#2311=IFCCARTESIANPOINT((1.1333333E+000,1.1333333E+000,1.3200000E+001));
#2312=IFCEXTRUDEDAREASOLID(#1768,#14,#37,8.2533663E-001);
#2313=IFCMEMBER('0KSVDS3Ub3BfMd4zA7l9Gi',#62,'151',$,$,#2315,#2316,$);
#2314=IFCRELASSOCIATESMATERIAL('0V4kGIIY51mw9roD8dz2II',#3,$,$,(#2313),#65);
#2315=IFCLOCALPLACEMENT($,#2317);
#2316=IFCPRODUCTDEFINITIONSHAPE($,$,(#2318));
#2317=IFCAXIS2PLACEMENT3D(#490,#1792,#339);
#2318=IFCSHAPEREPRESENTATION(#9,'Body','SweptSolid',(#2319));
#2319=IFCEXTRUDEDAREASOLID(#1768,#14,#37,8.2533663E-001);
#2320=IFCMEMBER('0$o1MyNijBDRJr6FT72tM2',#62,'152',$,$,#2322,#2323,$);
#2321=IFCRELASSOCIATESMATERIAL('1PeASPUiL5WfW9opzQxLXF',#3,$,$,(#2320),#65);
#2322=IFCLOCALPLACEMENT($,#2324);
#2323=IFCPRODUCTDEFINITIONSHAPE($,$,(#2325));
#2324=IFCAXIS2PLACEMENT3D(#2326,#1801,#340);
#2325=IFCSHAPEREPRESENTATION(#9,'Body','SweptSolid',(#2327));
#2326=IFCCARTESIANPOINT((2.6666667E-001,1.1333333E+000,1.3200000E+001));
#2327=IFCEXTRUDEDAREASOLID(#1768,#14,#37,8.2533663E-001);
#2328=IFCMEMBER('3C5GuMVPr5lxrCRFS9Mhmp',#62,'153',$,$,#2330,#2331,$);
#2329=IFCRELASSOCIATESMATERIAL('11eGl8MWH01Odcp8F5jUlS',#3,$,$,(#2328),#65);
#2330=IFCLOCALPLACEMENT($,#2332);
#2331=IFCPRODUCTDEFINITIONSHAPE($,$,(#2333));
#2332=IFCAXIS2PLACEMENT3D(#506,#1801,#340);
#2333=IFCSHAPEREPRESENTATION(#9,'Body','SweptSolid',(#2334));
#2334=IFCEXTRUDEDAREASOLID(#1768,#14,#37,8.2533663E-001);
#2335=IFCMEMBER('2HPdMHgM59ugO8i1I7Nktx',#62,'154',$,$,#2337,#2338,$);
#2336=IFCRELASSOCIATESMATERIAL('1hzXgz3Ib7fxtP0XVmFll6',#3,$,$,(#2335),#65);
#2337=IFCLOCALPLACEMENT($,#2339);
#2338=IFCPRODUCTDEFINITIONSHAPE($,$,(#2340));
#2339=IFCAXIS2PLACEMENT3D(#1773,#2341,#2342);
#2340=IFCSHAPEREPRESENTATION(#9,'Body','SweptSolid',(#2343));
#2341=IFCDIRECTION((8.5881346E-001,1.0347150E-002,5.1218393E-001));
#2342=IFCDIRECTION((-1.2047318E-002,9.9992743E-001,0.0000000E+000));
#2343=IFCEXTRUDEDAREASOLID(#445,#14,#37,1.6107495E+000);
#2344=IFCMEMBER('1AxdCA0lD1tu5$z8AvFdnw',#62,'155',$,$,#2346,#2347,$);
#2345=IFCRELASSOCIATESMATERIAL('0od_1WmHv9xxEHTLhnq5kh',#3,$,$,(#2344),#65);
#2346=IFCLOCALPLACEMENT($,#2348);
#2347=IFCPRODUCTDEFINITIONSHAPE($,$,(#2349));
#2348=IFCAXIS2PLACEMENT3D(#1817,#2350,#2351);
#2349=IFCSHAPEREPRESENTATION(#9,'Body','SweptSolid',(#2352));
#2350=IFCDIRECTION((-8.5323449E-001,1.0533759E-002,5.2142108E-001));
#2351=IFCDIRECTION((-1.2344738E-002,-9.9992380E-001,0.0000000E+000));
#2352=IFCEXTRUDEDAREASOLID(#445,#14,#37,1.5822145E+000);
#2353=IFCMEMBER('28xea2YanA89hR86_adUSh',#62,'156',$,$,#2355,#2356,$);
#2354=IFCRELASSOCIATESMATERIAL('0rVfmPZiD1IQ9OT44gA6oY',#3,$,$,(#2353),#65);
#2355=IFCLOCALPLACEMENT($,#2357);
#2356=IFCPRODUCTDEFINITIONSHAPE($,$,(#2358));
#2357=IFCAXIS2PLACEMENT3D(#1841,#2359,#2342);
#2358=IFCSHAPEREPRESENTATION(#9,'Body','SweptSolid',(#2360));
#2359=IFCDIRECTION((8.4734640E-001,1.0725904E-002,5.3093224E-001));
#2360=IFCEXTRUDEDAREASOLID(#445,#14,#37,1.5538706E+000);
#2361=IFCMEMBER('2xLNtw9W99chByn9iLpnGS',#62,'157',$,$,#2363,#2364,$);
#2362=IFCRELASSOCIATESMATERIAL('1EuZC1ZvbF4ffS_$uWT7Pi',#3,$,$,(#2361),#65);
#2363=IFCLOCALPLACEMENT($,#2365);
#2364=IFCPRODUCTDEFINITIONSHAPE($,$,(#2366));
#2365=IFCAXIS2PLACEMENT3D(#1881,#2367,#2351);
#2366=IFCSHAPEREPRESENTATION(#9,'Body','SweptSolid',(#2368));
#2367=IFCDIRECTION((-8.4112829E-001,1.0923744E-002,5.4072533E-001));
#2368=IFCEXTRUDEDAREASOLID(#445,#14,#37,1.5257284E+000);
#2369=IFCMEMBER('0Cyk16RET1kfKD4JxvO384',#62,'158',$,$,#2371,#2372,$);
#2370=IFCRELASSOCIATESMATERIAL('3e4ZLbic16pelufRmgqO09',#3,$,$,(#2369),#65);
#2371=IFCLOCALPLACEMENT($,#2373);
#2372=IFCPRODUCTDEFINITIONSHAPE($,$,(#2374));
#2373=IFCAXIS2PLACEMENT3D(#1905,#2375,#2376);
#2374=IFCSHAPEREPRESENTATION(#9,'Body','SweptSolid',(#2377));
#2375=IFCDIRECTION((8.3455773E-001,1.1127436E-002,5.5080810E-001));
#2376=IFCDIRECTION((-1.3332148E-002,9.9991112E-001,0.0000000E+000));
#2377=IFCEXTRUDEDAREASOLID(#445,#14,#37,1.4977993E+000);
#2378=IFCMEMBER('0cOZxEexX2nR3rDrmISEOa',#62,'159',$,$,#2380,#2381,$);
#2379=IFCRELASSOCIATESMATERIAL('3ThaUYqCb80AQW_HzGnmUq',#3,$,$,(#2378),#65);
#2380=IFCLOCALPLACEMENT($,#2382);
#2381=IFCPRODUCTDEFINITIONSHAPE($,$,(#2383));
#2382=IFCAXIS2PLACEMENT3D(#1945,#2384,#2385);
#2383=IFCSHAPEREPRESENTATION(#9,'Body','SweptSolid',(#2386));
#2384=IFCDIRECTION((-8.2761068E-001,1.1337133E-002,5.6118806E-001));
#2385=IFCDIRECTION((-1.3697345E-002,-9.9990619E-001,0.0000000E+000));
#2386=IFCEXTRUDEDAREASOLID(#445,#14,#37,1.4700954E+000);
#2387=IFCMEMBER('30vNKVULPAvuDJ6e1Xce4x',#62,'160',$,$,#2389,#2390,$);
#2388=IFCRELASSOCIATESMATERIAL('1jeW_WmJj0tuyaC9kHKCl0',#3,$,$,(#2387),#65);
#2389=IFCLOCALPLACEMENT($,#2391);
#2390=IFCPRODUCTDEFINITIONSHAPE($,$,(#2392));
#2391=IFCAXIS2PLACEMENT3D(#1969,#2393,#2394);
#2392=IFCSHAPEREPRESENTATION(#9,'Body','SweptSolid',(#2395));
#2393=IFCDIRECTION((8.2026129E-001,1.1552976E-002,5.7187231E-001));
#2394=IFCDIRECTION((-1.4083110E-002,9.9990083E-001,0.0000000E+000));
#2395=IFCEXTRUDEDAREASOLID(#445,#14,#37,1.4426297E+000);
#2396=IFCMEMBER('3uCiLxd11BQBzU1mQXcPJr',#62,'161',$,$,#2398,#2399,$);
#2397=IFCRELASSOCIATESMATERIAL('2uoLyqggf2eRw7sJApzsHB',#3,$,$,(#2396),#65);
#2398=IFCLOCALPLACEMENT($,#2400);
#2399=IFCPRODUCTDEFINITIONSHAPE($,$,(#2401));
#2400=IFCAXIS2PLACEMENT3D(#2009,#2402,#2385);
#2401=IFCSHAPEREPRESENTATION(#9,'Body','SweptSolid',(#2403));
#2402=IFCDIRECTION((-8.1248192E-001,1.1775100E-002,5.8286746E-001));
#2403=IFCEXTRUDEDAREASOLID(#445,#14,#37,1.4154161E+000);
#2404=IFCMEMBER('0DnelJBY9Ce95NgIHBxwM0',#62,'162',$,$,#2406,#2407,$);
#2405=IFCRELASSOCIATESMATERIAL('1NrU1Y2ir5T83v$ji1MV1Y',#3,$,$,(#2404),#65);
#2406=IFCLOCALPLACEMENT($,#2408);
#2407=IFCPRODUCTDEFINITIONSHAPE($,$,(#2409));
#2408=IFCAXIS2PLACEMENT3D(#1641,#2410,#2411);
#2409=IFCSHAPEREPRESENTATION(#9,'Body','SweptSolid',(#2412));
#2410=IFCDIRECTION((8.0424292E-001,1.2003626E-002,5.9417947E-001));
#2411=IFCDIRECTION((-1.4923711E-002,9.9988864E-001,0.0000000E+000));
#2412=IFCEXTRUDEDAREASOLID(#445,#14,#37,1.3884694E+000);
#2413=IFCMEMBER('2WbpYEEPvBLQiZvG8cVFxm',#62,'163',$,$,#2415,#2416,$);
#2414=IFCRELASSOCIATESMATERIAL('3XIPXWpjX6a8lhB4zjfMj5',#3,$,$,(#2413),#65);
#2415=IFCLOCALPLACEMENT($,#2417);
#2416=IFCPRODUCTDEFINITIONSHAPE($,$,(#2418));
#2417=IFCAXIS2PLACEMENT3D(#2069,#2419,#2420);
#2418=IFCSHAPEREPRESENTATION(#9,'Body','SweptSolid',(#2421));
#2419=IFCDIRECTION((-7.9551260E-001,1.2238655E-002,6.0581344E-001));
#2420=IFCDIRECTION((-1.5382795E-002,-9.9988168E-001,0.0000000E+000));
#2421=IFCEXTRUDEDAREASOLID(#445,#14,#37,1.3618054E+000);
#2422=IFCMEMBER('3uD3Uj8e92$f3g5887QlQ7',#62,'164',$,$,#2424,#2425,$);
#2423=IFCRELASSOCIATESMATERIAL('1XnoEvWRn2ShcziiVL2dl9',#3,$,$,(#2422),#65);
#2424=IFCLOCALPLACEMENT($,#2426);
#2425=IFCPRODUCTDEFINITIONSHAPE($,$,(#2427));
#2426=IFCAXIS2PLACEMENT3D(#2093,#2428,#2411);
#2427=IFCSHAPEREPRESENTATION(#9,'Body','SweptSolid',(#2429));
#2428=IFCDIRECTION((7.8625710E-001,1.2480271E-002,6.1777343E-001));
#2429=IFCEXTRUDEDAREASOLID(#445,#14,#37,1.3354410E+000);
#2430=IFCMEMBER('3MGuHJt8PFNhn7T9vP7dzN',#62,'165',$,$,#2432,#2433,$);
#2431=IFCRELASSOCIATESMATERIAL('2CikZAc19EVQINCfHwc$jH',#3,$,$,(#2430),#65);
#2432=IFCLOCALPLACEMENT($,#2434);
#2433=IFCPRODUCTDEFINITIONSHAPE($,$,(#2435));
#2434=IFCAXIS2PLACEMENT3D(#2133,#2436,#2437);
#2435=IFCSHAPEREPRESENTATION(#9,'Body','SweptSolid',(#2438));
#2436=IFCDIRECTION((-7.7644032E-001,1.2728530E-002,6.3006223E-001));
#2437=IFCDIRECTION((-1.6391240E-002,-9.9986565E-001,0.0000000E+000));
#2438=IFCEXTRUDEDAREASOLID(#445,#14,#37,1.3093945E+000);
#2439=IFCMEMBER('1wRRhTIp12CBlVG3PFuShI',#62,'166',$,$,#2441,#2442,$);
#2440=IFCRELASSOCIATESMATERIAL('0VAJ4tK51A6uu2e5nNwFcQ',#3,$,$,(#2439),#65);
#2441=IFCLOCALPLACEMENT($,#2443);
#2442=IFCPRODUCTDEFINITIONSHAPE($,$,(#2444));
#2443=IFCAXIS2PLACEMENT3D(#2157,#2445,#2446);
#2444=IFCSHAPEREPRESENTATION(#9,'Body','SweptSolid',(#2447));
#2445=IFCDIRECTION((7.6602385E-001,1.2983455E-002,6.4268102E-001));
#2446=IFCDIRECTION((-1.6946719E-002,9.9985639E-001,0.0000000E+000));
#2447=IFCEXTRUDEDAREASOLID(#445,#14,#37,1.2836850E+000);
#2448=IFCMEMBER('23pKvSisTDle6rdAYCLFQa',#62,'167',$,$,#2450,#2451,$);
#2449=IFCRELASSOCIATESMATERIAL('19xg9$GNvCexwQC2hr9TbJ',#3,$,$,(#2448),#65);
#2450=IFCLOCALPLACEMENT($,#2452);
#2451=IFCPRODUCTDEFINITIONSHAPE($,$,(#2453));
#2452=IFCAXIS2PLACEMENT3D(#2197,#2454,#2455);
#2453=IFCSHAPEREPRESENTATION(#9,'Body','SweptSolid',(#2456));
#2454=IFCDIRECTION((-7.5496689E-001,1.3245033E-002,6.5562914E-001));
#2455=IFCDIRECTION((-1.7541160E-002,-9.9984614E-001,0.0000000E+000));
#2456=IFCEXTRUDEDAREASOLID(#445,#14,#37,1.2583333E+000);
#2457=IFCMEMBER('1MqTdlTxT3XvGkH8vPrn3t',#62,'168',$,$,#2459,#2460,$);
#2458=IFCRELASSOCIATESMATERIAL('1W_ubO3a5BqB2R8vIa1jjz',#3,$,$,(#2457),#65);
#2459=IFCLOCALPLACEMENT($,#2461);
#2460=IFCPRODUCTDEFINITIONSHAPE($,$,(#2462));
#2461=IFCAXIS2PLACEMENT3D(#314,#2463,#2464);
#2462=IFCSHAPEREPRESENTATION(#9,'Body','SweptSolid',(#2465));
#2463=IFCDIRECTION((7.4322628E-001,1.3513205E-002,6.6890365E-001));
#2464=IFCDIRECTION((-1.8178814E-002,9.9983475E-001,0.0000000E+000));
#2465=IFCEXTRUDEDAREASOLID(#445,#14,#37,1.2333615E+000);
#2466=IFCMEMBER('1ZJo6USnfEp8skyeMCbNg6',#62,'169',$,$,#2468,#2469,$);
#2467=IFCRELASSOCIATESMATERIAL('0O0$ps4mvF49ViNHK3K4pC',#3,$,$,(#2466),#65);
#2468=IFCLOCALPLACEMENT($,#2470);
#2469=IFCPRODUCTDEFINITIONSHAPE($,$,(#2471));
#2470=IFCAXIS2PLACEMENT3D(#2257,#2472,#2473);
#2471=IFCSHAPEREPRESENTATION(#9,'Body','SweptSolid',(#2474));
#2472=IFCDIRECTION((-7.3075648E-001,1.3787858E-002,6.8249898E-001));
#2473=IFCDIRECTION((-1.8864567E-002,-9.9982205E-001,0.0000000E+000));
#2474=IFCEXTRUDEDAREASOLID(#445,#14,#37,1.2087930E+000);
#2475=IFCMEMBER('3ClR6hK$PBNf3CKx6EmpFT',#62,'170',$,$,#2477,#2478,$);
#2476=IFCRELASSOCIATESMATERIAL('3Ry0Kcr_PF0eRspYwN0HnL',#3,$,$,(#2475),#65);
#2477=IFCLOCALPLACEMENT($,#2479);
#2478=IFCPRODUCTDEFINITIONSHAPE($,$,(#2480));
#2479=IFCAXIS2PLACEMENT3D(#2281,#2481,#2482);
#2480=IFCSHAPEREPRESENTATION(#9,'Body','SweptSolid',(#2483));
#2481=IFCDIRECTION((7.1750967E-001,1.4068817E-002,6.9640645E-001));
#2482=IFCDIRECTION((-1.9604075E-002,9.9980782E-001,0.0000000E+000));
#2483=IFCEXTRUDEDAREASOLID(#445,#14,#37,1.1846530E+000);
#2484=IFCMEMBER('2U9BoYTdTDle6M7VLqWWCX',#62,'171',$,$,#2486,#2487,$);
#2485=IFCRELASSOCIATESMATERIAL('1GagqatF1CEvdoYQHTGh4M',#3,$,$,(#2484),#65);
#2486=IFCLOCALPLACEMENT($,#2488);
#2487=IFCPRODUCTDEFINITIONSHAPE($,$,(#2489));
#2488=IFCAXIS2PLACEMENT3D(#474,#2490,#2491);
#2489=IFCSHAPEREPRESENTATION(#9,'Body','SweptSolid',(#2492));
#2490=IFCDIRECTION((-7.0343585E-001,1.4355834E-002,7.1061376E-001));
#2491=IFCDIRECTION((-2.0403915E-002,-9.9979182E-001,0.0000000E+000));
#2492=IFCEXTRUDEDAREASOLID(#445,#14,#37,1.1609682E+000);
#2493=IFCMEMBER('3onNmaswj5SBvxopmNiCY8',#62,'174',$,$,#2495,#2496,$);
#2494=IFCRELASSOCIATESMATERIAL('07hbFalb132xsZu2DqYAzh',#3,$,$,(#2493),#65);
#2495=IFCLOCALPLACEMENT($,#2497);
#2496=IFCPRODUCTDEFINITIONSHAPE($,$,(#2498));
#2497=IFCAXIS2PLACEMENT3D(#1782,#2499,#2500);
#2498=IFCSHAPEREPRESENTATION(#9,'Body','SweptSolid',(#2501));
#2499=IFCDIRECTION((-1.0347150E-002,8.5881346E-001,5.1218393E-001));
#2500=IFCDIRECTION((-9.9992743E-001,-1.2047318E-002,0.0000000E+000));
#2501=IFCEXTRUDEDAREASOLID(#445,#14,#37,1.6107495E+000);
#2502=IFCMEMBER('33laFkKG12gg1mVpF7rFb$',#62,'175',$,$,#2504,#2505,$);
#2503=IFCRELASSOCIATESMATERIAL('3IxRaR8UPFYQBf7GMpqoeY',#3,$,$,(#2502),#65);
#2504=IFCLOCALPLACEMENT($,#2506);
#2505=IFCPRODUCTDEFINITIONSHAPE($,$,(#2507));
#2506=IFCAXIS2PLACEMENT3D(#1825,#2508,#2509);
#2507=IFCSHAPEREPRESENTATION(#9,'Body','SweptSolid',(#2510));
#2508=IFCDIRECTION((-1.0533759E-002,-8.5323449E-001,5.2142108E-001));
#2509=IFCDIRECTION((9.9992380E-001,-1.2344738E-002,0.0000000E+000));
#2510=IFCEXTRUDEDAREASOLID(#445,#14,#37,1.5822145E+000);
#2511=IFCMEMBER('31j88Zc6XETQuEfK$OXEH3',#62,'176',$,$,#2513,#2514,$);
#2512=IFCRELASSOCIATESMATERIAL('3nV60UMaXAmPTDKlNuyWGd',#3,$,$,(#2511),#65);
#2513=IFCLOCALPLACEMENT($,#2515);
#2514=IFCPRODUCTDEFINITIONSHAPE($,$,(#2516));
#2515=IFCAXIS2PLACEMENT3D(#1849,#2517,#2500);
#2516=IFCSHAPEREPRESENTATION(#9,'Body','SweptSolid',(#2518));
#2517=IFCDIRECTION((-1.0725904E-002,8.4734640E-001,5.3093224E-001));
#2518=IFCEXTRUDEDAREASOLID(#445,#14,#37,1.5538706E+000);
#2519=IFCMEMBER('2mqoBjFZP6g8fF8DkA00Ri',#62,'177',$,$,#2521,#2522,$);
#2520=IFCRELASSOCIATESMATERIAL('0y$0$IFn9FGBrdfW_ObMZH',#3,$,$,(#2519),#65);
#2521=IFCLOCALPLACEMENT($,#2523);
#2522=IFCPRODUCTDEFINITIONSHAPE($,$,(#2524));
#2523=IFCAXIS2PLACEMENT3D(#1889,#2525,#2509);
#2524=IFCSHAPEREPRESENTATION(#9,'Body','SweptSolid',(#2526));
#2525=IFCDIRECTION((-1.0923744E-002,-8.4112829E-001,5.4072533E-001));
#2526=IFCEXTRUDEDAREASOLID(#445,#14,#37,1.5257284E+000);
#2527=IFCMEMBER('29U1TJpx18PwrO7xMhSPK$',#62,'178',$,$,#2529,#2530,$);
#2528=IFCRELASSOCIATESMATERIAL('3SWGPeqTb7nQPLRzJwF9B0',#3,$,$,(#2527),#65);
#2529=IFCLOCALPLACEMENT($,#2531);
#2530=IFCPRODUCTDEFINITIONSHAPE($,$,(#2532));
#2531=IFCAXIS2PLACEMENT3D(#1913,#2533,#2534);
#2532=IFCSHAPEREPRESENTATION(#9,'Body','SweptSolid',(#2535));
#2533=IFCDIRECTION((-1.1127436E-002,8.3455773E-001,5.5080810E-001));
#2534=IFCDIRECTION((-9.9991112E-001,-1.3332148E-002,0.0000000E+000));
#2535=IFCEXTRUDEDAREASOLID(#445,#14,#37,1.4977993E+000);
#2536=IFCMEMBER('1usnStap52exOgXdsTkHpy',#62,'179',$,$,#2538,#2539,$);
#2537=IFCRELASSOCIATESMATERIAL('00Ka_baQvDneBTOyYzux9o',#3,$,$,(#2536),#65);
#2538=IFCLOCALPLACEMENT($,#2540);
#2539=IFCPRODUCTDEFINITIONSHAPE($,$,(#2541));
#2540=IFCAXIS2PLACEMENT3D(#1953,#2542,#2543);
#2541=IFCSHAPEREPRESENTATION(#9,'Body','SweptSolid',(#2544));
#2542=IFCDIRECTION((-1.1337133E-002,-8.2761068E-001,5.6118806E-001));
#2543=IFCDIRECTION((9.9990619E-001,-1.3697345E-002,0.0000000E+000));
#2544=IFCEXTRUDEDAREASOLID(#445,#14,#37,1.4700954E+000);
#2545=IFCMEMBER('1V6cca3B59ZukHwYFKyDBA',#62,'180',$,$,#2547,#2548,$);
#2546=IFCRELASSOCIATESMATERIAL('06q4TC0zT7LAzYe0s6GMk9',#3,$,$,(#2545),#65);
#2547=IFCLOCALPLACEMENT($,#2549);
#2548=IFCPRODUCTDEFINITIONSHAPE($,$,(#2550));
#2549=IFCAXIS2PLACEMENT3D(#1977,#2551,#2534);
#2550=IFCSHAPEREPRESENTATION(#9,'Body','SweptSolid',(#2552));
#2551=IFCDIRECTION((-1.1552976E-002,8.2026129E-001,5.7187231E-001));
#2552=IFCEXTRUDEDAREASOLID(#445,#14,#37,1.4426297E+000);
#2553=IFCMEMBER('2gd2FKY9nFKRrWMRnhJhbL',#62,'181',$,$,#2555,#2556,$);
#2554=IFCRELASSOCIATESMATERIAL('2DqWJRChf82fmBDIf4so0_',#3,$,$,(#2553),#65);
#2555=IFCLOCALPLACEMENT($,#2557);
#2556=IFCPRODUCTDEFINITIONSHAPE($,$,(#2558));
#2557=IFCAXIS2PLACEMENT3D(#2017,#2559,#2543);
#2558=IFCSHAPEREPRESENTATION(#9,'Body','SweptSolid',(#2560));
#2559=IFCDIRECTION((-1.1775100E-002,-8.1248192E-001,5.8286746E-001));
#2560=IFCEXTRUDEDAREASOLID(#445,#14,#37,1.4154161E+000);
#2561=IFCMEMBER('1hibEcq$v7yey56d7tI5Zq',#62,'182',$,$,#2563,#2564,$);
#2562=IFCRELASSOCIATESMATERIAL('0jw7xfXhj3W9EkHfGbd7qK',#3,$,$,(#2561),#65);
#2563=IFCLOCALPLACEMENT($,#2565);
#2564=IFCPRODUCTDEFINITIONSHAPE($,$,(#2566));
#2565=IFCAXIS2PLACEMENT3D(#1649,#2567,#2568);
#2566=IFCSHAPEREPRESENTATION(#9,'Body','SweptSolid',(#2569));
#2567=IFCDIRECTION((-1.2003626E-002,8.0424292E-001,5.9417947E-001));
#2568=IFCDIRECTION((-9.9988864E-001,-1.4923711E-002,0.0000000E+000));
#2569=IFCEXTRUDEDAREASOLID(#445,#14,#37,1.3884694E+000);
#2570=IFCMEMBER('05U_QYljz7ABtPBJgRxvBv',#62,'183',$,$,#2572,#2573,$);
#2571=IFCRELASSOCIATESMATERIAL('15G0iLb3L5GelRjj4flw$T',#3,$,$,(#2570),#65);
#2572=IFCLOCALPLACEMENT($,#2574);
#2573=IFCPRODUCTDEFINITIONSHAPE($,$,(#2575));
#2574=IFCAXIS2PLACEMENT3D(#2077,#2576,#2577);
#2575=IFCSHAPEREPRESENTATION(#9,'Body','SweptSolid',(#2578));
#2576=IFCDIRECTION((-1.2238655E-002,-7.9551260E-001,6.0581344E-001));
#2577=IFCDIRECTION((9.9988168E-001,-1.5382795E-002,0.0000000E+000));
#2578=IFCEXTRUDEDAREASOLID(#445,#14,#37,1.3618054E+000);
#2579=IFCMEMBER('1MDo18r0X3PRwlBeFrf$1H',#62,'184',$,$,#2581,#2582,$);
#2580=IFCRELASSOCIATESMATERIAL('1XmMNU3YLE8voIqXkyb1Zb',#3,$,$,(#2579),#65);
#2581=IFCLOCALPLACEMENT($,#2583);
#2582=IFCPRODUCTDEFINITIONSHAPE($,$,(#2584));
#2583=IFCAXIS2PLACEMENT3D(#2101,#2585,#2568);
#2584=IFCSHAPEREPRESENTATION(#9,'Body','SweptSolid',(#2586));
#2585=IFCDIRECTION((-1.2480271E-002,7.8625710E-001,6.1777343E-001));
#2586=IFCEXTRUDEDAREASOLID(#445,#14,#37,1.3354410E+000);
#2587=IFCMEMBER('2KSZtJS9H4vR$VC1FOcmEF',#62,'185',$,$,#2589,#2590,$);
#2588=IFCRELASSOCIATESMATERIAL('3ZM3Nk7FX3fRdFgqW_EDdP',#3,$,$,(#2587),#65);
#2589=IFCLOCALPLACEMENT($,#2591);
#2590=IFCPRODUCTDEFINITIONSHAPE($,$,(#2592));
#2591=IFCAXIS2PLACEMENT3D(#2141,#2593,#2594);
#2592=IFCSHAPEREPRESENTATION(#9,'Body','SweptSolid',(#2595));
#2593=IFCDIRECTION((-1.2728530E-002,-7.7644032E-001,6.3006223E-001));
#2594=IFCDIRECTION((9.9986565E-001,-1.6391240E-002,0.0000000E+000));
#2595=IFCEXTRUDEDAREASOLID(#445,#14,#37,1.3093945E+000);
#2596=IFCMEMBER('03AX9tEi13BgiJQ2fqvJG0',#62,'186',$,$,#2598,#2599,$);
#2597=IFCRELASSOCIATESMATERIAL('3oZxpp3orACv2xzqdbNba$',#3,$,$,(#2596),#65);
#2598=IFCLOCALPLACEMENT($,#2600);
#2599=IFCPRODUCTDEFINITIONSHAPE($,$,(#2601));
#2600=IFCAXIS2PLACEMENT3D(#2165,#2602,#2603);
#2601=IFCSHAPEREPRESENTATION(#9,'Body','SweptSolid',(#2604));
#2602=IFCDIRECTION((-1.2983455E-002,7.6602385E-001,6.4268102E-001));
#2603=IFCDIRECTION((-9.9985639E-001,-1.6946719E-002,0.0000000E+000));
#2604=IFCEXTRUDEDAREASOLID(#445,#14,#37,1.2836850E+000);
#2605=IFCMEMBER('04FXQYnqD01fEAbiBl4bI3',#62,'187',$,$,#2607,#2608,$);
#2606=IFCRELASSOCIATESMATERIAL('2iJM9Ejl59hRy8FpRqV3B5',#3,$,$,(#2605),#65);
#2607=IFCLOCALPLACEMENT($,#2609);
#2608=IFCPRODUCTDEFINITIONSHAPE($,$,(#2610));
#2609=IFCAXIS2PLACEMENT3D(#2205,#2611,#2612);
#2610=IFCSHAPEREPRESENTATION(#9,'Body','SweptSolid',(#2613));
#2611=IFCDIRECTION((-1.3245033E-002,-7.5496689E-001,6.5562914E-001));
#2612=IFCDIRECTION((9.9984614E-001,-1.7541160E-002,0.0000000E+000));
#2613=IFCEXTRUDEDAREASOLID(#445,#14,#37,1.2583333E+000);
#2614=IFCMEMBER('3Ijk_7NnbDAwfp7cFKqGmI',#62,'188',$,$,#2616,#2617,$);
#2615=IFCRELASSOCIATESMATERIAL('1Oqt1Pg4PDxgzlmDmgNxlM',#3,$,$,(#2614),#65);
#2616=IFCLOCALPLACEMENT($,#2618);
#2617=IFCPRODUCTDEFINITIONSHAPE($,$,(#2619));
#2618=IFCAXIS2PLACEMENT3D(#322,#2620,#2621);
#2619=IFCSHAPEREPRESENTATION(#9,'Body','SweptSolid',(#2622));
#2620=IFCDIRECTION((-1.3513205E-002,7.4322628E-001,6.6890365E-001));
#2621=IFCDIRECTION((-9.9983475E-001,-1.8178814E-002,0.0000000E+000));
#2622=IFCEXTRUDEDAREASOLID(#445,#14,#37,1.2333615E+000);
#2623=IFCMEMBER('1gdjEWXjX2N8J6l1HLCfkv',#62,'189',$,$,#2625,#2626,$);
#2624=IFCRELASSOCIATESMATERIAL('2acJNwfAzA1PTnmZ6p9N9h',#3,$,$,(#2623),#65);
#2625=IFCLOCALPLACEMENT($,#2627);
#2626=IFCPRODUCTDEFINITIONSHAPE($,$,(#2628));
#2627=IFCAXIS2PLACEMENT3D(#2265,#2629,#2630);
#2628=IFCSHAPEREPRESENTATION(#9,'Body','SweptSolid',(#2631));
#2629=IFCDIRECTION((-1.3787858E-002,-7.3075648E-001,6.8249898E-001));
#2630=IFCDIRECTION((9.9982205E-001,-1.8864567E-002,0.0000000E+000));
#2631=IFCEXTRUDEDAREASOLID(#445,#14,#37,1.2087930E+000);
#2632=IFCMEMBER('0iy98VsZf2kBZ3lGXz7rLp',#62,'190',$,$,#2634,#2635,$);
#2633=IFCRELASSOCIATESMATERIAL('3oLy_m3Sz7Le6uoPs8yoWf',#3,$,$,(#2632),#65);
#2634=IFCLOCALPLACEMENT($,#2636);
#2635=IFCPRODUCTDEFINITIONSHAPE($,$,(#2637));
#2636=IFCAXIS2PLACEMENT3D(#2296,#2638,#2639);
#2637=IFCSHAPEREPRESENTATION(#9,'Body','SweptSolid',(#2640));
#2638=IFCDIRECTION((-1.4068817E-002,7.1750967E-001,6.9640645E-001));
#2639=IFCDIRECTION((-9.9980782E-001,-1.9604075E-002,0.0000000E+000));
#2640=IFCEXTRUDEDAREASOLID(#445,#14,#37,1.1846530E+000);
#2641=IFCMEMBER('2ZCD_1OMXEbwI0N4T04lUk',#62,'191',$,$,#2643,#2644,$);
#2642=IFCRELASSOCIATESMATERIAL('1aoQ3QZ3P7qfNQFq3_1x04',#3,$,$,(#2641),#65);
#2643=IFCLOCALPLACEMENT($,#2645);
#2644=IFCPRODUCTDEFINITIONSHAPE($,$,(#2646));
#2645=IFCAXIS2PLACEMENT3D(#490,#2647,#2648);
#2646=IFCSHAPEREPRESENTATION(#9,'Body','SweptSolid',(#2649));
#2647=IFCDIRECTION((-1.4355834E-002,-7.0343585E-001,7.1061376E-001));
#2648=IFCDIRECTION((9.9979182E-001,-2.0403915E-002,0.0000000E+000));
#2649=IFCEXTRUDEDAREASOLID(#445,#14,#37,1.1609682E+000);
#2650=IFCMEMBER('1erMU$$ivCgxwJUPWtnOdk',#62,'194',$,$,#2652,#2653,$);
#2651=IFCRELASSOCIATESMATERIAL('0$TysIQev8M93Lvq7C4vkO',#3,$,$,(#2650),#65);
#2652=IFCLOCALPLACEMENT($,#2654);
#2653=IFCPRODUCTDEFINITIONSHAPE($,$,(#2655));
#2654=IFCAXIS2PLACEMENT3D(#1791,#2656,#2657);
#2655=IFCSHAPEREPRESENTATION(#9,'Body','SweptSolid',(#2658));
#2656=IFCDIRECTION((-8.5881346E-001,-1.0347150E-002,5.1218393E-001));
#2657=IFCDIRECTION((1.2047318E-002,-9.9992743E-001,0.0000000E+000));
#2658=IFCEXTRUDEDAREASOLID(#445,#14,#37,1.6107495E+000);
#2659=IFCMEMBER('1l$K8M0AT7Vx6N3lx3eEuT',#62,'195',$,$,#2661,#2662,$);
#2660=IFCRELASSOCIATESMATERIAL('0Cnbb97DD0CAug77v2HjKu',#3,$,$,(#2659),#65);
#2661=IFCLOCALPLACEMENT($,#2663);
#2662=IFCPRODUCTDEFINITIONSHAPE($,$,(#2664));
#2663=IFCAXIS2PLACEMENT3D(#1833,#2665,#2666);
#2664=IFCSHAPEREPRESENTATION(#9,'Body','SweptSolid',(#2667));
#2665=IFCDIRECTION((8.5323449E-001,-1.0533759E-002,5.2142108E-001));
#2666=IFCDIRECTION((1.2344738E-002,9.9992380E-001,0.0000000E+000));
#2667=IFCEXTRUDEDAREASOLID(#445,#14,#37,1.5822145E+000);
#2668=IFCMEMBER('27BRLvceLFv9hb2024VVqW',#62,'196',$,$,#2670,#2671,$);
#2669=IFCRELASSOCIATESMATERIAL('35$z6y35bFeQZ8irSZA2TQ',#3,$,$,(#2668),#65);
#2670=IFCLOCALPLACEMENT($,#2672);
#2671=IFCPRODUCTDEFINITIONSHAPE($,$,(#2673));
#2672=IFCAXIS2PLACEMENT3D(#1857,#2674,#2657);
#2673=IFCSHAPEREPRESENTATION(#9,'Body','SweptSolid',(#2675));
#2674=IFCDIRECTION((-8.4734640E-001,-1.0725904E-002,5.3093224E-001));
#2675=IFCEXTRUDEDAREASOLID(#445,#14,#37,1.5538706E+000);
#2676=IFCMEMBER('0$lwAk8RrBRf6CAJ96BMO5',#62,'197',$,$,#2678,#2679,$);
#2677=IFCRELASSOCIATESMATERIAL('0sgijfnqX5ARJQXwuPqUMJ',#3,$,$,(#2676),#65);
#2678=IFCLOCALPLACEMENT($,#2680);
#2679=IFCPRODUCTDEFINITIONSHAPE($,$,(#2681));
#2680=IFCAXIS2PLACEMENT3D(#1897,#2682,#2666);
#2681=IFCSHAPEREPRESENTATION(#9,'Body','SweptSolid',(#2683));
#2682=IFCDIRECTION((8.4112829E-001,-1.0923744E-002,5.4072533E-001));
#2683=IFCEXTRUDEDAREASOLID(#445,#14,#37,1.5257284E+000);
#2684=IFCMEMBER('3drQAKXcr2NPgLw_4YJY_Y',#62,'198',$,$,#2686,#2687,$);
#2685=IFCRELASSOCIATESMATERIAL('09VthLGoXBdhCi9NYCcycw',#3,$,$,(#2684),#65);
#2686=IFCLOCALPLACEMENT($,#2688);
#2687=IFCPRODUCTDEFINITIONSHAPE($,$,(#2689));
#2688=IFCAXIS2PLACEMENT3D(#1921,#2690,#2691);
#2689=IFCSHAPEREPRESENTATION(#9,'Body','SweptSolid',(#2692));
#2690=IFCDIRECTION((-8.3455773E-001,-1.1127436E-002,5.5080810E-001));
#2691=IFCDIRECTION((1.3332148E-002,-9.9991112E-001,0.0000000E+000));
#2692=IFCEXTRUDEDAREASOLID(#445,#14,#37,1.4977993E+000);
#2693=IFCMEMBER('1qIeQiWGL7H8h8_aHnfYIS',#62,'199',$,$,#2695,#2696,$);
#2694=IFCRELASSOCIATESMATERIAL('21WHOdEYTC6QFMlZFN47Ce',#3,$,$,(#2693),#65);
#2695=IFCLOCALPLACEMENT($,#2697);
#2696=IFCPRODUCTDEFINITIONSHAPE($,$,(#2698));
#2697=IFCAXIS2PLACEMENT3D(#1961,#2699,#2700);
#2698=IFCSHAPEREPRESENTATION(#9,'Body','SweptSolid',(#2701));
#2699=IFCDIRECTION((8.2761068E-001,-1.1337133E-002,5.6118806E-001));
#2700=IFCDIRECTION((1.3697345E-002,9.9990619E-001,0.0000000E+000));
#2701=IFCEXTRUDEDAREASOLID(#445,#14,#37,1.4700954E+000);
#2702=IFCMEMBER('0rq4P3XZDAdPxhpyv75CPm',#62,'200',$,$,#2704,#2705,$);
#2703=IFCRELASSOCIATESMATERIAL('0t6eahgtbFfuuOd9819MnT',#3,$,$,(#2702),#65);
#2704=IFCLOCALPLACEMENT($,#2706);
#2705=IFCPRODUCTDEFINITIONSHAPE($,$,(#2707));
#2706=IFCAXIS2PLACEMENT3D(#1985,#2708,#2709);
#2707=IFCSHAPEREPRESENTATION(#9,'Body','SweptSolid',(#2710));
#2708=IFCDIRECTION((-8.2026129E-001,-1.1552976E-002,5.7187231E-001));
#2709=IFCDIRECTION((1.4083110E-002,-9.9990083E-001,0.0000000E+000));
#2710=IFCEXTRUDEDAREASOLID(#445,#14,#37,1.4426297E+000);
#2711=IFCMEMBER('3031xVGCX8bwkxGX$ThzID',#62,'201',$,$,#2713,#2714,$);
#2712=IFCRELASSOCIATESMATERIAL('0ruaAIEG54qvqi5Kqs5cvj',#3,$,$,(#2711),#65);
#2713=IFCLOCALPLACEMENT($,#2715);
#2714=IFCPRODUCTDEFINITIONSHAPE($,$,(#2716));
#2715=IFCAXIS2PLACEMENT3D(#2025,#2717,#2700);
#2716=IFCSHAPEREPRESENTATION(#9,'Body','SweptSolid',(#2718));
#2717=IFCDIRECTION((8.1248192E-001,-1.1775100E-002,5.8286746E-001));
#2718=IFCEXTRUDEDAREASOLID(#445,#14,#37,1.4154161E+000);
#2719=IFCMEMBER('0yc3G7$mrFex212JgdVP3s',#62,'202',$,$,#2721,#2722,$);
#2720=IFCRELASSOCIATESMATERIAL('19x4CNfj12nxfKnb$phJNm',#3,$,$,(#2719),#65);
#2721=IFCLOCALPLACEMENT($,#2723);
#2722=IFCPRODUCTDEFINITIONSHAPE($,$,(#2724));
#2723=IFCAXIS2PLACEMENT3D(#1657,#2725,#2726);
#2724=IFCSHAPEREPRESENTATION(#9,'Body','SweptSolid',(#2727));
#2725=IFCDIRECTION((-8.0424292E-001,-1.2003626E-002,5.9417947E-001));
#2726=IFCDIRECTION((1.4923711E-002,-9.9988864E-001,0.0000000E+000));
#2727=IFCEXTRUDEDAREASOLID(#445,#14,#37,1.3884694E+000);
#2728=IFCMEMBER('0gKWSSmhL23e3_Wx6pp8rh',#62,'203',$,$,#2730,#2731,$);
#2729=IFCRELASSOCIATESMATERIAL('2HX$dXC$TDVAMwzNNCNrbu',#3,$,$,(#2728),#65);
#2730=IFCLOCALPLACEMENT($,#2732);
#2731=IFCPRODUCTDEFINITIONSHAPE($,$,(#2733));
#2732=IFCAXIS2PLACEMENT3D(#2085,#2734,#2735);
#2733=IFCSHAPEREPRESENTATION(#9,'Body','SweptSolid',(#2736));
#2734=IFCDIRECTION((7.9551260E-001,-1.2238655E-002,6.0581344E-001));
#2735=IFCDIRECTION((1.5382795E-002,9.9988168E-001,0.0000000E+000));
#2736=IFCEXTRUDEDAREASOLID(#445,#14,#37,1.3618054E+000);
#2737=IFCMEMBER('3k1B9z6YH3we4XfEs04Xhu',#62,'204',$,$,#2739,#2740,$);
#2738=IFCRELASSOCIATESMATERIAL('02jheDU4f1kO7X3ALGOPkO',#3,$,$,(#2737),#65);
#2739=IFCLOCALPLACEMENT($,#2741);
#2740=IFCPRODUCTDEFINITIONSHAPE($,$,(#2742));
#2741=IFCAXIS2PLACEMENT3D(#2109,#2743,#2726);
#2742=IFCSHAPEREPRESENTATION(#9,'Body','SweptSolid',(#2744));
#2743=IFCDIRECTION((-7.8625710E-001,-1.2480271E-002,6.1777343E-001));
#2744=IFCEXTRUDEDAREASOLID(#445,#14,#37,1.3354410E+000);
#2745=IFCMEMBER('0T2tyoKW528B9R4d5txET6',#62,'205',$,$,#2747,#2748,$);
#2746=IFCRELASSOCIATESMATERIAL('0oZ$A9xav4fgni2TmRRaD3',#3,$,$,(#2745),#65);
#2747=IFCLOCALPLACEMENT($,#2749);
#2748=IFCPRODUCTDEFINITIONSHAPE($,$,(#2750));
#2749=IFCAXIS2PLACEMENT3D(#2149,#2751,#2752);
#2750=IFCSHAPEREPRESENTATION(#9,'Body','SweptSolid',(#2753));
#2751=IFCDIRECTION((7.7644032E-001,-1.2728530E-002,6.3006223E-001));
#2752=IFCDIRECTION((1.6391240E-002,9.9986565E-001,0.0000000E+000));
#2753=IFCEXTRUDEDAREASOLID(#445,#14,#37,1.3093945E+000);
#2754=IFCMEMBER('1oI1B6TuL5oewUrkzb5Qk7',#62,'206',$,$,#2756,#2757,$);
#2755=IFCRELASSOCIATESMATERIAL('3gtjtqoAX07ehUaOKWxk0Q',#3,$,$,(#2754),#65);
#2756=IFCLOCALPLACEMENT($,#2758);
#2757=IFCPRODUCTDEFINITIONSHAPE($,$,(#2759));
#2758=IFCAXIS2PLACEMENT3D(#2173,#2760,#2761);
#2759=IFCSHAPEREPRESENTATION(#9,'Body','SweptSolid',(#2762));
#2760=IFCDIRECTION((-7.6602385E-001,-1.2983455E-002,6.4268102E-001));
#2761=IFCDIRECTION((1.6946719E-002,-9.9985639E-001,0.0000000E+000));
#2762=IFCEXTRUDEDAREASOLID(#445,#14,#37,1.2836850E+000);
#2763=IFCMEMBER('1OPf5kyjDE5wWZFWfZmdl4',#62,'207',$,$,#2765,#2766,$);
#2764=IFCRELASSOCIATESMATERIAL('3bku30DO1CTP5XPgURmNEO',#3,$,$,(#2763),#65);
#2765=IFCLOCALPLACEMENT($,#2767);
#2766=IFCPRODUCTDEFINITIONSHAPE($,$,(#2768));
#2767=IFCAXIS2PLACEMENT3D(#2213,#2769,#2770);
#2768=IFCSHAPEREPRESENTATION(#9,'Body','SweptSolid',(#2771));
#2769=IFCDIRECTION((7.5496689E-001,-1.3245033E-002,6.5562914E-001));
#2770=IFCDIRECTION((1.7541160E-002,9.9984614E-001,0.0000000E+000));
#2771=IFCEXTRUDEDAREASOLID(#445,#14,#37,1.2583333E+000);
#2772=IFCMEMBER('34i6UeCG54OODO5XYuYOnn',#62,'208',$,$,#2774,#2775,$);
#2773=IFCRELASSOCIATESMATERIAL('3SRb89THXALhivmumhQ1Bm',#3,$,$,(#2772),#65);
#2774=IFCLOCALPLACEMENT($,#2776);
#2775=IFCPRODUCTDEFINITIONSHAPE($,$,(#2777));
#2776=IFCAXIS2PLACEMENT3D(#331,#2778,#2779);
#2777=IFCSHAPEREPRESENTATION(#9,'Body','SweptSolid',(#2780));
#2778=IFCDIRECTION((-7.4322628E-001,-1.3513205E-002,6.6890365E-001));
#2779=IFCDIRECTION((1.8178814E-002,-9.9983475E-001,0.0000000E+000));
#2780=IFCEXTRUDEDAREASOLID(#445,#14,#37,1.2333615E+000);
#2781=IFCMEMBER('1F4N7B30n3SuL$$POmo2gX',#62,'209',$,$,#2783,#2784,$);
#2782=IFCRELASSOCIATESMATERIAL('1z6ZzOgN90XeMaCnJY25QL',#3,$,$,(#2781),#65);
#2783=IFCLOCALPLACEMENT($,#2785);
#2784=IFCPRODUCTDEFINITIONSHAPE($,$,(#2786));
#2785=IFCAXIS2PLACEMENT3D(#2273,#2787,#2788);
#2786=IFCSHAPEREPRESENTATION(#9,'Body','SweptSolid',(#2789));
#2787=IFCDIRECTION((7.3075648E-001,-1.3787858E-002,6.8249898E-001));
#2788=IFCDIRECTION((1.8864567E-002,9.9982205E-001,0.0000000E+000));
#2789=IFCEXTRUDEDAREASOLID(#445,#14,#37,1.2087930E+000);
#2790=IFCMEMBER('1ARc5XMrP7tAhGVxEB3ebJ',#62,'210',$,$,#2792,#2793,$);
#2791=IFCRELASSOCIATESMATERIAL('0ylhkaNA91Ag0TUtAKGOat',#3,$,$,(#2790),#65);
#2792=IFCLOCALPLACEMENT($,#2794);
#2793=IFCPRODUCTDEFINITIONSHAPE($,$,(#2795));
#2794=IFCAXIS2PLACEMENT3D(#2311,#2796,#2797);
#2795=IFCSHAPEREPRESENTATION(#9,'Body','SweptSolid',(#2798));
#2796=IFCDIRECTION((-7.1750967E-001,-1.4068817E-002,6.9640645E-001));
#2797=IFCDIRECTION((1.9604075E-002,-9.9980782E-001,0.0000000E+000));
#2798=IFCEXTRUDEDAREASOLID(#445,#14,#37,1.1846530E+000);
#2799=IFCMEMBER('3dsGVX_ubCiAAsdECb59fE',#62,'211',$,$,#2801,#2802,$);
#2800=IFCRELASSOCIATESMATERIAL('3A9dDOa6HBl8FAgiHFv_$y',#3,$,$,(#2799),#65);
#2801=IFCLOCALPLACEMENT($,#2803);
#2802=IFCPRODUCTDEFINITIONSHAPE($,$,(#2804));
#2803=IFCAXIS2PLACEMENT3D(#506,#2805,#2806);
#2804=IFCSHAPEREPRESENTATION(#9,'Body','SweptSolid',(#2807));
#2805=IFCDIRECTION((7.0343585E-001,-1.4355834E-002,7.1061376E-001));
#2806=IFCDIRECTION((2.0403915E-002,9.9979182E-001,0.0000000E+000));
#2807=IFCEXTRUDEDAREASOLID(#445,#14,#37,1.1609682E+000);
#2808=IFCMEMBER('2Fu9ZQPKH7WQOpPIjlsfZb',#62,'214',$,$,#2810,#2811,$);
#2809=IFCRELASSOCIATESMATERIAL('1ynJJHmGHBbxMS6ZXK3m_0',#3,$,$,(#2808),#65);
#2810=IFCLOCALPLACEMENT($,#2812);
#2811=IFCPRODUCTDEFINITIONSHAPE($,$,(#2813));
#2812=IFCAXIS2PLACEMENT3D(#1800,#2814,#2815);
#2813=IFCSHAPEREPRESENTATION(#9,'Body','SweptSolid',(#2816));
#2814=IFCDIRECTION((1.0347150E-002,-8.5881346E-001,5.1218393E-001));
#2815=IFCDIRECTION((9.9992743E-001,1.2047318E-002,0.0000000E+000));
#2816=IFCEXTRUDEDAREASOLID(#445,#14,#37,1.6107495E+000);
#2817=IFCMEMBER('1tITh1$uL01Bxkw4jAV0U9',#62,'215',$,$,#2819,#2820,$);
#2818=IFCRELASSOCIATESMATERIAL('20TCm5M$L068HKOsNf3Bjn',#3,$,$,(#2817),#65);
#2819=IFCLOCALPLACEMENT($,#2821);
#2820=IFCPRODUCTDEFINITIONSHAPE($,$,(#2822));
#2821=IFCAXIS2PLACEMENT3D(#1809,#2823,#2824);
#2822=IFCSHAPEREPRESENTATION(#9,'Body','SweptSolid',(#2825));
#2823=IFCDIRECTION((1.0533759E-002,8.5323449E-001,5.2142108E-001));
#2824=IFCDIRECTION((-9.9992380E-001,1.2344738E-002,0.0000000E+000));
#2825=IFCEXTRUDEDAREASOLID(#445,#14,#37,1.5822145E+000);
#2826=IFCMEMBER('1QhwtLuRTDX8iFOaznn7MU',#62,'216',$,$,#2828,#2829,$);
#2827=IFCRELASSOCIATESMATERIAL('1LKCBm68X5PPTM2pNmkFN6',#3,$,$,(#2826),#65);
#2828=IFCLOCALPLACEMENT($,#2830);
#2829=IFCPRODUCTDEFINITIONSHAPE($,$,(#2831));
#2830=IFCAXIS2PLACEMENT3D(#1865,#2832,#2815);
#2831=IFCSHAPEREPRESENTATION(#9,'Body','SweptSolid',(#2833));
#2832=IFCDIRECTION((1.0725904E-002,-8.4734640E-001,5.3093224E-001));
#2833=IFCEXTRUDEDAREASOLID(#445,#14,#37,1.5538706E+000);
#2834=IFCMEMBER('3VtMUNLUL4ifF15hZXyRm0',#62,'217',$,$,#2836,#2837,$);
#2835=IFCRELASSOCIATESMATERIAL('1eQNFZMcH9WxpHdEe5oKjI',#3,$,$,(#2834),#65);
#2836=IFCLOCALPLACEMENT($,#2838);
#2837=IFCPRODUCTDEFINITIONSHAPE($,$,(#2839));
#2838=IFCAXIS2PLACEMENT3D(#1873,#2840,#2824);
#2839=IFCSHAPEREPRESENTATION(#9,'Body','SweptSolid',(#2841));
#2840=IFCDIRECTION((1.0923744E-002,8.4112829E-001,5.4072533E-001));
#2841=IFCEXTRUDEDAREASOLID(#445,#14,#37,1.5257284E+000);
#2842=IFCMEMBER('2QRjbjOMHCCREGrxZ9o4eU',#62,'218',$,$,#2844,#2845,$);
#2843=IFCRELASSOCIATESMATERIAL('1X4CY7rFr8Mu17DbSk7nUo',#3,$,$,(#2842),#65);
#2844=IFCLOCALPLACEMENT($,#2846);
#2845=IFCPRODUCTDEFINITIONSHAPE($,$,(#2847));
#2846=IFCAXIS2PLACEMENT3D(#1929,#2848,#2849);
#2847=IFCSHAPEREPRESENTATION(#9,'Body','SweptSolid',(#2850));
#2848=IFCDIRECTION((1.1127436E-002,-8.3455773E-001,5.5080810E-001));
#2849=IFCDIRECTION((9.9991112E-001,1.3332148E-002,0.0000000E+000));
#2850=IFCEXTRUDEDAREASOLID(#445,#14,#37,1.4977993E+000);
#2851=IFCMEMBER('0$$OsxFxL1iwUefonZJ1$G',#62,'219',$,$,#2853,#2854,$);
#2852=IFCRELASSOCIATESMATERIAL('3ncwoVOt5ByxJ8N6a1rim7',#3,$,$,(#2851),#65);
#2853=IFCLOCALPLACEMENT($,#2855);
#2854=IFCPRODUCTDEFINITIONSHAPE($,$,(#2856));
#2855=IFCAXIS2PLACEMENT3D(#1937,#2857,#2858);
#2856=IFCSHAPEREPRESENTATION(#9,'Body','SweptSolid',(#2859));
#2857=IFCDIRECTION((1.1337133E-002,8.2761068E-001,5.6118806E-001));
#2858=IFCDIRECTION((-9.9990619E-001,1.3697345E-002,0.0000000E+000));
#2859=IFCEXTRUDEDAREASOLID(#445,#14,#37,1.4700954E+000);
#2860=IFCMEMBER('0TEwcXY9b0POEY2bxE2yJw',#62,'220',$,$,#2862,#2863,$);
#2861=IFCRELASSOCIATESMATERIAL('0e_u0Y2oD0UwrY7bkrGYNC',#3,$,$,(#2860),#65);
#2862=IFCLOCALPLACEMENT($,#2864);
#2863=IFCPRODUCTDEFINITIONSHAPE($,$,(#2865));
#2864=IFCAXIS2PLACEMENT3D(#1993,#2866,#2849);
#2865=IFCSHAPEREPRESENTATION(#9,'Body','SweptSolid',(#2867));
#2866=IFCDIRECTION((1.1552976E-002,-8.2026129E-001,5.7187231E-001));
#2867=IFCEXTRUDEDAREASOLID(#445,#14,#37,1.4426297E+000);
#2868=IFCMEMBER('2Wa28s6pDDSQ6KUIb7vyUO',#62,'221',$,$,#2870,#2871,$);
#2869=IFCRELASSOCIATESMATERIAL('0Kguo5AeD0CuUdJd2EK6NW',#3,$,$,(#2868),#65);
#2870=IFCLOCALPLACEMENT($,#2872);
#2871=IFCPRODUCTDEFINITIONSHAPE($,$,(#2873));
#2872=IFCAXIS2PLACEMENT3D(#2001,#2874,#2858);
#2873=IFCSHAPEREPRESENTATION(#9,'Body','SweptSolid',(#2875));
#2874=IFCDIRECTION((1.1775100E-002,8.1248192E-001,5.8286746E-001));
#2875=IFCEXTRUDEDAREASOLID(#445,#14,#37,1.4154161E+000);
#2876=IFCMEMBER('01NCqdaVn4J9fh0nPMOj0D',#62,'222',$,$,#2878,#2879,$);
#2877=IFCRELASSOCIATESMATERIAL('0bDiXFpyP5$RTJMV6XsyMJ',#3,$,$,(#2876),#65);
#2878=IFCLOCALPLACEMENT($,#2880);
#2879=IFCPRODUCTDEFINITIONSHAPE($,$,(#2881));
#2880=IFCAXIS2PLACEMENT3D(#1633,#2882,#2883);
#2881=IFCSHAPEREPRESENTATION(#9,'Body','SweptSolid',(#2884));
#2882=IFCDIRECTION((1.2003626E-002,-8.0424292E-001,5.9417947E-001));
#2883=IFCDIRECTION((9.9988864E-001,1.4923711E-002,0.0000000E+000));
#2884=IFCEXTRUDEDAREASOLID(#445,#14,#37,1.3884694E+000);
#2885=IFCMEMBER('3LiKRPDID9yPsyQnMi474h',#62,'223',$,$,#2887,#2888,$);
#2886=IFCRELASSOCIATESMATERIAL('2JKvQsU8P07e3M1BCuwM0P',#3,$,$,(#2885),#65);
#2887=IFCLOCALPLACEMENT($,#2889);
#2888=IFCPRODUCTDEFINITIONSHAPE($,$,(#2890));
#2889=IFCAXIS2PLACEMENT3D(#2061,#2891,#2892);
#2890=IFCSHAPEREPRESENTATION(#9,'Body','SweptSolid',(#2893));
#2891=IFCDIRECTION((1.2238655E-002,7.9551260E-001,6.0581344E-001));
#2892=IFCDIRECTION((-9.9988168E-001,1.5382795E-002,0.0000000E+000));
#2893=IFCEXTRUDEDAREASOLID(#445,#14,#37,1.3618054E+000);
#2894=IFCMEMBER('2qB8BOy6f91ObdtPOifUI0',#62,'224',$,$,#2896,#2897,$);
#2895=IFCRELASSOCIATESMATERIAL('3IfCq3HWvE78qTJ8T_Z4sS',#3,$,$,(#2894),#65);
#2896=IFCLOCALPLACEMENT($,#2898);
#2897=IFCPRODUCTDEFINITIONSHAPE($,$,(#2899));
#2898=IFCAXIS2PLACEMENT3D(#2117,#2900,#2883);
#2899=IFCSHAPEREPRESENTATION(#9,'Body','SweptSolid',(#2901));
#2900=IFCDIRECTION((1.2480271E-002,-7.8625710E-001,6.1777343E-001));
#2901=IFCEXTRUDEDAREASOLID(#445,#14,#37,1.3354410E+000);
#2902=IFCMEMBER('3q87zwo$PBSR2JNaCevooL',#62,'225',$,$,#2904,#2905,$);
#2903=IFCRELASSOCIATESMATERIAL('1ccXiUdRz48vbpNw_zJzEH',#3,$,$,(#2902),#65);
#2904=IFCLOCALPLACEMENT($,#2906);
#2905=IFCPRODUCTDEFINITIONSHAPE($,$,(#2907));
#2906=IFCAXIS2PLACEMENT3D(#2125,#2908,#2909);
#2907=IFCSHAPEREPRESENTATION(#9,'Body','SweptSolid',(#2910));
#2908=IFCDIRECTION((1.2728530E-002,7.7644032E-001,6.3006223E-001));
#2909=IFCDIRECTION((-9.9986565E-001,1.6391240E-002,0.0000000E+000));
#2910=IFCEXTRUDEDAREASOLID(#445,#14,#37,1.3093945E+000);
#2911=IFCMEMBER('1hgnnZk81EFPBTUwkx_j7J',#62,'226',$,$,#2913,#2914,$);
#2912=IFCRELASSOCIATESMATERIAL('0j5Dii0PzFhPqQJRyML6Lb',#3,$,$,(#2911),#65);
#2913=IFCLOCALPLACEMENT($,#2915);
#2914=IFCPRODUCTDEFINITIONSHAPE($,$,(#2916));
#2915=IFCAXIS2PLACEMENT3D(#2181,#2917,#2918);
#2916=IFCSHAPEREPRESENTATION(#9,'Body','SweptSolid',(#2919));
#2917=IFCDIRECTION((1.2983455E-002,-7.6602385E-001,6.4268102E-001));
#2918=IFCDIRECTION((9.9985639E-001,1.6946719E-002,0.0000000E+000));
#2919=IFCEXTRUDEDAREASOLID(#445,#14,#37,1.2836850E+000);
#2920=IFCMEMBER('3w7hrXLhv3g985rM14qqFi',#62,'227',$,$,#2922,#2923,$);
#2921=IFCRELASSOCIATESMATERIAL('0fzkE5Yrb3quDsCjm0J$zx',#3,$,$,(#2920),#65);
#2922=IFCLOCALPLACEMENT($,#2924);
#2923=IFCPRODUCTDEFINITIONSHAPE($,$,(#2925));
#2924=IFCAXIS2PLACEMENT3D(#2189,#2926,#2927);
#2925=IFCSHAPEREPRESENTATION(#9,'Body','SweptSolid',(#2928));
#2926=IFCDIRECTION((1.3245033E-002,7.5496689E-001,6.5562914E-001));
#2927=IFCDIRECTION((-9.9984614E-001,1.7541160E-002,0.0000000E+000));
#2928=IFCEXTRUDEDAREASOLID(#445,#14,#37,1.2583333E+000);
#2929=IFCMEMBER('11c13GpwfC2PTXpLMDkihp',#62,'228',$,$,#2931,#2932,$);
#2930=IFCRELASSOCIATESMATERIAL('23uTWdL8HBI9vl9NrIcF_5',#3,$,$,(#2929),#65);
#2931=IFCLOCALPLACEMENT($,#2933);
#2932=IFCPRODUCTDEFINITIONSHAPE($,$,(#2934));
#2933=IFCAXIS2PLACEMENT3D(#304,#2935,#2936);
#2934=IFCSHAPEREPRESENTATION(#9,'Body','SweptSolid',(#2937));
#2935=IFCDIRECTION((1.3513205E-002,-7.4322628E-001,6.6890365E-001));
#2936=IFCDIRECTION((9.9983475E-001,1.8178814E-002,0.0000000E+000));
#2937=IFCEXTRUDEDAREASOLID(#445,#14,#37,1.2333615E+000);
#2938=IFCMEMBER('21sayYHRf0LxtNPwYoQhpT',#62,'229',$,$,#2940,#2941,$);
#2939=IFCRELASSOCIATESMATERIAL('0rOqNTFoL6SuminKOQFYzG',#3,$,$,(#2938),#65);
#2940=IFCLOCALPLACEMENT($,#2942);
#2941=IFCPRODUCTDEFINITIONSHAPE($,$,(#2943));
#2942=IFCAXIS2PLACEMENT3D(#2249,#2944,#2945);
#2943=IFCSHAPEREPRESENTATION(#9,'Body','SweptSolid',(#2946));
#2944=IFCDIRECTION((1.3787858E-002,7.3075648E-001,6.8249898E-001));
#2945=IFCDIRECTION((-9.9982205E-001,1.8864567E-002,0.0000000E+000));
#2946=IFCEXTRUDEDAREASOLID(#445,#14,#37,1.2087930E+000);
#2947=IFCMEMBER('06_s_fxv15XeIbkcoKJ_8u',#62,'230',$,$,#2949,#2950,$);
#2948=IFCRELASSOCIATESMATERIAL('339WEU3cfDZAJnoj5RiscL',#3,$,$,(#2947),#65);
#2949=IFCLOCALPLACEMENT($,#2951);
#2950=IFCPRODUCTDEFINITIONSHAPE($,$,(#2952));
#2951=IFCAXIS2PLACEMENT3D(#2326,#2953,#2954);
#2952=IFCSHAPEREPRESENTATION(#9,'Body','SweptSolid',(#2955));
#2953=IFCDIRECTION((1.4068817E-002,-7.1750967E-001,6.9640645E-001));
#2954=IFCDIRECTION((9.9980782E-001,1.9604075E-002,0.0000000E+000));
#2955=IFCEXTRUDEDAREASOLID(#445,#14,#37,1.1846530E+000);
#2956=IFCMEMBER('2JVGtPrE92DB3WCZBzFSIr',#62,'231',$,$,#2958,#2959,$);
#2957=IFCRELASSOCIATESMATERIAL('3mIuQRgqz68vdhCFDifdPE',#3,$,$,(#2956),#65);
#2958=IFCLOCALPLACEMENT($,#2960);
#2959=IFCPRODUCTDEFINITIONSHAPE($,$,(#2961));
#2960=IFCAXIS2PLACEMENT3D(#458,#2962,#2963);
#2961=IFCSHAPEREPRESENTATION(#9,'Body','SweptSolid',(#2964));
#2962=IFCDIRECTION((1.4355834E-002,7.0343585E-001,7.1061376E-001));
#2963=IFCDIRECTION((-9.9979182E-001,2.0403915E-002,0.0000000E+000));
#2964=IFCEXTRUDEDAREASOLID(#445,#14,#37,1.1609682E+000);
#2965=IFCMEMBER('0gEp8A8W11letAOFUy3PN7',#62,'234',$,$,#2967,#2968,$);
#2966=IFCRELASSOCIATESMATERIAL('0RNfe0ugj0MAcsmtIFXvQm',#3,$,$,(#2965),#65);
#2967=IFCLOCALPLACEMENT($,#2969);
#2968=IFCPRODUCTDEFINITIONSHAPE($,$,(#2970));
#2969=IFCAXIS2PLACEMENT3D(#466,#2971,#348);
#2970=IFCSHAPEREPRESENTATION(#9,'Body','SweptSolid',(#2972));
#2971=IFCDIRECTION((-3.4815531E-001,3.4815531E-001,8.7038828E-001));
#2972=IFCEXTRUDEDAREASOLID(#445,#14,#37,5.7445626E-001);
#2973=IFCMEMBER('3sx41z9n95ewLWfrBubGO4',#62,'235',$,$,#2975,#2976,$);
#2974=IFCRELASSOCIATESMATERIAL('0Rgyt3q59Dth6avkWCFV_0',#3,$,$,(#2973),#65);
#2975=IFCLOCALPLACEMENT($,#2977);
#2976=IFCPRODUCTDEFINITIONSHAPE($,$,(#2978));
#2977=IFCAXIS2PLACEMENT3D(#514,#2971,#348);
#2978=IFCSHAPEREPRESENTATION(#9,'Body','SweptSolid',(#2979));
#2979=IFCEXTRUDEDAREASOLID(#445,#14,#37,5.7445626E-001);
#2980=IFCMEMBER('24InJklGX71gVy8KopvQri',#62,'236',$,$,#2982,#2983,$);
#2981=IFCRELASSOCIATESMATERIAL('1Nj4raYxr9L9AIz2vYFxMz',#3,$,$,(#2980),#65);
#2982=IFCLOCALPLACEMENT($,#2984);
#2983=IFCPRODUCTDEFINITIONSHAPE($,$,(#2985));
#2984=IFCAXIS2PLACEMENT3D(#482,#2986,#339);
#2985=IFCSHAPEREPRESENTATION(#9,'Body','SweptSolid',(#2987));
#2986=IFCDIRECTION((-3.4815531E-001,-3.4815531E-001,8.7038828E-001));
#2987=IFCEXTRUDEDAREASOLID(#445,#14,#37,5.7445626E-001);
#2988=IFCMEMBER('27D$3ibiTAb95Kb8RuyrPY',#62,'237',$,$,#2990,#2991,$);
#2989=IFCRELASSOCIATESMATERIAL('182WxE3a134RPBcfksDWSw',#3,$,$,(#2988),#65);
#2990=IFCLOCALPLACEMENT($,#2992);
#2991=IFCPRODUCTDEFINITIONSHAPE($,$,(#2993));
#2992=IFCAXIS2PLACEMENT3D(#538,#2986,#339);
#2993=IFCSHAPEREPRESENTATION(#9,'Body','SweptSolid',(#2994));
#2994=IFCEXTRUDEDAREASOLID(#445,#14,#37,5.7445626E-001);
#2995=IFCMEMBER('26qBximWjEz8pbIERfcp2Y',#62,'238',$,$,#2997,#2998,$);
#2996=IFCRELASSOCIATESMATERIAL('2Xqx8glvD5aOV5nZI2KkWi',#3,$,$,(#2995),#65);
#2997=IFCLOCALPLACEMENT($,#2999);
#2998=IFCPRODUCTDEFINITIONSHAPE($,$,(#3000));
#2999=IFCAXIS2PLACEMENT3D(#498,#3001,#340);
#3000=IFCSHAPEREPRESENTATION(#9,'Body','SweptSolid',(#3002));
#3001=IFCDIRECTION((3.4815531E-001,-3.4815531E-001,8.7038828E-001));
#3002=IFCEXTRUDEDAREASOLID(#445,#14,#37,5.7445626E-001);
#3003=IFCMEMBER('1D_ZArgUv5WfEre8idmbyB',#62,'239',$,$,#3005,#3006,$);
#3004=IFCRELASSOCIATESMATERIAL('1bLtge2Lj29vqOF9rKZE4X',#3,$,$,(#3003),#65);
#3005=IFCLOCALPLACEMENT($,#3007);
#3006=IFCPRODUCTDEFINITIONSHAPE($,$,(#3008));
#3007=IFCAXIS2PLACEMENT3D(#530,#3001,#340);
#3008=IFCSHAPEREPRESENTATION(#9,'Body','SweptSolid',(#3009));
#3009=IFCEXTRUDEDAREASOLID(#445,#14,#37,5.7445626E-001);
#3010=IFCMEMBER('3XFb$EGt9DIg$La3i$JgRL',#62,'240',$,$,#3012,#3013,$);
#3011=IFCRELASSOCIATESMATERIAL('12dDy7G0XBkfz0NOBuiBB1',#3,$,$,(#3010),#65);
#3012=IFCLOCALPLACEMENT($,#3014);
#3013=IFCPRODUCTDEFINITIONSHAPE($,$,(#3015));
#3014=IFCAXIS2PLACEMENT3D(#450,#3016,#1169);
#3015=IFCSHAPEREPRESENTATION(#9,'Body','SweptSolid',(#3017));
#3016=IFCDIRECTION((3.4815531E-001,3.4815531E-001,8.7038828E-001));
#3017=IFCEXTRUDEDAREASOLID(#445,#14,#37,5.7445626E-001);
#3018=IFCMEMBER('3eUmBSNGP0kg_NbymfQPfB',#62,'241',$,$,#3020,#3021,$);
#3019=IFCRELASSOCIATESMATERIAL('1IdeG_j3j5pgN2wKU0v81l',#3,$,$,(#3018),#65);
#3020=IFCLOCALPLACEMENT($,#3022);
#3021=IFCPRODUCTDEFINITIONSHAPE($,$,(#3023));
#3022=IFCAXIS2PLACEMENT3D(#522,#3016,#1169);
#3023=IFCSHAPEREPRESENTATION(#9,'Body','SweptSolid',(#3024));
#3024=IFCEXTRUDEDAREASOLID(#445,#14,#37,5.7445626E-001);
#3025=IFCMEMBER('08agXZQVr1Egt9EtGtUVXT',#62,'242',$,$,#3027,#3028,$);
#3026=IFCRELASSOCIATESMATERIAL('1$wHGBlFnAzxWmUEwzJfG0',#3,$,$,(#3025),#65);
#3027=IFCLOCALPLACEMENT($,#3029);
#3028=IFCPRODUCTDEFINITIONSHAPE($,$,(#3030));
#3029=IFCAXIS2PLACEMENT3D(#450,#3031,#3032);
#3030=IFCSHAPEREPRESENTATION(#9,'Body','SweptSolid',(#3033));
#3031=IFCDIRECTION((7.4420841E-001,2.4806947E-001,6.2017367E-001));
#3032=IFCDIRECTION((-3.1622777E-001,9.4868330E-001,0.0000000E+000));
#3033=IFCEXTRUDEDAREASOLID(#445,#14,#37,8.0622577E-001);
#3034=IFCMEMBER('17CWlnDLLFswDpmhCGHBT7',#62,'244',$,$,#3036,#3037,$);
#3035=IFCRELASSOCIATESMATERIAL('2sLilr7N5CQA72vTO4SiVq',#3,$,$,(#3034),#65);
#3036=IFCLOCALPLACEMENT($,#3038);
#3037=IFCPRODUCTDEFINITIONSHAPE($,$,(#3039));
#3038=IFCAXIS2PLACEMENT3D(#498,#3040,#3041);
#3039=IFCSHAPEREPRESENTATION(#9,'Body','SweptSolid',(#3042));
#3040=IFCDIRECTION((2.4806947E-001,-7.4420841E-001,6.2017367E-001));
#3041=IFCDIRECTION((9.4868330E-001,3.1622777E-001,0.0000000E+000));
#3042=IFCEXTRUDEDAREASOLID(#445,#14,#37,8.0622577E-001);
#3043=IFCMEMBER('2lAPa$JS1A1v2U6zsEhbIi',#62,'246',$,$,#3045,#3046,$);
#3044=IFCRELASSOCIATESMATERIAL('3UpD5Ty4X2QgWLMSAl4T2M',#3,$,$,(#3043),#65);
#3045=IFCLOCALPLACEMENT($,#3047);
#3046=IFCPRODUCTDEFINITIONSHAPE($,$,(#3048));
#3047=IFCAXIS2PLACEMENT3D(#482,#3049,#3050);
#3048=IFCSHAPEREPRESENTATION(#9,'Body','SweptSolid',(#3051));
#3049=IFCDIRECTION((-7.4420841E-001,-2.4806947E-001,6.2017367E-001));
#3050=IFCDIRECTION((3.1622777E-001,-9.4868330E-001,0.0000000E+000));
#3051=IFCEXTRUDEDAREASOLID(#445,#14,#37,8.0622577E-001);
#3052=IFCMEMBER('3mvC9tD_HA3RzzywYiYLP3',#62,'248',$,$,#3054,#3055,$);
#3053=IFCRELASSOCIATESMATERIAL('3TRNmp93HFFxDU6Zz08Zas',#3,$,$,(#3052),#65);
#3054=IFCLOCALPLACEMENT($,#3056);
#3055=IFCPRODUCTDEFINITIONSHAPE($,$,(#3057));
#3056=IFCAXIS2PLACEMENT3D(#466,#3058,#3059);
#3057=IFCSHAPEREPRESENTATION(#9,'Body','SweptSolid',(#3060));
#3058=IFCDIRECTION((-2.4806947E-001,7.4420841E-001,6.2017367E-001));
#3059=IFCDIRECTION((-9.4868330E-001,-3.1622777E-001,0.0000000E+000));
#3060=IFCEXTRUDEDAREASOLID(#445,#14,#37,8.0622577E-001);
#3061=IFCMEMBER('21hqKaw2bFBAu0fgDICSKI',#62,'250',$,$,#3063,#3064,$);
#3062=IFCRELASSOCIATESMATERIAL('3To7Pov716GA3i3pyfImU6',#3,$,$,(#3061),#65);
#3063=IFCLOCALPLACEMENT($,#3065);
#3064=IFCPRODUCTDEFINITIONSHAPE($,$,(#3066));
#3065=IFCAXIS2PLACEMENT3D(#3067,#1774,#1169);
#3066=IFCSHAPEREPRESENTATION(#9,'Body','SweptSolid',(#3068));
#3067=IFCCARTESIANPOINT((1.0000000E+001,0.0000000E+000,0.0000000E+000));
#3068=IFCEXTRUDEDAREASOLID(#1768,#14,#37,8.2533663E-001);
#3069=IFCMEMBER('1hQtQ4dlj76eARqdGjAqye',#62,'251',$,$,#3071,#3072,$);
#3070=IFCRELASSOCIATESMATERIAL('22dj1AlQLCf9Vf6rwQUD5N',#3,$,$,(#3069),#65);
#3071=IFCLOCALPLACEMENT($,#3073);
#3072=IFCPRODUCTDEFINITIONSHAPE($,$,(#3074));
#3073=IFCAXIS2PLACEMENT3D(#3075,#1783,#348);
#3074=IFCSHAPEREPRESENTATION(#9,'Body','SweptSolid',(#3076));
#3075=IFCCARTESIANPOINT((1.1400000E+001,0.0000000E+000,0.0000000E+000));
#3076=IFCEXTRUDEDAREASOLID(#1768,#14,#37,8.2533663E-001);
#3077=IFCMEMBER('3I0GJAwP57DOXBwpPbqFdd',#62,'252',$,$,#3079,#3080,$);
#3078=IFCRELASSOCIATESMATERIAL('1I3ndQhgHAQfjKEPUdlLtj',#3,$,$,(#3077),#65);
#3079=IFCLOCALPLACEMENT($,#3081);
#3080=IFCPRODUCTDEFINITIONSHAPE($,$,(#3082));
#3081=IFCAXIS2PLACEMENT3D(#3083,#1792,#339);
#3082=IFCSHAPEREPRESENTATION(#9,'Body','SweptSolid',(#3084));
#3083=IFCCARTESIANPOINT((1.1400000E+001,1.4000000E+000,0.0000000E+000));
#3084=IFCEXTRUDEDAREASOLID(#1768,#14,#37,8.2533663E-001);
#3085=IFCMEMBER('236pESDZnFmw_bAljXfbTX',#62,'253',$,$,#3087,#3088,$);
#3086=IFCRELASSOCIATESMATERIAL('1FrPvmRmv2$uc1cd_p9BxF',#3,$,$,(#3085),#65);
#3087=IFCLOCALPLACEMENT($,#3089);
#3088=IFCPRODUCTDEFINITIONSHAPE($,$,(#3090));
#3089=IFCAXIS2PLACEMENT3D(#3091,#1801,#340);
#3090=IFCSHAPEREPRESENTATION(#9,'Body','SweptSolid',(#3092));
#3091=IFCCARTESIANPOINT((1.0000000E+001,1.4000000E+000,0.0000000E+000));
#3092=IFCEXTRUDEDAREASOLID(#1768,#14,#37,8.2533663E-001);
#3093=IFCMEMBER('23I_nVi$11DusuyvbM89i3',#62,'254',$,$,#3095,#3096,$);
#3094=IFCRELASSOCIATESMATERIAL('0g1WMUu0D9EeDwnN3lLmlb',#3,$,$,(#3093),#65);
#3095=IFCLOCALPLACEMENT($,#3097);
#3096=IFCPRODUCTDEFINITIONSHAPE($,$,(#3098));
#3097=IFCAXIS2PLACEMENT3D(#3099,#1774,#1169);
#3098=IFCSHAPEREPRESENTATION(#9,'Body','SweptSolid',(#3100));
#3099=IFCCARTESIANPOINT((1.0016667E+001,1.6666667E-002,8.2500000E-001));
#3100=IFCEXTRUDEDAREASOLID(#1768,#14,#37,8.2533663E-001);
#3101=IFCMEMBER('2PqchUWjz6o8QLmIhhokB9',#62,'255',$,$,#3103,#3104,$);
#3102=IFCRELASSOCIATESMATERIAL('1X9e0C2ov3jxLPCRpuS57w',#3,$,$,(#3101),#65);
#3103=IFCLOCALPLACEMENT($,#3105);
#3104=IFCPRODUCTDEFINITIONSHAPE($,$,(#3106));
#3105=IFCAXIS2PLACEMENT3D(#3107,#1783,#348);
#3106=IFCSHAPEREPRESENTATION(#9,'Body','SweptSolid',(#3108));
#3107=IFCCARTESIANPOINT((1.1383333E+001,1.6666667E-002,8.2500000E-001));
#3108=IFCEXTRUDEDAREASOLID(#1768,#14,#37,8.2533663E-001);
#3109=IFCMEMBER('29S8lWysnFsvoLWLcI$ln_',#62,'256',$,$,#3111,#3112,$);
#3110=IFCRELASSOCIATESMATERIAL('2iczUqXK57tx1bx0GwUuyP',#3,$,$,(#3109),#65);
#3111=IFCLOCALPLACEMENT($,#3113);
#3112=IFCPRODUCTDEFINITIONSHAPE($,$,(#3114));
#3113=IFCAXIS2PLACEMENT3D(#3115,#1792,#339);
#3114=IFCSHAPEREPRESENTATION(#9,'Body','SweptSolid',(#3116));
#3115=IFCCARTESIANPOINT((1.1383333E+001,1.3833333E+000,8.2500000E-001));
#3116=IFCEXTRUDEDAREASOLID(#1768,#14,#37,8.2533663E-001);
#3117=IFCMEMBER('2cWpoR_1j5vf5yFVU02Glk',#62,'257',$,$,#3119,#3120,$);
#3118=IFCRELASSOCIATESMATERIAL('17ue8ddn96bhfDjPS_OGS3',#3,$,$,(#3117),#65);
#3119=IFCLOCALPLACEMENT($,#3121);
#3120=IFCPRODUCTDEFINITIONSHAPE($,$,(#3122));
#3121=IFCAXIS2PLACEMENT3D(#3123,#1801,#340);
#3122=IFCSHAPEREPRESENTATION(#9,'Body','SweptSolid',(#3124));
#3123=IFCCARTESIANPOINT((1.0016667E+001,1.3833333E+000,8.2500000E-001));
#3124=IFCEXTRUDEDAREASOLID(#1768,#14,#37,8.2533663E-001);
#3125=IFCMEMBER('0PxKrH$wTDVPwxkAt1HPDN',#62,'258',$,$,#3127,#3128,$);
#3126=IFCRELASSOCIATESMATERIAL('14OwA71LHFJes$9QhO9IPd',#3,$,$,(#3125),#65);
#3127=IFCLOCALPLACEMENT($,#3129);
#3128=IFCPRODUCTDEFINITIONSHAPE($,$,(#3130));
#3129=IFCAXIS2PLACEMENT3D(#3131,#1774,#1169);
#3130=IFCSHAPEREPRESENTATION(#9,'Body','SweptSolid',(#3132));
#3131=IFCCARTESIANPOINT((1.0033333E+001,3.3333333E-002,1.6500000E+000));
#3132=IFCEXTRUDEDAREASOLID(#1768,#14,#37,8.2533663E-001);
#3133=IFCMEMBER('2_khHlb2b1yvRjbbIY$vFu',#62,'259',$,$,#3135,#3136,$);
#3134=IFCRELASSOCIATESMATERIAL('32Rg4mCBDAMOBsz6oZbJ2z',#3,$,$,(#3133),#65);
#3135=IFCLOCALPLACEMENT($,#3137);
#3136=IFCPRODUCTDEFINITIONSHAPE($,$,(#3138));
#3137=IFCAXIS2PLACEMENT3D(#3139,#1783,#348);
#3138=IFCSHAPEREPRESENTATION(#9,'Body','SweptSolid',(#3140));
#3139=IFCCARTESIANPOINT((1.1366667E+001,3.3333333E-002,1.6500000E+000));
#3140=IFCEXTRUDEDAREASOLID(#1768,#14,#37,8.2533663E-001);
#3141=IFCMEMBER('3tw0DkCHn93fh_1yK5wIYD',#62,'260',$,$,#3143,#3144,$);
#3142=IFCRELASSOCIATESMATERIAL('0VM2qCpobEYRShiuUZ3q7i',#3,$,$,(#3141),#65);
#3143=IFCLOCALPLACEMENT($,#3145);
#3144=IFCPRODUCTDEFINITIONSHAPE($,$,(#3146));
#3145=IFCAXIS2PLACEMENT3D(#3147,#1792,#339);
#3146=IFCSHAPEREPRESENTATION(#9,'Body','SweptSolid',(#3148));
#3147=IFCCARTESIANPOINT((1.1366667E+001,1.3666667E+000,1.6500000E+000));
#3148=IFCEXTRUDEDAREASOLID(#1768,#14,#37,8.2533663E-001);
#3149=IFCMEMBER('1AjquESLzAWx28dCzcvWLt',#62,'261',$,$,#3151,#3152,$);
#3150=IFCRELASSOCIATESMATERIAL('2xv3zL8wf8fw2TvOReXcxq',#3,$,$,(#3149),#65);
#3151=IFCLOCALPLACEMENT($,#3153);
#3152=IFCPRODUCTDEFINITIONSHAPE($,$,(#3154));
#3153=IFCAXIS2PLACEMENT3D(#3155,#1801,#340);
#3154=IFCSHAPEREPRESENTATION(#9,'Body','SweptSolid',(#3156));
#3155=IFCCARTESIANPOINT((1.0033333E+001,1.3666667E+000,1.6500000E+000));
#3156=IFCEXTRUDEDAREASOLID(#1768,#14,#37,8.2533663E-001);
#3157=IFCMEMBER('0v2yY1x1z4AebfV7U7ixxZ',#62,'262',$,$,#3159,#3160,$);
#3158=IFCRELASSOCIATESMATERIAL('3cfHG02OzAveYrpU81BMZq',#3,$,$,(#3157),#65);
#3159=IFCLOCALPLACEMENT($,#3161);
#3160=IFCPRODUCTDEFINITIONSHAPE($,$,(#3162));
#3161=IFCAXIS2PLACEMENT3D(#3163,#1774,#1169);
#3162=IFCSHAPEREPRESENTATION(#9,'Body','SweptSolid',(#3164));
#3163=IFCCARTESIANPOINT((1.0050000E+001,5.0000000E-002,2.4750000E+000));
#3164=IFCEXTRUDEDAREASOLID(#1768,#14,#37,8.2533663E-001);
#3165=IFCMEMBER('19K1AqJRX5RAAIMxqpOyV2',#62,'263',$,$,#3167,#3168,$);
#3166=IFCRELASSOCIATESMATERIAL('0UUosTtib6NwCzEjQaYFqE',#3,$,$,(#3165),#65);
#3167=IFCLOCALPLACEMENT($,#3169);
#3168=IFCPRODUCTDEFINITIONSHAPE($,$,(#3170));
#3169=IFCAXIS2PLACEMENT3D(#3171,#1783,#348);
#3170=IFCSHAPEREPRESENTATION(#9,'Body','SweptSolid',(#3172));
#3171=IFCCARTESIANPOINT((1.1350000E+001,5.0000000E-002,2.4750000E+000));
#3172=IFCEXTRUDEDAREASOLID(#1768,#14,#37,8.2533663E-001);
#3173=IFCMEMBER('3CG3zEuB14lgJZ4e5YEA7s',#62,'264',$,$,#3175,#3176,$);
#3174=IFCRELASSOCIATESMATERIAL('04cTuWi0PEKQLft3w$zWDp',#3,$,$,(#3173),#65);
#3175=IFCLOCALPLACEMENT($,#3177);
#3176=IFCPRODUCTDEFINITIONSHAPE($,$,(#3178));
#3177=IFCAXIS2PLACEMENT3D(#3179,#1792,#339);
#3178=IFCSHAPEREPRESENTATION(#9,'Body','SweptSolid',(#3180));
#3179=IFCCARTESIANPOINT((1.1350000E+001,1.3500000E+000,2.4750000E+000));
#3180=IFCEXTRUDEDAREASOLID(#1768,#14,#37,8.2533663E-001);
#3181=IFCMEMBER('2R6bfhxb1EwAHsZXIAjeEc',#62,'265',$,$,#3183,#3184,$);
#3182=IFCRELASSOCIATESMATERIAL('27RxtEbc11dOqY4Frg0Mrs',#3,$,$,(#3181),#65);
#3183=IFCLOCALPLACEMENT($,#3185);
#3184=IFCPRODUCTDEFINITIONSHAPE($,$,(#3186));
#3185=IFCAXIS2PLACEMENT3D(#3187,#1801,#340);
#3186=IFCSHAPEREPRESENTATION(#9,'Body','SweptSolid',(#3188));
#3187=IFCCARTESIANPOINT((1.0050000E+001,1.3500000E+000,2.4750000E+000));
#3188=IFCEXTRUDEDAREASOLID(#1768,#14,#37,8.2533663E-001);
#3189=IFCMEMBER('2pdbw06FH9BPeMJmo_qY3r',#62,'266',$,$,#3191,#3192,$);
#3190=IFCRELASSOCIATESMATERIAL('3xQ9d8nfnAOes0Y5TfYvne',#3,$,$,(#3189),#65);
#3191=IFCLOCALPLACEMENT($,#3193);
#3192=IFCPRODUCTDEFINITIONSHAPE($,$,(#3194));
#3193=IFCAXIS2PLACEMENT3D(#3195,#1774,#1169);
#3194=IFCSHAPEREPRESENTATION(#9,'Body','SweptSolid',(#3196));
#3195=IFCCARTESIANPOINT((1.0066667E+001,6.6666667E-002,3.3000000E+000));
#3196=IFCEXTRUDEDAREASOLID(#1768,#14,#37,8.2533663E-001);
#3197=IFCMEMBER('3_kYZduGzFmect8GcZiIfp',#62,'267',$,$,#3199,#3200,$);
#3198=IFCRELASSOCIATESMATERIAL('2iRNLnsm9BgBUYKE2BuOU_',#3,$,$,(#3197),#65);
#3199=IFCLOCALPLACEMENT($,#3201);
#3200=IFCPRODUCTDEFINITIONSHAPE($,$,(#3202));
#3201=IFCAXIS2PLACEMENT3D(#3203,#1783,#348);
#3202=IFCSHAPEREPRESENTATION(#9,'Body','SweptSolid',(#3204));
#3203=IFCCARTESIANPOINT((1.1333333E+001,6.6666667E-002,3.3000000E+000));
#3204=IFCEXTRUDEDAREASOLID(#1768,#14,#37,8.2533663E-001);
#3205=IFCMEMBER('0UOrJNOdT6W8PWYFZzHL6U',#62,'268',$,$,#3207,#3208,$);
#3206=IFCRELASSOCIATESMATERIAL('2JM0BRzVTDh9tYZ4PwAV$P',#3,$,$,(#3205),#65);
#3207=IFCLOCALPLACEMENT($,#3209);
#3208=IFCPRODUCTDEFINITIONSHAPE($,$,(#3210));
#3209=IFCAXIS2PLACEMENT3D(#3211,#1792,#339);
#3210=IFCSHAPEREPRESENTATION(#9,'Body','SweptSolid',(#3212));
#3211=IFCCARTESIANPOINT((1.1333333E+001,1.3333333E+000,3.3000000E+000));
#3212=IFCEXTRUDEDAREASOLID(#1768,#14,#37,8.2533663E-001);
#3213=IFCMEMBER('3AEIYZzAT5DvVqW3j0MzVQ',#62,'269',$,$,#3215,#3216,$);
#3214=IFCRELASSOCIATESMATERIAL('0dvkKtXBDAN94sMk3VfHPl',#3,$,$,(#3213),#65);
#3215=IFCLOCALPLACEMENT($,#3217);
#3216=IFCPRODUCTDEFINITIONSHAPE($,$,(#3218));
#3217=IFCAXIS2PLACEMENT3D(#3219,#1801,#340);
#3218=IFCSHAPEREPRESENTATION(#9,'Body','SweptSolid',(#3220));
#3219=IFCCARTESIANPOINT((1.0066667E+001,1.3333333E+000,3.3000000E+000));
#3220=IFCEXTRUDEDAREASOLID(#1768,#14,#37,8.2533663E-001);
#3221=IFCMEMBER('1P4zQgPzn9_QBfUGQrtFfR',#62,'270',$,$,#3223,#3224,$);
#3222=IFCRELASSOCIATESMATERIAL('3pXXAeH9D908dW63TK2yDs',#3,$,$,(#3221),#65);
#3223=IFCLOCALPLACEMENT($,#3225);
#3224=IFCPRODUCTDEFINITIONSHAPE($,$,(#3226));
#3225=IFCAXIS2PLACEMENT3D(#3227,#1774,#1169);
#3226=IFCSHAPEREPRESENTATION(#9,'Body','SweptSolid',(#3228));
#3227=IFCCARTESIANPOINT((1.0083333E+001,8.3333333E-002,4.1250000E+000));
#3228=IFCEXTRUDEDAREASOLID(#1768,#14,#37,8.2533663E-001);
#3229=IFCMEMBER('01X0cMe1T8tx_hMTCAEREl',#62,'271',$,$,#3231,#3232,$);
#3230=IFCRELASSOCIATESMATERIAL('0pGEyYaMD1SeP9RnUiBH50',#3,$,$,(#3229),#65);
#3231=IFCLOCALPLACEMENT($,#3233);
#3232=IFCPRODUCTDEFINITIONSHAPE($,$,(#3234));
#3233=IFCAXIS2PLACEMENT3D(#3235,#1783,#348);
#3234=IFCSHAPEREPRESENTATION(#9,'Body','SweptSolid',(#3236));
#3235=IFCCARTESIANPOINT((1.1316667E+001,8.3333333E-002,4.1250000E+000));
#3236=IFCEXTRUDEDAREASOLID(#1768,#14,#37,8.2533663E-001);
#3237=IFCMEMBER('3vFwtypmX8rx$pBDVU0ngm',#62,'272',$,$,#3239,#3240,$);
#3238=IFCRELASSOCIATESMATERIAL('1RRygRA5v9I9_kPFEoDbgg',#3,$,$,(#3237),#65);
#3239=IFCLOCALPLACEMENT($,#3241);
#3240=IFCPRODUCTDEFINITIONSHAPE($,$,(#3242));
#3241=IFCAXIS2PLACEMENT3D(#3243,#1792,#339);
#3242=IFCSHAPEREPRESENTATION(#9,'Body','SweptSolid',(#3244));
#3243=IFCCARTESIANPOINT((1.1316667E+001,1.3166667E+000,4.1250000E+000));
#3244=IFCEXTRUDEDAREASOLID(#1768,#14,#37,8.2533663E-001);
#3245=IFCMEMBER('2CAMEeVvT3fROh5MmPGBSd',#62,'273',$,$,#3247,#3248,$);
#3246=IFCRELASSOCIATESMATERIAL('1ODWCTdaXDivHNnqXz_HnM',#3,$,$,(#3245),#65);
#3247=IFCLOCALPLACEMENT($,#3249);
#3248=IFCPRODUCTDEFINITIONSHAPE($,$,(#3250));
#3249=IFCAXIS2PLACEMENT3D(#3251,#1801,#340);
#3250=IFCSHAPEREPRESENTATION(#9,'Body','SweptSolid',(#3252));
#3251=IFCCARTESIANPOINT((1.0083333E+001,1.3166667E+000,4.1250000E+000));
#3252=IFCEXTRUDEDAREASOLID(#1768,#14,#37,8.2533663E-001);
#3253=IFCMEMBER('2NkYREdJbDePy7w3oyzQxX',#62,'274',$,$,#3255,#3256,$);
#3254=IFCRELASSOCIATESMATERIAL('1SeK6DAG1Al8kxFimUlP6f',#3,$,$,(#3253),#65);
#3255=IFCLOCALPLACEMENT($,#3257);
#3256=IFCPRODUCTDEFINITIONSHAPE($,$,(#3258));
#3257=IFCAXIS2PLACEMENT3D(#3259,#1774,#1169);
#3258=IFCSHAPEREPRESENTATION(#9,'Body','SweptSolid',(#3260));
#3259=IFCCARTESIANPOINT((1.0100000E+001,1.0000000E-001,4.9500000E+000));
#3260=IFCEXTRUDEDAREASOLID(#1768,#14,#37,8.2533663E-001);
#3261=IFCMEMBER('2swI7ESRr2ke6iNL4xdhFf',#62,'275',$,$,#3263,#3264,$);
#3262=IFCRELASSOCIATESMATERIAL('0nsM6AteP0hvlVYOSXsrjq',#3,$,$,(#3261),#65);
#3263=IFCLOCALPLACEMENT($,#3265);
#3264=IFCPRODUCTDEFINITIONSHAPE($,$,(#3266));
#3265=IFCAXIS2PLACEMENT3D(#3267,#1783,#348);
#3266=IFCSHAPEREPRESENTATION(#9,'Body','SweptSolid',(#3268));
#3267=IFCCARTESIANPOINT((1.1300000E+001,1.0000000E-001,4.9500000E+000));
#3268=IFCEXTRUDEDAREASOLID(#1768,#14,#37,8.2533663E-001);
#3269=IFCMEMBER('28QJBQaqD5RuGhseKIpbPD',#62,'276',$,$,#3271,#3272,$);
#3270=IFCRELASSOCIATESMATERIAL('19v_aVmj53yAR2oHy$wEEc',#3,$,$,(#3269),#65);
#3271=IFCLOCALPLACEMENT($,#3273);
#3272=IFCPRODUCTDEFINITIONSHAPE($,$,(#3274));
#3273=IFCAXIS2PLACEMENT3D(#3275,#1792,#339);
#3274=IFCSHAPEREPRESENTATION(#9,'Body','SweptSolid',(#3276));
#3275=IFCCARTESIANPOINT((1.1300000E+001,1.3000000E+000,4.9500000E+000));
#3276=IFCEXTRUDEDAREASOLID(#1768,#14,#37,8.2533663E-001);
#3277=IFCMEMBER('0tNzFj_G93dhUsI4B62XUP',#62,'277',$,$,#3279,#3280,$);
#3278=IFCRELASSOCIATESMATERIAL('0xh4mx1KH21fFpyhJXajV7',#3,$,$,(#3277),#65);
#3279=IFCLOCALPLACEMENT($,#3281);
#3280=IFCPRODUCTDEFINITIONSHAPE($,$,(#3282));
#3281=IFCAXIS2PLACEMENT3D(#3283,#1801,#340);
#3282=IFCSHAPEREPRESENTATION(#9,'Body','SweptSolid',(#3284));
#3283=IFCCARTESIANPOINT((1.0100000E+001,1.3000000E+000,4.9500000E+000));
#3284=IFCEXTRUDEDAREASOLID(#1768,#14,#37,8.2533663E-001);
#3285=IFCMEMBER('0QbCVpLkf8qPQ5akL_9_S4',#62,'278',$,$,#3287,#3288,$);
#3286=IFCRELASSOCIATESMATERIAL('2TKlrwAB18n9zwaqSJmx7q',#3,$,$,(#3285),#65);
#3287=IFCLOCALPLACEMENT($,#3289);
#3288=IFCPRODUCTDEFINITIONSHAPE($,$,(#3290));
#3289=IFCAXIS2PLACEMENT3D(#1679,#1774,#1169);
#3290=IFCSHAPEREPRESENTATION(#9,'Body','SweptSolid',(#3291));
#3291=IFCEXTRUDEDAREASOLID(#1768,#14,#37,8.2533663E-001);
#3292=IFCMEMBER('1us9EO8MzDvw7UtMn4TwmX',#62,'279',$,$,#3294,#3295,$);
#3293=IFCRELASSOCIATESMATERIAL('3G1hx$rPbFRvCQST5ZQHpE',#3,$,$,(#3292),#65);
#3294=IFCLOCALPLACEMENT($,#3296);
#3295=IFCPRODUCTDEFINITIONSHAPE($,$,(#3297));
#3296=IFCAXIS2PLACEMENT3D(#1687,#1783,#348);
#3297=IFCSHAPEREPRESENTATION(#9,'Body','SweptSolid',(#3298));
#3298=IFCEXTRUDEDAREASOLID(#1768,#14,#37,8.2533663E-001);
#3299=IFCMEMBER('37DG7iFqT4HQKPnl6Q624y',#62,'280',$,$,#3301,#3302,$);
#3300=IFCRELASSOCIATESMATERIAL('0MzmBtgML3FBx1vRLfO$Xg',#3,$,$,(#3299),#65);
#3301=IFCLOCALPLACEMENT($,#3303);
#3302=IFCPRODUCTDEFINITIONSHAPE($,$,(#3304));
#3303=IFCAXIS2PLACEMENT3D(#1695,#1792,#339);
#3304=IFCSHAPEREPRESENTATION(#9,'Body','SweptSolid',(#3305));
#3305=IFCEXTRUDEDAREASOLID(#1768,#14,#37,8.2533663E-001);
#3306=IFCMEMBER('0jlIOigUD2gRAgMAFx6nib',#62,'281',$,$,#3308,#3309,$);
#3307=IFCRELASSOCIATESMATERIAL('0K2lrR5AD4Uue6WdoEm60Z',#3,$,$,(#3306),#65);
#3308=IFCLOCALPLACEMENT($,#3310);
#3309=IFCPRODUCTDEFINITIONSHAPE($,$,(#3311));
#3310=IFCAXIS2PLACEMENT3D(#1703,#1801,#340);
#3311=IFCSHAPEREPRESENTATION(#9,'Body','SweptSolid',(#3312));
#3312=IFCEXTRUDEDAREASOLID(#1768,#14,#37,8.2533663E-001);
#3313=IFCMEMBER('2IlpdN4cb7igJKDvLvtYEF',#62,'282',$,$,#3315,#3316,$);
#3314=IFCRELASSOCIATESMATERIAL('0xTQdVPnDCEvQzWxfg5pNT',#3,$,$,(#3313),#65);
#3315=IFCLOCALPLACEMENT($,#3317);
#3316=IFCPRODUCTDEFINITIONSHAPE($,$,(#3318));
#3317=IFCAXIS2PLACEMENT3D(#3319,#1774,#1169);
#3318=IFCSHAPEREPRESENTATION(#9,'Body','SweptSolid',(#3320));
#3319=IFCCARTESIANPOINT((1.0133333E+001,1.3333333E-001,6.6000000E+000));
#3320=IFCEXTRUDEDAREASOLID(#1768,#14,#37,8.2533663E-001);
#3321=IFCMEMBER('0AsoIfJTn8jwQJhV6Cpyif',#62,'283',$,$,#3323,#3324,$);
#3322=IFCRELASSOCIATESMATERIAL('3ge3bRkfnF8fdxJ7rXO4An',#3,$,$,(#3321),#65);
#3323=IFCLOCALPLACEMENT($,#3325);
#3324=IFCPRODUCTDEFINITIONSHAPE($,$,(#3326));
#3325=IFCAXIS2PLACEMENT3D(#3327,#1783,#348);
#3326=IFCSHAPEREPRESENTATION(#9,'Body','SweptSolid',(#3328));
#3327=IFCCARTESIANPOINT((1.1266667E+001,1.3333333E-001,6.6000000E+000));
#3328=IFCEXTRUDEDAREASOLID(#1768,#14,#37,8.2533663E-001);
#3329=IFCMEMBER('0K5DFlCyb6eAkpTgFyq4rV',#62,'284',$,$,#3331,#3332,$);
#3330=IFCRELASSOCIATESMATERIAL('2w_DcWNyLCRBKaQR4SOfXt',#3,$,$,(#3329),#65);
#3331=IFCLOCALPLACEMENT($,#3333);
#3332=IFCPRODUCTDEFINITIONSHAPE($,$,(#3334));
#3333=IFCAXIS2PLACEMENT3D(#3335,#1792,#339);
#3334=IFCSHAPEREPRESENTATION(#9,'Body','SweptSolid',(#3336));
#3335=IFCCARTESIANPOINT((1.1266667E+001,1.2666667E+000,6.6000000E+000));
#3336=IFCEXTRUDEDAREASOLID(#1768,#14,#37,8.2533663E-001);
#3337=IFCMEMBER('0HfajIzgvERxYjZUiXBYpK',#62,'285',$,$,#3339,#3340,$);
#3338=IFCRELASSOCIATESMATERIAL('1vC07kHuvBKxMUcz8QXO0O',#3,$,$,(#3337),#65);
#3339=IFCLOCALPLACEMENT($,#3341);
#3340=IFCPRODUCTDEFINITIONSHAPE($,$,(#3342));
#3341=IFCAXIS2PLACEMENT3D(#3343,#1801,#340);
#3342=IFCSHAPEREPRESENTATION(#9,'Body','SweptSolid',(#3344));
#3343=IFCCARTESIANPOINT((1.0133333E+001,1.2666667E+000,6.6000000E+000));
#3344=IFCEXTRUDEDAREASOLID(#1768,#14,#37,8.2533663E-001);
#3345=IFCMEMBER('1cRCcENinCbRMFzUz5aDtQ',#62,'286',$,$,#3347,#3348,$);
#3346=IFCRELASSOCIATESMATERIAL('2VUcKwTYj0peCON7l8rZ$B',#3,$,$,(#3345),#65);
#3347=IFCLOCALPLACEMENT($,#3349);
#3348=IFCPRODUCTDEFINITIONSHAPE($,$,(#3350));
#3349=IFCAXIS2PLACEMENT3D(#3351,#1774,#1169);
#3350=IFCSHAPEREPRESENTATION(#9,'Body','SweptSolid',(#3352));
#3351=IFCCARTESIANPOINT((1.0150000E+001,1.5000000E-001,7.4250000E+000));
#3352=IFCEXTRUDEDAREASOLID(#1768,#14,#37,8.2533663E-001);
#3353=IFCMEMBER('2$KWtu7brBxe9e1SE75WBr',#62,'287',$,$,#3355,#3356,$);
#3354=IFCRELASSOCIATESMATERIAL('3ZMz3DybjBTP1K8Tp6PR8i',#3,$,$,(#3353),#65);
#3355=IFCLOCALPLACEMENT($,#3357);
#3356=IFCPRODUCTDEFINITIONSHAPE($,$,(#3358));
#3357=IFCAXIS2PLACEMENT3D(#3359,#1783,#348);
#3358=IFCSHAPEREPRESENTATION(#9,'Body','SweptSolid',(#3360));
#3359=IFCCARTESIANPOINT((1.1250000E+001,1.5000000E-001,7.4250000E+000));
#3360=IFCEXTRUDEDAREASOLID(#1768,#14,#37,8.2533663E-001);
#3361=IFCMEMBER('1Kj9RUsiHAEBbFJtVOaIRE',#62,'288',$,$,#3363,#3364,$);
#3362=IFCRELASSOCIATESMATERIAL('0QZldTb497UeA4RDVrBjj8',#3,$,$,(#3361),#65);
#3363=IFCLOCALPLACEMENT($,#3365);
#3364=IFCPRODUCTDEFINITIONSHAPE($,$,(#3366));
#3365=IFCAXIS2PLACEMENT3D(#3367,#1792,#339);
#3366=IFCSHAPEREPRESENTATION(#9,'Body','SweptSolid',(#3368));
#3367=IFCCARTESIANPOINT((1.1250000E+001,1.2500000E+000,7.4250000E+000));
#3368=IFCEXTRUDEDAREASOLID(#1768,#14,#37,8.2533663E-001);
#3369=IFCMEMBER('1oKdklDtnAxeJkoXuoDe82',#62,'289',$,$,#3371,#3372,$);
#3370=IFCRELASSOCIATESMATERIAL('0ZHScuS6H7qxgjMuqua6VO',#3,$,$,(#3369),#65);
#3371=IFCLOCALPLACEMENT($,#3373);
#3372=IFCPRODUCTDEFINITIONSHAPE($,$,(#3374));
#3373=IFCAXIS2PLACEMENT3D(#3375,#1801,#340);
#3374=IFCSHAPEREPRESENTATION(#9,'Body','SweptSolid',(#3376));
#3375=IFCCARTESIANPOINT((1.0150000E+001,1.2500000E+000,7.4250000E+000));
#3376=IFCEXTRUDEDAREASOLID(#1768,#14,#37,8.2533663E-001);
#3377=IFCMEMBER('1Yf8_MFeX0Nu2YXkqPdcTh',#62,'290',$,$,#3379,#3380,$);
#3378=IFCRELASSOCIATESMATERIAL('3_gyv1MefDbhb$sRYoScBA',#3,$,$,(#3377),#65);
#3379=IFCLOCALPLACEMENT($,#3381);
#3380=IFCPRODUCTDEFINITIONSHAPE($,$,(#3382));
#3381=IFCAXIS2PLACEMENT3D(#3383,#1774,#1169);
#3382=IFCSHAPEREPRESENTATION(#9,'Body','SweptSolid',(#3384));
#3383=IFCCARTESIANPOINT((1.0166667E+001,1.6666667E-001,8.2500000E+000));
#3384=IFCEXTRUDEDAREASOLID(#1768,#14,#37,8.2533663E-001);
#3385=IFCMEMBER('2wv1ykI455m86YrODzBDLm',#62,'291',$,$,#3387,#3388,$);
#3386=IFCRELASSOCIATESMATERIAL('06yAj30Tn93Rk1_qEAqNbD',#3,$,$,(#3385),#65);
#3387=IFCLOCALPLACEMENT($,#3389);
#3388=IFCPRODUCTDEFINITIONSHAPE($,$,(#3390));
#3389=IFCAXIS2PLACEMENT3D(#3391,#1783,#348);
#3390=IFCSHAPEREPRESENTATION(#9,'Body','SweptSolid',(#3392));
#3391=IFCCARTESIANPOINT((1.1233333E+001,1.6666667E-001,8.2500000E+000));
#3392=IFCEXTRUDEDAREASOLID(#1768,#14,#37,8.2533663E-001);
#3393=IFCMEMBER('0G6Z$r_yz8i9P42Lp5pZs_',#62,'292',$,$,#3395,#3396,$);
#3394=IFCRELASSOCIATESMATERIAL('2J00swLm532ACUloWd2TCH',#3,$,$,(#3393),#65);
#3395=IFCLOCALPLACEMENT($,#3397);
#3396=IFCPRODUCTDEFINITIONSHAPE($,$,(#3398));
#3397=IFCAXIS2PLACEMENT3D(#3399,#1792,#339);
#3398=IFCSHAPEREPRESENTATION(#9,'Body','SweptSolid',(#3400));
#3399=IFCCARTESIANPOINT((1.1233333E+001,1.2333333E+000,8.2500000E+000));
#3400=IFCEXTRUDEDAREASOLID(#1768,#14,#37,8.2533663E-001);
#3401=IFCMEMBER('0BQmJCZ9rFzB$1LcnQH1xR',#62,'293',$,$,#3403,#3404,$);
#3402=IFCRELASSOCIATESMATERIAL('343OcJS7P1pe3xpa1XvcUY',#3,$,$,(#3401),#65);
#3403=IFCLOCALPLACEMENT($,#3405);
#3404=IFCPRODUCTDEFINITIONSHAPE($,$,(#3406));
#3405=IFCAXIS2PLACEMENT3D(#3407,#1801,#340);
#3406=IFCSHAPEREPRESENTATION(#9,'Body','SweptSolid',(#3408));
#3407=IFCCARTESIANPOINT((1.0166667E+001,1.2333333E+000,8.2500000E+000));
#3408=IFCEXTRUDEDAREASOLID(#1768,#14,#37,8.2533663E-001);
#3409=IFCMEMBER('3zvPrzNz9CohG$8eLeCSTW',#62,'294',$,$,#3411,#3412,$);
#3410=IFCRELASSOCIATESMATERIAL('3wuhg$r9X7UedCchb4skac',#3,$,$,(#3409),#65);
#3411=IFCLOCALPLACEMENT($,#3413);
#3412=IFCPRODUCTDEFINITIONSHAPE($,$,(#3414));
#3413=IFCAXIS2PLACEMENT3D(#3415,#1774,#1169);
#3414=IFCSHAPEREPRESENTATION(#9,'Body','SweptSolid',(#3416));
#3415=IFCCARTESIANPOINT((1.0183333E+001,1.8333333E-001,9.0750000E+000));
#3416=IFCEXTRUDEDAREASOLID(#1768,#14,#37,8.2533663E-001);
#3417=IFCMEMBER('1CyUIGMw96_AtCZdkGGZAp',#62,'295',$,$,#3419,#3420,$);
#3418=IFCRELASSOCIATESMATERIAL('3$2ZcOiFD1uQhJkS05k0CI',#3,$,$,(#3417),#65);
#3419=IFCLOCALPLACEMENT($,#3421);
#3420=IFCPRODUCTDEFINITIONSHAPE($,$,(#3422));
#3421=IFCAXIS2PLACEMENT3D(#3423,#1783,#348);
#3422=IFCSHAPEREPRESENTATION(#9,'Body','SweptSolid',(#3424));
#3423=IFCCARTESIANPOINT((1.1216667E+001,1.8333333E-001,9.0750000E+000));
#3424=IFCEXTRUDEDAREASOLID(#1768,#14,#37,8.2533663E-001);
#3425=IFCMEMBER('0XuXwX1qD9jBkguAD28xK2',#62,'296',$,$,#3427,#3428,$);
#3426=IFCRELASSOCIATESMATERIAL('24Y3o_H$P6vQKlHc7VoUww',#3,$,$,(#3425),#65);
#3427=IFCLOCALPLACEMENT($,#3429);
#3428=IFCPRODUCTDEFINITIONSHAPE($,$,(#3430));
#3429=IFCAXIS2PLACEMENT3D(#3431,#1792,#339);
#3430=IFCSHAPEREPRESENTATION(#9,'Body','SweptSolid',(#3432));
#3431=IFCCARTESIANPOINT((1.1216667E+001,1.2166667E+000,9.0750000E+000));
#3432=IFCEXTRUDEDAREASOLID(#1768,#14,#37,8.2533663E-001);
#3433=IFCMEMBER('0GVFxYzJ53fQGYckG1nt99',#62,'297',$,$,#3435,#3436,$);
#3434=IFCRELASSOCIATESMATERIAL('2CtdLcQdXFuehS_6tWIj2_',#3,$,$,(#3433),#65);
#3435=IFCLOCALPLACEMENT($,#3437);
#3436=IFCPRODUCTDEFINITIONSHAPE($,$,(#3438));
#3437=IFCAXIS2PLACEMENT3D(#3439,#1801,#340);
#3438=IFCSHAPEREPRESENTATION(#9,'Body','SweptSolid',(#3440));
#3439=IFCCARTESIANPOINT((1.0183333E+001,1.2166667E+000,9.0750000E+000));
#3440=IFCEXTRUDEDAREASOLID(#1768,#14,#37,8.2533663E-001);
#3441=IFCMEMBER('3o3z7WdSH9Gxf54Dt2oOSi',#62,'298',$,$,#3443,#3444,$);
#3442=IFCRELASSOCIATESMATERIAL('3XPQH5rFHDU9z8h0oxCEEF',#3,$,$,(#3441),#65);
#3443=IFCLOCALPLACEMENT($,#3445);
#3444=IFCPRODUCTDEFINITIONSHAPE($,$,(#3446));
#3445=IFCAXIS2PLACEMENT3D(#3447,#1774,#1169);
#3446=IFCSHAPEREPRESENTATION(#9,'Body','SweptSolid',(#3448));
#3447=IFCCARTESIANPOINT((1.0200000E+001,2.0000000E-001,9.9000000E+000));
#3448=IFCEXTRUDEDAREASOLID(#1768,#14,#37,8.2533663E-001);
#3449=IFCMEMBER('3SZ5nZOhnDMe_WFcOF6htc',#62,'299',$,$,#3451,#3452,$);
#3450=IFCRELASSOCIATESMATERIAL('0bI7LSDBrE8ezxTcMMhVCz',#3,$,$,(#3449),#65);
#3451=IFCLOCALPLACEMENT($,#3453);
#3452=IFCPRODUCTDEFINITIONSHAPE($,$,(#3454));
#3453=IFCAXIS2PLACEMENT3D(#3455,#1783,#348);
#3454=IFCSHAPEREPRESENTATION(#9,'Body','SweptSolid',(#3456));
#3455=IFCCARTESIANPOINT((1.1200000E+001,2.0000000E-001,9.9000000E+000));
#3456=IFCEXTRUDEDAREASOLID(#1768,#14,#37,8.2533663E-001);
#3457=IFCMEMBER('13U$9xJ2fFXu3rWGpUJXos',#62,'300',$,$,#3459,#3460,$);
#3458=IFCRELASSOCIATESMATERIAL('3nLW3LIo12$gRZDCf4bC7r',#3,$,$,(#3457),#65);
#3459=IFCLOCALPLACEMENT($,#3461);
#3460=IFCPRODUCTDEFINITIONSHAPE($,$,(#3462));
#3461=IFCAXIS2PLACEMENT3D(#3463,#1792,#339);
#3462=IFCSHAPEREPRESENTATION(#9,'Body','SweptSolid',(#3464));
#3463=IFCCARTESIANPOINT((1.1200000E+001,1.2000000E+000,9.9000000E+000));
#3464=IFCEXTRUDEDAREASOLID(#1768,#14,#37,8.2533663E-001);
#3465=IFCMEMBER('3vSM4BV6n5IQZqZz8q2EMT',#62,'301',$,$,#3467,#3468,$);
#3466=IFCRELASSOCIATESMATERIAL('3NRLaZJ_bA$fNfsSMwyADi',#3,$,$,(#3465),#65);
#3467=IFCLOCALPLACEMENT($,#3469);
#3468=IFCPRODUCTDEFINITIONSHAPE($,$,(#3470));
#3469=IFCAXIS2PLACEMENT3D(#3471,#1801,#340);
#3470=IFCSHAPEREPRESENTATION(#9,'Body','SweptSolid',(#3472));
#3471=IFCCARTESIANPOINT((1.0200000E+001,1.2000000E+000,9.9000000E+000));
#3472=IFCEXTRUDEDAREASOLID(#1768,#14,#37,8.2533663E-001);
#3473=IFCMEMBER('0b8C$agPj7AA4qukvrciA5',#62,'302',$,$,#3475,#3476,$);
#3474=IFCRELASSOCIATESMATERIAL('3WfVcfvQb3HATEJp46pOxC',#3,$,$,(#3473),#65);
#3475=IFCLOCALPLACEMENT($,#3477);
#3476=IFCPRODUCTDEFINITIONSHAPE($,$,(#3478));
#3477=IFCAXIS2PLACEMENT3D(#3479,#1774,#1169);
#3478=IFCSHAPEREPRESENTATION(#9,'Body','SweptSolid',(#3480));
#3479=IFCCARTESIANPOINT((1.0216667E+001,2.1666667E-001,1.0725000E+001));
#3480=IFCEXTRUDEDAREASOLID(#1768,#14,#37,8.2533663E-001);
#3481=IFCMEMBER('2u12ZU7WXEd85rWHTtq8PG',#62,'303',$,$,#3483,#3484,$);
#3482=IFCRELASSOCIATESMATERIAL('2FmtZhmqL6FhiW6tXXd1Am',#3,$,$,(#3481),#65);
#3483=IFCLOCALPLACEMENT($,#3485);
#3484=IFCPRODUCTDEFINITIONSHAPE($,$,(#3486));
#3485=IFCAXIS2PLACEMENT3D(#3487,#1783,#348);
#3486=IFCSHAPEREPRESENTATION(#9,'Body','SweptSolid',(#3488));
#3487=IFCCARTESIANPOINT((1.1183333E+001,2.1666667E-001,1.0725000E+001));
#3488=IFCEXTRUDEDAREASOLID(#1768,#14,#37,8.2533663E-001);
#3489=IFCMEMBER('0WryhzJM15lQrLD8NqKbz7',#62,'304',$,$,#3491,#3492,$);
#3490=IFCRELASSOCIATESMATERIAL('35XIHVhRD4BRGTQUqxXQ6t',#3,$,$,(#3489),#65);
#3491=IFCLOCALPLACEMENT($,#3493);
#3492=IFCPRODUCTDEFINITIONSHAPE($,$,(#3494));
#3493=IFCAXIS2PLACEMENT3D(#3495,#1792,#339);
#3494=IFCSHAPEREPRESENTATION(#9,'Body','SweptSolid',(#3496));
#3495=IFCCARTESIANPOINT((1.1183333E+001,1.1833333E+000,1.0725000E+001));
#3496=IFCEXTRUDEDAREASOLID(#1768,#14,#37,8.2533663E-001);
#3497=IFCMEMBER('0pBpqvpirFCeulUF5n9v3I',#62,'305',$,$,#3499,#3500,$);
#3498=IFCRELASSOCIATESMATERIAL('2UEvtUfurElQumPEkN5c2Z',#3,$,$,(#3497),#65);
#3499=IFCLOCALPLACEMENT($,#3501);
#3500=IFCPRODUCTDEFINITIONSHAPE($,$,(#3502));
#3501=IFCAXIS2PLACEMENT3D(#3503,#1801,#340);
#3502=IFCSHAPEREPRESENTATION(#9,'Body','SweptSolid',(#3504));
#3503=IFCCARTESIANPOINT((1.0216667E+001,1.1833333E+000,1.0725000E+001));
#3504=IFCEXTRUDEDAREASOLID(#1768,#14,#37,8.2533663E-001);
#3505=IFCMEMBER('19ZM3vFSr75Q0KxrpgiYzH',#62,'306',$,$,#3507,#3508,$);
#3506=IFCRELASSOCIATESMATERIAL('31ma0GDpHApBWPf7yKgcf_',#3,$,$,(#3505),#65);
#3507=IFCLOCALPLACEMENT($,#3509);
#3508=IFCPRODUCTDEFINITIONSHAPE($,$,(#3510));
#3509=IFCAXIS2PLACEMENT3D(#364,#1774,#1169);
#3510=IFCSHAPEREPRESENTATION(#9,'Body','SweptSolid',(#3511));
#3511=IFCEXTRUDEDAREASOLID(#1768,#14,#37,8.2533663E-001);
#3512=IFCMEMBER('2coZmqwnH8KgJU5n4QiUER',#62,'307',$,$,#3514,#3515,$);
#3513=IFCRELASSOCIATESMATERIAL('0e$71fqjv4zgptSOgFteEG',#3,$,$,(#3512),#65);
#3514=IFCLOCALPLACEMENT($,#3516);
#3515=IFCPRODUCTDEFINITIONSHAPE($,$,(#3517));
#3516=IFCAXIS2PLACEMENT3D(#372,#1783,#348);
#3517=IFCSHAPEREPRESENTATION(#9,'Body','SweptSolid',(#3518));
#3518=IFCEXTRUDEDAREASOLID(#1768,#14,#37,8.2533663E-001);
#3519=IFCMEMBER('2mGTm_Z092ke9iBvtZy8G5',#62,'308',$,$,#3521,#3522,$);
#3520=IFCRELASSOCIATESMATERIAL('23qvZ0Nt5CSh7aoLHv6GE6',#3,$,$,(#3519),#65);
#3521=IFCLOCALPLACEMENT($,#3523);
#3522=IFCPRODUCTDEFINITIONSHAPE($,$,(#3524));
#3523=IFCAXIS2PLACEMENT3D(#380,#1792,#339);
#3524=IFCSHAPEREPRESENTATION(#9,'Body','SweptSolid',(#3525));
#3525=IFCEXTRUDEDAREASOLID(#1768,#14,#37,8.2533663E-001);
#3526=IFCMEMBER('0reJKLXNz05RKZLgtokHA$',#62,'309',$,$,#3528,#3529,$);
#3527=IFCRELASSOCIATESMATERIAL('0jvx4KaeP2VOo07UMZGHwn',#3,$,$,(#3526),#65);
#3528=IFCLOCALPLACEMENT($,#3530);
#3529=IFCPRODUCTDEFINITIONSHAPE($,$,(#3531));
#3530=IFCAXIS2PLACEMENT3D(#356,#1801,#340);
#3531=IFCSHAPEREPRESENTATION(#9,'Body','SweptSolid',(#3532));
#3532=IFCEXTRUDEDAREASOLID(#1768,#14,#37,8.2533663E-001);
#3533=IFCMEMBER('1eOZrkStT2uvwvoGl3T9_2',#62,'310',$,$,#3535,#3536,$);
#3534=IFCRELASSOCIATESMATERIAL('2aYhJv0bv5re$8osQc41LZ',#3,$,$,(#3533),#65);
#3535=IFCLOCALPLACEMENT($,#3537);
#3536=IFCPRODUCTDEFINITIONSHAPE($,$,(#3538));
#3537=IFCAXIS2PLACEMENT3D(#3539,#1774,#1169);
#3538=IFCSHAPEREPRESENTATION(#9,'Body','SweptSolid',(#3540));
#3539=IFCCARTESIANPOINT((1.0250000E+001,2.5000000E-001,1.2375000E+001));
#3540=IFCEXTRUDEDAREASOLID(#1768,#14,#37,8.2533663E-001);
#3541=IFCMEMBER('0GNTl4qDv11PJmPG7bKaZJ',#62,'311',$,$,#3543,#3544,$);
#3542=IFCRELASSOCIATESMATERIAL('0UwHNGijTDGx39vaoOhc$Q',#3,$,$,(#3541),#65);
#3543=IFCLOCALPLACEMENT($,#3545);
#3544=IFCPRODUCTDEFINITIONSHAPE($,$,(#3546));
#3545=IFCAXIS2PLACEMENT3D(#3547,#1783,#348);
#3546=IFCSHAPEREPRESENTATION(#9,'Body','SweptSolid',(#3548));
#3547=IFCCARTESIANPOINT((1.1150000E+001,2.5000000E-001,1.2375000E+001));
#3548=IFCEXTRUDEDAREASOLID(#1768,#14,#37,8.2533663E-001);
#3549=IFCMEMBER('3x8ZbU0uH6VgRZD5AjSR6e',#62,'312',$,$,#3551,#3552,$);
#3550=IFCRELASSOCIATESMATERIAL('3sFV44$ovCKuJPNYOormP_',#3,$,$,(#3549),#65);
#3551=IFCLOCALPLACEMENT($,#3553);
#3552=IFCPRODUCTDEFINITIONSHAPE($,$,(#3554));
#3553=IFCAXIS2PLACEMENT3D(#3555,#1792,#339);
#3554=IFCSHAPEREPRESENTATION(#9,'Body','SweptSolid',(#3556));
#3555=IFCCARTESIANPOINT((1.1150000E+001,1.1500000E+000,1.2375000E+001));
#3556=IFCEXTRUDEDAREASOLID(#1768,#14,#37,8.2533663E-001);
#3557=IFCMEMBER('3tltPqEo51GxdSKzdsPoqD',#62,'313',$,$,#3559,#3560,$);
#3558=IFCRELASSOCIATESMATERIAL('3eP0zb8q5FOhLDeY3eS$YR',#3,$,$,(#3557),#65);
#3559=IFCLOCALPLACEMENT($,#3561);
#3560=IFCPRODUCTDEFINITIONSHAPE($,$,(#3562));
#3561=IFCAXIS2PLACEMENT3D(#3563,#1801,#340);
#3562=IFCSHAPEREPRESENTATION(#9,'Body','SweptSolid',(#3564));
#3563=IFCCARTESIANPOINT((1.0250000E+001,1.1500000E+000,1.2375000E+001));
#3564=IFCEXTRUDEDAREASOLID(#1768,#14,#37,8.2533663E-001);
#3565=IFCMEMBER('1XtcYj1ATFjxybg2UQCwaU',#62,'314',$,$,#3567,#3568,$);
#3566=IFCRELASSOCIATESMATERIAL('3HOtAAzNL8f9wGxffy6d6f',#3,$,$,(#3565),#65);
#3567=IFCLOCALPLACEMENT($,#3569);
#3568=IFCPRODUCTDEFINITIONSHAPE($,$,(#3570));
#3569=IFCAXIS2PLACEMENT3D(#3571,#1774,#1169);
#3570=IFCSHAPEREPRESENTATION(#9,'Body','SweptSolid',(#3572));
#3571=IFCCARTESIANPOINT((1.0266667E+001,2.6666667E-001,1.3200000E+001));
#3572=IFCEXTRUDEDAREASOLID(#1768,#14,#37,8.2533663E-001);
#3573=IFCMEMBER('2LlEtMGy91gQXY2FeHpz7i',#62,'315',$,$,#3575,#3576,$);
#3574=IFCRELASSOCIATESMATERIAL('0pajuXLX92w8RsfbFGQIBu',#3,$,$,(#3573),#65);
#3575=IFCLOCALPLACEMENT($,#3577);
#3576=IFCPRODUCTDEFINITIONSHAPE($,$,(#3578));
#3577=IFCAXIS2PLACEMENT3D(#554,#1774,#1169);
#3578=IFCSHAPEREPRESENTATION(#9,'Body','SweptSolid',(#3579));
#3579=IFCEXTRUDEDAREASOLID(#1768,#14,#37,8.2533663E-001);
#3580=IFCMEMBER('3N2$1kg09AGfXJRp34ZHcB',#62,'316',$,$,#3582,#3583,$);
#3581=IFCRELASSOCIATESMATERIAL('2z1NfsWrfAyhBI1wQO0fHk',#3,$,$,(#3580),#65);
#3582=IFCLOCALPLACEMENT($,#3584);
#3583=IFCPRODUCTDEFINITIONSHAPE($,$,(#3585));
#3584=IFCAXIS2PLACEMENT3D(#3586,#1783,#348);
#3585=IFCSHAPEREPRESENTATION(#9,'Body','SweptSolid',(#3587));
#3586=IFCCARTESIANPOINT((1.1133333E+001,2.6666667E-001,1.3200000E+001));
#3587=IFCEXTRUDEDAREASOLID(#1768,#14,#37,8.2533663E-001);
#3588=IFCMEMBER('0jnKxyUKL29fVqdtVaJ4_D',#62,'317',$,$,#3590,#3591,$);
#3589=IFCRELASSOCIATESMATERIAL('1UBHAAVdj0aRPDdAUCawrp',#3,$,$,(#3588),#65);
#3590=IFCLOCALPLACEMENT($,#3592);
#3591=IFCPRODUCTDEFINITIONSHAPE($,$,(#3593));
#3592=IFCAXIS2PLACEMENT3D(#570,#1783,#348);
#3593=IFCSHAPEREPRESENTATION(#9,'Body','SweptSolid',(#3594));
#3594=IFCEXTRUDEDAREASOLID(#1768,#14,#37,8.2533663E-001);
#3595=IFCMEMBER('3Yqd_0_jXD$wQBMfASTF$K',#62,'318',$,$,#3597,#3598,$);
#3596=IFCRELASSOCIATESMATERIAL('3i2F$xHwf8ROC_AfOmEXlP',#3,$,$,(#3595),#65);
#3597=IFCLOCALPLACEMENT($,#3599);
#3598=IFCPRODUCTDEFINITIONSHAPE($,$,(#3600));
#3599=IFCAXIS2PLACEMENT3D(#3601,#1792,#339);
#3600=IFCSHAPEREPRESENTATION(#9,'Body','SweptSolid',(#3602));
#3601=IFCCARTESIANPOINT((1.1133333E+001,1.1333333E+000,1.3200000E+001));
#3602=IFCEXTRUDEDAREASOLID(#1768,#14,#37,8.2533663E-001);
#3603=IFCMEMBER('23Ip8G95L74gJ_3mmGQyR3',#62,'319',$,$,#3605,#3606,$);
#3604=IFCRELASSOCIATESMATERIAL('2ubr4crmDFdfjzLsonCr9K',#3,$,$,(#3603),#65);
#3605=IFCLOCALPLACEMENT($,#3607);
#3606=IFCPRODUCTDEFINITIONSHAPE($,$,(#3608));
#3607=IFCAXIS2PLACEMENT3D(#586,#1792,#339);
#3608=IFCSHAPEREPRESENTATION(#9,'Body','SweptSolid',(#3609));
#3609=IFCEXTRUDEDAREASOLID(#1768,#14,#37,8.2533663E-001);
#3610=IFCMEMBER('1oCu__2Pv7aPcy9M5kbjpa',#62,'320',$,$,#3612,#3613,$);
#3611=IFCRELASSOCIATESMATERIAL('3uvM1qsLzA$AJgWD8uWwzO',#3,$,$,(#3610),#65);
#3612=IFCLOCALPLACEMENT($,#3614);
#3613=IFCPRODUCTDEFINITIONSHAPE($,$,(#3615));
#3614=IFCAXIS2PLACEMENT3D(#3616,#1801,#340);
#3615=IFCSHAPEREPRESENTATION(#9,'Body','SweptSolid',(#3617));
#3616=IFCCARTESIANPOINT((1.0266667E+001,1.1333333E+000,1.3200000E+001));
#3617=IFCEXTRUDEDAREASOLID(#1768,#14,#37,8.2533663E-001);
#3618=IFCMEMBER('2mHQOoiQ91dxO7KDQh_UjU',#62,'321',$,$,#3620,#3621,$);
#3619=IFCRELASSOCIATESMATERIAL('2UOY_6BG585AoGyFHfp$s9',#3,$,$,(#3618),#65);
#3620=IFCLOCALPLACEMENT($,#3622);
#3621=IFCPRODUCTDEFINITIONSHAPE($,$,(#3623));
#3622=IFCAXIS2PLACEMENT3D(#602,#1801,#340);
#3623=IFCSHAPEREPRESENTATION(#9,'Body','SweptSolid',(#3624));
#3624=IFCEXTRUDEDAREASOLID(#1768,#14,#37,8.2533663E-001);
#3625=IFCMEMBER('02V8SsTWDAFQLQTSmFYcSh',#62,'322',$,$,#3627,#3628,$);
#3626=IFCRELASSOCIATESMATERIAL('0kWBTy0JL5_8lXPwV8qD3q',#3,$,$,(#3625),#65);
#3627=IFCLOCALPLACEMENT($,#3629);
#3628=IFCPRODUCTDEFINITIONSHAPE($,$,(#3630));
#3629=IFCAXIS2PLACEMENT3D(#3067,#2341,#2342);
#3630=IFCSHAPEREPRESENTATION(#9,'Body','SweptSolid',(#3631));
#3631=IFCEXTRUDEDAREASOLID(#445,#14,#37,1.6107495E+000);
#3632=IFCMEMBER('03G7qFCjn7JPPDSKGsk6Yd',#62,'323',$,$,#3634,#3635,$);
#3633=IFCRELASSOCIATESMATERIAL('0mLflNMjD2Exsmkjgtkwz$',#3,$,$,(#3632),#65);
#3634=IFCLOCALPLACEMENT($,#3636);
#3635=IFCPRODUCTDEFINITIONSHAPE($,$,(#3637));
#3636=IFCAXIS2PLACEMENT3D(#3107,#2350,#2351);
#3637=IFCSHAPEREPRESENTATION(#9,'Body','SweptSolid',(#3638));
#3638=IFCEXTRUDEDAREASOLID(#445,#14,#37,1.5822145E+000);
#3639=IFCMEMBER('1cUbnn9Uz7BfGuW$tWZZYL',#62,'324',$,$,#3641,#3642,$);
#3640=IFCRELASSOCIATESMATERIAL('1bsgcse913LRj0Xvkp77nu',#3,$,$,(#3639),#65);
#3641=IFCLOCALPLACEMENT($,#3643);
#3642=IFCPRODUCTDEFINITIONSHAPE($,$,(#3644));
#3643=IFCAXIS2PLACEMENT3D(#3131,#2359,#2376);
#3644=IFCSHAPEREPRESENTATION(#9,'Body','SweptSolid',(#3645));
#3645=IFCEXTRUDEDAREASOLID(#445,#14,#37,1.5538706E+000);
#3646=IFCMEMBER('0gNd2tLvj83fcA6hdd3iVR',#62,'325',$,$,#3648,#3649,$);
#3647=IFCRELASSOCIATESMATERIAL('0oUma66WjBk8U6dNtr5XQg',#3,$,$,(#3646),#65);
#3648=IFCLOCALPLACEMENT($,#3650);
#3649=IFCPRODUCTDEFINITIONSHAPE($,$,(#3651));
#3650=IFCAXIS2PLACEMENT3D(#3171,#2367,#2351);
#3651=IFCSHAPEREPRESENTATION(#9,'Body','SweptSolid',(#3652));
#3652=IFCEXTRUDEDAREASOLID(#445,#14,#37,1.5257284E+000);
#3653=IFCMEMBER('1c1Oh2IkjAQxyG$f8XCa8q',#62,'326',$,$,#3655,#3656,$);
#3654=IFCRELASSOCIATESMATERIAL('2Fd9Qu_Vr8oeGP9LJuW_5H',#3,$,$,(#3653),#65);
#3655=IFCLOCALPLACEMENT($,#3657);
#3656=IFCPRODUCTDEFINITIONSHAPE($,$,(#3658));
#3657=IFCAXIS2PLACEMENT3D(#3195,#2375,#2376);
#3658=IFCSHAPEREPRESENTATION(#9,'Body','SweptSolid',(#3659));
#3659=IFCEXTRUDEDAREASOLID(#445,#14,#37,1.4977993E+000);
#3660=IFCMEMBER('29zQV_v795OBMi3H75CjL2',#62,'327',$,$,#3662,#3663,$);
#3661=IFCRELASSOCIATESMATERIAL('3HfxO9jbb48fpXys_ZqtVg',#3,$,$,(#3660),#65);
#3662=IFCLOCALPLACEMENT($,#3664);
#3663=IFCPRODUCTDEFINITIONSHAPE($,$,(#3665));
#3664=IFCAXIS2PLACEMENT3D(#3235,#2384,#2385);
#3665=IFCSHAPEREPRESENTATION(#9,'Body','SweptSolid',(#3666));
#3666=IFCEXTRUDEDAREASOLID(#445,#14,#37,1.4700954E+000);
#3667=IFCMEMBER('00ZWk5thDDag45w8Jhj$qc',#62,'328',$,$,#3669,#3670,$);
#3668=IFCRELASSOCIATESMATERIAL('3FDkyRiYPFqf2OOdMlUyWa',#3,$,$,(#3667),#65);
#3669=IFCLOCALPLACEMENT($,#3671);
#3670=IFCPRODUCTDEFINITIONSHAPE($,$,(#3672));
#3671=IFCAXIS2PLACEMENT3D(#3259,#2393,#2394);
#3672=IFCSHAPEREPRESENTATION(#9,'Body','SweptSolid',(#3673));
#3673=IFCEXTRUDEDAREASOLID(#445,#14,#37,1.4426297E+000);
#3674=IFCMEMBER('3cRGGf22bDIeBbTeiZNDDh',#62,'329',$,$,#3676,#3677,$);
#3675=IFCRELASSOCIATESMATERIAL('3KXH70UATEsB_MlgiW__8i',#3,$,$,(#3674),#65);
#3676=IFCLOCALPLACEMENT($,#3678);
#3677=IFCPRODUCTDEFINITIONSHAPE($,$,(#3679));
#3678=IFCAXIS2PLACEMENT3D(#1687,#2402,#2420);
#3679=IFCSHAPEREPRESENTATION(#9,'Body','SweptSolid',(#3680));
#3680=IFCEXTRUDEDAREASOLID(#445,#14,#37,1.4154161E+000);
#3681=IFCMEMBER('3LukjUMBP4eOFmLM1YGUgE',#62,'330',$,$,#3683,#3684,$);
#3682=IFCRELASSOCIATESMATERIAL('31F6$Vf8H6L9$_hysiYFaN',#3,$,$,(#3681),#65);
#3683=IFCLOCALPLACEMENT($,#3685);
#3684=IFCPRODUCTDEFINITIONSHAPE($,$,(#3686));
#3685=IFCAXIS2PLACEMENT3D(#3319,#2410,#2411);
#3686=IFCSHAPEREPRESENTATION(#9,'Body','SweptSolid',(#3687));
#3687=IFCEXTRUDEDAREASOLID(#445,#14,#37,1.3884694E+000);
#3688=IFCMEMBER('1VFMYYD3j6TO_wZM3SIbKg',#62,'331',$,$,#3690,#3691,$);
#3689=IFCRELASSOCIATESMATERIAL('1lKev1$Zz6JBCf3r93Dhjd',#3,$,$,(#3688),#65);
#3690=IFCLOCALPLACEMENT($,#3692);
#3691=IFCPRODUCTDEFINITIONSHAPE($,$,(#3693));
#3692=IFCAXIS2PLACEMENT3D(#3359,#2419,#2420);
#3693=IFCSHAPEREPRESENTATION(#9,'Body','SweptSolid',(#3694));
#3694=IFCEXTRUDEDAREASOLID(#445,#14,#37,1.3618054E+000);
#3695=IFCMEMBER('3zjvwAN9H6xgQf0GGkUpG4',#62,'332',$,$,#3697,#3698,$);
#3696=IFCRELASSOCIATESMATERIAL('0laEW5gx97dfR3Bkn35Pb8',#3,$,$,(#3695),#65);
#3697=IFCLOCALPLACEMENT($,#3699);
#3698=IFCPRODUCTDEFINITIONSHAPE($,$,(#3700));
#3699=IFCAXIS2PLACEMENT3D(#3383,#2428,#2411);
#3700=IFCSHAPEREPRESENTATION(#9,'Body','SweptSolid',(#3701));
#3701=IFCEXTRUDEDAREASOLID(#445,#14,#37,1.3354410E+000);
#3702=IFCMEMBER('068xPefAjEQOfAa5NS3vra',#62,'333',$,$,#3704,#3705,$);
#3703=IFCRELASSOCIATESMATERIAL('3R3eEi2K1AuOzR7RkmeA_O',#3,$,$,(#3702),#65);
#3704=IFCLOCALPLACEMENT($,#3706);
#3705=IFCPRODUCTDEFINITIONSHAPE($,$,(#3707));
#3706=IFCAXIS2PLACEMENT3D(#3423,#2436,#2437);
#3707=IFCSHAPEREPRESENTATION(#9,'Body','SweptSolid',(#3708));
#3708=IFCEXTRUDEDAREASOLID(#445,#14,#37,1.3093945E+000);
#3709=IFCMEMBER('2YaN86j1n6iAGWaedvv9uk',#62,'334',$,$,#3711,#3712,$);
#3710=IFCRELASSOCIATESMATERIAL('3d85H62cbEpB0oIa_yNlzi',#3,$,$,(#3709),#65);
#3711=IFCLOCALPLACEMENT($,#3713);
#3712=IFCPRODUCTDEFINITIONSHAPE($,$,(#3714));
#3713=IFCAXIS2PLACEMENT3D(#3447,#2445,#2446);
#3714=IFCSHAPEREPRESENTATION(#9,'Body','SweptSolid',(#3715));
#3715=IFCEXTRUDEDAREASOLID(#445,#14,#37,1.2836850E+000);
#3716=IFCMEMBER('0VtCgaiK596f7DG0sOcFkA',#62,'335',$,$,#3718,#3719,$);
#3717=IFCRELASSOCIATESMATERIAL('24lHOGC85BuuqtmZLkGtWm',#3,$,$,(#3716),#65);
#3718=IFCLOCALPLACEMENT($,#3720);
#3719=IFCPRODUCTDEFINITIONSHAPE($,$,(#3721));
#3720=IFCAXIS2PLACEMENT3D(#3487,#2454,#2455);
#3721=IFCSHAPEREPRESENTATION(#9,'Body','SweptSolid',(#3722));
#3722=IFCEXTRUDEDAREASOLID(#445,#14,#37,1.2583333E+000);
#3723=IFCMEMBER('1$Mx82tNP2uhNigt8NylyN',#62,'336',$,$,#3725,#3726,$);
#3724=IFCRELASSOCIATESMATERIAL('1u52fCi7TDkhqJfTVTZor8',#3,$,$,(#3723),#65);
#3725=IFCLOCALPLACEMENT($,#3727);
#3726=IFCPRODUCTDEFINITIONSHAPE($,$,(#3728));
#3727=IFCAXIS2PLACEMENT3D(#364,#2463,#2464);
#3728=IFCSHAPEREPRESENTATION(#9,'Body','SweptSolid',(#3729));
#3729=IFCEXTRUDEDAREASOLID(#445,#14,#37,1.2333615E+000);
#3730=IFCMEMBER('2QFWKv3hP9KBU5vu1UvTB0',#62,'337',$,$,#3732,#3733,$);
#3731=IFCRELASSOCIATESMATERIAL('3oNr1vocz6BgdsanpkaRbF',#3,$,$,(#3730),#65);
#3732=IFCLOCALPLACEMENT($,#3734);
#3733=IFCPRODUCTDEFINITIONSHAPE($,$,(#3735));
#3734=IFCAXIS2PLACEMENT3D(#3547,#2472,#2473);
#3735=IFCSHAPEREPRESENTATION(#9,'Body','SweptSolid',(#3736));
#3736=IFCEXTRUDEDAREASOLID(#445,#14,#37,1.2087930E+000);
#3737=IFCMEMBER('0AIWGlaHP6TACxTbFP02SI',#62,'338',$,$,#3739,#3740,$);
#3738=IFCRELASSOCIATESMATERIAL('1YGFK1PCPF$wlFApmUnkhd',#3,$,$,(#3737),#65);
#3739=IFCLOCALPLACEMENT($,#3741);
#3740=IFCPRODUCTDEFINITIONSHAPE($,$,(#3742));
#3741=IFCAXIS2PLACEMENT3D(#3571,#2481,#2482);
#3742=IFCSHAPEREPRESENTATION(#9,'Body','SweptSolid',(#3743));
#3743=IFCEXTRUDEDAREASOLID(#445,#14,#37,1.1846530E+000);
#3744=IFCMEMBER('3m2kFPD75CPhWkCPuwYV3F',#62,'339',$,$,#3746,#3747,$);
#3745=IFCRELASSOCIATESMATERIAL('0Qrzhg9yX9lgYutvxW8pKp',#3,$,$,(#3744),#65);
#3746=IFCLOCALPLACEMENT($,#3748);
#3747=IFCPRODUCTDEFINITIONSHAPE($,$,(#3749));
#3748=IFCAXIS2PLACEMENT3D(#570,#2490,#2491);
#3749=IFCSHAPEREPRESENTATION(#9,'Body','SweptSolid',(#3750));
#3750=IFCEXTRUDEDAREASOLID(#445,#14,#37,1.1609682E+000);
#3751=IFCMEMBER('18FIqSTwn0TRoZMhPB2qdt',#62,'342',$,$,#3753,#3754,$);
#3752=IFCRELASSOCIATESMATERIAL('07aIXQXd11_AklBEDGXBd1',#3,$,$,(#3751),#65);
#3753=IFCLOCALPLACEMENT($,#3755);
#3754=IFCPRODUCTDEFINITIONSHAPE($,$,(#3756));
#3755=IFCAXIS2PLACEMENT3D(#3075,#2499,#2500);
#3756=IFCSHAPEREPRESENTATION(#9,'Body','SweptSolid',(#3757));
#3757=IFCEXTRUDEDAREASOLID(#445,#14,#37,1.6107495E+000);
#3758=IFCMEMBER('3FV2qIR4L9kBYL6L4OQLIY',#62,'343',$,$,#3760,#3761,$);
#3759=IFCRELASSOCIATESMATERIAL('3qDlnwrljDTuzrhEGuQ5ah',#3,$,$,(#3758),#65);
#3760=IFCLOCALPLACEMENT($,#3762);
#3761=IFCPRODUCTDEFINITIONSHAPE($,$,(#3763));
#3762=IFCAXIS2PLACEMENT3D(#3115,#3764,#2509);
#3763=IFCSHAPEREPRESENTATION(#9,'Body','SweptSolid',(#3765));
#3764=IFCDIRECTION((-1.0533759E-002,-8.5323449E-001,5.2142108E-001));
#3765=IFCEXTRUDEDAREASOLID(#445,#14,#37,1.5822145E+000);
#3766=IFCMEMBER('0881AEMnnA4euHJOGwJ4y4',#62,'344',$,$,#3768,#3769,$);
#3767=IFCRELASSOCIATESMATERIAL('0KXyC4PdTA9PkLWr1M84IT',#3,$,$,(#3766),#65);
#3768=IFCLOCALPLACEMENT($,#3770);
#3769=IFCPRODUCTDEFINITIONSHAPE($,$,(#3771));
#3770=IFCAXIS2PLACEMENT3D(#3139,#2517,#2500);
#3771=IFCSHAPEREPRESENTATION(#9,'Body','SweptSolid',(#3772));
#3772=IFCEXTRUDEDAREASOLID(#445,#14,#37,1.5538706E+000);
#3773=IFCMEMBER('3qnNPN1RfDfgjd7IzRPK9o',#62,'345',$,$,#3775,#3776,$);
#3774=IFCRELASSOCIATESMATERIAL('0naY$drtX94uEQ74eieiob',#3,$,$,(#3773),#65);
#3775=IFCLOCALPLACEMENT($,#3777);
#3776=IFCPRODUCTDEFINITIONSHAPE($,$,(#3778));
#3777=IFCAXIS2PLACEMENT3D(#3179,#3779,#2509);
#3778=IFCSHAPEREPRESENTATION(#9,'Body','SweptSolid',(#3780));
#3779=IFCDIRECTION((-1.0923744E-002,-8.4112829E-001,5.4072533E-001));
#3780=IFCEXTRUDEDAREASOLID(#445,#14,#37,1.5257284E+000);
#3781=IFCMEMBER('2sOD54Kzv3R9s9alIE$bkM',#62,'346',$,$,#3783,#3784,$);
#3782=IFCRELASSOCIATESMATERIAL('2yFYC9gVT2D99Pvbjf3Bvt',#3,$,$,(#3781),#65);
#3783=IFCLOCALPLACEMENT($,#3785);
#3784=IFCPRODUCTDEFINITIONSHAPE($,$,(#3786));
#3785=IFCAXIS2PLACEMENT3D(#3203,#2533,#2534);
#3786=IFCSHAPEREPRESENTATION(#9,'Body','SweptSolid',(#3787));
#3787=IFCEXTRUDEDAREASOLID(#445,#14,#37,1.4977993E+000);
#3788=IFCMEMBER('33Gnt4eub7hw6XZbqb0GT8',#62,'347',$,$,#3790,#3791,$);
#3789=IFCRELASSOCIATESMATERIAL('0axiuH12H0cen6Q7Gh$3Bf',#3,$,$,(#3788),#65);
#3790=IFCLOCALPLACEMENT($,#3792);
#3791=IFCPRODUCTDEFINITIONSHAPE($,$,(#3793));
#3792=IFCAXIS2PLACEMENT3D(#3243,#2542,#2543);
#3793=IFCSHAPEREPRESENTATION(#9,'Body','SweptSolid',(#3794));
#3794=IFCEXTRUDEDAREASOLID(#445,#14,#37,1.4700954E+000);
#3795=IFCMEMBER('3TjRuiRzj339iuK59dJiw4',#62,'348',$,$,#3797,#3798,$);
#3796=IFCRELASSOCIATESMATERIAL('3JEIw1LF97Kesbs7FPkXj_',#3,$,$,(#3795),#65);
#3797=IFCLOCALPLACEMENT($,#3799);
#3798=IFCPRODUCTDEFINITIONSHAPE($,$,(#3800));
#3799=IFCAXIS2PLACEMENT3D(#3267,#2551,#2568);
#3800=IFCSHAPEREPRESENTATION(#9,'Body','SweptSolid',(#3801));
#3801=IFCEXTRUDEDAREASOLID(#445,#14,#37,1.4426297E+000);
#3802=IFCMEMBER('3vBvLZsPrD2Bawrgt9SyFg',#62,'349',$,$,#3804,#3805,$);
#3803=IFCRELASSOCIATESMATERIAL('20AsDUuJT349LcuXc3dkff',#3,$,$,(#3802),#65);
#3804=IFCLOCALPLACEMENT($,#3806);
#3805=IFCPRODUCTDEFINITIONSHAPE($,$,(#3807));
#3806=IFCAXIS2PLACEMENT3D(#1695,#2559,#2577);
#3807=IFCSHAPEREPRESENTATION(#9,'Body','SweptSolid',(#3808));
#3808=IFCEXTRUDEDAREASOLID(#445,#14,#37,1.4154161E+000);
#3809=IFCMEMBER('0C_dLBNuHDBv6Clk9O4dCh',#62,'350',$,$,#3811,#3812,$);
#3810=IFCRELASSOCIATESMATERIAL('1z5yWHrCvDJQmbYcLHh4gQ',#3,$,$,(#3809),#65);
#3811=IFCLOCALPLACEMENT($,#3813);
#3812=IFCPRODUCTDEFINITIONSHAPE($,$,(#3814));
#3813=IFCAXIS2PLACEMENT3D(#3327,#2567,#2568);
#3814=IFCSHAPEREPRESENTATION(#9,'Body','SweptSolid',(#3815));
#3815=IFCEXTRUDEDAREASOLID(#445,#14,#37,1.3884694E+000);
#3816=IFCMEMBER('316DLmriX2_hRobdFuaCZ0',#62,'351',$,$,#3818,#3819,$);
#3817=IFCRELASSOCIATESMATERIAL('195r2SLLDDexi8m3_qa9PY',#3,$,$,(#3816),#65);
#3818=IFCLOCALPLACEMENT($,#3820);
#3819=IFCPRODUCTDEFINITIONSHAPE($,$,(#3821));
#3820=IFCAXIS2PLACEMENT3D(#3367,#2576,#2577);
#3821=IFCSHAPEREPRESENTATION(#9,'Body','SweptSolid',(#3822));
#3822=IFCEXTRUDEDAREASOLID(#445,#14,#37,1.3618054E+000);
#3823=IFCMEMBER('2ph5liAY15Zg0Uq970lmuS',#62,'352',$,$,#3825,#3826,$);
#3824=IFCRELASSOCIATESMATERIAL('0lLhDdP6P30e_ufB493Hk6',#3,$,$,(#3823),#65);
#3825=IFCLOCALPLACEMENT($,#3827);
#3826=IFCPRODUCTDEFINITIONSHAPE($,$,(#3828));
#3827=IFCAXIS2PLACEMENT3D(#3391,#2585,#2568);
#3828=IFCSHAPEREPRESENTATION(#9,'Body','SweptSolid',(#3829));
#3829=IFCEXTRUDEDAREASOLID(#445,#14,#37,1.3354410E+000);
#3830=IFCMEMBER('3hutGnsAr6GQzbZEIpjyS7',#62,'353',$,$,#3832,#3833,$);
#3831=IFCRELASSOCIATESMATERIAL('2S9ptVrNr3cAfhZUPlOonN',#3,$,$,(#3830),#65);
#3832=IFCLOCALPLACEMENT($,#3834);
#3833=IFCPRODUCTDEFINITIONSHAPE($,$,(#3835));
#3834=IFCAXIS2PLACEMENT3D(#3431,#2593,#2594);
#3835=IFCSHAPEREPRESENTATION(#9,'Body','SweptSolid',(#3836));
#3836=IFCEXTRUDEDAREASOLID(#445,#14,#37,1.3093945E+000);
#3837=IFCMEMBER('3udxhkP89CR8tzM5cgsQOS',#62,'354',$,$,#3839,#3840,$);
#3838=IFCRELASSOCIATESMATERIAL('2RBy3OVOP9d9ZFQ5cTTehC',#3,$,$,(#3837),#65);
#3839=IFCLOCALPLACEMENT($,#3841);
#3840=IFCPRODUCTDEFINITIONSHAPE($,$,(#3842));
#3841=IFCAXIS2PLACEMENT3D(#3455,#2602,#2603);
#3842=IFCSHAPEREPRESENTATION(#9,'Body','SweptSolid',(#3843));
#3843=IFCEXTRUDEDAREASOLID(#445,#14,#37,1.2836850E+000);
#3844=IFCMEMBER('2nhQDVaXnFoOhYYgdpfwor',#62,'355',$,$,#3846,#3847,$);
#3845=IFCRELASSOCIATESMATERIAL('1CZeStnzbFFh3f2Brj604C',#3,$,$,(#3844),#65);
#3846=IFCLOCALPLACEMENT($,#3848);
#3847=IFCPRODUCTDEFINITIONSHAPE($,$,(#3849));
#3848=IFCAXIS2PLACEMENT3D(#3495,#2611,#2612);
#3849=IFCSHAPEREPRESENTATION(#9,'Body','SweptSolid',(#3850));
#3850=IFCEXTRUDEDAREASOLID(#445,#14,#37,1.2583333E+000);
#3851=IFCMEMBER('3nx$VJYI5D0x8Jv2zoytrs',#62,'356',$,$,#3853,#3854,$);
#3852=IFCRELASSOCIATESMATERIAL('1Dr2tBQuf14eWy12AG8MuT',#3,$,$,(#3851),#65);
#3853=IFCLOCALPLACEMENT($,#3855);
#3854=IFCPRODUCTDEFINITIONSHAPE($,$,(#3856));
#3855=IFCAXIS2PLACEMENT3D(#372,#2620,#2621);
#3856=IFCSHAPEREPRESENTATION(#9,'Body','SweptSolid',(#3857));
#3857=IFCEXTRUDEDAREASOLID(#445,#14,#37,1.2333615E+000);
#3858=IFCMEMBER('2JezrPT$P3C9fuBt7FQL4$',#62,'357',$,$,#3860,#3861,$);
#3859=IFCRELASSOCIATESMATERIAL('3QRi2Ddnj6gf74X_sDNCTs',#3,$,$,(#3858),#65);
#3860=IFCLOCALPLACEMENT($,#3862);
#3861=IFCPRODUCTDEFINITIONSHAPE($,$,(#3863));
#3862=IFCAXIS2PLACEMENT3D(#3555,#2629,#2630);
#3863=IFCSHAPEREPRESENTATION(#9,'Body','SweptSolid',(#3864));
#3864=IFCEXTRUDEDAREASOLID(#445,#14,#37,1.2087930E+000);
#3865=IFCMEMBER('0zj8SLZNL9vewm6QZUXs$9',#62,'358',$,$,#3867,#3868,$);
#3866=IFCRELASSOCIATESMATERIAL('2NCRtUkOX6YBKA10ZsHfL0',#3,$,$,(#3865),#65);
#3867=IFCLOCALPLACEMENT($,#3869);
#3868=IFCPRODUCTDEFINITIONSHAPE($,$,(#3870));
#3869=IFCAXIS2PLACEMENT3D(#3586,#2638,#2639);
#3870=IFCSHAPEREPRESENTATION(#9,'Body','SweptSolid',(#3871));
#3871=IFCEXTRUDEDAREASOLID(#445,#14,#37,1.1846530E+000);
#3872=IFCMEMBER('23GD62imzA982OT9nl52xI',#62,'359',$,$,#3874,#3875,$);
#3873=IFCRELASSOCIATESMATERIAL('2tMKBMymX5Swwyi1tUhm10',#3,$,$,(#3872),#65);
#3874=IFCLOCALPLACEMENT($,#3876);
#3875=IFCPRODUCTDEFINITIONSHAPE($,$,(#3877));
#3876=IFCAXIS2PLACEMENT3D(#586,#2647,#2648);
#3877=IFCSHAPEREPRESENTATION(#9,'Body','SweptSolid',(#3878));
#3878=IFCEXTRUDEDAREASOLID(#445,#14,#37,1.1609682E+000);
#3879=IFCMEMBER('0wJUMcbVb6WhnEmxKMBemh',#62,'362',$,$,#3881,#3882,$);
#3880=IFCRELASSOCIATESMATERIAL('0h6_O65m9Bjg1SOkXhELTu',#3,$,$,(#3879),#65);
#3881=IFCLOCALPLACEMENT($,#3883);
#3882=IFCPRODUCTDEFINITIONSHAPE($,$,(#3884));
#3883=IFCAXIS2PLACEMENT3D(#3083,#2656,#2657);
#3884=IFCSHAPEREPRESENTATION(#9,'Body','SweptSolid',(#3885));
#3885=IFCEXTRUDEDAREASOLID(#445,#14,#37,1.6107495E+000);
#3886=IFCMEMBER('0pxwzQy9LDXP5lix_WUokA',#62,'363',$,$,#3888,#3889,$);
#3887=IFCRELASSOCIATESMATERIAL('1WqDRzm2LBmR4nYVrVEx05',#3,$,$,(#3886),#65);
#3888=IFCLOCALPLACEMENT($,#3890);
#3889=IFCPRODUCTDEFINITIONSHAPE($,$,(#3891));
#3890=IFCAXIS2PLACEMENT3D(#3123,#2665,#2666);
#3891=IFCSHAPEREPRESENTATION(#9,'Body','SweptSolid',(#3892));
#3892=IFCEXTRUDEDAREASOLID(#445,#14,#37,1.5822145E+000);
#3893=IFCMEMBER('024u4tEgvEx9IoCHuytHQC',#62,'364',$,$,#3895,#3896,$);
#3894=IFCRELASSOCIATESMATERIAL('0uTay0VKn9qBjmo3OF$KzT',#3,$,$,(#3893),#65);
#3895=IFCLOCALPLACEMENT($,#3897);
#3896=IFCPRODUCTDEFINITIONSHAPE($,$,(#3898));
#3897=IFCAXIS2PLACEMENT3D(#3147,#2674,#2691);
#3898=IFCSHAPEREPRESENTATION(#9,'Body','SweptSolid',(#3899));
#3899=IFCEXTRUDEDAREASOLID(#445,#14,#37,1.5538706E+000);
#3900=IFCMEMBER('29QBEkekPFPveScX2N9ooi',#62,'365',$,$,#3902,#3903,$);
#3901=IFCRELASSOCIATESMATERIAL('0XGEaA0rP1ZQGypIaD2ase',#3,$,$,(#3900),#65);
#3902=IFCLOCALPLACEMENT($,#3904);
#3903=IFCPRODUCTDEFINITIONSHAPE($,$,(#3905));
#3904=IFCAXIS2PLACEMENT3D(#3187,#2682,#2666);
#3905=IFCSHAPEREPRESENTATION(#9,'Body','SweptSolid',(#3906));
#3906=IFCEXTRUDEDAREASOLID(#445,#14,#37,1.5257284E+000);
#3907=IFCMEMBER('1v8VzW7VPE7RB_A1z6TbYG',#62,'366',$,$,#3909,#3910,$);
#3908=IFCRELASSOCIATESMATERIAL('2OZspzmVHBy8L_arrxQ1Mz',#3,$,$,(#3907),#65);
#3909=IFCLOCALPLACEMENT($,#3911);
#3910=IFCPRODUCTDEFINITIONSHAPE($,$,(#3912));
#3911=IFCAXIS2PLACEMENT3D(#3211,#2690,#2691);
#3912=IFCSHAPEREPRESENTATION(#9,'Body','SweptSolid',(#3913));
#3913=IFCEXTRUDEDAREASOLID(#445,#14,#37,1.4977993E+000);
#3914=IFCMEMBER('2OMOAHAubDaRcSQ79xcRYB',#62,'367',$,$,#3916,#3917,$);
#3915=IFCRELASSOCIATESMATERIAL('2roawIft58FBfPhnEIsV8H',#3,$,$,(#3914),#65);
#3916=IFCLOCALPLACEMENT($,#3918);
#3917=IFCPRODUCTDEFINITIONSHAPE($,$,(#3919));
#3918=IFCAXIS2PLACEMENT3D(#3251,#2699,#2700);
#3919=IFCSHAPEREPRESENTATION(#9,'Body','SweptSolid',(#3920));
#3920=IFCEXTRUDEDAREASOLID(#445,#14,#37,1.4700954E+000);
#3921=IFCMEMBER('3XDO4K2q12HuR68vJTOfNh',#62,'368',$,$,#3923,#3924,$);
#3922=IFCRELASSOCIATESMATERIAL('3iUUd1KDj2geK0joxNVZQj',#3,$,$,(#3921),#65);
#3923=IFCLOCALPLACEMENT($,#3925);
#3924=IFCPRODUCTDEFINITIONSHAPE($,$,(#3926));
#3925=IFCAXIS2PLACEMENT3D(#3275,#2708,#2709);
#3926=IFCSHAPEREPRESENTATION(#9,'Body','SweptSolid',(#3927));
#3927=IFCEXTRUDEDAREASOLID(#445,#14,#37,1.4426297E+000);
#3928=IFCMEMBER('1YL45FRdjD$gdoQpGDBNgp',#62,'369',$,$,#3930,#3931,$);
#3929=IFCRELASSOCIATESMATERIAL('21E_K60q50UxVJiCvjArnz',#3,$,$,(#3928),#65);
#3930=IFCLOCALPLACEMENT($,#3932);
#3931=IFCPRODUCTDEFINITIONSHAPE($,$,(#3933));
#3932=IFCAXIS2PLACEMENT3D(#1703,#2717,#2735);
#3933=IFCSHAPEREPRESENTATION(#9,'Body','SweptSolid',(#3934));
#3934=IFCEXTRUDEDAREASOLID(#445,#14,#37,1.4154161E+000);
#3935=IFCMEMBER('0bofs_HmPANOkSkRSbg2vR',#62,'370',$,$,#3937,#3938,$);
#3936=IFCRELASSOCIATESMATERIAL('3gzck67i5DtOj0fPN6MgBZ',#3,$,$,(#3935),#65);
#3937=IFCLOCALPLACEMENT($,#3939);
#3938=IFCPRODUCTDEFINITIONSHAPE($,$,(#3940));
#3939=IFCAXIS2PLACEMENT3D(#3335,#2725,#2726);
#3940=IFCSHAPEREPRESENTATION(#9,'Body','SweptSolid',(#3941));
#3941=IFCEXTRUDEDAREASOLID(#445,#14,#37,1.3884694E+000);
#3942=IFCMEMBER('2BgFuBtYL2rgIZHJHlIZdz',#62,'371',$,$,#3944,#3945,$);
#3943=IFCRELASSOCIATESMATERIAL('35SB1oWAb3bhYxTXvanDWs',#3,$,$,(#3942),#65);
#3944=IFCLOCALPLACEMENT($,#3946);
#3945=IFCPRODUCTDEFINITIONSHAPE($,$,(#3947));
#3946=IFCAXIS2PLACEMENT3D(#3375,#2734,#2735);
#3947=IFCSHAPEREPRESENTATION(#9,'Body','SweptSolid',(#3948));
#3948=IFCEXTRUDEDAREASOLID(#445,#14,#37,1.3618054E+000);
#3949=IFCMEMBER('2dk9c3PXX9tOIjp7UpiPiB',#62,'372',$,$,#3951,#3952,$);
#3950=IFCRELASSOCIATESMATERIAL('0NzFJspl57i8YAwzsPlM3s',#3,$,$,(#3949),#65);
#3951=IFCLOCALPLACEMENT($,#3953);
#3952=IFCPRODUCTDEFINITIONSHAPE($,$,(#3954));
#3953=IFCAXIS2PLACEMENT3D(#3399,#2743,#2726);
#3954=IFCSHAPEREPRESENTATION(#9,'Body','SweptSolid',(#3955));
#3955=IFCEXTRUDEDAREASOLID(#445,#14,#37,1.3354410E+000);
#3956=IFCMEMBER('0UscqPpmHAyQcQ7nHEQLAg',#62,'373',$,$,#3958,#3959,$);
#3957=IFCRELASSOCIATESMATERIAL('3NPGpLmaX54xeNPJkJbY$K',#3,$,$,(#3956),#65);
#3958=IFCLOCALPLACEMENT($,#3960);
#3959=IFCPRODUCTDEFINITIONSHAPE($,$,(#3961));
#3960=IFCAXIS2PLACEMENT3D(#3439,#2751,#2752);
#3961=IFCSHAPEREPRESENTATION(#9,'Body','SweptSolid',(#3962));
#3962=IFCEXTRUDEDAREASOLID(#445,#14,#37,1.3093945E+000);
#3963=IFCMEMBER('1K20SPiLb6qxxLdFfQbjTD',#62,'374',$,$,#3965,#3966,$);
#3964=IFCRELASSOCIATESMATERIAL('0pwCij$_r1pPrIKCLpgKmj',#3,$,$,(#3963),#65);
#3965=IFCLOCALPLACEMENT($,#3967);
#3966=IFCPRODUCTDEFINITIONSHAPE($,$,(#3968));
#3967=IFCAXIS2PLACEMENT3D(#3463,#2760,#2761);
#3968=IFCSHAPEREPRESENTATION(#9,'Body','SweptSolid',(#3969));
#3969=IFCEXTRUDEDAREASOLID(#445,#14,#37,1.2836850E+000);
#3970=IFCMEMBER('1jNUS2wHf429lS91_omVrS',#62,'375',$,$,#3972,#3973,$);
#3971=IFCRELASSOCIATESMATERIAL('3oqb02dpjCEvijSGeT4kTS',#3,$,$,(#3970),#65);
#3972=IFCLOCALPLACEMENT($,#3974);
#3973=IFCPRODUCTDEFINITIONSHAPE($,$,(#3975));
#3974=IFCAXIS2PLACEMENT3D(#3503,#2769,#2770);
#3975=IFCSHAPEREPRESENTATION(#9,'Body','SweptSolid',(#3976));
#3976=IFCEXTRUDEDAREASOLID(#445,#14,#37,1.2583333E+000);
#3977=IFCMEMBER('35$OvwzuHAwuGxKQvDpf5_',#62,'376',$,$,#3979,#3980,$);
#3978=IFCRELASSOCIATESMATERIAL('2l2cD1N0f4jBQL04PRf2A9',#3,$,$,(#3977),#65);
#3979=IFCLOCALPLACEMENT($,#3981);
#3980=IFCPRODUCTDEFINITIONSHAPE($,$,(#3982));
#3981=IFCAXIS2PLACEMENT3D(#380,#2778,#2779);
#3982=IFCSHAPEREPRESENTATION(#9,'Body','SweptSolid',(#3983));
#3983=IFCEXTRUDEDAREASOLID(#445,#14,#37,1.2333615E+000);
#3984=IFCMEMBER('2szlPUwwTE6gvKznd01yeL',#62,'377',$,$,#3986,#3987,$);
#3985=IFCRELASSOCIATESMATERIAL('0EqV2hHsP3KQo0lJGTkpZT',#3,$,$,(#3984),#65);
#3986=IFCLOCALPLACEMENT($,#3988);
#3987=IFCPRODUCTDEFINITIONSHAPE($,$,(#3989));
#3988=IFCAXIS2PLACEMENT3D(#3563,#2787,#2788);
#3989=IFCSHAPEREPRESENTATION(#9,'Body','SweptSolid',(#3990));
#3990=IFCEXTRUDEDAREASOLID(#445,#14,#37,1.2087930E+000);
#3991=IFCMEMBER('1Udsz5scnAvg7c39JeUubU',#62,'378',$,$,#3993,#3994,$);
#3992=IFCRELASSOCIATESMATERIAL('0N7dMsE9X8NPaXt8C5uIe8',#3,$,$,(#3991),#65);
#3993=IFCLOCALPLACEMENT($,#3995);
#3994=IFCPRODUCTDEFINITIONSHAPE($,$,(#3996));
#3995=IFCAXIS2PLACEMENT3D(#3601,#2796,#2797);
#3996=IFCSHAPEREPRESENTATION(#9,'Body','SweptSolid',(#3997));
#3997=IFCEXTRUDEDAREASOLID(#445,#14,#37,1.1846530E+000);
#3998=IFCMEMBER('0LTEpUcvb6Wf9GUrphhpES',#62,'379',$,$,#4000,#4001,$);
#3999=IFCRELASSOCIATESMATERIAL('3gGo8235fB5BYm3A_6BZqc',#3,$,$,(#3998),#65);
#4000=IFCLOCALPLACEMENT($,#4002);
#4001=IFCPRODUCTDEFINITIONSHAPE($,$,(#4003));
#4002=IFCAXIS2PLACEMENT3D(#602,#2805,#2806);
#4003=IFCSHAPEREPRESENTATION(#9,'Body','SweptSolid',(#4004));
#4004=IFCEXTRUDEDAREASOLID(#445,#14,#37,1.1609682E+000);
#4005=IFCMEMBER('1QUopSaZf59OstrxZq0pUk',#62,'382',$,$,#4007,#4008,$);
#4006=IFCRELASSOCIATESMATERIAL('0X8_sXjC1FbAAEXKn0Ep40',#3,$,$,(#4005),#65);
#4007=IFCLOCALPLACEMENT($,#4009);
#4008=IFCPRODUCTDEFINITIONSHAPE($,$,(#4010));
#4009=IFCAXIS2PLACEMENT3D(#3091,#2814,#2815);
#4010=IFCSHAPEREPRESENTATION(#9,'Body','SweptSolid',(#4011));
#4011=IFCEXTRUDEDAREASOLID(#445,#14,#37,1.6107495E+000);
#4012=IFCMEMBER('1NV4w2XAn8afO$KiVO1Ms3',#62,'383',$,$,#4014,#4015,$);
#4013=IFCRELASSOCIATESMATERIAL('0Q6QqxZsv5r8gwjITU7AvR',#3,$,$,(#4012),#65);
#4014=IFCLOCALPLACEMENT($,#4016);
#4015=IFCPRODUCTDEFINITIONSHAPE($,$,(#4017));
#4016=IFCAXIS2PLACEMENT3D(#3099,#4018,#2824);
#4017=IFCSHAPEREPRESENTATION(#9,'Body','SweptSolid',(#4019));
#4018=IFCDIRECTION((1.0533759E-002,8.5323449E-001,5.2142108E-001));
#4019=IFCEXTRUDEDAREASOLID(#445,#14,#37,1.5822145E+000);
#4020=IFCMEMBER('2Vm1wdfMfBNBGgPsbDau6H',#62,'384',$,$,#4022,#4023,$);
#4021=IFCRELASSOCIATESMATERIAL('3jgatmO1TElxdCFoyIQYku',#3,$,$,(#4020),#65);
#4022=IFCLOCALPLACEMENT($,#4024);
#4023=IFCPRODUCTDEFINITIONSHAPE($,$,(#4025));
#4024=IFCAXIS2PLACEMENT3D(#3155,#2832,#2815);
#4025=IFCSHAPEREPRESENTATION(#9,'Body','SweptSolid',(#4026));
#4026=IFCEXTRUDEDAREASOLID(#445,#14,#37,1.5538706E+000);
#4027=IFCMEMBER('0OiqX_x2nAbgVgUDDfZP4F',#62,'385',$,$,#4029,#4030,$);
#4028=IFCRELASSOCIATESMATERIAL('01Y9vPn8L7d8NlsFKy7Cmo',#3,$,$,(#4027),#65);
#4029=IFCLOCALPLACEMENT($,#4031);
#4030=IFCPRODUCTDEFINITIONSHAPE($,$,(#4032));
#4031=IFCAXIS2PLACEMENT3D(#3163,#4033,#2824);
#4032=IFCSHAPEREPRESENTATION(#9,'Body','SweptSolid',(#4034));
#4033=IFCDIRECTION((1.0923744E-002,8.4112829E-001,5.4072533E-001));
#4034=IFCEXTRUDEDAREASOLID(#445,#14,#37,1.5257284E+000);
#4035=IFCMEMBER('0P0lhWepj2SvDq9SvlGIk3',#62,'386',$,$,#4037,#4038,$);
#4036=IFCRELASSOCIATESMATERIAL('1VcNVEo1X4_xYfe26oNtqM',#3,$,$,(#4035),#65);
#4037=IFCLOCALPLACEMENT($,#4039);
#4038=IFCPRODUCTDEFINITIONSHAPE($,$,(#4040));
#4039=IFCAXIS2PLACEMENT3D(#3219,#2848,#2849);
#4040=IFCSHAPEREPRESENTATION(#9,'Body','SweptSolid',(#4041));
#4041=IFCEXTRUDEDAREASOLID(#445,#14,#37,1.4977993E+000);
#4042=IFCMEMBER('3xTBgE2Ej0keOOkROT6k6x',#62,'387',$,$,#4044,#4045,$);
#4043=IFCRELASSOCIATESMATERIAL('0zv9iICRr92gZf968iWE_Y',#3,$,$,(#4042),#65);
#4044=IFCLOCALPLACEMENT($,#4046);
#4045=IFCPRODUCTDEFINITIONSHAPE($,$,(#4047));
#4046=IFCAXIS2PLACEMENT3D(#3227,#2857,#2858);
#4047=IFCSHAPEREPRESENTATION(#9,'Body','SweptSolid',(#4048));
#4048=IFCEXTRUDEDAREASOLID(#445,#14,#37,1.4700954E+000);
#4049=IFCMEMBER('2vk6qIUxjCOA1AEKNgx5Zr',#62,'388',$,$,#4051,#4052,$);
#4050=IFCRELASSOCIATESMATERIAL('2FbHm7fpDCThUnwwbGD4JF',#3,$,$,(#4049),#65);
#4051=IFCLOCALPLACEMENT($,#4053);
#4052=IFCPRODUCTDEFINITIONSHAPE($,$,(#4054));
#4053=IFCAXIS2PLACEMENT3D(#3283,#2866,#2883);
#4054=IFCSHAPEREPRESENTATION(#9,'Body','SweptSolid',(#4055));
#4055=IFCEXTRUDEDAREASOLID(#445,#14,#37,1.4426297E+000);
#4056=IFCMEMBER('3NayGb1VnAbhq8FcwGy1Lj',#62,'389',$,$,#4058,#4059,$);
#4057=IFCRELASSOCIATESMATERIAL('0W6o$aTEj4HuWu4Vv4k$VH',#3,$,$,(#4056),#65);
#4058=IFCLOCALPLACEMENT($,#4060);
#4059=IFCPRODUCTDEFINITIONSHAPE($,$,(#4061));
#4060=IFCAXIS2PLACEMENT3D(#1679,#2874,#2892);
#4061=IFCSHAPEREPRESENTATION(#9,'Body','SweptSolid',(#4062));
#4062=IFCEXTRUDEDAREASOLID(#445,#14,#37,1.4154161E+000);
#4063=IFCMEMBER('07dAJt8ZvFUwUEcst2LRX_',#62,'390',$,$,#4065,#4066,$);
#4064=IFCRELASSOCIATESMATERIAL('1j3ItCZpPBR9TzoYoKCA45',#3,$,$,(#4063),#65);
#4065=IFCLOCALPLACEMENT($,#4067);
#4066=IFCPRODUCTDEFINITIONSHAPE($,$,(#4068));
#4067=IFCAXIS2PLACEMENT3D(#3343,#2882,#2883);
#4068=IFCSHAPEREPRESENTATION(#9,'Body','SweptSolid',(#4069));
#4069=IFCEXTRUDEDAREASOLID(#445,#14,#37,1.3884694E+000);
#4070=IFCMEMBER('0dismz9D90Nh$MA_xQAP97',#62,'391',$,$,#4072,#4073,$);
#4071=IFCRELASSOCIATESMATERIAL('2gpa6Cp3j1jvTqN3ZG3PMV',#3,$,$,(#4070),#65);
#4072=IFCLOCALPLACEMENT($,#4074);
#4073=IFCPRODUCTDEFINITIONSHAPE($,$,(#4075));
#4074=IFCAXIS2PLACEMENT3D(#3351,#2891,#2892);
#4075=IFCSHAPEREPRESENTATION(#9,'Body','SweptSolid',(#4076));
#4076=IFCEXTRUDEDAREASOLID(#445,#14,#37,1.3618054E+000);
#4077=IFCMEMBER('3xslqVTEP14haeGCHtt2N8',#62,'392',$,$,#4079,#4080,$);
#4078=IFCRELASSOCIATESMATERIAL('3RPvmdadP0ZvN_Lcrknw8N',#3,$,$,(#4077),#65);
#4079=IFCLOCALPLACEMENT($,#4081);
#4080=IFCPRODUCTDEFINITIONSHAPE($,$,(#4082));
#4081=IFCAXIS2PLACEMENT3D(#3407,#2900,#2883);
#4082=IFCSHAPEREPRESENTATION(#9,'Body','SweptSolid',(#4083));
#4083=IFCEXTRUDEDAREASOLID(#445,#14,#37,1.3354410E+000);
#4084=IFCMEMBER('1e4oZwgd14ZPK5jL0yLf6$',#62,'393',$,$,#4086,#4087,$);
#4085=IFCRELASSOCIATESMATERIAL('35d46QOUrEhOh_Mva$O03V',#3,$,$,(#4084),#65);
#4086=IFCLOCALPLACEMENT($,#4088);
#4087=IFCPRODUCTDEFINITIONSHAPE($,$,(#4089));
#4088=IFCAXIS2PLACEMENT3D(#3415,#2908,#2909);
#4089=IFCSHAPEREPRESENTATION(#9,'Body','SweptSolid',(#4090));
#4090=IFCEXTRUDEDAREASOLID(#445,#14,#37,1.3093945E+000);
#4091=IFCMEMBER('2FvhJZYrT49usmnvJ3Dmdt',#62,'394',$,$,#4093,#4094,$);
#4092=IFCRELASSOCIATESMATERIAL('2OIT7mS2PCE81R7qlro0nP',#3,$,$,(#4091),#65);
#4093=IFCLOCALPLACEMENT($,#4095);
#4094=IFCPRODUCTDEFINITIONSHAPE($,$,(#4096));
#4095=IFCAXIS2PLACEMENT3D(#3471,#2917,#2918);
#4096=IFCSHAPEREPRESENTATION(#9,'Body','SweptSolid',(#4097));
#4097=IFCEXTRUDEDAREASOLID(#445,#14,#37,1.2836850E+000);
#4098=IFCMEMBER('1Cr$vTi018vRAaDfduCIYX',#62,'395',$,$,#4100,#4101,$);
#4099=IFCRELASSOCIATESMATERIAL('2S00CTA9r4NRUFGm9CmbCm',#3,$,$,(#4098),#65);
#4100=IFCLOCALPLACEMENT($,#4102);
#4101=IFCPRODUCTDEFINITIONSHAPE($,$,(#4103));
#4102=IFCAXIS2PLACEMENT3D(#3479,#2926,#2927);
#4103=IFCSHAPEREPRESENTATION(#9,'Body','SweptSolid',(#4104));
#4104=IFCEXTRUDEDAREASOLID(#445,#14,#37,1.2583333E+000);
#4105=IFCMEMBER('2R5_qMb9L8veFpN1axQB6g',#62,'396',$,$,#4107,#4108,$);
#4106=IFCRELASSOCIATESMATERIAL('3QrHcqxb162e_RnGN1pWvE',#3,$,$,(#4105),#65);
#4107=IFCLOCALPLACEMENT($,#4109);
#4108=IFCPRODUCTDEFINITIONSHAPE($,$,(#4110));
#4109=IFCAXIS2PLACEMENT3D(#356,#2935,#2936);
#4110=IFCSHAPEREPRESENTATION(#9,'Body','SweptSolid',(#4111));
#4111=IFCEXTRUDEDAREASOLID(#445,#14,#37,1.2333615E+000);
#4112=IFCMEMBER('1pbEH9dz94hxCjo345m5Lt',#62,'397',$,$,#4114,#4115,$);
#4113=IFCRELASSOCIATESMATERIAL('3jZ3ehsf97IfToqkm$9WSd',#3,$,$,(#4112),#65);
#4114=IFCLOCALPLACEMENT($,#4116);
#4115=IFCPRODUCTDEFINITIONSHAPE($,$,(#4117));
#4116=IFCAXIS2PLACEMENT3D(#3539,#2944,#2945);
#4117=IFCSHAPEREPRESENTATION(#9,'Body','SweptSolid',(#4118));
#4118=IFCEXTRUDEDAREASOLID(#445,#14,#37,1.2087930E+000);
#4119=IFCMEMBER('2Sq5P7q6j1dhe9d3EiwgVR',#62,'398',$,$,#4121,#4122,$);
#4120=IFCRELASSOCIATESMATERIAL('2A3Oxww218Og0Uv2EyAmDQ',#3,$,$,(#4119),#65);
#4121=IFCLOCALPLACEMENT($,#4123);
#4122=IFCPRODUCTDEFINITIONSHAPE($,$,(#4124));
#4123=IFCAXIS2PLACEMENT3D(#3616,#2953,#2954);
#4124=IFCSHAPEREPRESENTATION(#9,'Body','SweptSolid',(#4125));
#4125=IFCEXTRUDEDAREASOLID(#445,#14,#37,1.1846530E+000);
#4126=IFCMEMBER('1dMhIdqYH4QgTC5XUnyuEW',#62,'399',$,$,#4128,#4129,$);
#4127=IFCRELASSOCIATESMATERIAL('2DjliCFlz9IBuZz4pW3xCq',#3,$,$,(#4126),#65);
#4128=IFCLOCALPLACEMENT($,#4130);
#4129=IFCPRODUCTDEFINITIONSHAPE($,$,(#4131));
#4130=IFCAXIS2PLACEMENT3D(#554,#2962,#2963);
#4131=IFCSHAPEREPRESENTATION(#9,'Body','SweptSolid',(#4132));
#4132=IFCEXTRUDEDAREASOLID(#445,#14,#37,1.1609682E+000);
#4133=IFCMEMBER('02kWygZ0D9e8wAw5j36mDM',#62,'402',$,$,#4135,#4136,$);
#4134=IFCRELASSOCIATESMATERIAL('3fJoPlz290MPC$6rTtzAf0',#3,$,$,(#4133),#65);
#4135=IFCLOCALPLACEMENT($,#4137);
#4136=IFCPRODUCTDEFINITIONSHAPE($,$,(#4138));
#4137=IFCAXIS2PLACEMENT3D(#562,#2971,#348);
#4138=IFCSHAPEREPRESENTATION(#9,'Body','SweptSolid',(#4139));
#4139=IFCEXTRUDEDAREASOLID(#445,#14,#37,5.7445626E-001);
#4140=IFCMEMBER('16DVv282H2YePJcKtPRyre',#62,'403',$,$,#4142,#4143,$);
#4141=IFCRELASSOCIATESMATERIAL('0pumWF2C5B5A4OuECZ5WgB',#3,$,$,(#4140),#65);
#4142=IFCLOCALPLACEMENT($,#4144);
#4143=IFCPRODUCTDEFINITIONSHAPE($,$,(#4145));
#4144=IFCAXIS2PLACEMENT3D(#610,#2971,#348);
#4145=IFCSHAPEREPRESENTATION(#9,'Body','SweptSolid',(#4146));
#4146=IFCEXTRUDEDAREASOLID(#445,#14,#37,5.7445626E-001);
#4147=IFCMEMBER('22QfGI6lD36x7pnIyy7BHp',#62,'404',$,$,#4149,#4150,$);
#4148=IFCRELASSOCIATESMATERIAL('0nkv5z$Bf4$QNiewBsQHgT',#3,$,$,(#4147),#65);
#4149=IFCLOCALPLACEMENT($,#4151);
#4150=IFCPRODUCTDEFINITIONSHAPE($,$,(#4152));
#4151=IFCAXIS2PLACEMENT3D(#578,#2986,#339);
#4152=IFCSHAPEREPRESENTATION(#9,'Body','SweptSolid',(#4153));
#4153=IFCEXTRUDEDAREASOLID(#445,#14,#37,5.7445626E-001);
#4154=IFCMEMBER('0yj$iRd7r6hgOj3$SgfJ17',#62,'405',$,$,#4156,#4157,$);
#4155=IFCRELASSOCIATESMATERIAL('2ThcVsORr6FAPkMqwKs7UC',#3,$,$,(#4154),#65);
#4156=IFCLOCALPLACEMENT($,#4158);
#4157=IFCPRODUCTDEFINITIONSHAPE($,$,(#4159));
#4158=IFCAXIS2PLACEMENT3D(#634,#2986,#339);
#4159=IFCSHAPEREPRESENTATION(#9,'Body','SweptSolid',(#4160));
#4160=IFCEXTRUDEDAREASOLID(#445,#14,#37,5.7445626E-001);
#4161=IFCMEMBER('3fcWPB42PEphY3zXAz1T4K',#62,'406',$,$,#4163,#4164,$);
#4162=IFCRELASSOCIATESMATERIAL('0IwuWEeZ1FvRIh6Vslu7ew',#3,$,$,(#4161),#65);
#4163=IFCLOCALPLACEMENT($,#4165);
#4164=IFCPRODUCTDEFINITIONSHAPE($,$,(#4166));
#4165=IFCAXIS2PLACEMENT3D(#594,#3001,#340);
#4166=IFCSHAPEREPRESENTATION(#9,'Body','SweptSolid',(#4167));
#4167=IFCEXTRUDEDAREASOLID(#445,#14,#37,5.7445626E-001);
#4168=IFCMEMBER('0dKUpnpWL60g98ErI6Mk$u',#62,'407',$,$,#4170,#4171,$);
#4169=IFCRELASSOCIATESMATERIAL('0QEnI5isXD1Qm75jtMNt9h',#3,$,$,(#4168),#65);
#4170=IFCLOCALPLACEMENT($,#4172);
#4171=IFCPRODUCTDEFINITIONSHAPE($,$,(#4173));
#4172=IFCAXIS2PLACEMENT3D(#626,#3001,#340);
#4173=IFCSHAPEREPRESENTATION(#9,'Body','SweptSolid',(#4174));
#4174=IFCEXTRUDEDAREASOLID(#445,#14,#37,5.7445626E-001);
#4175=IFCMEMBER('27Xq_hReD5$QI62RFbsrdh',#62,'408',$,$,#4177,#4178,$);
#4176=IFCRELASSOCIATESMATERIAL('348vcUtg51NQ2sTNsqaxut',#3,$,$,(#4175),#65);
#4177=IFCLOCALPLACEMENT($,#4179);
#4178=IFCPRODUCTDEFINITIONSHAPE($,$,(#4180));
#4179=IFCAXIS2PLACEMENT3D(#546,#3016,#1169);
#4180=IFCSHAPEREPRESENTATION(#9,'Body','SweptSolid',(#4181));
#4181=IFCEXTRUDEDAREASOLID(#445,#14,#37,5.7445626E-001);
#4182=IFCMEMBER('14hNY0eq59$xnr2DB_YaQb',#62,'409',$,$,#4184,#4185,$);
#4183=IFCRELASSOCIATESMATERIAL('1Iy_E2wx93tfbzdemGvddd',#3,$,$,(#4182),#65);
#4184=IFCLOCALPLACEMENT($,#4186);
#4185=IFCPRODUCTDEFINITIONSHAPE($,$,(#4187));
#4186=IFCAXIS2PLACEMENT3D(#618,#3016,#1169);
#4187=IFCSHAPEREPRESENTATION(#9,'Body','SweptSolid',(#4188));
#4188=IFCEXTRUDEDAREASOLID(#445,#14,#37,5.7445626E-001);
#4189=IFCMEMBER('09xUbNBIDByOSxiHQT$uB4',#62,'410',$,$,#4191,#4192,$);
#4190=IFCRELASSOCIATESMATERIAL('2sVISe5Dn6YgUO535Y$PqF',#3,$,$,(#4189),#65);
#4191=IFCLOCALPLACEMENT($,#4193);
#4192=IFCPRODUCTDEFINITIONSHAPE($,$,(#4194));
#4193=IFCAXIS2PLACEMENT3D(#546,#3031,#3032);
#4194=IFCSHAPEREPRESENTATION(#9,'Body','SweptSolid',(#4195));
#4195=IFCEXTRUDEDAREASOLID(#445,#14,#37,8.0622577E-001);
#4196=IFCMEMBER('1XFYbwiFvA0xtkf4WADt0G',#62,'412',$,$,#4198,#4199,$);
#4197=IFCRELASSOCIATESMATERIAL('1r9jcYrLL8qP7PmNhRycPq',#3,$,$,(#4196),#65);
#4198=IFCLOCALPLACEMENT($,#4200);
#4199=IFCPRODUCTDEFINITIONSHAPE($,$,(#4201));
#4200=IFCAXIS2PLACEMENT3D(#594,#3040,#3041);
#4201=IFCSHAPEREPRESENTATION(#9,'Body','SweptSolid',(#4202));
#4202=IFCEXTRUDEDAREASOLID(#445,#14,#37,8.0622577E-001);
#4203=IFCMEMBER('3BXMUnfCLDeRlNm5sL5ys2',#62,'414',$,$,#4205,#4206,$);
#4204=IFCRELASSOCIATESMATERIAL('3Wd4xZpZjBK8pwPj_m$NL$',#3,$,$,(#4203),#65);
#4205=IFCLOCALPLACEMENT($,#4207);
#4206=IFCPRODUCTDEFINITIONSHAPE($,$,(#4208));
#4207=IFCAXIS2PLACEMENT3D(#578,#3049,#3050);
#4208=IFCSHAPEREPRESENTATION(#9,'Body','SweptSolid',(#4209));
#4209=IFCEXTRUDEDAREASOLID(#445,#14,#37,8.0622577E-001);
#4210=IFCMEMBER('3mf1gBDff8EuuGLC9cxgu8',#62,'416',$,$,#4212,#4213,$);
#4211=IFCRELASSOCIATESMATERIAL('2qfo7n2en5aAbVd02ypYIa',#3,$,$,(#4210),#65);
#4212=IFCLOCALPLACEMENT($,#4214);
#4213=IFCPRODUCTDEFINITIONSHAPE($,$,(#4215));
#4214=IFCAXIS2PLACEMENT3D(#562,#3058,#3059);
#4215=IFCSHAPEREPRESENTATION(#9,'Body','SweptSolid',(#4216));
#4216=IFCEXTRUDEDAREASOLID(#445,#14,#37,8.0622577E-001);
#4217=IFCMEMBER('2LtNgohLD9ow_Z_URFz9ic',#62,'418',$,$,#4219,#4220,$);
#4218=IFCRELASSOCIATESMATERIAL('1VyV90wQP8Dx_sWOXkHijD',#3,$,$,(#4217),#65);
#4219=IFCLOCALPLACEMENT($,#4221);
#4220=IFCPRODUCTDEFINITIONSHAPE($,$,(#4222));
#4221=IFCAXIS2PLACEMENT3D(#4223,#1774,#1169);
#4222=IFCSHAPEREPRESENTATION(#9,'Body','SweptSolid',(#4224));
#4223=IFCCARTESIANPOINT((2.0000000E+001,0.0000000E+000,0.0000000E+000));
#4224=IFCEXTRUDEDAREASOLID(#1768,#14,#37,8.2533663E-001);
#4225=IFCMEMBER('1kYG4C2Af9d9HqWsPMRgqI',#62,'419',$,$,#4227,#4228,$);
#4226=IFCRELASSOCIATESMATERIAL('2nesnBPY1CUBZSyKMeA7pb',#3,$,$,(#4225),#65);
#4227=IFCLOCALPLACEMENT($,#4229);
#4228=IFCPRODUCTDEFINITIONSHAPE($,$,(#4230));
#4229=IFCAXIS2PLACEMENT3D(#4231,#1783,#348);
#4230=IFCSHAPEREPRESENTATION(#9,'Body','SweptSolid',(#4232));
#4231=IFCCARTESIANPOINT((2.1400000E+001,0.0000000E+000,0.0000000E+000));
#4232=IFCEXTRUDEDAREASOLID(#1768,#14,#37,8.2533663E-001);
#4233=IFCMEMBER('0IgmrhtC57swERHvSqz9YX',#62,'420',$,$,#4235,#4236,$);
#4234=IFCRELASSOCIATESMATERIAL('3lWS1y1z98vALHfTi9LtW$',#3,$,$,(#4233),#65);
#4235=IFCLOCALPLACEMENT($,#4237);
#4236=IFCPRODUCTDEFINITIONSHAPE($,$,(#4238));
#4237=IFCAXIS2PLACEMENT3D(#4239,#1792,#339);
#4238=IFCSHAPEREPRESENTATION(#9,'Body','SweptSolid',(#4240));
#4239=IFCCARTESIANPOINT((2.1400000E+001,1.4000000E+000,0.0000000E+000));
#4240=IFCEXTRUDEDAREASOLID(#1768,#14,#37,8.2533663E-001);
#4241=IFCMEMBER('2z5ULcNdL0kuwGx1V9SGAG',#62,'421',$,$,#4243,#4244,$);
#4242=IFCRELASSOCIATESMATERIAL('1JEcauIaTC1vScP44lFGt6',#3,$,$,(#4241),#65);
#4243=IFCLOCALPLACEMENT($,#4245);
#4244=IFCPRODUCTDEFINITIONSHAPE($,$,(#4246));
#4245=IFCAXIS2PLACEMENT3D(#4247,#1801,#340);
#4246=IFCSHAPEREPRESENTATION(#9,'Body','SweptSolid',(#4248));
#4247=IFCCARTESIANPOINT((2.0000000E+001,1.4000000E+000,0.0000000E+000));
#4248=IFCEXTRUDEDAREASOLID(#1768,#14,#37,8.2533663E-001);
#4249=IFCMEMBER('3YPJ4swzb4lxlKu1dRR5yx',#62,'422',$,$,#4251,#4252,$);
#4250=IFCRELASSOCIATESMATERIAL('0VAl7gzPvCb83rnBmtWEmH',#3,$,$,(#4249),#65);
#4251=IFCLOCALPLACEMENT($,#4253);
#4252=IFCPRODUCTDEFINITIONSHAPE($,$,(#4254));
#4253=IFCAXIS2PLACEMENT3D(#4255,#1774,#1169);
#4254=IFCSHAPEREPRESENTATION(#9,'Body','SweptSolid',(#4256));
#4255=IFCCARTESIANPOINT((2.0016667E+001,1.6666667E-002,8.2500000E-001));
#4256=IFCEXTRUDEDAREASOLID(#1768,#14,#37,8.2533663E-001);
#4257=IFCMEMBER('1vh4roiSfBHuH98mZjfn70',#62,'423',$,$,#4259,#4260,$);
#4258=IFCRELASSOCIATESMATERIAL('3pm6FGhLzE4Qi1h1CE0PDD',#3,$,$,(#4257),#65);
#4259=IFCLOCALPLACEMENT($,#4261);
#4260=IFCPRODUCTDEFINITIONSHAPE($,$,(#4262));
#4261=IFCAXIS2PLACEMENT3D(#4263,#1783,#348);
#4262=IFCSHAPEREPRESENTATION(#9,'Body','SweptSolid',(#4264));
#4263=IFCCARTESIANPOINT((2.1383333E+001,1.6666667E-002,8.2500000E-001));
#4264=IFCEXTRUDEDAREASOLID(#1768,#14,#37,8.2533663E-001);
#4265=IFCMEMBER('341acLrK1B2BJVULVL3uJa',#62,'424',$,$,#4267,#4268,$);
#4266=IFCRELASSOCIATESMATERIAL('16BSUdLAj6P8IbtG313P7t',#3,$,$,(#4265),#65);
#4267=IFCLOCALPLACEMENT($,#4269);
#4268=IFCPRODUCTDEFINITIONSHAPE($,$,(#4270));
#4269=IFCAXIS2PLACEMENT3D(#4271,#1792,#339);
#4270=IFCSHAPEREPRESENTATION(#9,'Body','SweptSolid',(#4272));
#4271=IFCCARTESIANPOINT((2.1383333E+001,1.3833333E+000,8.2500000E-001));
#4272=IFCEXTRUDEDAREASOLID(#1768,#14,#37,8.2533663E-001);
#4273=IFCMEMBER('39vWyMWkb2iueBcVuCiaG$',#62,'425',$,$,#4275,#4276,$);
#4274=IFCRELASSOCIATESMATERIAL('1NY3o7h_n3zvS87oVdVwGg',#3,$,$,(#4273),#65);
#4275=IFCLOCALPLACEMENT($,#4277);
#4276=IFCPRODUCTDEFINITIONSHAPE($,$,(#4278));
#4277=IFCAXIS2PLACEMENT3D(#4279,#1801,#340);
#4278=IFCSHAPEREPRESENTATION(#9,'Body','SweptSolid',(#4280));
#4279=IFCCARTESIANPOINT((2.0016667E+001,1.3833333E+000,8.2500000E-001));
#4280=IFCEXTRUDEDAREASOLID(#1768,#14,#37,8.2533663E-001);
#4281=IFCMEMBER('2ekGgBJq92q9pon3Va1WfL',#62,'426',$,$,#4283,#4284,$);
#4282=IFCRELASSOCIATESMATERIAL('0ItuLjHNTASe8C0hP7TH3P',#3,$,$,(#4281),#65);
#4283=IFCLOCALPLACEMENT($,#4285);
#4284=IFCPRODUCTDEFINITIONSHAPE($,$,(#4286));
#4285=IFCAXIS2PLACEMENT3D(#4287,#1774,#1169);
#4286=IFCSHAPEREPRESENTATION(#9,'Body','SweptSolid',(#4288));
#4287=IFCCARTESIANPOINT((2.0033333E+001,3.3333333E-002,1.6500000E+000));
#4288=IFCEXTRUDEDAREASOLID(#1768,#14,#37,8.2533663E-001);
#4289=IFCMEMBER('1Xhc1ijWPFwQsMxP_fLKlu',#62,'427',$,$,#4291,#4292,$);
#4290=IFCRELASSOCIATESMATERIAL('37C1e6xjf19wA23kNSkb0Z',#3,$,$,(#4289),#65);
#4291=IFCLOCALPLACEMENT($,#4293);
#4292=IFCPRODUCTDEFINITIONSHAPE($,$,(#4294));
#4293=IFCAXIS2PLACEMENT3D(#4295,#1783,#348);
#4294=IFCSHAPEREPRESENTATION(#9,'Body','SweptSolid',(#4296));
#4295=IFCCARTESIANPOINT((2.1366667E+001,3.3333333E-002,1.6500000E+000));
#4296=IFCEXTRUDEDAREASOLID(#1768,#14,#37,8.2533663E-001);
#4297=IFCMEMBER('1HoBYtqvfA9wsYLGwzO3Fs',#62,'428',$,$,#4299,#4300,$);
#4298=IFCRELASSOCIATESMATERIAL('1t1kc5BrfEoweriNdtbXk4',#3,$,$,(#4297),#65);
#4299=IFCLOCALPLACEMENT($,#4301);
#4300=IFCPRODUCTDEFINITIONSHAPE($,$,(#4302));
#4301=IFCAXIS2PLACEMENT3D(#4303,#1792,#339);
#4302=IFCSHAPEREPRESENTATION(#9,'Body','SweptSolid',(#4304));
#4303=IFCCARTESIANPOINT((2.1366667E+001,1.3666667E+000,1.6500000E+000));
#4304=IFCEXTRUDEDAREASOLID(#1768,#14,#37,8.2533663E-001);
#4305=IFCMEMBER('1mJ2W6vWrFMxff4GlpqLzC',#62,'429',$,$,#4307,#4308,$);
#4306=IFCRELASSOCIATESMATERIAL('3_C_njocTAThCeV67lVuH2',#3,$,$,(#4305),#65);
#4307=IFCLOCALPLACEMENT($,#4309);
#4308=IFCPRODUCTDEFINITIONSHAPE($,$,(#4310));
#4309=IFCAXIS2PLACEMENT3D(#4311,#1801,#340);
#4310=IFCSHAPEREPRESENTATION(#9,'Body','SweptSolid',(#4312));
#4311=IFCCARTESIANPOINT((2.0033333E+001,1.3666667E+000,1.6500000E+000));
#4312=IFCEXTRUDEDAREASOLID(#1768,#14,#37,8.2533663E-001);
#4313=IFCMEMBER('08t$3BrvDEcOHUhMXXA0s6',#62,'430',$,$,#4315,#4316,$);
#4314=IFCRELASSOCIATESMATERIAL('2U9_x2Ebf1ChNxfpruv4ga',#3,$,$,(#4313),#65);
#4315=IFCLOCALPLACEMENT($,#4317);
#4316=IFCPRODUCTDEFINITIONSHAPE($,$,(#4318));
#4317=IFCAXIS2PLACEMENT3D(#4319,#1774,#1169);
#4318=IFCSHAPEREPRESENTATION(#9,'Body','SweptSolid',(#4320));
#4319=IFCCARTESIANPOINT((2.0050000E+001,5.0000000E-002,2.4750000E+000));
#4320=IFCEXTRUDEDAREASOLID(#1768,#14,#37,8.2533663E-001);
#4321=IFCMEMBER('3zIv_iPkrFuhURAGXxuRI6',#62,'431',$,$,#4323,#4324,$);
#4322=IFCRELASSOCIATESMATERIAL('3eBCm1AbXC4g3rCnW1FE0d',#3,$,$,(#4321),#65);
#4323=IFCLOCALPLACEMENT($,#4325);
#4324=IFCPRODUCTDEFINITIONSHAPE($,$,(#4326));
#4325=IFCAXIS2PLACEMENT3D(#4327,#1783,#348);
#4326=IFCSHAPEREPRESENTATION(#9,'Body','SweptSolid',(#4328));
#4327=IFCCARTESIANPOINT((2.1350000E+001,5.0000000E-002,2.4750000E+000));
#4328=IFCEXTRUDEDAREASOLID(#1768,#14,#37,8.2533663E-001);
#4329=IFCMEMBER('1KT8jG6dvCIQCc4YSU83Yi',#62,'432',$,$,#4331,#4332,$);
#4330=IFCRELASSOCIATESMATERIAL('3t$awZQXr6Ffk3GX30q$If',#3,$,$,(#4329),#65);
#4331=IFCLOCALPLACEMENT($,#4333);
#4332=IFCPRODUCTDEFINITIONSHAPE($,$,(#4334));
#4333=IFCAXIS2PLACEMENT3D(#4335,#1792,#339);
#4334=IFCSHAPEREPRESENTATION(#9,'Body','SweptSolid',(#4336));
#4335=IFCCARTESIANPOINT((2.1350000E+001,1.3500000E+000,2.4750000E+000));
#4336=IFCEXTRUDEDAREASOLID(#1768,#14,#37,8.2533663E-001);
#4337=IFCMEMBER('3LFzslbD15p9FZ5hrJJWRV',#62,'433',$,$,#4339,#4340,$);
#4338=IFCRELASSOCIATESMATERIAL('1H6DBVrxHFZfbEqTEsm4Y7',#3,$,$,(#4337),#65);
#4339=IFCLOCALPLACEMENT($,#4341);
#4340=IFCPRODUCTDEFINITIONSHAPE($,$,(#4342));
#4341=IFCAXIS2PLACEMENT3D(#4343,#1801,#340);
#4342=IFCSHAPEREPRESENTATION(#9,'Body','SweptSolid',(#4344));
#4343=IFCCARTESIANPOINT((2.0050000E+001,1.3500000E+000,2.4750000E+000));
#4344=IFCEXTRUDEDAREASOLID(#1768,#14,#37,8.2533663E-001);
#4345=IFCMEMBER('0UuiOx_1HEVu97ByHodIRW',#62,'434',$,$,#4347,#4348,$);
#4346=IFCRELASSOCIATESMATERIAL('1Xfyj1ref8BhM8GV$ZLJJ8',#3,$,$,(#4345),#65);
#4347=IFCLOCALPLACEMENT($,#4349);
#4348=IFCPRODUCTDEFINITIONSHAPE($,$,(#4350));
#4349=IFCAXIS2PLACEMENT3D(#4351,#1774,#1169);
#4350=IFCSHAPEREPRESENTATION(#9,'Body','SweptSolid',(#4352));
#4351=IFCCARTESIANPOINT((2.0066667E+001,6.6666667E-002,3.3000000E+000));
#4352=IFCEXTRUDEDAREASOLID(#1768,#14,#37,8.2533663E-001);
#4353=IFCMEMBER('0CuFIFzzjF0uWdSe1YrRFO',#62,'435',$,$,#4355,#4356,$);
#4354=IFCRELASSOCIATESMATERIAL('2odeARUHT5ahM5XFYcQbLE',#3,$,$,(#4353),#65);
#4355=IFCLOCALPLACEMENT($,#4357);
#4356=IFCPRODUCTDEFINITIONSHAPE($,$,(#4358));
#4357=IFCAXIS2PLACEMENT3D(#4359,#1783,#348);
#4358=IFCSHAPEREPRESENTATION(#9,'Body','SweptSolid',(#4360));
#4359=IFCCARTESIANPOINT((2.1333333E+001,6.6666667E-002,3.3000000E+000));
#4360=IFCEXTRUDEDAREASOLID(#1768,#14,#37,8.2533663E-001);
#4361=IFCMEMBER('096I55arfEkwKcIreO123x',#62,'436',$,$,#4363,#4364,$);
#4362=IFCRELASSOCIATESMATERIAL('0or2DCae558R0dJdBMMYgw',#3,$,$,(#4361),#65);
#4363=IFCLOCALPLACEMENT($,#4365);
#4364=IFCPRODUCTDEFINITIONSHAPE($,$,(#4366));
#4365=IFCAXIS2PLACEMENT3D(#4367,#1792,#339);
#4366=IFCSHAPEREPRESENTATION(#9,'Body','SweptSolid',(#4368));
#4367=IFCCARTESIANPOINT((2.1333333E+001,1.3333333E+000,3.3000000E+000));
#4368=IFCEXTRUDEDAREASOLID(#1768,#14,#37,8.2533663E-001);
#4369=IFCMEMBER('3Fo7rAcaX9Qv8IG9jtQmhO',#62,'437',$,$,#4371,#4372,$);
#4370=IFCRELASSOCIATESMATERIAL('2E6fVpFwv1pgl$mAP3S5bf',#3,$,$,(#4369),#65);
#4371=IFCLOCALPLACEMENT($,#4373);
#4372=IFCPRODUCTDEFINITIONSHAPE($,$,(#4374));
#4373=IFCAXIS2PLACEMENT3D(#4375,#1801,#340);
#4374=IFCSHAPEREPRESENTATION(#9,'Body','SweptSolid',(#4376));
#4375=IFCCARTESIANPOINT((2.0066667E+001,1.3333333E+000,3.3000000E+000));
#4376=IFCEXTRUDEDAREASOLID(#1768,#14,#37,8.2533663E-001);
#4377=IFCMEMBER('2F1J9awrbAu9ojB7p5ArHC',#62,'438',$,$,#4379,#4380,$);
#4378=IFCRELASSOCIATESMATERIAL('0NCmeO3LrEWA7rMn4SWim6',#3,$,$,(#4377),#65);
#4379=IFCLOCALPLACEMENT($,#4381);
#4380=IFCPRODUCTDEFINITIONSHAPE($,$,(#4382));
#4381=IFCAXIS2PLACEMENT3D(#4383,#1774,#1169);
#4382=IFCSHAPEREPRESENTATION(#9,'Body','SweptSolid',(#4384));
#4383=IFCCARTESIANPOINT((2.0083333E+001,8.3333333E-002,4.1250000E+000));
#4384=IFCEXTRUDEDAREASOLID(#1768,#14,#37,8.2533663E-001);
#4385=IFCMEMBER('1xgw6cpOf2Zevk3B8dKMA_',#62,'439',$,$,#4387,#4388,$);
#4386=IFCRELASSOCIATESMATERIAL('3Plf4g7jzBM9tsIyCSw4Zd',#3,$,$,(#4385),#65);
#4387=IFCLOCALPLACEMENT($,#4389);
#4388=IFCPRODUCTDEFINITIONSHAPE($,$,(#4390));
#4389=IFCAXIS2PLACEMENT3D(#4391,#1783,#348);
#4390=IFCSHAPEREPRESENTATION(#9,'Body','SweptSolid',(#4392));
#4391=IFCCARTESIANPOINT((2.1316667E+001,8.3333333E-002,4.1250000E+000));
#4392=IFCEXTRUDEDAREASOLID(#1768,#14,#37,8.2533663E-001);
#4393=IFCMEMBER('3946xaQ_vAGhLTXY13$J1R',#62,'440',$,$,#4395,#4396,$);
#4394=IFCRELASSOCIATESMATERIAL('3bH0O2EUDBshQC_$z$t0Fp',#3,$,$,(#4393),#65);
#4395=IFCLOCALPLACEMENT($,#4397);
#4396=IFCPRODUCTDEFINITIONSHAPE($,$,(#4398));
#4397=IFCAXIS2PLACEMENT3D(#4399,#1792,#339);
#4398=IFCSHAPEREPRESENTATION(#9,'Body','SweptSolid',(#4400));
#4399=IFCCARTESIANPOINT((2.1316667E+001,1.3166667E+000,4.1250000E+000));
#4400=IFCEXTRUDEDAREASOLID(#1768,#14,#37,8.2533663E-001);
#4401=IFCMEMBER('3F64X8oNP988daGdqc4NhF',#62,'441',$,$,#4403,#4404,$);
#4402=IFCRELASSOCIATESMATERIAL('2d_6JwgJDC1PLgCQDIYmIb',#3,$,$,(#4401),#65);
#4403=IFCLOCALPLACEMENT($,#4405);
#4404=IFCPRODUCTDEFINITIONSHAPE($,$,(#4406));
#4405=IFCAXIS2PLACEMENT3D(#4407,#1801,#340);
#4406=IFCSHAPEREPRESENTATION(#9,'Body','SweptSolid',(#4408));
#4407=IFCCARTESIANPOINT((2.0083333E+001,1.3166667E+000,4.1250000E+000));
#4408=IFCEXTRUDEDAREASOLID(#1768,#14,#37,8.2533663E-001);
#4409=IFCMEMBER('3BbdCs1Lf64u36TPoYluRJ',#62,'442',$,$,#4411,#4412,$);
#4410=IFCRELASSOCIATESMATERIAL('2nzLYkFHb8V9W449izHzmJ',#3,$,$,(#4409),#65);
#4411=IFCLOCALPLACEMENT($,#4413);
#4412=IFCPRODUCTDEFINITIONSHAPE($,$,(#4414));
#4413=IFCAXIS2PLACEMENT3D(#4415,#1774,#1169);
#4414=IFCSHAPEREPRESENTATION(#9,'Body','SweptSolid',(#4416));
#4415=IFCCARTESIANPOINT((2.0100000E+001,1.0000000E-001,4.9500000E+000));
#4416=IFCEXTRUDEDAREASOLID(#1768,#14,#37,8.2533663E-001);
#4417=IFCMEMBER('3hSJ2j8eb3jABzJAq8XHM$',#62,'443',$,$,#4419,#4420,$);
#4418=IFCRELASSOCIATESMATERIAL('2lhlmrEs58fRxFcav65WS2',#3,$,$,(#4417),#65);
#4419=IFCLOCALPLACEMENT($,#4421);
#4420=IFCPRODUCTDEFINITIONSHAPE($,$,(#4422));
#4421=IFCAXIS2PLACEMENT3D(#4423,#1783,#348);
#4422=IFCSHAPEREPRESENTATION(#9,'Body','SweptSolid',(#4424));
#4423=IFCCARTESIANPOINT((2.1300000E+001,1.0000000E-001,4.9500000E+000));
#4424=IFCEXTRUDEDAREASOLID(#1768,#14,#37,8.2533663E-001);
#4425=IFCMEMBER('28LWOdFyTDdwAKLUXpvsQ_',#62,'444',$,$,#4427,#4428,$);
#4426=IFCRELASSOCIATESMATERIAL('0S35o1V3583QybkPlYY5WI',#3,$,$,(#4425),#65);
#4427=IFCLOCALPLACEMENT($,#4429);
#4428=IFCPRODUCTDEFINITIONSHAPE($,$,(#4430));
#4429=IFCAXIS2PLACEMENT3D(#4431,#1792,#339);
#4430=IFCSHAPEREPRESENTATION(#9,'Body','SweptSolid',(#4432));
#4431=IFCCARTESIANPOINT((2.1300000E+001,1.3000000E+000,4.9500000E+000));
#4432=IFCEXTRUDEDAREASOLID(#1768,#14,#37,8.2533663E-001);
#4433=IFCMEMBER('1me7K_Hs917P6lRfO3umjz',#62,'445',$,$,#4435,#4436,$);
#4434=IFCRELASSOCIATESMATERIAL('14RqTxlpv0mPWsPuQ1dGrh',#3,$,$,(#4433),#65);
#4435=IFCLOCALPLACEMENT($,#4437);
#4436=IFCPRODUCTDEFINITIONSHAPE($,$,(#4438));
#4437=IFCAXIS2PLACEMENT3D(#4439,#1801,#340);
#4438=IFCSHAPEREPRESENTATION(#9,'Body','SweptSolid',(#4440));
#4439=IFCCARTESIANPOINT((2.0100000E+001,1.3000000E+000,4.9500000E+000));
#4440=IFCEXTRUDEDAREASOLID(#1768,#14,#37,8.2533663E-001);
#4441=IFCMEMBER('0xlOu5Akv78hb6pH4qREjE',#62,'446',$,$,#4443,#4444,$);
#4442=IFCRELASSOCIATESMATERIAL('2uCqDXI9f6KfcUNph6geJd',#3,$,$,(#4441),#65);
#4443=IFCLOCALPLACEMENT($,#4445);
#4444=IFCPRODUCTDEFINITIONSHAPE($,$,(#4446));
#4445=IFCAXIS2PLACEMENT3D(#1725,#1774,#1169);
#4446=IFCSHAPEREPRESENTATION(#9,'Body','SweptSolid',(#4447));
#4447=IFCEXTRUDEDAREASOLID(#1768,#14,#37,8.2533663E-001);
#4448=IFCMEMBER('2ZrqalfG9BQxG2mxfDeGgI',#62,'447',$,$,#4450,#4451,$);
#4449=IFCRELASSOCIATESMATERIAL('3zeuKeVWzBOu_895a9VcVk',#3,$,$,(#4448),#65);
#4450=IFCLOCALPLACEMENT($,#4452);
#4451=IFCPRODUCTDEFINITIONSHAPE($,$,(#4453));
#4452=IFCAXIS2PLACEMENT3D(#1733,#1783,#348);
#4453=IFCSHAPEREPRESENTATION(#9,'Body','SweptSolid',(#4454));
#4454=IFCEXTRUDEDAREASOLID(#1768,#14,#37,8.2533663E-001);
#4455=IFCMEMBER('3g7tMb5CvAIRsWeBnwbaqC',#62,'448',$,$,#4457,#4458,$);
#4456=IFCRELASSOCIATESMATERIAL('0svqfta_D5vx0u_iUPotI0',#3,$,$,(#4455),#65);
#4457=IFCLOCALPLACEMENT($,#4459);
#4458=IFCPRODUCTDEFINITIONSHAPE($,$,(#4460));
#4459=IFCAXIS2PLACEMENT3D(#1741,#1792,#339);
#4460=IFCSHAPEREPRESENTATION(#9,'Body','SweptSolid',(#4461));
#4461=IFCEXTRUDEDAREASOLID(#1768,#14,#37,8.2533663E-001);
#4462=IFCMEMBER('3raQCHhLD6_wg58SKeKLrU',#62,'449',$,$,#4464,#4465,$);
#4463=IFCRELASSOCIATESMATERIAL('1W3OgyRQbDMwSPYwHP3yHa',#3,$,$,(#4462),#65);
#4464=IFCLOCALPLACEMENT($,#4466);
#4465=IFCPRODUCTDEFINITIONSHAPE($,$,(#4467));
#4466=IFCAXIS2PLACEMENT3D(#1749,#1801,#340);
#4467=IFCSHAPEREPRESENTATION(#9,'Body','SweptSolid',(#4468));
#4468=IFCEXTRUDEDAREASOLID(#1768,#14,#37,8.2533663E-001);
#4469=IFCMEMBER('14B2D52hf1cwF3EU0qyTJc',#62,'450',$,$,#4471,#4472,$);
#4470=IFCRELASSOCIATESMATERIAL('0rKh68vFP8ZRqrOu7wdX_o',#3,$,$,(#4469),#65);
#4471=IFCLOCALPLACEMENT($,#4473);
#4472=IFCPRODUCTDEFINITIONSHAPE($,$,(#4474));
#4473=IFCAXIS2PLACEMENT3D(#4475,#1774,#1169);
#4474=IFCSHAPEREPRESENTATION(#9,'Body','SweptSolid',(#4476));
#4475=IFCCARTESIANPOINT((2.0133333E+001,1.3333333E-001,6.6000000E+000));
#4476=IFCEXTRUDEDAREASOLID(#1768,#14,#37,8.2533663E-001);
#4477=IFCMEMBER('1Zijazg9D1GhYxYJVKSCa9',#62,'451',$,$,#4479,#4480,$);
#4478=IFCRELASSOCIATESMATERIAL('35gqgRmS5CwvfPEngbh2pi',#3,$,$,(#4477),#65);
#4479=IFCLOCALPLACEMENT($,#4481);
#4480=IFCPRODUCTDEFINITIONSHAPE($,$,(#4482));
#4481=IFCAXIS2PLACEMENT3D(#4483,#1783,#348);
#4482=IFCSHAPEREPRESENTATION(#9,'Body','SweptSolid',(#4484));
#4483=IFCCARTESIANPOINT((2.1266667E+001,1.3333333E-001,6.6000000E+000));
#4484=IFCEXTRUDEDAREASOLID(#1768,#14,#37,8.2533663E-001);
#4485=IFCMEMBER('1F80HG4wbAoAk24L5HYME3',#62,'452',$,$,#4487,#4488,$);
#4486=IFCRELASSOCIATESMATERIAL('1FRDEmg3nBqfY5QLgnvF4X',#3,$,$,(#4485),#65);
#4487=IFCLOCALPLACEMENT($,#4489);
#4488=IFCPRODUCTDEFINITIONSHAPE($,$,(#4490));
#4489=IFCAXIS2PLACEMENT3D(#4491,#1792,#339);
#4490=IFCSHAPEREPRESENTATION(#9,'Body','SweptSolid',(#4492));
#4491=IFCCARTESIANPOINT((2.1266667E+001,1.2666667E+000,6.6000000E+000));
#4492=IFCEXTRUDEDAREASOLID(#1768,#14,#37,8.2533663E-001);
#4493=IFCMEMBER('37M07okv94gh5yljpFF2ry',#62,'453',$,$,#4495,#4496,$);
#4494=IFCRELASSOCIATESMATERIAL('2IUkdoFd97M99A6DIkFICd',#3,$,$,(#4493),#65);
#4495=IFCLOCALPLACEMENT($,#4497);
#4496=IFCPRODUCTDEFINITIONSHAPE($,$,(#4498));
#4497=IFCAXIS2PLACEMENT3D(#4499,#1801,#340);
#4498=IFCSHAPEREPRESENTATION(#9,'Body','SweptSolid',(#4500));
#4499=IFCCARTESIANPOINT((2.0133333E+001,1.2666667E+000,6.6000000E+000));
#4500=IFCEXTRUDEDAREASOLID(#1768,#14,#37,8.2533663E-001);
#4501=IFCMEMBER('1kgdx1bx13fAaVDxB3ev1N',#62,'454',$,$,#4503,#4504,$);
#4502=IFCRELASSOCIATESMATERIAL('35NDt2aqL90P$fjldWncQT',#3,$,$,(#4501),#65);
#4503=IFCLOCALPLACEMENT($,#4505);
#4504=IFCPRODUCTDEFINITIONSHAPE($,$,(#4506));
#4505=IFCAXIS2PLACEMENT3D(#4507,#1774,#1169);
#4506=IFCSHAPEREPRESENTATION(#9,'Body','SweptSolid',(#4508));
#4507=IFCCARTESIANPOINT((2.0150000E+001,1.5000000E-001,7.4250000E+000));
#4508=IFCEXTRUDEDAREASOLID(#1768,#14,#37,8.2533663E-001);
#4509=IFCMEMBER('3pXnlu2UTBvxc9ODu4480B',#62,'455',$,$,#4511,#4512,$);
#4510=IFCRELASSOCIATESMATERIAL('2ORkhf6pj4FhAq80qo67Dt',#3,$,$,(#4509),#65);
#4511=IFCLOCALPLACEMENT($,#4513);
#4512=IFCPRODUCTDEFINITIONSHAPE($,$,(#4514));
#4513=IFCAXIS2PLACEMENT3D(#4515,#1783,#348);
#4514=IFCSHAPEREPRESENTATION(#9,'Body','SweptSolid',(#4516));
#4515=IFCCARTESIANPOINT((2.1250000E+001,1.5000000E-001,7.4250000E+000));
#4516=IFCEXTRUDEDAREASOLID(#1768,#14,#37,8.2533663E-001);
#4517=IFCMEMBER('0G0BOvCpfEbhIX1PChzGMG',#62,'456',$,$,#4519,#4520,$);
#4518=IFCRELASSOCIATESMATERIAL('1TcRqZ48P0fhG7gjg_4BH$',#3,$,$,(#4517),#65);
#4519=IFCLOCALPLACEMENT($,#4521);
#4520=IFCPRODUCTDEFINITIONSHAPE($,$,(#4522));
#4521=IFCAXIS2PLACEMENT3D(#4523,#1792,#339);
#4522=IFCSHAPEREPRESENTATION(#9,'Body','SweptSolid',(#4524));
#4523=IFCCARTESIANPOINT((2.1250000E+001,1.2500000E+000,7.4250000E+000));
#4524=IFCEXTRUDEDAREASOLID(#1768,#14,#37,8.2533663E-001);
#4525=IFCMEMBER('0Kv_cgzpj1J9ZyCKlm5Ybw',#62,'457',$,$,#4527,#4528,$);
#4526=IFCRELASSOCIATESMATERIAL('3BqdilMSD1vOjNRvcA9Msw',#3,$,$,(#4525),#65);
#4527=IFCLOCALPLACEMENT($,#4529);
#4528=IFCPRODUCTDEFINITIONSHAPE($,$,(#4530));
#4529=IFCAXIS2PLACEMENT3D(#4531,#1801,#340);
#4530=IFCSHAPEREPRESENTATION(#9,'Body','SweptSolid',(#4532));
#4531=IFCCARTESIANPOINT((2.0150000E+001,1.2500000E+000,7.4250000E+000));
#4532=IFCEXTRUDEDAREASOLID(#1768,#14,#37,8.2533663E-001);
#4533=IFCMEMBER('1xCR6Ob6bFxwDzlXYI6eV9',#62,'458',$,$,#4535,#4536,$);
#4534=IFCRELASSOCIATESMATERIAL('0ofmLait99UesoiDOSZ4fV',#3,$,$,(#4533),#65);
#4535=IFCLOCALPLACEMENT($,#4537);
#4536=IFCPRODUCTDEFINITIONSHAPE($,$,(#4538));
#4537=IFCAXIS2PLACEMENT3D(#4539,#1774,#1169);
#4538=IFCSHAPEREPRESENTATION(#9,'Body','SweptSolid',(#4540));
#4539=IFCCARTESIANPOINT((2.0166667E+001,1.6666667E-001,8.2500000E+000));
#4540=IFCEXTRUDEDAREASOLID(#1768,#14,#37,8.2533663E-001);
#4541=IFCMEMBER('0gbgzFHRb70w3WXK2iO0yH',#62,'459',$,$,#4543,#4544,$);
#4542=IFCRELASSOCIATESMATERIAL('0Z4jhqzG1Ephhkbo6Jf2_C',#3,$,$,(#4541),#65);
#4543=IFCLOCALPLACEMENT($,#4545);
#4544=IFCPRODUCTDEFINITIONSHAPE($,$,(#4546));
#4545=IFCAXIS2PLACEMENT3D(#4547,#1783,#348);
#4546=IFCSHAPEREPRESENTATION(#9,'Body','SweptSolid',(#4548));
#4547=IFCCARTESIANPOINT((2.1233333E+001,1.6666667E-001,8.2500000E+000));
#4548=IFCEXTRUDEDAREASOLID(#1768,#14,#37,8.2533663E-001);
#4549=IFCMEMBER('2akg91Rv13XBPiuTwrmoBf',#62,'460',$,$,#4551,#4552,$);
#4550=IFCRELASSOCIATESMATERIAL('31zv2WEknFxffWTmw2byJV',#3,$,$,(#4549),#65);
#4551=IFCLOCALPLACEMENT($,#4553);
#4552=IFCPRODUCTDEFINITIONSHAPE($,$,(#4554));
#4553=IFCAXIS2PLACEMENT3D(#4555,#1792,#339);
#4554=IFCSHAPEREPRESENTATION(#9,'Body','SweptSolid',(#4556));
#4555=IFCCARTESIANPOINT((2.1233333E+001,1.2333333E+000,8.2500000E+000));
#4556=IFCEXTRUDEDAREASOLID(#1768,#14,#37,8.2533663E-001);
#4557=IFCMEMBER('24O_9UeWX5NR09Uv23OBUn',#62,'461',$,$,#4559,#4560,$);
#4558=IFCRELASSOCIATESMATERIAL('11mq0qFvz4IxI9PP4U8uyp',#3,$,$,(#4557),#65);
#4559=IFCLOCALPLACEMENT($,#4561);
#4560=IFCPRODUCTDEFINITIONSHAPE($,$,(#4562));
#4561=IFCAXIS2PLACEMENT3D(#4563,#1801,#340);
#4562=IFCSHAPEREPRESENTATION(#9,'Body','SweptSolid',(#4564));
#4563=IFCCARTESIANPOINT((2.0166667E+001,1.2333333E+000,8.2500000E+000));
#4564=IFCEXTRUDEDAREASOLID(#1768,#14,#37,8.2533663E-001);
#4565=IFCMEMBER('15C9hvd6r4Y8OeCt5Yc6G$',#62,'462',$,$,#4567,#4568,$);
#4566=IFCRELASSOCIATESMATERIAL('10CFXumTX8TB3dcAcZBikl',#3,$,$,(#4565),#65);
#4567=IFCLOCALPLACEMENT($,#4569);
#4568=IFCPRODUCTDEFINITIONSHAPE($,$,(#4570));
#4569=IFCAXIS2PLACEMENT3D(#4571,#1774,#1169);
#4570=IFCSHAPEREPRESENTATION(#9,'Body','SweptSolid',(#4572));
#4571=IFCCARTESIANPOINT((2.0183333E+001,1.8333333E-001,9.0750000E+000));
#4572=IFCEXTRUDEDAREASOLID(#1768,#14,#37,8.2533663E-001);
#4573=IFCMEMBER('21Fl9IZkj1_BQcE1ylwmYf',#62,'463',$,$,#4575,#4576,$);
#4574=IFCRELASSOCIATESMATERIAL('0_vYE9y3X36euQS8Csyu6M',#3,$,$,(#4573),#65);
#4575=IFCLOCALPLACEMENT($,#4577);
#4576=IFCPRODUCTDEFINITIONSHAPE($,$,(#4578));
#4577=IFCAXIS2PLACEMENT3D(#4579,#1783,#348);
#4578=IFCSHAPEREPRESENTATION(#9,'Body','SweptSolid',(#4580));
#4579=IFCCARTESIANPOINT((2.1216667E+001,1.8333333E-001,9.0750000E+000));
#4580=IFCEXTRUDEDAREASOLID(#1768,#14,#37,8.2533663E-001);
#4581=IFCMEMBER('0L0axN6gb2Cek65mORKeEg',#62,'464',$,$,#4583,#4584,$);
#4582=IFCRELASSOCIATESMATERIAL('263E3$JMXD9RtOG12bNywk',#3,$,$,(#4581),#65);
#4583=IFCLOCALPLACEMENT($,#4585);
#4584=IFCPRODUCTDEFINITIONSHAPE($,$,(#4586));
#4585=IFCAXIS2PLACEMENT3D(#4587,#1792,#339);
#4586=IFCSHAPEREPRESENTATION(#9,'Body','SweptSolid',(#4588));
#4587=IFCCARTESIANPOINT((2.1216667E+001,1.2166667E+000,9.0750000E+000));
#4588=IFCEXTRUDEDAREASOLID(#1768,#14,#37,8.2533663E-001);
#4589=IFCMEMBER('0qnw2ePa5FHhKdSGbjvjSw',#62,'465',$,$,#4591,#4592,$);
#4590=IFCRELASSOCIATESMATERIAL('0y7ab3Wgz5iBjJGIDKTMqX',#3,$,$,(#4589),#65);
#4591=IFCLOCALPLACEMENT($,#4593);
#4592=IFCPRODUCTDEFINITIONSHAPE($,$,(#4594));
#4593=IFCAXIS2PLACEMENT3D(#4595,#1801,#340);
#4594=IFCSHAPEREPRESENTATION(#9,'Body','SweptSolid',(#4596));
#4595=IFCCARTESIANPOINT((2.0183333E+001,1.2166667E+000,9.0750000E+000));
#4596=IFCEXTRUDEDAREASOLID(#1768,#14,#37,8.2533663E-001);
#4597=IFCMEMBER('33v$IWaZf3cwUlsmPq_Pce',#62,'466',$,$,#4599,#4600,$);
#4598=IFCRELASSOCIATESMATERIAL('1KokgedD1BdvVngA6uDGFo',#3,$,$,(#4597),#65);
#4599=IFCLOCALPLACEMENT($,#4601);
#4600=IFCPRODUCTDEFINITIONSHAPE($,$,(#4602));
#4601=IFCAXIS2PLACEMENT3D(#4603,#1774,#1169);
#4602=IFCSHAPEREPRESENTATION(#9,'Body','SweptSolid',(#4604));
#4603=IFCCARTESIANPOINT((2.0200000E+001,2.0000000E-001,9.9000000E+000));
#4604=IFCEXTRUDEDAREASOLID(#1768,#14,#37,8.2533663E-001);
#4605=IFCMEMBER('0yLt_L7zj3VQBGVydNBdTi',#62,'467',$,$,#4607,#4608,$);
#4606=IFCRELASSOCIATESMATERIAL('1xqUP6egn11PYDW0ALDaCR',#3,$,$,(#4605),#65);
#4607=IFCLOCALPLACEMENT($,#4609);
#4608=IFCPRODUCTDEFINITIONSHAPE($,$,(#4610));
#4609=IFCAXIS2PLACEMENT3D(#4611,#1783,#348);
#4610=IFCSHAPEREPRESENTATION(#9,'Body','SweptSolid',(#4612));
#4611=IFCCARTESIANPOINT((2.1200000E+001,2.0000000E-001,9.9000000E+000));
#4612=IFCEXTRUDEDAREASOLID(#1768,#14,#37,8.2533663E-001);
#4613=IFCMEMBER('3iGRBXuffEmBaBolzXl_HN',#62,'468',$,$,#4615,#4616,$);
#4614=IFCRELASSOCIATESMATERIAL('1FzfQS6LHE3P7H_tj7G$IL',#3,$,$,(#4613),#65);
#4615=IFCLOCALPLACEMENT($,#4617);
#4616=IFCPRODUCTDEFINITIONSHAPE($,$,(#4618));
#4617=IFCAXIS2PLACEMENT3D(#4619,#1792,#339);
#4618=IFCSHAPEREPRESENTATION(#9,'Body','SweptSolid',(#4620));
#4619=IFCCARTESIANPOINT((2.1200000E+001,1.2000000E+000,9.9000000E+000));
#4620=IFCEXTRUDEDAREASOLID(#1768,#14,#37,8.2533663E-001);
#4621=IFCMEMBER('3zk8EgAtfAORp03ZKO3uVJ',#62,'469',$,$,#4623,#4624,$);
#4622=IFCRELASSOCIATESMATERIAL('2Sjaifekr0wh$8lefc7BnA',#3,$,$,(#4621),#65);
#4623=IFCLOCALPLACEMENT($,#4625);
#4624=IFCPRODUCTDEFINITIONSHAPE($,$,(#4626));
#4625=IFCAXIS2PLACEMENT3D(#4627,#1801,#340);
#4626=IFCSHAPEREPRESENTATION(#9,'Body','SweptSolid',(#4628));
#4627=IFCCARTESIANPOINT((2.0200000E+001,1.2000000E+000,9.9000000E+000));
#4628=IFCEXTRUDEDAREASOLID(#1768,#14,#37,8.2533663E-001);
#4629=IFCMEMBER('1Dq3XiQIPB7A9xtupJ7R_R',#62,'470',$,$,#4631,#4632,$);
#4630=IFCRELASSOCIATESMATERIAL('0oEhy3AiDAkBKRIpj82SWa',#3,$,$,(#4629),#65);
#4631=IFCLOCALPLACEMENT($,#4633);
#4632=IFCPRODUCTDEFINITIONSHAPE($,$,(#4634));
#4633=IFCAXIS2PLACEMENT3D(#4635,#1774,#1169);
#4634=IFCSHAPEREPRESENTATION(#9,'Body','SweptSolid',(#4636));
#4635=IFCCARTESIANPOINT((2.0216667E+001,2.1666667E-001,1.0725000E+001));
#4636=IFCEXTRUDEDAREASOLID(#1768,#14,#37,8.2533663E-001);
#4637=IFCMEMBER('1rbbAiJab9ZgB5SMhbPPjU',#62,'471',$,$,#4639,#4640,$);
#4638=IFCRELASSOCIATESMATERIAL('2dXiZfAwr7wRGBJeBPTr9j',#3,$,$,(#4637),#65);
#4639=IFCLOCALPLACEMENT($,#4641);
#4640=IFCPRODUCTDEFINITIONSHAPE($,$,(#4642));
#4641=IFCAXIS2PLACEMENT3D(#4643,#1783,#348);
#4642=IFCSHAPEREPRESENTATION(#9,'Body','SweptSolid',(#4644));
#4643=IFCCARTESIANPOINT((2.1183333E+001,2.1666667E-001,1.0725000E+001));
#4644=IFCEXTRUDEDAREASOLID(#1768,#14,#37,8.2533663E-001);
#4645=IFCMEMBER('0HSaGGzGv69wcaNBo40QhB',#62,'472',$,$,#4647,#4648,$);
#4646=IFCRELASSOCIATESMATERIAL('3RdRpnp393MOYZFEmKnA4q',#3,$,$,(#4645),#65);
#4647=IFCLOCALPLACEMENT($,#4649);
#4648=IFCPRODUCTDEFINITIONSHAPE($,$,(#4650));
#4649=IFCAXIS2PLACEMENT3D(#4651,#1792,#339);
#4650=IFCSHAPEREPRESENTATION(#9,'Body','SweptSolid',(#4652));
#4651=IFCCARTESIANPOINT((2.1183333E+001,1.1833333E+000,1.0725000E+001));
#4652=IFCEXTRUDEDAREASOLID(#1768,#14,#37,8.2533663E-001);
#4653=IFCMEMBER('24k2hJE2L71OsdYNP$hBaV',#62,'473',$,$,#4655,#4656,$);
#4654=IFCRELASSOCIATESMATERIAL('0SsRoYEU10CfDPzt9FVkKs',#3,$,$,(#4653),#65);
#4655=IFCLOCALPLACEMENT($,#4657);
#4656=IFCPRODUCTDEFINITIONSHAPE($,$,(#4658));
#4657=IFCAXIS2PLACEMENT3D(#4659,#1801,#340);
#4658=IFCSHAPEREPRESENTATION(#9,'Body','SweptSolid',(#4660));
#4659=IFCCARTESIANPOINT((2.0216667E+001,1.1833333E+000,1.0725000E+001));
#4660=IFCEXTRUDEDAREASOLID(#1768,#14,#37,8.2533663E-001);
#4661=IFCMEMBER('1xo6G$9r16AQlazvcrZkjP',#62,'474',$,$,#4663,#4664,$);
#4662=IFCRELASSOCIATESMATERIAL('0O0MDkNYv7cRPnecp1FOhy',#3,$,$,(#4661),#65);
#4663=IFCLOCALPLACEMENT($,#4665);
#4664=IFCPRODUCTDEFINITIONSHAPE($,$,(#4666));
#4665=IFCAXIS2PLACEMENT3D(#410,#1774,#1169);
#4666=IFCSHAPEREPRESENTATION(#9,'Body','SweptSolid',(#4667));
#4667=IFCEXTRUDEDAREASOLID(#1768,#14,#37,8.2533663E-001);
#4668=IFCMEMBER('0MBU3UdvP6QPVzXITWYJzJ',#62,'475',$,$,#4670,#4671,$);
#4669=IFCRELASSOCIATESMATERIAL('1QlQ2NlefFG8PjdYT95A3B',#3,$,$,(#4668),#65);
#4670=IFCLOCALPLACEMENT($,#4672);
#4671=IFCPRODUCTDEFINITIONSHAPE($,$,(#4673));
#4672=IFCAXIS2PLACEMENT3D(#418,#1783,#348);
#4673=IFCSHAPEREPRESENTATION(#9,'Body','SweptSolid',(#4674));
#4674=IFCEXTRUDEDAREASOLID(#1768,#14,#37,8.2533663E-001);
#4675=IFCMEMBER('0IKORJvyz4kQKMXb$opQXg',#62,'476',$,$,#4677,#4678,$);
#4676=IFCRELASSOCIATESMATERIAL('1VjovkCdL8mfMwbNQKukvF',#3,$,$,(#4675),#65);
#4677=IFCLOCALPLACEMENT($,#4679);
#4678=IFCPRODUCTDEFINITIONSHAPE($,$,(#4680));
#4679=IFCAXIS2PLACEMENT3D(#426,#1792,#339);
#4680=IFCSHAPEREPRESENTATION(#9,'Body','SweptSolid',(#4681));
#4681=IFCEXTRUDEDAREASOLID(#1768,#14,#37,8.2533663E-001);
#4682=IFCMEMBER('3t1Enofyj3MQEUU8fTX1P_',#62,'477',$,$,#4684,#4685,$);
#4683=IFCRELASSOCIATESMATERIAL('1jbV7nHZPCd8i96y$xl6XW',#3,$,$,(#4682),#65);
#4684=IFCLOCALPLACEMENT($,#4686);
#4685=IFCPRODUCTDEFINITIONSHAPE($,$,(#4687));
#4686=IFCAXIS2PLACEMENT3D(#402,#1801,#340);
#4687=IFCSHAPEREPRESENTATION(#9,'Body','SweptSolid',(#4688));
#4688=IFCEXTRUDEDAREASOLID(#1768,#14,#37,8.2533663E-001);
#4689=IFCMEMBER('3B8XsG9PL9$gJvw3kNVnpS',#62,'478',$,$,#4691,#4692,$);
#4690=IFCRELASSOCIATESMATERIAL('34W$4QO8PFThc3ziwe0wgW',#3,$,$,(#4689),#65);
#4691=IFCLOCALPLACEMENT($,#4693);
#4692=IFCPRODUCTDEFINITIONSHAPE($,$,(#4694));
#4693=IFCAXIS2PLACEMENT3D(#4695,#1774,#1169);
#4694=IFCSHAPEREPRESENTATION(#9,'Body','SweptSolid',(#4696));
#4695=IFCCARTESIANPOINT((2.0250000E+001,2.5000000E-001,1.2375000E+001));
#4696=IFCEXTRUDEDAREASOLID(#1768,#14,#37,8.2533663E-001);
#4697=IFCMEMBER('34JUwgFEr5hQti0kpZBYuq',#62,'479',$,$,#4699,#4700,$);
#4698=IFCRELASSOCIATESMATERIAL('3YJXE8vjn1bvcdRHzdFkbM',#3,$,$,(#4697),#65);
#4699=IFCLOCALPLACEMENT($,#4701);
#4700=IFCPRODUCTDEFINITIONSHAPE($,$,(#4702));
#4701=IFCAXIS2PLACEMENT3D(#4703,#1783,#348);
#4702=IFCSHAPEREPRESENTATION(#9,'Body','SweptSolid',(#4704));
#4703=IFCCARTESIANPOINT((2.1150000E+001,2.5000000E-001,1.2375000E+001));
#4704=IFCEXTRUDEDAREASOLID(#1768,#14,#37,8.2533663E-001);
#4705=IFCMEMBER('07dY3uFLH2lRpudMenEo_C',#62,'480',$,$,#4707,#4708,$);
#4706=IFCRELASSOCIATESMATERIAL('0jQTLNey5FgPUiZn87eTNn',#3,$,$,(#4705),#65);
#4707=IFCLOCALPLACEMENT($,#4709);
#4708=IFCPRODUCTDEFINITIONSHAPE($,$,(#4710));
#4709=IFCAXIS2PLACEMENT3D(#4711,#1792,#339);
#4710=IFCSHAPEREPRESENTATION(#9,'Body','SweptSolid',(#4712));
#4711=IFCCARTESIANPOINT((2.1150000E+001,1.1500000E+000,1.2375000E+001));
#4712=IFCEXTRUDEDAREASOLID(#1768,#14,#37,8.2533663E-001);
#4713=IFCMEMBER('3NbWJxZJLE3eUHO_tjBDzq',#62,'481',$,$,#4715,#4716,$);
#4714=IFCRELASSOCIATESMATERIAL('09dnPNqFf0FhG8o48gkvwc',#3,$,$,(#4713),#65);
#4715=IFCLOCALPLACEMENT($,#4717);
#4716=IFCPRODUCTDEFINITIONSHAPE($,$,(#4718));
#4717=IFCAXIS2PLACEMENT3D(#4719,#1801,#340);
#4718=IFCSHAPEREPRESENTATION(#9,'Body','SweptSolid',(#4720));
#4719=IFCCARTESIANPOINT((2.0250000E+001,1.1500000E+000,1.2375000E+001));
#4720=IFCEXTRUDEDAREASOLID(#1768,#14,#37,8.2533663E-001);
#4721=IFCMEMBER('2h0zkis3HFiRWscROt214m',#62,'482',$,$,#4723,#4724,$);
#4722=IFCRELASSOCIATESMATERIAL('1C9UP$uU53QPK$7QTFXU_0',#3,$,$,(#4721),#65);
#4723=IFCLOCALPLACEMENT($,#4725);
#4724=IFCPRODUCTDEFINITIONSHAPE($,$,(#4726));
#4725=IFCAXIS2PLACEMENT3D(#4727,#1774,#1169);
#4726=IFCSHAPEREPRESENTATION(#9,'Body','SweptSolid',(#4728));
#4727=IFCCARTESIANPOINT((2.0266667E+001,2.6666667E-001,1.3200000E+001));
#4728=IFCEXTRUDEDAREASOLID(#1768,#14,#37,8.2533663E-001);
#4729=IFCMEMBER('2OXZer8t155PyAodCA4dZY',#62,'483',$,$,#4731,#4732,$);
#4730=IFCRELASSOCIATESMATERIAL('0TFCdLXXn9OhGcS1orEjGO',#3,$,$,(#4729),#65);
#4731=IFCLOCALPLACEMENT($,#4733);
#4732=IFCPRODUCTDEFINITIONSHAPE($,$,(#4734));
#4733=IFCAXIS2PLACEMENT3D(#650,#1774,#1169);
#4734=IFCSHAPEREPRESENTATION(#9,'Body','SweptSolid',(#4735));
#4735=IFCEXTRUDEDAREASOLID(#1768,#14,#37,8.2533663E-001);
#4736=IFCMEMBER('0SiNhVmQbFhhMgnJcH747W',#62,'484',$,$,#4738,#4739,$);
#4737=IFCRELASSOCIATESMATERIAL('3KnuDS15D2JRdul1fpRuln',#3,$,$,(#4736),#65);
#4738=IFCLOCALPLACEMENT($,#4740);
#4739=IFCPRODUCTDEFINITIONSHAPE($,$,(#4741));
#4740=IFCAXIS2PLACEMENT3D(#4742,#1783,#348);
#4741=IFCSHAPEREPRESENTATION(#9,'Body','SweptSolid',(#4743));
#4742=IFCCARTESIANPOINT((2.1133333E+001,2.6666667E-001,1.3200000E+001));
#4743=IFCEXTRUDEDAREASOLID(#1768,#14,#37,8.2533663E-001);
#4744=IFCMEMBER('0HeP6YWQr9dB2Hn7M6ui1Z',#62,'485',$,$,#4746,#4747,$);
#4745=IFCRELASSOCIATESMATERIAL('1QX4j75rf5mAWDIU6YPW7k',#3,$,$,(#4744),#65);
#4746=IFCLOCALPLACEMENT($,#4748);
#4747=IFCPRODUCTDEFINITIONSHAPE($,$,(#4749));
#4748=IFCAXIS2PLACEMENT3D(#666,#1783,#348);
#4749=IFCSHAPEREPRESENTATION(#9,'Body','SweptSolid',(#4750));
#4750=IFCEXTRUDEDAREASOLID(#1768,#14,#37,8.2533663E-001);
#4751=IFCMEMBER('3yRlrIKjf2498quvRFY73U',#62,'486',$,$,#4753,#4754,$);
#4752=IFCRELASSOCIATESMATERIAL('3KGjGgpp1D2h3KICWqEsdV',#3,$,$,(#4751),#65);
#4753=IFCLOCALPLACEMENT($,#4755);
#4754=IFCPRODUCTDEFINITIONSHAPE($,$,(#4756));
#4755=IFCAXIS2PLACEMENT3D(#4757,#1792,#339);
#4756=IFCSHAPEREPRESENTATION(#9,'Body','SweptSolid',(#4758));
#4757=IFCCARTESIANPOINT((2.1133333E+001,1.1333333E+000,1.3200000E+001));
#4758=IFCEXTRUDEDAREASOLID(#1768,#14,#37,8.2533663E-001);
#4759=IFCMEMBER('26N_0zkcP0IPDrLJXqoCfQ',#62,'487',$,$,#4761,#4762,$);
#4760=IFCRELASSOCIATESMATERIAL('3LZUhuMdz2R9NoGHJFPnzX',#3,$,$,(#4759),#65);
#4761=IFCLOCALPLACEMENT($,#4763);
#4762=IFCPRODUCTDEFINITIONSHAPE($,$,(#4764));
#4763=IFCAXIS2PLACEMENT3D(#682,#1792,#339);
#4764=IFCSHAPEREPRESENTATION(#9,'Body','SweptSolid',(#4765));
#4765=IFCEXTRUDEDAREASOLID(#1768,#14,#37,8.2533663E-001);
#4766=IFCMEMBER('0Xfze7m4n0qecfHk6mPLtM',#62,'488',$,$,#4768,#4769,$);
#4767=IFCRELASSOCIATESMATERIAL('2QZ9e1hqPEF94YdXp_whuw',#3,$,$,(#4766),#65);
#4768=IFCLOCALPLACEMENT($,#4770);
#4769=IFCPRODUCTDEFINITIONSHAPE($,$,(#4771));
#4770=IFCAXIS2PLACEMENT3D(#4772,#1801,#340);
#4771=IFCSHAPEREPRESENTATION(#9,'Body','SweptSolid',(#4773));
#4772=IFCCARTESIANPOINT((2.0266667E+001,1.1333333E+000,1.3200000E+001));
#4773=IFCEXTRUDEDAREASOLID(#1768,#14,#37,8.2533663E-001);
#4774=IFCMEMBER('2CObtnBNzDDPgrdVHSw4sR',#62,'489',$,$,#4776,#4777,$);
#4775=IFCRELASSOCIATESMATERIAL('1Sl4gD4ZXBmPSz4G1KoK55',#3,$,$,(#4774),#65);
#4776=IFCLOCALPLACEMENT($,#4778);
#4777=IFCPRODUCTDEFINITIONSHAPE($,$,(#4779));
#4778=IFCAXIS2PLACEMENT3D(#698,#1801,#340);
#4779=IFCSHAPEREPRESENTATION(#9,'Body','SweptSolid',(#4780));
#4780=IFCEXTRUDEDAREASOLID(#1768,#14,#37,8.2533663E-001);
#4781=IFCMEMBER('2uAFq5lWf0qPmO0C0kS30C',#62,'490',$,$,#4783,#4784,$);
#4782=IFCRELASSOCIATESMATERIAL('0W$FbYWQr7JhINEJCnWwA7',#3,$,$,(#4781),#65);
#4783=IFCLOCALPLACEMENT($,#4785);
#4784=IFCPRODUCTDEFINITIONSHAPE($,$,(#4786));
#4785=IFCAXIS2PLACEMENT3D(#4223,#2341,#2342);
#4786=IFCSHAPEREPRESENTATION(#9,'Body','SweptSolid',(#4787));
#4787=IFCEXTRUDEDAREASOLID(#445,#14,#37,1.6107495E+000);
#4788=IFCMEMBER('3GDE3mkEH3jQBZtXocO$KY',#62,'491',$,$,#4790,#4791,$);
#4789=IFCRELASSOCIATESMATERIAL('3L6h9vdZP8oeH2gpWg4rs0',#3,$,$,(#4788),#65);
#4790=IFCLOCALPLACEMENT($,#4792);
#4791=IFCPRODUCTDEFINITIONSHAPE($,$,(#4793));
#4792=IFCAXIS2PLACEMENT3D(#4263,#2350,#2351);
#4793=IFCSHAPEREPRESENTATION(#9,'Body','SweptSolid',(#4794));
#4794=IFCEXTRUDEDAREASOLID(#445,#14,#37,1.5822145E+000);
#4795=IFCMEMBER('3rOoUqQPn6Ohzi_ZiJTuxr',#62,'492',$,$,#4797,#4798,$);
#4796=IFCRELASSOCIATESMATERIAL('22HLkWRZH09hkWkSnOWXe$',#3,$,$,(#4795),#65);
#4797=IFCLOCALPLACEMENT($,#4799);
#4798=IFCPRODUCTDEFINITIONSHAPE($,$,(#4800));
#4799=IFCAXIS2PLACEMENT3D(#4287,#2359,#2376);
#4800=IFCSHAPEREPRESENTATION(#9,'Body','SweptSolid',(#4801));
#4801=IFCEXTRUDEDAREASOLID(#445,#14,#37,1.5538706E+000);
#4802=IFCMEMBER('2eIZyxL5HCrvUXaJx3ObqS',#62,'493',$,$,#4804,#4805,$);
#4803=IFCRELASSOCIATESMATERIAL('131_2EB$jEmfXWuxaprcbc',#3,$,$,(#4802),#65);
#4804=IFCLOCALPLACEMENT($,#4806);
#4805=IFCPRODUCTDEFINITIONSHAPE($,$,(#4807));
#4806=IFCAXIS2PLACEMENT3D(#4327,#2367,#2351);
#4807=IFCSHAPEREPRESENTATION(#9,'Body','SweptSolid',(#4808));
#4808=IFCEXTRUDEDAREASOLID(#445,#14,#37,1.5257284E+000);
#4809=IFCMEMBER('32FCE9P7jBWRGnuVtf2VFj',#62,'494',$,$,#4811,#4812,$);
#4810=IFCRELASSOCIATESMATERIAL('1bBlA3LU52Mvrs7Xadpzly',#3,$,$,(#4809),#65);
#4811=IFCLOCALPLACEMENT($,#4813);
#4812=IFCPRODUCTDEFINITIONSHAPE($,$,(#4814));
#4813=IFCAXIS2PLACEMENT3D(#4351,#2375,#2376);
#4814=IFCSHAPEREPRESENTATION(#9,'Body','SweptSolid',(#4815));
#4815=IFCEXTRUDEDAREASOLID(#445,#14,#37,1.4977993E+000);
#4816=IFCMEMBER('3j6u8ExK19kByTEqGEIswY',#62,'495',$,$,#4818,#4819,$);
#4817=IFCRELASSOCIATESMATERIAL('2wcqLchfjF2fg7rQa6yRGP',#3,$,$,(#4816),#65);
#4818=IFCLOCALPLACEMENT($,#4820);
#4819=IFCPRODUCTDEFINITIONSHAPE($,$,(#4821));
#4820=IFCAXIS2PLACEMENT3D(#4391,#2384,#2385);
#4821=IFCSHAPEREPRESENTATION(#9,'Body','SweptSolid',(#4822));
#4822=IFCEXTRUDEDAREASOLID(#445,#14,#37,1.4700954E+000);
#4823=IFCMEMBER('124_TJU5zFxf8BKLWil2Wj',#62,'496',$,$,#4825,#4826,$);
#4824=IFCRELASSOCIATESMATERIAL('3yFxnHE2X6u827l_pZ4j_v',#3,$,$,(#4823),#65);
#4825=IFCLOCALPLACEMENT($,#4827);
#4826=IFCPRODUCTDEFINITIONSHAPE($,$,(#4828));
#4827=IFCAXIS2PLACEMENT3D(#4415,#2393,#2394);
#4828=IFCSHAPEREPRESENTATION(#9,'Body','SweptSolid',(#4829));
#4829=IFCEXTRUDEDAREASOLID(#445,#14,#37,1.4426297E+000);
#4830=IFCMEMBER('3iw4WJ9F10LvLjPiZ7bb29',#62,'497',$,$,#4832,#4833,$);
#4831=IFCRELASSOCIATESMATERIAL('04cEpe8jf089IQLzXtZ4ME',#3,$,$,(#4830),#65);
#4832=IFCLOCALPLACEMENT($,#4834);
#4833=IFCPRODUCTDEFINITIONSHAPE($,$,(#4835));
#4834=IFCAXIS2PLACEMENT3D(#1733,#2402,#2420);
#4835=IFCSHAPEREPRESENTATION(#9,'Body','SweptSolid',(#4836));
#4836=IFCEXTRUDEDAREASOLID(#445,#14,#37,1.4154161E+000);
#4837=IFCMEMBER('3A$3v2lBb9WPOHfZqS31AG',#62,'498',$,$,#4839,#4840,$);
#4838=IFCRELASSOCIATESMATERIAL('1GTsNogE9Dvv6JNmkenAaT',#3,$,$,(#4837),#65);
#4839=IFCLOCALPLACEMENT($,#4841);
#4840=IFCPRODUCTDEFINITIONSHAPE($,$,(#4842));
#4841=IFCAXIS2PLACEMENT3D(#4475,#2410,#2411);
#4842=IFCSHAPEREPRESENTATION(#9,'Body','SweptSolid',(#4843));
#4843=IFCEXTRUDEDAREASOLID(#445,#14,#37,1.3884694E+000);
#4844=IFCMEMBER('2enIVWjuH1xBnFJiFNfd4T',#62,'499',$,$,#4846,#4847,$);
#4845=IFCRELASSOCIATESMATERIAL('2YV$fIOSf7V8Cff421WaOF',#3,$,$,(#4844),#65);
#4846=IFCLOCALPLACEMENT($,#4848);
#4847=IFCPRODUCTDEFINITIONSHAPE($,$,(#4849));
#4848=IFCAXIS2PLACEMENT3D(#4515,#2419,#2420);
#4849=IFCSHAPEREPRESENTATION(#9,'Body','SweptSolid',(#4850));
#4850=IFCEXTRUDEDAREASOLID(#445,#14,#37,1.3618054E+000);
#4851=IFCMEMBER('2TJYFtee593RJ0wTOaNo28',#62,'500',$,$,#4853,#4854,$);
#4852=IFCRELASSOCIATESMATERIAL('0q3on6a6DElgEJBcdhmyUy',#3,$,$,(#4851),#65);
#4853=IFCLOCALPLACEMENT($,#4855);
#4854=IFCPRODUCTDEFINITIONSHAPE($,$,(#4856));
#4855=IFCAXIS2PLACEMENT3D(#4539,#2428,#2411);
#4856=IFCSHAPEREPRESENTATION(#9,'Body','SweptSolid',(#4857));
#4857=IFCEXTRUDEDAREASOLID(#445,#14,#37,1.3354410E+000);
#4858=IFCMEMBER('1JRYQvhg91wPnqoGqZN$TM',#62,'501',$,$,#4860,#4861,$);
#4859=IFCRELASSOCIATESMATERIAL('2_1l9_NWb9$fqNiBU8ZjVl',#3,$,$,(#4858),#65);
#4860=IFCLOCALPLACEMENT($,#4862);
#4861=IFCPRODUCTDEFINITIONSHAPE($,$,(#4863));
#4862=IFCAXIS2PLACEMENT3D(#4579,#2436,#2437);
#4863=IFCSHAPEREPRESENTATION(#9,'Body','SweptSolid',(#4864));
#4864=IFCEXTRUDEDAREASOLID(#445,#14,#37,1.3093945E+000);
#4865=IFCMEMBER('1BHweyXwbFfBpjIVXjH4b2',#62,'502',$,$,#4867,#4868,$);
#4866=IFCRELASSOCIATESMATERIAL('1YhUDL7Lz2wefoki3Q33be',#3,$,$,(#4865),#65);
#4867=IFCLOCALPLACEMENT($,#4869);
#4868=IFCPRODUCTDEFINITIONSHAPE($,$,(#4870));
#4869=IFCAXIS2PLACEMENT3D(#4603,#2445,#2446);
#4870=IFCSHAPEREPRESENTATION(#9,'Body','SweptSolid',(#4871));
#4871=IFCEXTRUDEDAREASOLID(#445,#14,#37,1.2836850E+000);
#4872=IFCMEMBER('2RuDKaJqv7vQtDE7ohDKMK',#62,'503',$,$,#4874,#4875,$);
#4873=IFCRELASSOCIATESMATERIAL('0HRUBRMf1ByxIdpKtdRw2q',#3,$,$,(#4872),#65);
#4874=IFCLOCALPLACEMENT($,#4876);
#4875=IFCPRODUCTDEFINITIONSHAPE($,$,(#4877));
#4876=IFCAXIS2PLACEMENT3D(#4643,#2454,#2455);
#4877=IFCSHAPEREPRESENTATION(#9,'Body','SweptSolid',(#4878));
#4878=IFCEXTRUDEDAREASOLID(#445,#14,#37,1.2583333E+000);
#4879=IFCMEMBER('1ksV0yBAjCvfRTuiRAom5N',#62,'504',$,$,#4881,#4882,$);
#4880=IFCRELASSOCIATESMATERIAL('1ZNj2UPEb59eHlixZBbEap',#3,$,$,(#4879),#65);
#4881=IFCLOCALPLACEMENT($,#4883);
#4882=IFCPRODUCTDEFINITIONSHAPE($,$,(#4884));
#4883=IFCAXIS2PLACEMENT3D(#410,#2463,#2464);
#4884=IFCSHAPEREPRESENTATION(#9,'Body','SweptSolid',(#4885));
#4885=IFCEXTRUDEDAREASOLID(#445,#14,#37,1.2333615E+000);
#4886=IFCMEMBER('2XL2AExIH5qgSVXbuEwJTi',#62,'505',$,$,#4888,#4889,$);
#4887=IFCRELASSOCIATESMATERIAL('3tuQlfpkvBCx4QsVMHTyZo',#3,$,$,(#4886),#65);
#4888=IFCLOCALPLACEMENT($,#4890);
#4889=IFCPRODUCTDEFINITIONSHAPE($,$,(#4891));
#4890=IFCAXIS2PLACEMENT3D(#4703,#2472,#2473);
#4891=IFCSHAPEREPRESENTATION(#9,'Body','SweptSolid',(#4892));
#4892=IFCEXTRUDEDAREASOLID(#445,#14,#37,1.2087930E+000);
#4893=IFCMEMBER('1AKb4C3a17yQc6JiXSrxcx',#62,'506',$,$,#4895,#4896,$);
#4894=IFCRELASSOCIATESMATERIAL('0DFjV7mSv0uQa1ymyyY0pe',#3,$,$,(#4893),#65);
#4895=IFCLOCALPLACEMENT($,#4897);
#4896=IFCPRODUCTDEFINITIONSHAPE($,$,(#4898));
#4897=IFCAXIS2PLACEMENT3D(#4727,#2481,#2482);
#4898=IFCSHAPEREPRESENTATION(#9,'Body','SweptSolid',(#4899));
#4899=IFCEXTRUDEDAREASOLID(#445,#14,#37,1.1846530E+000);
#4900=IFCMEMBER('1Md89OyUT2_QykB7cnDvF6',#62,'507',$,$,#4902,#4903,$);
#4901=IFCRELASSOCIATESMATERIAL('3sR0AOJN1FmhziR8fr5bZH',#3,$,$,(#4900),#65);
#4902=IFCLOCALPLACEMENT($,#4904);
#4903=IFCPRODUCTDEFINITIONSHAPE($,$,(#4905));
#4904=IFCAXIS2PLACEMENT3D(#666,#2490,#2491);
#4905=IFCSHAPEREPRESENTATION(#9,'Body','SweptSolid',(#4906));
#4906=IFCEXTRUDEDAREASOLID(#445,#14,#37,1.1609682E+000);
#4907=IFCMEMBER('0NvmXhYeTCqfFxyk0hpgch',#62,'510',$,$,#4909,#4910,$);
#4908=IFCRELASSOCIATESMATERIAL('2cfZcQW5L6of1pehxFZIVA',#3,$,$,(#4907),#65);
#4909=IFCLOCALPLACEMENT($,#4911);
#4910=IFCPRODUCTDEFINITIONSHAPE($,$,(#4912));
#4911=IFCAXIS2PLACEMENT3D(#4231,#2499,#2500);
#4912=IFCSHAPEREPRESENTATION(#9,'Body','SweptSolid',(#4913));
#4913=IFCEXTRUDEDAREASOLID(#445,#14,#37,1.6107495E+000);
#4914=IFCMEMBER('3Vql6vQJL8zARF3b4OXWNH',#62,'511',$,$,#4916,#4917,$);
#4915=IFCRELASSOCIATESMATERIAL('2uftv56ynCEuhW0VLkw1Jb',#3,$,$,(#4914),#65);
#4916=IFCLOCALPLACEMENT($,#4918);
#4917=IFCPRODUCTDEFINITIONSHAPE($,$,(#4919));
#4918=IFCAXIS2PLACEMENT3D(#4271,#3764,#2509);
#4919=IFCSHAPEREPRESENTATION(#9,'Body','SweptSolid',(#4920));
#4920=IFCEXTRUDEDAREASOLID(#445,#14,#37,1.5822145E+000);
#4921=IFCMEMBER('11gj1M1MP9NBlMByxanoRs',#62,'512',$,$,#4923,#4924,$);
#4922=IFCRELASSOCIATESMATERIAL('1gyXf8a7bD8ORBdsgDFU$A',#3,$,$,(#4921),#65);
#4923=IFCLOCALPLACEMENT($,#4925);
#4924=IFCPRODUCTDEFINITIONSHAPE($,$,(#4926));
#4925=IFCAXIS2PLACEMENT3D(#4295,#2517,#2500);
#4926=IFCSHAPEREPRESENTATION(#9,'Body','SweptSolid',(#4927));
#4927=IFCEXTRUDEDAREASOLID(#445,#14,#37,1.5538706E+000);
#4928=IFCMEMBER('2dHq6VpVr8B9qXAx84eWmv',#62,'513',$,$,#4930,#4931,$);
#4929=IFCRELASSOCIATESMATERIAL('0Mmr4jMFz4hOKWbwy0Hd8Z',#3,$,$,(#4928),#65);
#4930=IFCLOCALPLACEMENT($,#4932);
#4931=IFCPRODUCTDEFINITIONSHAPE($,$,(#4933));
#4932=IFCAXIS2PLACEMENT3D(#4335,#3779,#2509);
#4933=IFCSHAPEREPRESENTATION(#9,'Body','SweptSolid',(#4934));
#4934=IFCEXTRUDEDAREASOLID(#445,#14,#37,1.5257284E+000);
#4935=IFCMEMBER('2_7mEsUI1EsRUVsp6J6_if',#62,'514',$,$,#4937,#4938,$);
#4936=IFCRELASSOCIATESMATERIAL('0mHEAhexz4nAO6qyXEC_N$',#3,$,$,(#4935),#65);
#4937=IFCLOCALPLACEMENT($,#4939);
#4938=IFCPRODUCTDEFINITIONSHAPE($,$,(#4940));
#4939=IFCAXIS2PLACEMENT3D(#4359,#2533,#2534);
#4940=IFCSHAPEREPRESENTATION(#9,'Body','SweptSolid',(#4941));
#4941=IFCEXTRUDEDAREASOLID(#445,#14,#37,1.4977993E+000);
#4942=IFCMEMBER('3HAGcVOzX42OtPfmcMa2au',#62,'515',$,$,#4944,#4945,$);
#4943=IFCRELASSOCIATESMATERIAL('3nRXkvJwbAygKd4M3Zt6Bb',#3,$,$,(#4942),#65);
#4944=IFCLOCALPLACEMENT($,#4946);
#4945=IFCPRODUCTDEFINITIONSHAPE($,$,(#4947));
#4946=IFCAXIS2PLACEMENT3D(#4399,#2542,#2543);
#4947=IFCSHAPEREPRESENTATION(#9,'Body','SweptSolid',(#4948));
#4948=IFCEXTRUDEDAREASOLID(#445,#14,#37,1.4700954E+000);
#4949=IFCMEMBER('29Weu19HD4dxq5tLsqOIZR',#62,'516',$,$,#4951,#4952,$);
#4950=IFCRELASSOCIATESMATERIAL('1QdzCWE8n8mebUevuWb5No',#3,$,$,(#4949),#65);
#4951=IFCLOCALPLACEMENT($,#4953);
#4952=IFCPRODUCTDEFINITIONSHAPE($,$,(#4954));
#4953=IFCAXIS2PLACEMENT3D(#4423,#2551,#2568);
#4954=IFCSHAPEREPRESENTATION(#9,'Body','SweptSolid',(#4955));
#4955=IFCEXTRUDEDAREASOLID(#445,#14,#37,1.4426297E+000);
#4956=IFCMEMBER('1l3iIz34DEhRsopFWabeDM',#62,'517',$,$,#4958,#4959,$);
#4957=IFCRELASSOCIATESMATERIAL('2gFsLzXS919BrXLdWJxOnB',#3,$,$,(#4956),#65);
#4958=IFCLOCALPLACEMENT($,#4960);
#4959=IFCPRODUCTDEFINITIONSHAPE($,$,(#4961));
#4960=IFCAXIS2PLACEMENT3D(#1741,#2559,#2577);
#4961=IFCSHAPEREPRESENTATION(#9,'Body','SweptSolid',(#4962));
#4962=IFCEXTRUDEDAREASOLID(#445,#14,#37,1.4154161E+000);
#4963=IFCMEMBER('1zS9CxTz13SRFc2kdl7AzG',#62,'518',$,$,#4965,#4966,$);
#4964=IFCRELASSOCIATESMATERIAL('0VXxavsQn9dw9aya$39Keb',#3,$,$,(#4963),#65);
#4965=IFCLOCALPLACEMENT($,#4967);
#4966=IFCPRODUCTDEFINITIONSHAPE($,$,(#4968));
#4967=IFCAXIS2PLACEMENT3D(#4483,#2567,#2568);
#4968=IFCSHAPEREPRESENTATION(#9,'Body','SweptSolid',(#4969));
#4969=IFCEXTRUDEDAREASOLID(#445,#14,#37,1.3884694E+000);
#4970=IFCMEMBER('1dnHHJ_bn7vg3qDtGrYBRE',#62,'519',$,$,#4972,#4973,$);
#4971=IFCRELASSOCIATESMATERIAL('2RXwqdETH80wr4whqRV5XS',#3,$,$,(#4970),#65);
#4972=IFCLOCALPLACEMENT($,#4974);
#4973=IFCPRODUCTDEFINITIONSHAPE($,$,(#4975));
#4974=IFCAXIS2PLACEMENT3D(#4523,#2576,#2577);
#4975=IFCSHAPEREPRESENTATION(#9,'Body','SweptSolid',(#4976));
#4976=IFCEXTRUDEDAREASOLID(#445,#14,#37,1.3618054E+000);
#4977=IFCMEMBER('1apR77Dur9zulqhTeVfmc9',#62,'520',$,$,#4979,#4980,$);
#4978=IFCRELASSOCIATESMATERIAL('16xWnW6_T15u1hCbwl86ss',#3,$,$,(#4977),#65);
#4979=IFCLOCALPLACEMENT($,#4981);
#4980=IFCPRODUCTDEFINITIONSHAPE($,$,(#4982));
#4981=IFCAXIS2PLACEMENT3D(#4547,#2585,#2568);
#4982=IFCSHAPEREPRESENTATION(#9,'Body','SweptSolid',(#4983));
#4983=IFCEXTRUDEDAREASOLID(#445,#14,#37,1.3354410E+000);
#4984=IFCMEMBER('173W0G9dH02Ak27HYmf9Sf',#62,'521',$,$,#4986,#4987,$);
#4985=IFCRELASSOCIATESMATERIAL('3Ffy3VIGb0s8GYoZMW9gpy',#3,$,$,(#4984),#65);
#4986=IFCLOCALPLACEMENT($,#4988);
#4987=IFCPRODUCTDEFINITIONSHAPE($,$,(#4989));
#4988=IFCAXIS2PLACEMENT3D(#4587,#2593,#2594);
#4989=IFCSHAPEREPRESENTATION(#9,'Body','SweptSolid',(#4990));
#4990=IFCEXTRUDEDAREASOLID(#445,#14,#37,1.3093945E+000);
#4991=IFCMEMBER('3$DqcTmt52FgPZW6qgz5Od',#62,'522',$,$,#4993,#4994,$);
#4992=IFCRELASSOCIATESMATERIAL('2a2Fdy9zX1hRgMq62wFOpt',#3,$,$,(#4991),#65);
#4993=IFCLOCALPLACEMENT($,#4995);
#4994=IFCPRODUCTDEFINITIONSHAPE($,$,(#4996));
#4995=IFCAXIS2PLACEMENT3D(#4611,#2602,#2603);
#4996=IFCSHAPEREPRESENTATION(#9,'Body','SweptSolid',(#4997));
#4997=IFCEXTRUDEDAREASOLID(#445,#14,#37,1.2836850E+000);
#4998=IFCMEMBER('3h9QxvmIn4uhD7l5WQ64dN',#62,'523',$,$,#5000,#5001,$);
#4999=IFCRELASSOCIATESMATERIAL('0hisg6PMXCeAZXCTzPjjba',#3,$,$,(#4998),#65);
#5000=IFCLOCALPLACEMENT($,#5002);
#5001=IFCPRODUCTDEFINITIONSHAPE($,$,(#5003));
#5002=IFCAXIS2PLACEMENT3D(#4651,#2611,#2612);
#5003=IFCSHAPEREPRESENTATION(#9,'Body','SweptSolid',(#5004));
#5004=IFCEXTRUDEDAREASOLID(#445,#14,#37,1.2583333E+000);
#5005=IFCMEMBER('3yePcNck55hxXfkG5NwT5Z',#62,'524',$,$,#5007,#5008,$);
#5006=IFCRELASSOCIATESMATERIAL('0aaCk_MqLA0BfBOQatoEjn',#3,$,$,(#5005),#65);
#5007=IFCLOCALPLACEMENT($,#5009);
#5008=IFCPRODUCTDEFINITIONSHAPE($,$,(#5010));
#5009=IFCAXIS2PLACEMENT3D(#418,#2620,#2621);
#5010=IFCSHAPEREPRESENTATION(#9,'Body','SweptSolid',(#5011));
#5011=IFCEXTRUDEDAREASOLID(#445,#14,#37,1.2333615E+000);
#5012=IFCMEMBER('0P_6KWWZbANx_Vm38FBgZ0',#62,'525',$,$,#5014,#5015,$);
#5013=IFCRELASSOCIATESMATERIAL('2LOPsNG9LEePOcCTVBd_Z$',#3,$,$,(#5012),#65);
#5014=IFCLOCALPLACEMENT($,#5016);
#5015=IFCPRODUCTDEFINITIONSHAPE($,$,(#5017));
#5016=IFCAXIS2PLACEMENT3D(#4711,#2629,#2630);
#5017=IFCSHAPEREPRESENTATION(#9,'Body','SweptSolid',(#5018));
#5018=IFCEXTRUDEDAREASOLID(#445,#14,#37,1.2087930E+000);
#5019=IFCMEMBER('1qWpxfdHz7xfxfEAzADReB',#62,'526',$,$,#5021,#5022,$);
#5020=IFCRELASSOCIATESMATERIAL('3wzkLoJuvEAfPxSf773dK6',#3,$,$,(#5019),#65);
#5021=IFCLOCALPLACEMENT($,#5023);
#5022=IFCPRODUCTDEFINITIONSHAPE($,$,(#5024));
#5023=IFCAXIS2PLACEMENT3D(#4742,#2638,#2639);
#5024=IFCSHAPEREPRESENTATION(#9,'Body','SweptSolid',(#5025));
#5025=IFCEXTRUDEDAREASOLID(#445,#14,#37,1.1846530E+000);
#5026=IFCMEMBER('137gScKjPABPlaeaHlOFBm',#62,'527',$,$,#5028,#5029,$);
#5027=IFCRELASSOCIATESMATERIAL('3WZGhZ_Y54bxLh6g_KGEph',#3,$,$,(#5026),#65);
#5028=IFCLOCALPLACEMENT($,#5030);
#5029=IFCPRODUCTDEFINITIONSHAPE($,$,(#5031));
#5030=IFCAXIS2PLACEMENT3D(#682,#2647,#2648);
#5031=IFCSHAPEREPRESENTATION(#9,'Body','SweptSolid',(#5032));
#5032=IFCEXTRUDEDAREASOLID(#445,#14,#37,1.1609682E+000);
#5033=IFCMEMBER('0M3c0v54j7yB8Cl2$RKaFw',#62,'530',$,$,#5035,#5036,$);
#5034=IFCRELASSOCIATESMATERIAL('0x4ywPKx52rvCv5HfHd4C$',#3,$,$,(#5033),#65);
#5035=IFCLOCALPLACEMENT($,#5037);
#5036=IFCPRODUCTDEFINITIONSHAPE($,$,(#5038));
#5037=IFCAXIS2PLACEMENT3D(#4239,#2656,#2657);
#5038=IFCSHAPEREPRESENTATION(#9,'Body','SweptSolid',(#5039));
#5039=IFCEXTRUDEDAREASOLID(#445,#14,#37,1.6107495E+000);
#5040=IFCMEMBER('3x$Qs36CD57RotFYFaTGA_',#62,'531',$,$,#5042,#5043,$);
#5041=IFCRELASSOCIATESMATERIAL('0OFrw5WBT0HALrp0bBgByZ',#3,$,$,(#5040),#65);
#5042=IFCLOCALPLACEMENT($,#5044);
#5043=IFCPRODUCTDEFINITIONSHAPE($,$,(#5045));
#5044=IFCAXIS2PLACEMENT3D(#4279,#2665,#2666);
#5045=IFCSHAPEREPRESENTATION(#9,'Body','SweptSolid',(#5046));
#5046=IFCEXTRUDEDAREASOLID(#445,#14,#37,1.5822145E+000);
#5047=IFCMEMBER('29ezyHc_X3Eu6gc3JZfiJM',#62,'532',$,$,#5049,#5050,$);
#5048=IFCRELASSOCIATESMATERIAL('2pnMc5sz557O9JcwNeydye',#3,$,$,(#5047),#65);
#5049=IFCLOCALPLACEMENT($,#5051);
#5050=IFCPRODUCTDEFINITIONSHAPE($,$,(#5052));
#5051=IFCAXIS2PLACEMENT3D(#4303,#2674,#2691);
#5052=IFCSHAPEREPRESENTATION(#9,'Body','SweptSolid',(#5053));
#5053=IFCEXTRUDEDAREASOLID(#445,#14,#37,1.5538706E+000);
#5054=IFCMEMBER('1wwKiaRI96pPOr1EJcwTJI',#62,'533',$,$,#5056,#5057,$);
#5055=IFCRELASSOCIATESMATERIAL('2LbSobB8T2UPEZlq8fULI6',#3,$,$,(#5054),#65);
#5056=IFCLOCALPLACEMENT($,#5058);
#5057=IFCPRODUCTDEFINITIONSHAPE($,$,(#5059));
#5058=IFCAXIS2PLACEMENT3D(#4343,#2682,#2666);
#5059=IFCSHAPEREPRESENTATION(#9,'Body','SweptSolid',(#5060));
#5060=IFCEXTRUDEDAREASOLID(#445,#14,#37,1.5257284E+000);
#5061=IFCMEMBER('1HlYsBbtfFpBY1KKdynwsf',#62,'534',$,$,#5063,#5064,$);
#5062=IFCRELASSOCIATESMATERIAL('24jslIoOr8Zwns7Iv4WINw',#3,$,$,(#5061),#65);
#5063=IFCLOCALPLACEMENT($,#5065);
#5064=IFCPRODUCTDEFINITIONSHAPE($,$,(#5066));
#5065=IFCAXIS2PLACEMENT3D(#4367,#2690,#2691);
#5066=IFCSHAPEREPRESENTATION(#9,'Body','SweptSolid',(#5067));
#5067=IFCEXTRUDEDAREASOLID(#445,#14,#37,1.4977993E+000);
#5068=IFCMEMBER('0IS0pJzOD8YPjvmYbAAZWi',#62,'535',$,$,#5070,#5071,$);
#5069=IFCRELASSOCIATESMATERIAL('29svSe8G50_9o0QS0wniGA',#3,$,$,(#5068),#65);
#5070=IFCLOCALPLACEMENT($,#5072);
#5071=IFCPRODUCTDEFINITIONSHAPE($,$,(#5073));
#5072=IFCAXIS2PLACEMENT3D(#4407,#2699,#2700);
#5073=IFCSHAPEREPRESENTATION(#9,'Body','SweptSolid',(#5074));
#5074=IFCEXTRUDEDAREASOLID(#445,#14,#37,1.4700954E+000);
#5075=IFCMEMBER('212j7iPgn8ffFFiPXRvWxz',#62,'536',$,$,#5077,#5078,$);
#5076=IFCRELASSOCIATESMATERIAL('1aA3vFZFL8nPTLCg6s$I2O',#3,$,$,(#5075),#65);
#5077=IFCLOCALPLACEMENT($,#5079);
#5078=IFCPRODUCTDEFINITIONSHAPE($,$,(#5080));
#5079=IFCAXIS2PLACEMENT3D(#4431,#2708,#2709);
#5080=IFCSHAPEREPRESENTATION(#9,'Body','SweptSolid',(#5081));
#5081=IFCEXTRUDEDAREASOLID(#445,#14,#37,1.4426297E+000);
#5082=IFCMEMBER('2$8hhfFzvFzhCMIeWofNmS',#62,'537',$,$,#5084,#5085,$);
#5083=IFCRELASSOCIATESMATERIAL('2GI8hMhbn33e_mQZ8cV5dq',#3,$,$,(#5082),#65);
#5084=IFCLOCALPLACEMENT($,#5086);
#5085=IFCPRODUCTDEFINITIONSHAPE($,$,(#5087));
#5086=IFCAXIS2PLACEMENT3D(#1749,#2717,#2735);
#5087=IFCSHAPEREPRESENTATION(#9,'Body','SweptSolid',(#5088));
#5088=IFCEXTRUDEDAREASOLID(#445,#14,#37,1.4154161E+000);
#5089=IFCMEMBER('2Q5j67kK1CeBl6RtDMY_gz',#62,'538',$,$,#5091,#5092,$);
#5090=IFCRELASSOCIATESMATERIAL('0E7NsRHIPC0uwLTxOwbVF4',#3,$,$,(#5089),#65);
#5091=IFCLOCALPLACEMENT($,#5093);
#5092=IFCPRODUCTDEFINITIONSHAPE($,$,(#5094));
#5093=IFCAXIS2PLACEMENT3D(#4491,#2725,#2726);
#5094=IFCSHAPEREPRESENTATION(#9,'Body','SweptSolid',(#5095));
#5095=IFCEXTRUDEDAREASOLID(#445,#14,#37,1.3884694E+000);
#5096=IFCMEMBER('21iq8wNr9BSvITclBqEbFu',#62,'539',$,$,#5098,#5099,$);
#5097=IFCRELASSOCIATESMATERIAL('0gNqRm$xj9ixSshWIE330J',#3,$,$,(#5096),#65);
#5098=IFCLOCALPLACEMENT($,#5100);
#5099=IFCPRODUCTDEFINITIONSHAPE($,$,(#5101));
#5100=IFCAXIS2PLACEMENT3D(#4531,#2734,#2735);
#5101=IFCSHAPEREPRESENTATION(#9,'Body','SweptSolid',(#5102));
#5102=IFCEXTRUDEDAREASOLID(#445,#14,#37,1.3618054E+000);
#5103=IFCMEMBER('1ILPklYCn1XgYlnD5X84UD',#62,'540',$,$,#5105,#5106,$);
#5104=IFCRELASSOCIATESMATERIAL('0JIpSoPID0_evtiRBcn3Cg',#3,$,$,(#5103),#65);
#5105=IFCLOCALPLACEMENT($,#5107);
#5106=IFCPRODUCTDEFINITIONSHAPE($,$,(#5108));
#5107=IFCAXIS2PLACEMENT3D(#4555,#2743,#2726);
#5108=IFCSHAPEREPRESENTATION(#9,'Body','SweptSolid',(#5109));
#5109=IFCEXTRUDEDAREASOLID(#445,#14,#37,1.3354410E+000);
#5110=IFCMEMBER('1PgDCyPr94AwJ9rc_YPIT4',#62,'541',$,$,#5112,#5113,$);
#5111=IFCRELASSOCIATESMATERIAL('1valT7ikz3ePyR5qm8efwK',#3,$,$,(#5110),#65);
#5112=IFCLOCALPLACEMENT($,#5114);
#5113=IFCPRODUCTDEFINITIONSHAPE($,$,(#5115));
#5114=IFCAXIS2PLACEMENT3D(#4595,#2751,#2752);
#5115=IFCSHAPEREPRESENTATION(#9,'Body','SweptSolid',(#5116));
#5116=IFCEXTRUDEDAREASOLID(#445,#14,#37,1.3093945E+000);
#5117=IFCMEMBER('07WnWfT85EmAm4eCEBh3Oa',#62,'542',$,$,#5119,#5120,$);
#5118=IFCRELASSOCIATESMATERIAL('2$h1gYSIf34guNPip5suk7',#3,$,$,(#5117),#65);
#5119=IFCLOCALPLACEMENT($,#5121);
#5120=IFCPRODUCTDEFINITIONSHAPE($,$,(#5122));
#5121=IFCAXIS2PLACEMENT3D(#4619,#2760,#2761);
#5122=IFCSHAPEREPRESENTATION(#9,'Body','SweptSolid',(#5123));
#5123=IFCEXTRUDEDAREASOLID(#445,#14,#37,1.2836850E+000);
#5124=IFCMEMBER('0vjgS5WxD6MeKNqk79e2_2',#62,'543',$,$,#5126,#5127,$);
#5125=IFCRELASSOCIATESMATERIAL('3rTEcaq$v9$PeWL_sAWnwx',#3,$,$,(#5124),#65);
#5126=IFCLOCALPLACEMENT($,#5128);
#5127=IFCPRODUCTDEFINITIONSHAPE($,$,(#5129));
#5128=IFCAXIS2PLACEMENT3D(#4659,#2769,#2770);
#5129=IFCSHAPEREPRESENTATION(#9,'Body','SweptSolid',(#5130));
#5130=IFCEXTRUDEDAREASOLID(#445,#14,#37,1.2583333E+000);
#5131=IFCMEMBER('3wWgfxbCrDfBDXRBqJwSfc',#62,'544',$,$,#5133,#5134,$);
#5132=IFCRELASSOCIATESMATERIAL('0IFQnIEXL16QkrUTUouc9w',#3,$,$,(#5131),#65);
#5133=IFCLOCALPLACEMENT($,#5135);
#5134=IFCPRODUCTDEFINITIONSHAPE($,$,(#5136));
#5135=IFCAXIS2PLACEMENT3D(#426,#2778,#2779);
#5136=IFCSHAPEREPRESENTATION(#9,'Body','SweptSolid',(#5137));
#5137=IFCEXTRUDEDAREASOLID(#445,#14,#37,1.2333615E+000);
#5138=IFCMEMBER('0C3IyAr9f4Ke0iaos322IF',#62,'545',$,$,#5140,#5141,$);
#5139=IFCRELASSOCIATESMATERIAL('283Yk9UPrALh6$DGudX$Jz',#3,$,$,(#5138),#65);
#5140=IFCLOCALPLACEMENT($,#5142);
#5141=IFCPRODUCTDEFINITIONSHAPE($,$,(#5143));
#5142=IFCAXIS2PLACEMENT3D(#4719,#2787,#2788);
#5143=IFCSHAPEREPRESENTATION(#9,'Body','SweptSolid',(#5144));
#5144=IFCEXTRUDEDAREASOLID(#445,#14,#37,1.2087930E+000);
#5145=IFCMEMBER('0H6gD22RDEmhHeicpj3Lsr',#62,'546',$,$,#5147,#5148,$);
#5146=IFCRELASSOCIATESMATERIAL('1$Q7qFPyXDjQh30iaHZYi9',#3,$,$,(#5145),#65);
#5147=IFCLOCALPLACEMENT($,#5149);
#5148=IFCPRODUCTDEFINITIONSHAPE($,$,(#5150));
#5149=IFCAXIS2PLACEMENT3D(#4757,#2796,#2797);
#5150=IFCSHAPEREPRESENTATION(#9,'Body','SweptSolid',(#5151));
#5151=IFCEXTRUDEDAREASOLID(#445,#14,#37,1.1846530E+000);
#5152=IFCMEMBER('1KXrUXGA132w7CSc7IqeOY',#62,'547',$,$,#5154,#5155,$);
#5153=IFCRELASSOCIATESMATERIAL('3q_3k0Xwz9AOZSp6mNxOiK',#3,$,$,(#5152),#65);
#5154=IFCLOCALPLACEMENT($,#5156);
#5155=IFCPRODUCTDEFINITIONSHAPE($,$,(#5157));
#5156=IFCAXIS2PLACEMENT3D(#698,#2805,#2806);
#5157=IFCSHAPEREPRESENTATION(#9,'Body','SweptSolid',(#5158));
#5158=IFCEXTRUDEDAREASOLID(#445,#14,#37,1.1609682E+000);
#5159=IFCMEMBER('1MH68m3C1A6x$F3GZ2wPJ$',#62,'550',$,$,#5161,#5162,$);
#5160=IFCRELASSOCIATESMATERIAL('32Vlqx9Hf8lBDNk5Ispy9k',#3,$,$,(#5159),#65);
#5161=IFCLOCALPLACEMENT($,#5163);
#5162=IFCPRODUCTDEFINITIONSHAPE($,$,(#5164));
#5163=IFCAXIS2PLACEMENT3D(#4247,#2814,#2815);
#5164=IFCSHAPEREPRESENTATION(#9,'Body','SweptSolid',(#5165));
#5165=IFCEXTRUDEDAREASOLID(#445,#14,#37,1.6107495E+000);
#5166=IFCMEMBER('18RycsLIP0jRhwdGtiNccE',#62,'551',$,$,#5168,#5169,$);
#5167=IFCRELASSOCIATESMATERIAL('1IsTLCPE5328GPDP_KK8t2',#3,$,$,(#5166),#65);
#5168=IFCLOCALPLACEMENT($,#5170);
#5169=IFCPRODUCTDEFINITIONSHAPE($,$,(#5171));
#5170=IFCAXIS2PLACEMENT3D(#4255,#4018,#2824);
#5171=IFCSHAPEREPRESENTATION(#9,'Body','SweptSolid',(#5172));
#5172=IFCEXTRUDEDAREASOLID(#445,#14,#37,1.5822145E+000);
#5173=IFCMEMBER('3cMCkeUjP1TPTig4ULU09r',#62,'552',$,$,#5175,#5176,$);
#5174=IFCRELASSOCIATESMATERIAL('0hRZYmVlbAPw3kJ48EdVKx',#3,$,$,(#5173),#65);
#5175=IFCLOCALPLACEMENT($,#5177);
#5176=IFCPRODUCTDEFINITIONSHAPE($,$,(#5178));
#5177=IFCAXIS2PLACEMENT3D(#4311,#2832,#2815);
#5178=IFCSHAPEREPRESENTATION(#9,'Body','SweptSolid',(#5179));
#5179=IFCEXTRUDEDAREASOLID(#445,#14,#37,1.5538706E+000);
#5180=IFCMEMBER('3FFCHbkLz4sRefRWBmf8wB',#62,'553',$,$,#5182,#5183,$);
#5181=IFCRELASSOCIATESMATERIAL('0tajuRm_1C4wn_udEEeq3b',#3,$,$,(#5180),#65);
#5182=IFCLOCALPLACEMENT($,#5184);
#5183=IFCPRODUCTDEFINITIONSHAPE($,$,(#5185));
#5184=IFCAXIS2PLACEMENT3D(#4319,#4033,#2824);
#5185=IFCSHAPEREPRESENTATION(#9,'Body','SweptSolid',(#5186));
#5186=IFCEXTRUDEDAREASOLID(#445,#14,#37,1.5257284E+000);
#5187=IFCMEMBER('02KYkLbUTBMvy71E7ovzv9',#62,'554',$,$,#5189,#5190,$);
#5188=IFCRELASSOCIATESMATERIAL('1_q0zBhNj8p8g_HBIYvVtW',#3,$,$,(#5187),#65);
#5189=IFCLOCALPLACEMENT($,#5191);
#5190=IFCPRODUCTDEFINITIONSHAPE($,$,(#5192));
#5191=IFCAXIS2PLACEMENT3D(#4375,#2848,#2849);
#5192=IFCSHAPEREPRESENTATION(#9,'Body','SweptSolid',(#5193));
#5193=IFCEXTRUDEDAREASOLID(#445,#14,#37,1.4977993E+000);
#5194=IFCMEMBER('3_yKVqNFTBlwdj1JkDAT4g',#62,'555',$,$,#5196,#5197,$);
#5195=IFCRELASSOCIATESMATERIAL('054rtO5nnDsw8XCyHH8VgO',#3,$,$,(#5194),#65);
#5196=IFCLOCALPLACEMENT($,#5198);
#5197=IFCPRODUCTDEFINITIONSHAPE($,$,(#5199));
#5198=IFCAXIS2PLACEMENT3D(#4383,#2857,#2858);
#5199=IFCSHAPEREPRESENTATION(#9,'Body','SweptSolid',(#5200));
#5200=IFCEXTRUDEDAREASOLID(#445,#14,#37,1.4700954E+000);
#5201=IFCMEMBER('0pV1P9loD8PfPywfeG1R_5',#62,'556',$,$,#5203,#5204,$);
#5202=IFCRELASSOCIATESMATERIAL('3TunT0KVP4fui8n4fCII$m',#3,$,$,(#5201),#65);
#5203=IFCLOCALPLACEMENT($,#5205);
#5204=IFCPRODUCTDEFINITIONSHAPE($,$,(#5206));
#5205=IFCAXIS2PLACEMENT3D(#4439,#2866,#2883);
#5206=IFCSHAPEREPRESENTATION(#9,'Body','SweptSolid',(#5207));
#5207=IFCEXTRUDEDAREASOLID(#445,#14,#37,1.4426297E+000);
#5208=IFCMEMBER('2CTbUJjrTEzBEw3t7W3pg4',#62,'557',$,$,#5210,#5211,$);
#5209=IFCRELASSOCIATESMATERIAL('1ku6l2dlDF_BQLpcL8Yt1M',#3,$,$,(#5208),#65);
#5210=IFCLOCALPLACEMENT($,#5212);
#5211=IFCPRODUCTDEFINITIONSHAPE($,$,(#5213));
#5212=IFCAXIS2PLACEMENT3D(#1725,#2874,#2892);
#5213=IFCSHAPEREPRESENTATION(#9,'Body','SweptSolid',(#5214));
#5214=IFCEXTRUDEDAREASOLID(#445,#14,#37,1.4154161E+000);
#5215=IFCMEMBER('0EBv9PETLA3RHdjU5_dDcs',#62,'558',$,$,#5217,#5218,$);
#5216=IFCRELASSOCIATESMATERIAL('3BDywUbbr29PeG3b3RkJT7',#3,$,$,(#5215),#65);
#5217=IFCLOCALPLACEMENT($,#5219);
#5218=IFCPRODUCTDEFINITIONSHAPE($,$,(#5220));
#5219=IFCAXIS2PLACEMENT3D(#4499,#2882,#2883);
#5220=IFCSHAPEREPRESENTATION(#9,'Body','SweptSolid',(#5221));
#5221=IFCEXTRUDEDAREASOLID(#445,#14,#37,1.3884694E+000);
#5222=IFCMEMBER('1hLGJQgG1AGRMORBN_GHIq',#62,'559',$,$,#5224,#5225,$);
#5223=IFCRELASSOCIATESMATERIAL('2MZekLToz6UxiNJO1Yi2Ev',#3,$,$,(#5222),#65);
#5224=IFCLOCALPLACEMENT($,#5226);
#5225=IFCPRODUCTDEFINITIONSHAPE($,$,(#5227));
#5226=IFCAXIS2PLACEMENT3D(#4507,#2891,#2892);
#5227=IFCSHAPEREPRESENTATION(#9,'Body','SweptSolid',(#5228));
#5228=IFCEXTRUDEDAREASOLID(#445,#14,#37,1.3618054E+000);
#5229=IFCMEMBER('3nRoOiqRr6Ne$ofmTnkC9N',#62,'560',$,$,#5231,#5232,$);
#5230=IFCRELASSOCIATESMATERIAL('20Bz6mrMz9Bu8dHXSP40AT',#3,$,$,(#5229),#65);
#5231=IFCLOCALPLACEMENT($,#5233);
#5232=IFCPRODUCTDEFINITIONSHAPE($,$,(#5234));
#5233=IFCAXIS2PLACEMENT3D(#4563,#2900,#2883);
#5234=IFCSHAPEREPRESENTATION(#9,'Body','SweptSolid',(#5235));
#5235=IFCEXTRUDEDAREASOLID(#445,#14,#37,1.3354410E+000);
#5236=IFCMEMBER('3jTXrkF1HDgwH381Xw$rv_',#62,'561',$,$,#5238,#5239,$);
#5237=IFCRELASSOCIATESMATERIAL('0Pb7jUKjHB2wvVavYxpAQg',#3,$,$,(#5236),#65);
#5238=IFCLOCALPLACEMENT($,#5240);
#5239=IFCPRODUCTDEFINITIONSHAPE($,$,(#5241));
#5240=IFCAXIS2PLACEMENT3D(#4571,#2908,#2909);
#5241=IFCSHAPEREPRESENTATION(#9,'Body','SweptSolid',(#5242));
#5242=IFCEXTRUDEDAREASOLID(#445,#14,#37,1.3093945E+000);
#5243=IFCMEMBER('3qrElVyPD40fJQqvdOjYNR',#62,'562',$,$,#5245,#5246,$);
#5244=IFCRELASSOCIATESMATERIAL('0TyCQgFifC2xRZKpL6N6Vx',#3,$,$,(#5243),#65);
#5245=IFCLOCALPLACEMENT($,#5247);
#5246=IFCPRODUCTDEFINITIONSHAPE($,$,(#5248));
#5247=IFCAXIS2PLACEMENT3D(#4627,#2917,#2918);
#5248=IFCSHAPEREPRESENTATION(#9,'Body','SweptSolid',(#5249));
#5249=IFCEXTRUDEDAREASOLID(#445,#14,#37,1.2836850E+000);
#5250=IFCMEMBER('1vxbCN0LH7rRz9EDHCjapO',#62,'563',$,$,#5252,#5253,$);
#5251=IFCRELASSOCIATESMATERIAL('0ETWK8_Nr5NRQotoszoPKN',#3,$,$,(#5250),#65);
#5252=IFCLOCALPLACEMENT($,#5254);
#5253=IFCPRODUCTDEFINITIONSHAPE($,$,(#5255));
#5254=IFCAXIS2PLACEMENT3D(#4635,#2926,#2927);
#5255=IFCSHAPEREPRESENTATION(#9,'Body','SweptSolid',(#5256));
#5256=IFCEXTRUDEDAREASOLID(#445,#14,#37,1.2583333E+000);
#5257=IFCMEMBER('3wNcoNZLT9uOqGPCI_oOOF',#62,'564',$,$,#5259,#5260,$);
#5258=IFCRELASSOCIATESMATERIAL('1VyuKoVXTBSx5sQ9Xp3OOI',#3,$,$,(#5257),#65);
#5259=IFCLOCALPLACEMENT($,#5261);
#5260=IFCPRODUCTDEFINITIONSHAPE($,$,(#5262));
#5261=IFCAXIS2PLACEMENT3D(#402,#2935,#2936);
#5262=IFCSHAPEREPRESENTATION(#9,'Body','SweptSolid',(#5263));
#5263=IFCEXTRUDEDAREASOLID(#445,#14,#37,1.2333615E+000);
#5264=IFCMEMBER('30MHKN3Jv8C9FdI9AIylvz',#62,'565',$,$,#5266,#5267,$);
#5265=IFCRELASSOCIATESMATERIAL('3ph4Oo5lr5meJm4ecHxgCW',#3,$,$,(#5264),#65);
#5266=IFCLOCALPLACEMENT($,#5268);
#5267=IFCPRODUCTDEFINITIONSHAPE($,$,(#5269));
#5268=IFCAXIS2PLACEMENT3D(#4695,#2944,#2945);
#5269=IFCSHAPEREPRESENTATION(#9,'Body','SweptSolid',(#5270));
#5270=IFCEXTRUDEDAREASOLID(#445,#14,#37,1.2087930E+000);
#5271=IFCMEMBER('3DVNQbCKvAcQObQtWIC8OY',#62,'566',$,$,#5273,#5274,$);
#5272=IFCRELASSOCIATESMATERIAL('3wAbSVDFP9pecJry7h1bF5',#3,$,$,(#5271),#65);
#5273=IFCLOCALPLACEMENT($,#5275);
#5274=IFCPRODUCTDEFINITIONSHAPE($,$,(#5276));
#5275=IFCAXIS2PLACEMENT3D(#4772,#2953,#2954);
#5276=IFCSHAPEREPRESENTATION(#9,'Body','SweptSolid',(#5277));
#5277=IFCEXTRUDEDAREASOLID(#445,#14,#37,1.1846530E+000);
#5278=IFCMEMBER('0EumfGfy56_BF80X2YlR_X',#62,'567',$,$,#5280,#5281,$);
#5279=IFCRELASSOCIATESMATERIAL('3m2l$DGon9jwtqnnKT9iEX',#3,$,$,(#5278),#65);
#5280=IFCLOCALPLACEMENT($,#5282);
#5281=IFCPRODUCTDEFINITIONSHAPE($,$,(#5283));
#5282=IFCAXIS2PLACEMENT3D(#650,#2962,#2963);
#5283=IFCSHAPEREPRESENTATION(#9,'Body','SweptSolid',(#5284));
#5284=IFCEXTRUDEDAREASOLID(#445,#14,#37,1.1609682E+000);
#5285=IFCMEMBER('1ccnvdnQf7ov8n_yZhcfY$',#62,'570',$,$,#5287,#5288,$);
#5286=IFCRELASSOCIATESMATERIAL('2i9Rv3yIL84Rb53r0CiOSv',#3,$,$,(#5285),#65);
#5287=IFCLOCALPLACEMENT($,#5289);
#5288=IFCPRODUCTDEFINITIONSHAPE($,$,(#5290));
#5289=IFCAXIS2PLACEMENT3D(#658,#2971,#348);
#5290=IFCSHAPEREPRESENTATION(#9,'Body','SweptSolid',(#5291));
#5291=IFCEXTRUDEDAREASOLID(#445,#14,#37,5.7445626E-001);
#5292=IFCMEMBER('08KvJwIi12qu_2x02jdOhM',#62,'571',$,$,#5294,#5295,$);
#5293=IFCRELASSOCIATESMATERIAL('1m3ZMnFbDAOhuIzLEYh1yv',#3,$,$,(#5292),#65);
#5294=IFCLOCALPLACEMENT($,#5296);
#5295=IFCPRODUCTDEFINITIONSHAPE($,$,(#5297));
#5296=IFCAXIS2PLACEMENT3D(#706,#2971,#348);
#5297=IFCSHAPEREPRESENTATION(#9,'Body','SweptSolid',(#5298));
#5298=IFCEXTRUDEDAREASOLID(#445,#14,#37,5.7445626E-001);
#5299=IFCMEMBER('3N8HXzTQXE7xnSIlsFfwvt',#62,'572',$,$,#5301,#5302,$);
#5300=IFCRELASSOCIATESMATERIAL('3aSkaNqp97muP3IichAzaX',#3,$,$,(#5299),#65);
#5301=IFCLOCALPLACEMENT($,#5303);
#5302=IFCPRODUCTDEFINITIONSHAPE($,$,(#5304));
#5303=IFCAXIS2PLACEMENT3D(#674,#2986,#339);
#5304=IFCSHAPEREPRESENTATION(#9,'Body','SweptSolid',(#5305));
#5305=IFCEXTRUDEDAREASOLID(#445,#14,#37,5.7445626E-001);
#5306=IFCMEMBER('3CesC1DEP24PHIqEd06gLY',#62,'573',$,$,#5308,#5309,$);
#5307=IFCRELASSOCIATESMATERIAL('3jFNyqAPTDohGXklfqSc3c',#3,$,$,(#5306),#65);
#5308=IFCLOCALPLACEMENT($,#5310);
#5309=IFCPRODUCTDEFINITIONSHAPE($,$,(#5311));
#5310=IFCAXIS2PLACEMENT3D(#730,#2986,#339);
#5311=IFCSHAPEREPRESENTATION(#9,'Body','SweptSolid',(#5312));
#5312=IFCEXTRUDEDAREASOLID(#445,#14,#37,5.7445626E-001);
#5313=IFCMEMBER('2q$jbx8W97GvuEGEThmCRd',#62,'574',$,$,#5315,#5316,$);
#5314=IFCRELASSOCIATESMATERIAL('1pQh12drT6AeJMbvkNcU8t',#3,$,$,(#5313),#65);
#5315=IFCLOCALPLACEMENT($,#5317);
#5316=IFCPRODUCTDEFINITIONSHAPE($,$,(#5318));
#5317=IFCAXIS2PLACEMENT3D(#690,#3001,#340);
#5318=IFCSHAPEREPRESENTATION(#9,'Body','SweptSolid',(#5319));
#5319=IFCEXTRUDEDAREASOLID(#445,#14,#37,5.7445626E-001);
#5320=IFCMEMBER('2HMWAXxxnApwbgE8fHBo0K',#62,'575',$,$,#5322,#5323,$);
#5321=IFCRELASSOCIATESMATERIAL('3s9WTzouvFSfT_Y0_fTbFW',#3,$,$,(#5320),#65);
#5322=IFCLOCALPLACEMENT($,#5324);
#5323=IFCPRODUCTDEFINITIONSHAPE($,$,(#5325));
#5324=IFCAXIS2PLACEMENT3D(#722,#3001,#340);
#5325=IFCSHAPEREPRESENTATION(#9,'Body','SweptSolid',(#5326));
#5326=IFCEXTRUDEDAREASOLID(#445,#14,#37,5.7445626E-001);
#5327=IFCMEMBER('3BkpI73xr2b83chk_V1oha',#62,'576',$,$,#5329,#5330,$);
#5328=IFCRELASSOCIATESMATERIAL('3sSeELN5HEEB6t2mTmiMX0',#3,$,$,(#5327),#65);
#5329=IFCLOCALPLACEMENT($,#5331);
#5330=IFCPRODUCTDEFINITIONSHAPE($,$,(#5332));
#5331=IFCAXIS2PLACEMENT3D(#642,#3016,#1169);
#5332=IFCSHAPEREPRESENTATION(#9,'Body','SweptSolid',(#5333));
#5333=IFCEXTRUDEDAREASOLID(#445,#14,#37,5.7445626E-001);
#5334=IFCMEMBER('0QqzbVTtL0KvewsEi5evwf',#62,'577',$,$,#5336,#5337,$);
#5335=IFCRELASSOCIATESMATERIAL('1o3Hh4kWX8BuzSgKBG15Ww',#3,$,$,(#5334),#65);
#5336=IFCLOCALPLACEMENT($,#5338);
#5337=IFCPRODUCTDEFINITIONSHAPE($,$,(#5339));
#5338=IFCAXIS2PLACEMENT3D(#714,#3016,#1169);
#5339=IFCSHAPEREPRESENTATION(#9,'Body','SweptSolid',(#5340));
#5340=IFCEXTRUDEDAREASOLID(#445,#14,#37,5.7445626E-001);
#5341=IFCMEMBER('2G6$whPG505OlxJqS_xCXt',#62,'578',$,$,#5343,#5344,$);
#5342=IFCRELASSOCIATESMATERIAL('20ihGMpYnBJgBEWC25rZQG',#3,$,$,(#5341),#65);
#5343=IFCLOCALPLACEMENT($,#5345);
#5344=IFCPRODUCTDEFINITIONSHAPE($,$,(#5346));
#5345=IFCAXIS2PLACEMENT3D(#642,#3031,#3032);
#5346=IFCSHAPEREPRESENTATION(#9,'Body','SweptSolid',(#5347));
#5347=IFCEXTRUDEDAREASOLID(#445,#14,#37,8.0622577E-001);
#5348=IFCMEMBER('0jmtIALefFfxaLlcGdnnET',#62,'580',$,$,#5350,#5351,$);
#5349=IFCRELASSOCIATESMATERIAL('3NhAs6PFX8FOUoTj_R81AH',#3,$,$,(#5348),#65);
#5350=IFCLOCALPLACEMENT($,#5352);
#5351=IFCPRODUCTDEFINITIONSHAPE($,$,(#5353));
#5352=IFCAXIS2PLACEMENT3D(#690,#3040,#3041);
#5353=IFCSHAPEREPRESENTATION(#9,'Body','SweptSolid',(#5354));
#5354=IFCEXTRUDEDAREASOLID(#445,#14,#37,8.0622577E-001);
#5355=IFCMEMBER('1QpLOxrsz8jh$4bw9wIfPM',#62,'582',$,$,#5357,#5358,$);
#5356=IFCRELASSOCIATESMATERIAL('0_Xo_MSP122B0ze6tuMGre',#3,$,$,(#5355),#65);
#5357=IFCLOCALPLACEMENT($,#5359);
#5358=IFCPRODUCTDEFINITIONSHAPE($,$,(#5360));
#5359=IFCAXIS2PLACEMENT3D(#674,#3049,#3050);
#5360=IFCSHAPEREPRESENTATION(#9,'Body','SweptSolid',(#5361));
#5361=IFCEXTRUDEDAREASOLID(#445,#14,#37,8.0622577E-001);
#5362=IFCMEMBER('1rte5FdyH9OgQ75DKUNK5d',#62,'584',$,$,#5364,#5365,$);
#5363=IFCRELASSOCIATESMATERIAL('2sFuYpB2HEnv0HeQPldBLX',#3,$,$,(#5362),#65);
#5364=IFCLOCALPLACEMENT($,#5366);
#5365=IFCPRODUCTDEFINITIONSHAPE($,$,(#5367));
#5366=IFCAXIS2PLACEMENT3D(#658,#3058,#3059);
#5367=IFCSHAPEREPRESENTATION(#9,'Body','SweptSolid',(#5368));
#5368=IFCEXTRUDEDAREASOLID(#445,#14,#37,8.0622577E-001);
#5369=IFCMEMBER('08CFBTaUv1qB8ht7B09dpY',#62,'592',$,$,#5371,#5372,$);
#5370=IFCRELASSOCIATESMATERIAL('2qnfmk3tv5q91GzztV6QjO',#3,$,$,(#5369),#65);
#5371=IFCLOCALPLACEMENT($,#5373);
#5372=IFCPRODUCTDEFINITIONSHAPE($,$,(#5374));
#5373=IFCAXIS2PLACEMENT3D(#466,#5375,#80);
#5374=IFCSHAPEREPRESENTATION(#9,'Body','SweptSolid',(#5376));
#5375=IFCDIRECTION((7.9543172E-001,0.0000000E+000,-6.0604322E-001));
#5376=IFCEXTRUDEDAREASOLID(#445,#14,#37,1.3200379E+000);
#5377=IFCMEMBER('3XvBMRCyH0VeQ$LO8AIwLS',#62,'594',$,$,#5379,#5380,$);
#5378=IFCRELASSOCIATESMATERIAL('3CyhRvmdDCUgFBF9lToCtV',#3,$,$,(#5377),#65);
#5379=IFCLOCALPLACEMENT($,#5381);
#5380=IFCPRODUCTDEFINITIONSHAPE($,$,(#5382));
#5381=IFCAXIS2PLACEMENT3D(#5383,#5384,#80);
#5382=IFCSHAPEREPRESENTATION(#9,'Body','SweptSolid',(#5385));
#5383=IFCCARTESIANPOINT((9.2500000E+000,3.0000000E-001,1.4050000E+001));
#5384=IFCDIRECTION((7.9543172E-001,0.0000000E+000,6.0604322E-001));
#5385=IFCEXTRUDEDAREASOLID(#445,#14,#37,1.3200379E+000);
#5386=IFCMEMBER('1Doy3isAr2G8IRZ7burzWh',#62,'595',$,$,#5388,#5389,$);
#5387=IFCRELASSOCIATESMATERIAL('3TiLdcsv5FPAab3go_XzLx',#3,$,$,(#5386),#65);
#5388=IFCLOCALPLACEMENT($,#5390);
#5389=IFCPRODUCTDEFINITIONSHAPE($,$,(#5391));
#5390=IFCAXIS2PLACEMENT3D(#482,#5375,#80);
#5391=IFCSHAPEREPRESENTATION(#9,'Body','SweptSolid',(#5392));
#5392=IFCEXTRUDEDAREASOLID(#445,#14,#37,1.3200379E+000);
#5393=IFCMEMBER('0wXEtbkEDEOeKfkrp6BEIt',#62,'597',$,$,#5395,#5396,$);
#5394=IFCRELASSOCIATESMATERIAL('0H67INZTHBU8zzQtDa8EaL',#3,$,$,(#5393),#65);
#5395=IFCLOCALPLACEMENT($,#5397);
#5396=IFCPRODUCTDEFINITIONSHAPE($,$,(#5398));
#5397=IFCAXIS2PLACEMENT3D(#746,#5384,#80);
#5398=IFCSHAPEREPRESENTATION(#9,'Body','SweptSolid',(#5399));
#5399=IFCEXTRUDEDAREASOLID(#445,#14,#37,1.3200379E+000);
#5400=IFCMEMBER('1rxtW8CRn3zPQCctu3WiWx',#62,'685',$,$,#5402,#5403,$);
#5401=IFCRELASSOCIATESMATERIAL('3k2xkAioX7oOw2TpZVVxkI',#3,$,$,(#5400),#65);
#5402=IFCLOCALPLACEMENT($,#5404);
#5403=IFCPRODUCTDEFINITIONSHAPE($,$,(#5405));
#5404=IFCAXIS2PLACEMENT3D(#738,#5384,#80);
#5405=IFCSHAPEREPRESENTATION(#9,'Body','SweptSolid',(#5406));
#5406=IFCEXTRUDEDAREASOLID(#445,#14,#37,1.3200379E+000);
#5407=IFCMEMBER('0K6ck3SYj9i8_ynlyCZCkH',#62,'687',$,$,#5409,#5410,$);
#5408=IFCRELASSOCIATESMATERIAL('2FqzWm15HDtftZz3TjSL4U',#3,$,$,(#5407),#65);
#5409=IFCLOCALPLACEMENT($,#5411);
#5410=IFCPRODUCTDEFINITIONSHAPE($,$,(#5412));
#5411=IFCAXIS2PLACEMENT3D(#96,#5413,#80);
#5412=IFCSHAPEREPRESENTATION(#9,'Body','SweptSolid',(#5414));
#5413=IFCDIRECTION((8.4227140E-001,0.0000000E+000,-5.3905370E-001));
#5414=IFCEXTRUDEDAREASOLID(#445,#14,#37,1.4840822E+000);
#5415=IFCMEMBER('0evY4VVLb4Sf2SZVpIxqjE',#62,'688',$,$,#5417,#5418,$);
#5416=IFCRELASSOCIATESMATERIAL('1MWfcnqYDArP6XcIzqRoXi',#3,$,$,(#5415),#65);
#5417=IFCLOCALPLACEMENT($,#5419);
#5418=IFCPRODUCTDEFINITIONSHAPE($,$,(#5420));
#5419=IFCAXIS2PLACEMENT3D(#881,#5421,#80);
#5420=IFCSHAPEREPRESENTATION(#9,'Body','SweptSolid',(#5422));
#5421=IFCDIRECTION((8.4227140E-001,0.0000000E+000,5.3905370E-001));
#5422=IFCEXTRUDEDAREASOLID(#445,#14,#37,1.4840822E+000);
#5423=IFCMEMBER('2g61YYhBb9hhZE1V6jp6RU',#62,'689',$,$,#5425,#5426,$);
#5424=IFCRELASSOCIATESMATERIAL('3MLRQyDKv5sRAQEsvqJVEH',#3,$,$,(#5423),#65);
#5425=IFCLOCALPLACEMENT($,#5427);
#5426=IFCPRODUCTDEFINITIONSHAPE($,$,(#5428));
#5427=IFCAXIS2PLACEMENT3D(#120,#5413,#80);
#5428=IFCSHAPEREPRESENTATION(#9,'Body','SweptSolid',(#5429));
#5429=IFCEXTRUDEDAREASOLID(#445,#14,#37,1.4840822E+000);
#5430=IFCMEMBER('2exOF2IiLCOBc$DPU4ZZaT',#62,'690',$,$,#5432,#5433,$);
#5431=IFCRELASSOCIATESMATERIAL('1ns27RFiH6g94MkVnHhyCQ',#3,$,$,(#5430),#65);
#5432=IFCLOCALPLACEMENT($,#5434);
#5433=IFCPRODUCTDEFINITIONSHAPE($,$,(#5435));
#5434=IFCAXIS2PLACEMENT3D(#897,#5421,#80);
#5435=IFCSHAPEREPRESENTATION(#9,'Body','SweptSolid',(#5436));
#5436=IFCEXTRUDEDAREASOLID(#445,#14,#37,1.4840822E+000);
#5437=IFCMEMBER('1Y$lgs_Df0VRSBN3r5WxNb',#62,'691',$,$,#5439,#5440,$);
#5438=IFCRELASSOCIATESMATERIAL('27M$Mu2L99wPlmPl8EO07M',#3,$,$,(#5437),#65);
#5439=IFCLOCALPLACEMENT($,#5441);
#5440=IFCPRODUCTDEFINITIONSHAPE($,$,(#5442));
#5441=IFCAXIS2PLACEMENT3D(#152,#5375,#80);
#5442=IFCSHAPEREPRESENTATION(#9,'Body','SweptSolid',(#5443));
#5443=IFCEXTRUDEDAREASOLID(#445,#14,#37,1.3200379E+000);
#5444=IFCMEMBER('0nrLf3gtTCfw0D9aOYRwJn',#62,'692',$,$,#5446,#5447,$);
#5445=IFCRELASSOCIATESMATERIAL('0GNS_byR962wlD5FHR86df',#3,$,$,(#5444),#65);
#5446=IFCLOCALPLACEMENT($,#5448);
#5447=IFCPRODUCTDEFINITIONSHAPE($,$,(#5449));
#5448=IFCAXIS2PLACEMENT3D(#913,#5384,#80);
#5449=IFCSHAPEREPRESENTATION(#9,'Body','SweptSolid',(#5450));
#5450=IFCEXTRUDEDAREASOLID(#445,#14,#37,1.3200379E+000);
#5451=IFCMEMBER('26HIHO86z1DgnFTCZVCk$v',#62,'693',$,$,#5453,#5454,$);
#5452=IFCRELASSOCIATESMATERIAL('0FfjkqO4HFJOi4gmY5nqW2',#3,$,$,(#5451),#65);
#5453=IFCLOCALPLACEMENT($,#5455);
#5454=IFCPRODUCTDEFINITIONSHAPE($,$,(#5456));
#5455=IFCAXIS2PLACEMENT3D(#104,#5413,#80);
#5456=IFCSHAPEREPRESENTATION(#9,'Body','SweptSolid',(#5457));
#5457=IFCEXTRUDEDAREASOLID(#445,#14,#37,1.4840822E+000);
#5458=IFCMEMBER('3B175qPnTBlAi8ngWJbG5_',#62,'694',$,$,#5460,#5461,$);
#5459=IFCRELASSOCIATESMATERIAL('2ySIHOUUvC5QtV$ZQb86qP',#3,$,$,(#5458),#65);
#5460=IFCLOCALPLACEMENT($,#5462);
#5461=IFCPRODUCTDEFINITIONSHAPE($,$,(#5463));
#5462=IFCAXIS2PLACEMENT3D(#929,#5421,#80);
#5463=IFCSHAPEREPRESENTATION(#9,'Body','SweptSolid',(#5464));
#5464=IFCEXTRUDEDAREASOLID(#445,#14,#37,1.4840822E+000);
#5465=IFCMEMBER('1wfafd34P8$hrJH8$4PaOD',#62,'695',$,$,#5467,#5468,$);
#5466=IFCRELASSOCIATESMATERIAL('2uvo2dvvD7nQX6nXs40mte',#3,$,$,(#5465),#65);
#5467=IFCLOCALPLACEMENT($,#5469);
#5468=IFCPRODUCTDEFINITIONSHAPE($,$,(#5470));
#5469=IFCAXIS2PLACEMENT3D(#128,#5413,#80);
#5470=IFCSHAPEREPRESENTATION(#9,'Body','SweptSolid',(#5471));
#5471=IFCEXTRUDEDAREASOLID(#445,#14,#37,1.4840822E+000);
#5472=IFCMEMBER('2vlNvlCM19yxdT3zUuqRil',#62,'696',$,$,#5474,#5475,$);
#5473=IFCRELASSOCIATESMATERIAL('0t5TzFyWnD6Ow2D3v5YPYe',#3,$,$,(#5472),#65);
#5474=IFCLOCALPLACEMENT($,#5476);
#5475=IFCPRODUCTDEFINITIONSHAPE($,$,(#5477));
#5476=IFCAXIS2PLACEMENT3D(#945,#5421,#80);
#5477=IFCSHAPEREPRESENTATION(#9,'Body','SweptSolid',(#5478));
#5478=IFCEXTRUDEDAREASOLID(#445,#14,#37,1.4840822E+000);
#5479=IFCMEMBER('2BdU196av65PmvMEFQIf4p',#62,'697',$,$,#5481,#5482,$);
#5480=IFCRELASSOCIATESMATERIAL('1u1YDJjd56R9xSoxtEBQ4r',#3,$,$,(#5479),#65);
#5481=IFCLOCALPLACEMENT($,#5483);
#5482=IFCPRODUCTDEFINITIONSHAPE($,$,(#5484));
#5483=IFCAXIS2PLACEMENT3D(#160,#5375,#80);
#5484=IFCSHAPEREPRESENTATION(#9,'Body','SweptSolid',(#5485));
#5485=IFCEXTRUDEDAREASOLID(#445,#14,#37,1.3200379E+000);
#5486=IFCMEMBER('3PxQZ$I890ifg6qUU$GZAD',#62,'711',$,$,#5488,#5489,$);
#5487=IFCRELASSOCIATESMATERIAL('06Ffvq5lv3exRuUm$uNDTV',#3,$,$,(#5486),#65);
#5488=IFCLOCALPLACEMENT($,#5490);
#5489=IFCPRODUCTDEFINITIONSHAPE($,$,(#5491));
#5490=IFCAXIS2PLACEMENT3D(#913,#5492,#1138);
#5491=IFCSHAPEREPRESENTATION(#9,'Body','SweptSolid',(#5493));
#5492=IFCDIRECTION((-6.8025673E-001,-5.1829084E-001,5.1829084E-001));
#5493=IFCEXTRUDEDAREASOLID(#445,#14,#37,1.5435349E+000);
#5494=IFCMEMBER('3HCpAqrNv7AA51nfR_5uDx',#62,'712',$,$,#5496,#5497,$);
#5495=IFCRELASSOCIATESMATERIAL('1Jf6z0AqnC0xIoWGUZeU7q',#3,$,$,(#5494),#65);
#5496=IFCLOCALPLACEMENT($,#5498);
#5497=IFCPRODUCTDEFINITIONSHAPE($,$,(#5499));
#5498=IFCAXIS2PLACEMENT3D(#746,#5500,#1039);
#5499=IFCSHAPEREPRESENTATION(#9,'Body','SweptSolid',(#5501));
#5500=IFCDIRECTION((6.8025673E-001,-5.1829084E-001,5.1829084E-001));
#5501=IFCEXTRUDEDAREASOLID(#445,#14,#37,1.5435349E+000);
#5502=IFCMEMBER('3Oqw7k8J975fn13HwbqZQR',#62,'716',$,$,#5504,#5505,$);
#5503=IFCRELASSOCIATESMATERIAL('3mEug1iRXEkvkPOF_4HPhp',#3,$,$,(#5502),#65);
#5504=IFCLOCALPLACEMENT($,#5506);
#5505=IFCPRODUCTDEFINITIONSHAPE($,$,(#5507));
#5506=IFCAXIS2PLACEMENT3D(#738,#5508,#1154);
#5507=IFCSHAPEREPRESENTATION(#9,'Body','SweptSolid',(#5509));
#5508=IFCDIRECTION((-6.8025673E-001,5.1829084E-001,5.1829084E-001));
#5509=IFCEXTRUDEDAREASOLID(#445,#14,#37,1.5435349E+000);
#5510=IFCMEMBER('3vUpurs4H7cAAt4XD$Ws9n',#62,'717',$,$,#5512,#5513,$);
#5511=IFCRELASSOCIATESMATERIAL('20Bn$t3pPB4898Bm7aNGZl',#3,$,$,(#5510),#65);
#5512=IFCLOCALPLACEMENT($,#5514);
#5513=IFCPRODUCTDEFINITIONSHAPE($,$,(#5515));
#5514=IFCAXIS2PLACEMENT3D(#5383,#5516,#1080);
#5515=IFCSHAPEREPRESENTATION(#9,'Body','SweptSolid',(#5517));
#5516=IFCDIRECTION((6.8025673E-001,5.1829084E-001,5.1829084E-001));
#5517=IFCEXTRUDEDAREASOLID(#445,#14,#37,1.5435349E+000);
#5518=IFCMEMBER('0Zh4tw$YL9c8NBUQEe$9lo',#62,'725',$,$,#5520,#5521,$);
#5519=IFCRELASSOCIATESMATERIAL('1GW0iXIJj0FhFrJZLQ8Dj4',#3,$,$,(#5518),#65);
#5520=IFCLOCALPLACEMENT($,#5522);
#5521=IFCPRODUCTDEFINITIONSHAPE($,$,(#5523));
#5522=IFCAXIS2PLACEMENT3D(#921,#5524,#306);
#5523=IFCSHAPEREPRESENTATION(#9,'Body','SweptSolid',(#5525));
#5524=IFCDIRECTION((0.0000000E+000,-7.0710678E-001,7.0710678E-001));
#5525=IFCEXTRUDEDAREASOLID(#445,#14,#37,1.1313708E+000);
#5526=IFCMEMBER('23YkpPkdDAFxtiqhhqnS3W',#62,'726',$,$,#5528,#5529,$);
#5527=IFCRELASSOCIATESMATERIAL('2GWiMm84T40whW9Xj74SDH',#3,$,$,(#5526),#65);
#5528=IFCLOCALPLACEMENT($,#5530);
#5529=IFCPRODUCTDEFINITIONSHAPE($,$,(#5531));
#5530=IFCAXIS2PLACEMENT3D(#873,#5532,#323);
#5531=IFCSHAPEREPRESENTATION(#9,'Body','SweptSolid',(#5533));
#5532=IFCDIRECTION((0.0000000E+000,7.0710678E-001,7.0710678E-001));
#5533=IFCEXTRUDEDAREASOLID(#445,#14,#37,1.1313708E+000);
#5534=IFCMEMBER('3ZlPP2j2X8shhVkrm$hgOQ',#62,'727',$,$,#5536,#5537,$);
#5535=IFCRELASSOCIATESMATERIAL('2ApvYR4Zf5xvM3a6G1_oD0',#3,$,$,(#5534),#65);
#5536=IFCLOCALPLACEMENT($,#5538);
#5537=IFCPRODUCTDEFINITIONSHAPE($,$,(#5539));
#5538=IFCAXIS2PLACEMENT3D(#889,#5532,#323);
#5539=IFCSHAPEREPRESENTATION(#9,'Body','SweptSolid',(#5540));
#5540=IFCEXTRUDEDAREASOLID(#445,#14,#37,1.1313708E+000);
#5541=IFCMEMBER('3fy6uz89L7TuTBQ0VD0mnz',#62,'728',$,$,#5543,#5544,$);
#5542=IFCRELASSOCIATESMATERIAL('1snAgVGMv7Bx5sDXe3lB0h',#3,$,$,(#5541),#65);
#5543=IFCLOCALPLACEMENT($,#5545);
#5544=IFCPRODUCTDEFINITIONSHAPE($,$,(#5546));
#5545=IFCAXIS2PLACEMENT3D(#120,#5547,#323);
#5546=IFCSHAPEREPRESENTATION(#9,'Body','SweptSolid',(#5548));
#5547=IFCDIRECTION((0.0000000E+000,7.0710678E-001,-7.0710678E-001));
#5548=IFCEXTRUDEDAREASOLID(#445,#14,#37,1.1313708E+000);
#5549=IFCMEMBER('3O9WDWOQ157Bpzrc7G$SjU',#62,'729',$,$,#5551,#5552,$);
#5550=IFCRELASSOCIATESMATERIAL('2Y2tDfxj58juthH9_zBokl',#3,$,$,(#5549),#65);
#5551=IFCLOCALPLACEMENT($,#5553);
#5552=IFCPRODUCTDEFINITIONSHAPE($,$,(#5554));
#5553=IFCAXIS2PLACEMENT3D(#905,#5532,#323);
#5554=IFCSHAPEREPRESENTATION(#9,'Body','SweptSolid',(#5555));
#5555=IFCEXTRUDEDAREASOLID(#445,#14,#37,1.1313708E+000);
#5556=IFCMEMBER('2zcgUJbdDEO95scnKj4Qw4',#62,'730',$,$,#5558,#5559,$);
#5557=IFCRELASSOCIATESMATERIAL('1tP5kpg1r74fZdlxoVkm2O',#3,$,$,(#5556),#65);
#5558=IFCLOCALPLACEMENT($,#5560);
#5559=IFCPRODUCTDEFINITIONSHAPE($,$,(#5561));
#5560=IFCAXIS2PLACEMENT3D(#152,#5547,#323);
#5561=IFCSHAPEREPRESENTATION(#9,'Body','SweptSolid',(#5562));
#5562=IFCEXTRUDEDAREASOLID(#445,#14,#37,1.1313708E+000);
#5563=IFCMEMBER('2O5hwz1o9Fc8AdL2TmjVU$',#62,'733',$,$,#5565,#5566,$);
#5564=IFCRELASSOCIATESMATERIAL('0rMjqqmdn5G9wf3s5EcKYL',#3,$,$,(#5563),#65);
#5565=IFCLOCALPLACEMENT($,#5567);
#5566=IFCPRODUCTDEFINITIONSHAPE($,$,(#5568));
#5567=IFCAXIS2PLACEMENT3D(#562,#5375,#80);
#5568=IFCSHAPEREPRESENTATION(#9,'Body','SweptSolid',(#5569));
#5569=IFCEXTRUDEDAREASOLID(#445,#14,#37,1.3200379E+000);
#5570=IFCMEMBER('1SAswUSOf6KAl_kgv5j$Sz',#62,'734',$,$,#5572,#5573,$);
#5571=IFCRELASSOCIATESMATERIAL('3RZFxRj5T1MALzhPU6QTZ8',#3,$,$,(#5570),#65);
#5572=IFCLOCALPLACEMENT($,#5574);
#5573=IFCPRODUCTDEFINITIONSHAPE($,$,(#5575));
#5574=IFCAXIS2PLACEMENT3D(#5576,#5384,#80);
#5575=IFCSHAPEREPRESENTATION(#9,'Body','SweptSolid',(#5577));
#5576=IFCCARTESIANPOINT((1.9250000E+001,3.0000000E-001,1.4050000E+001));
#5577=IFCEXTRUDEDAREASOLID(#445,#14,#37,1.3200379E+000);
#5578=IFCMEMBER('2ZYy1RewD3rfu9XcgwX2EU',#62,'735',$,$,#5580,#5581,$);
#5579=IFCRELASSOCIATESMATERIAL('0Fm82Um552SRRgZ$qXmN$J',#3,$,$,(#5578),#65);
#5580=IFCLOCALPLACEMENT($,#5582);
#5581=IFCPRODUCTDEFINITIONSHAPE($,$,(#5583));
#5582=IFCAXIS2PLACEMENT3D(#578,#5375,#80);
#5583=IFCSHAPEREPRESENTATION(#9,'Body','SweptSolid',(#5584));
#5584=IFCEXTRUDEDAREASOLID(#445,#14,#37,1.3200379E+000);
#5585=IFCMEMBER('0dZBifDnPF98W3PlR7JtW4',#62,'736',$,$,#5587,#5588,$);
#5586=IFCRELASSOCIATESMATERIAL('3gaHhvUQP4peTuezvtH6Jd',#3,$,$,(#5585),#65);
#5587=IFCLOCALPLACEMENT($,#5589);
#5588=IFCPRODUCTDEFINITIONSHAPE($,$,(#5590));
#5589=IFCAXIS2PLACEMENT3D(#1220,#5384,#80);
#5590=IFCSHAPEREPRESENTATION(#9,'Body','SweptSolid',(#5591));
#5591=IFCEXTRUDEDAREASOLID(#445,#14,#37,1.3200379E+000);
#5592=IFCMEMBER('2wnbzBlJfDe8fp4R4W0wDn',#62,'789',$,$,#5594,#5595,$);
#5593=IFCRELASSOCIATESMATERIAL('2sahjR51j7WhY59xNZ82jS',#3,$,$,(#5592),#65);
#5594=IFCLOCALPLACEMENT($,#5596);
#5595=IFCPRODUCTDEFINITIONSHAPE($,$,(#5597));
#5596=IFCAXIS2PLACEMENT3D(#1212,#5384,#80);
#5597=IFCSHAPEREPRESENTATION(#9,'Body','SweptSolid',(#5598));
#5598=IFCEXTRUDEDAREASOLID(#445,#14,#37,1.3200379E+000);
#5599=IFCMEMBER('0N0ox2A45D6wwWgDeifJ2o',#62,'791',$,$,#5601,#5602,$);
#5600=IFCRELASSOCIATESMATERIAL('2$mLpElZ51sg4f$9p7gWPn',#3,$,$,(#5599),#65);
#5601=IFCLOCALPLACEMENT($,#5603);
#5602=IFCPRODUCTDEFINITIONSHAPE($,$,(#5604));
#5603=IFCAXIS2PLACEMENT3D(#208,#5413,#80);
#5604=IFCSHAPEREPRESENTATION(#9,'Body','SweptSolid',(#5605));
#5605=IFCEXTRUDEDAREASOLID(#445,#14,#37,1.4840822E+000);
#5606=IFCMEMBER('1Jjiewq318kRfGE2kDF8Nc',#62,'792',$,$,#5608,#5609,$);
#5607=IFCRELASSOCIATESMATERIAL('1n4E7JmwnENe_cz9G3FjPb',#3,$,$,(#5606),#65);
#5608=IFCLOCALPLACEMENT($,#5610);
#5609=IFCPRODUCTDEFINITIONSHAPE($,$,(#5611));
#5610=IFCAXIS2PLACEMENT3D(#1357,#5421,#80);
#5611=IFCSHAPEREPRESENTATION(#9,'Body','SweptSolid',(#5612));
#5612=IFCEXTRUDEDAREASOLID(#445,#14,#37,1.4840822E+000);
#5613=IFCMEMBER('0ACVj0Ekj5rOKcPfvYKCvy',#62,'793',$,$,#5615,#5616,$);
#5614=IFCRELASSOCIATESMATERIAL('2trpXsZe1FvwclL5GG2HpA',#3,$,$,(#5613),#65);
#5615=IFCLOCALPLACEMENT($,#5617);
#5616=IFCPRODUCTDEFINITIONSHAPE($,$,(#5618));
#5617=IFCAXIS2PLACEMENT3D(#232,#5413,#80);
#5618=IFCSHAPEREPRESENTATION(#9,'Body','SweptSolid',(#5619));
#5619=IFCEXTRUDEDAREASOLID(#445,#14,#37,1.4840822E+000);
#5620=IFCMEMBER('19TxCKeBTApwxQwAfbv_Db',#62,'794',$,$,#5622,#5623,$);
#5621=IFCRELASSOCIATESMATERIAL('3Zrp2dm918EwCMY6lMLk8v',#3,$,$,(#5620),#65);
#5622=IFCLOCALPLACEMENT($,#5624);
#5623=IFCPRODUCTDEFINITIONSHAPE($,$,(#5625));
#5624=IFCAXIS2PLACEMENT3D(#1373,#5421,#80);
#5625=IFCSHAPEREPRESENTATION(#9,'Body','SweptSolid',(#5626));
#5626=IFCEXTRUDEDAREASOLID(#445,#14,#37,1.4840822E+000);
#5627=IFCMEMBER('3CdBcuLVPA2Q_SVnwuTYbl',#62,'795',$,$,#5629,#5630,$);
#5628=IFCRELASSOCIATESMATERIAL('2rWhqlc9TCJPqTEWrOS0r$',#3,$,$,(#5627),#65);
#5629=IFCLOCALPLACEMENT($,#5631);
#5630=IFCPRODUCTDEFINITIONSHAPE($,$,(#5632));
#5631=IFCAXIS2PLACEMENT3D(#264,#5375,#80);
#5632=IFCSHAPEREPRESENTATION(#9,'Body','SweptSolid',(#5633));
#5633=IFCEXTRUDEDAREASOLID(#445,#14,#37,1.3200379E+000);
#5634=IFCMEMBER('2$q8qL6e14ZhVbPP6aUexS',#62,'796',$,$,#5636,#5637,$);
#5635=IFCRELASSOCIATESMATERIAL('2WM_oAr1D6OQOLznTplqU6',#3,$,$,(#5634),#65);
#5636=IFCLOCALPLACEMENT($,#5638);
#5637=IFCPRODUCTDEFINITIONSHAPE($,$,(#5639));
#5638=IFCAXIS2PLACEMENT3D(#1389,#5384,#80);
#5639=IFCSHAPEREPRESENTATION(#9,'Body','SweptSolid',(#5640));
#5640=IFCEXTRUDEDAREASOLID(#445,#14,#37,1.3200379E+000);
#5641=IFCMEMBER('366E9bj3D1qRyLxiF5qZd7',#62,'797',$,$,#5643,#5644,$);
#5642=IFCRELASSOCIATESMATERIAL('22BNqKj15EOfgI84VxNwdg',#3,$,$,(#5641),#65);
#5643=IFCLOCALPLACEMENT($,#5645);
#5644=IFCPRODUCTDEFINITIONSHAPE($,$,(#5646));
#5645=IFCAXIS2PLACEMENT3D(#216,#5413,#80);
#5646=IFCSHAPEREPRESENTATION(#9,'Body','SweptSolid',(#5647));
#5647=IFCEXTRUDEDAREASOLID(#445,#14,#37,1.4840822E+000);
#5648=IFCMEMBER('19YTJtiNP21vFySOBeFq00',#62,'798',$,$,#5650,#5651,$);
#5649=IFCRELASSOCIATESMATERIAL('1iWAuKw3b2BBC9DkK3eKch',#3,$,$,(#5648),#65);
#5650=IFCLOCALPLACEMENT($,#5652);
#5651=IFCPRODUCTDEFINITIONSHAPE($,$,(#5653));
#5652=IFCAXIS2PLACEMENT3D(#1405,#5421,#80);
#5653=IFCSHAPEREPRESENTATION(#9,'Body','SweptSolid',(#5654));
#5654=IFCEXTRUDEDAREASOLID(#445,#14,#37,1.4840822E+000);
#5655=IFCMEMBER('0wrUvKrSLCSQMMpkktX0kN',#62,'799',$,$,#5657,#5658,$);
#5656=IFCRELASSOCIATESMATERIAL('2LF5avuw9CHAYUJNXOpeGz',#3,$,$,(#5655),#65);
#5657=IFCLOCALPLACEMENT($,#5659);
#5658=IFCPRODUCTDEFINITIONSHAPE($,$,(#5660));
#5659=IFCAXIS2PLACEMENT3D(#240,#5413,#80);
#5660=IFCSHAPEREPRESENTATION(#9,'Body','SweptSolid',(#5661));
#5661=IFCEXTRUDEDAREASOLID(#445,#14,#37,1.4840822E+000);
#5662=IFCMEMBER('0OnmuFJGv07Qs26yBshsL$',#62,'800',$,$,#5664,#5665,$);
#5663=IFCRELASSOCIATESMATERIAL('1dqDK7bC514uP7lt7RMAdh',#3,$,$,(#5662),#65);
#5664=IFCLOCALPLACEMENT($,#5666);
#5665=IFCPRODUCTDEFINITIONSHAPE($,$,(#5667));
#5666=IFCAXIS2PLACEMENT3D(#1421,#5421,#80);
#5667=IFCSHAPEREPRESENTATION(#9,'Body','SweptSolid',(#5668));
#5668=IFCEXTRUDEDAREASOLID(#445,#14,#37,1.4840822E+000);
#5669=IFCMEMBER('0FqxN0pYnAW984IVgLAM$I',#62,'801',$,$,#5671,#5672,$);
#5670=IFCRELASSOCIATESMATERIAL('1sIr1l519FyOnnpwQXLIxA',#3,$,$,(#5669),#65);
#5671=IFCLOCALPLACEMENT($,#5673);
#5672=IFCPRODUCTDEFINITIONSHAPE($,$,(#5674));
#5673=IFCAXIS2PLACEMENT3D(#272,#5375,#80);
#5674=IFCSHAPEREPRESENTATION(#9,'Body','SweptSolid',(#5675));
#5675=IFCEXTRUDEDAREASOLID(#445,#14,#37,1.3200379E+000);
#5676=IFCMEMBER('1TaRDvBknDTRN34$_sc7bf',#62,'815',$,$,#5678,#5679,$);
#5677=IFCRELASSOCIATESMATERIAL('2DyygeV716ufzL1$z8X6yP',#3,$,$,(#5676),#65);
#5678=IFCLOCALPLACEMENT($,#5680);
#5679=IFCPRODUCTDEFINITIONSHAPE($,$,(#5681));
#5680=IFCAXIS2PLACEMENT3D(#1389,#5492,#1138);
#5681=IFCSHAPEREPRESENTATION(#9,'Body','SweptSolid',(#5682));
#5682=IFCEXTRUDEDAREASOLID(#445,#14,#37,1.5435349E+000);
#5683=IFCMEMBER('1IvMQ0M4TFMu9uStPQ3od9',#62,'816',$,$,#5685,#5686,$);
#5684=IFCRELASSOCIATESMATERIAL('2G2GsXkS9B2gMQmxjcPIyt',#3,$,$,(#5683),#65);
#5685=IFCLOCALPLACEMENT($,#5687);
#5686=IFCPRODUCTDEFINITIONSHAPE($,$,(#5688));
#5687=IFCAXIS2PLACEMENT3D(#1220,#5500,#1039);
#5688=IFCSHAPEREPRESENTATION(#9,'Body','SweptSolid',(#5689));
#5689=IFCEXTRUDEDAREASOLID(#445,#14,#37,1.5435349E+000);
#5690=IFCMEMBER('1r1CyyO8n9GuqM1Q8zbxnJ',#62,'820',$,$,#5692,#5693,$);
#5691=IFCRELASSOCIATESMATERIAL('0veWny9dPCEe7M7Uu6Nped',#3,$,$,(#5690),#65);
#5692=IFCLOCALPLACEMENT($,#5694);
#5693=IFCPRODUCTDEFINITIONSHAPE($,$,(#5695));
#5694=IFCAXIS2PLACEMENT3D(#1212,#5508,#1154);
#5695=IFCSHAPEREPRESENTATION(#9,'Body','SweptSolid',(#5696));
#5696=IFCEXTRUDEDAREASOLID(#445,#14,#37,1.5435349E+000);
#5697=IFCMEMBER('37irjY8P57jPkZBt$yxYnF',#62,'821',$,$,#5699,#5700,$);
#5698=IFCRELASSOCIATESMATERIAL('1Jy54QAlH9z9HgREuXjzaD',#3,$,$,(#5697),#65);
#5699=IFCLOCALPLACEMENT($,#5701);
#5700=IFCPRODUCTDEFINITIONSHAPE($,$,(#5702));
#5701=IFCAXIS2PLACEMENT3D(#5576,#5516,#1080);
#5702=IFCSHAPEREPRESENTATION(#9,'Body','SweptSolid',(#5703));
#5703=IFCEXTRUDEDAREASOLID(#445,#14,#37,1.5435349E+000);
#5704=IFCMEMBER('0Z_S0V0$vAoRgJSqPgHeam',#62,'823',$,$,#5706,#5707,$);
#5705=IFCRELASSOCIATESMATERIAL('18$0ZmnTT43ALO_rhy8X00',#3,$,$,(#5704),#65);
#5706=IFCLOCALPLACEMENT($,#5708);
#5707=IFCPRODUCTDEFINITIONSHAPE($,$,(#5709));
#5708=IFCAXIS2PLACEMENT3D(#1397,#5524,#306);
#5709=IFCSHAPEREPRESENTATION(#9,'Body','SweptSolid',(#5710));
#5710=IFCEXTRUDEDAREASOLID(#445,#14,#37,1.1313708E+000);
#5711=IFCMEMBER('37mF7cvlnEFBtfEj7o557U',#62,'824',$,$,#5713,#5714,$);
#5712=IFCRELASSOCIATESMATERIAL('1pH6g8rjP63ut8Ou54LjmL',#3,$,$,(#5711),#65);
#5713=IFCLOCALPLACEMENT($,#5715);
#5714=IFCPRODUCTDEFINITIONSHAPE($,$,(#5716));
#5715=IFCAXIS2PLACEMENT3D(#1349,#5532,#323);
#5716=IFCSHAPEREPRESENTATION(#9,'Body','SweptSolid',(#5717));
#5717=IFCEXTRUDEDAREASOLID(#445,#14,#37,1.1313708E+000);
#5718=IFCMEMBER('2s4A9Thqf809bCMkhjhq2e',#62,'825',$,$,#5720,#5721,$);
#5719=IFCRELASSOCIATESMATERIAL('1Xe15$3Aj4Cuaqo5jQcVOZ',#3,$,$,(#5718),#65);
#5720=IFCLOCALPLACEMENT($,#5722);
#5721=IFCPRODUCTDEFINITIONSHAPE($,$,(#5723));
#5722=IFCAXIS2PLACEMENT3D(#1365,#5532,#323);
#5723=IFCSHAPEREPRESENTATION(#9,'Body','SweptSolid',(#5724));
#5724=IFCEXTRUDEDAREASOLID(#445,#14,#37,1.1313708E+000);
#5725=IFCMEMBER('0KIqkPoyr98BtOD_X_sfap',#62,'826',$,$,#5727,#5728,$);
#5726=IFCRELASSOCIATESMATERIAL('0YljouVcPEdxV5WYzpMMXt',#3,$,$,(#5725),#65);
#5727=IFCLOCALPLACEMENT($,#5729);
#5728=IFCPRODUCTDEFINITIONSHAPE($,$,(#5730));
#5729=IFCAXIS2PLACEMENT3D(#232,#5547,#323);
#5730=IFCSHAPEREPRESENTATION(#9,'Body','SweptSolid',(#5731));
#5731=IFCEXTRUDEDAREASOLID(#445,#14,#37,1.1313708E+000);
#5732=IFCMEMBER('0eEdM6sI53y9xgkLi9b3_5',#62,'827',$,$,#5734,#5735,$);
#5733=IFCRELASSOCIATESMATERIAL('1YySJ1aOv53f3m3pcotew$',#3,$,$,(#5732),#65);
#5734=IFCLOCALPLACEMENT($,#5736);
#5735=IFCPRODUCTDEFINITIONSHAPE($,$,(#5737));
#5736=IFCAXIS2PLACEMENT3D(#1381,#5532,#323);
#5737=IFCSHAPEREPRESENTATION(#9,'Body','SweptSolid',(#5738));
#5738=IFCEXTRUDEDAREASOLID(#445,#14,#37,1.1313708E+000);
#5739=IFCMEMBER('2TVYbjT_9DNQ0V3kkONeyO',#62,'828',$,$,#5741,#5742,$);
#5740=IFCRELASSOCIATESMATERIAL('3YivNrUujDhueiyAa4z1o_',#3,$,$,(#5739),#65);
#5741=IFCLOCALPLACEMENT($,#5743);
#5742=IFCPRODUCTDEFINITIONSHAPE($,$,(#5744));
#5743=IFCAXIS2PLACEMENT3D(#264,#5547,#323);
#5744=IFCSHAPEREPRESENTATION(#9,'Body','SweptSolid',(#5745));
#5745=IFCEXTRUDEDAREASOLID(#445,#14,#37,1.1313708E+000);
#5746=IFCRELCONTAINEDINSPATIALSTRUCTURE('0$whpGo452uQp_tYFOgs6z',#3,$,$,(#1766,#1776,#1785,#1794,#2335,#2493,#2650,#2808,#3061,#3069,#3077,#3085,#3625,#3751,#3879,#4005,#4217,#4225,
#4233,#4241,#4781,#4907,#5033,#5159,#1803,#1811,#1819,#1827,#2344,#2502,#2659,#2817,#3093,#3101,#3109,#3117,#3632,#3758,#3886,#4012,#4249,
#4257,#4265,#4273,#4788,#4914,#5040,#5166,#1835,#1843,#1851,#1859,#2353,#2511,#2668,#2826,#3125,#3133,#3141,#3149,#3639,#3766,#3893,#4020,
#4281,#4289,#4297,#4305,#4795,#4921,#5047,#5173,#1867,#1875,#1883,#1891,#2361,#2519,#2676,#2834,#3157,#3165,#3173,#3181,#3646,#3773,#3900,
#4027,#4313,#4321,#4329,#4337,#4802,#4928,#5054,#5180,#1899,#1907,#1915,#1923,#2369,#2527,#2684,#2842,#3189,#3197,#3205,#3213,#3653,#3781,
#3907,#4035,#4345,#4353,#4361,#4369,#4809,#4935,#5061,#5187,#1931,#1939,#1947,#1955,#2378,#2536,#2693,#2851,#3221,#3229,#3237,#3245,#3660,
#3788,#3914,#4042,#4377,#4385,#4393,#4401,#4816,#4942,#5068,#5194,#1963,#1971,#1979,#1987,#2387,#2545,#2702,#2860,#3253,#3261,#3269,#3277,
#3667,#3795,#3921,#4049,#4409,#4417,#4425,#4433,#4823,#4949,#5075,#5201,#1673,#1681,#1689,#1697,#1705,#1712,#1719,#1727,#1735,#1743,#1751,
#1758,#1995,#2003,#2011,#2019,#2396,#2553,#2711,#2868,#3285,#3292,#3299,#3306,#3674,#3802,#3928,#4056,#4441,#4448,#4455,#4462,#4830,#4956,
#5082,#5208),#5753);
#5747=IFCRELCONTAINEDINSPATIALSTRUCTURE('2onaf7AEvDLAAEM6AaM$tO',#3,$,$,(#1627,#1635,#1643,#1651,#1659,#1666,#2027,#2034,#2041,#2048,#2404,#2561,#2719,#2876,#3313,#3321,#3329,#3337,
#3681,#3809,#3935,#4063,#4469,#4477,#4485,#4493,#4837,#4963,#5089,#5215,#2055,#2063,#2071,#2079,#2413,#2570,#2728,#2885,#3345,#3353,#3361,
#3369,#3688,#3816,#3942,#4070,#4501,#4509,#4517,#4525,#4844,#4970,#5096,#5222,#2087,#2095,#2103,#2111,#2422,#2579,#2737,#2894,#3377,#3385,
#3393,#3401,#3695,#3823,#3949,#4077,#4533,#4541,#4549,#4557,#4851,#4977,#5103,#5229,#2119,#2127,#2135,#2143,#2430,#2587,#2745,#2902,#3409,
#3417,#3425,#3433,#3702,#3830,#3956,#4084,#4565,#4573,#4581,#4589,#4858,#4984,#5110,#5236,#2151,#2159,#2167,#2175,#2439,#2596,#2754,#2911,
#3441,#3449,#3457,#3465,#3709,#3837,#3963,#4091,#4597,#4605,#4613,#4621,#4865,#4991,#5117,#5243,#2183,#2191,#2199,#2207,#2448,#2605,#2763,
#2920,#3473,#3481,#3489,#3497,#3716,#3844,#3970,#4098,#4629,#4637,#4645,#4653,#4872,#4998,#5124,#5250),#5754);
#5748=IFCRELCONTAINEDINSPATIALSTRUCTURE('32oPNOkSX7nv3hDB5mJhuQ',#3,$,$,(#298,#308,#316,#325,#333,#342,#350,#358,#366,#374,#382,#389,#396,#404,#412,#420,#428,#435,
#2215,#2222,#2229,#2236,#2457,#2614,#2772,#2929,#3505,#3512,#3519,#3526,#3723,#3851,#3977,#4105,#4661,#4668,#4675,#4682,#4879,#5005,#5131,
#5257,#2243,#2251,#2259,#2267,#2466,#2623,#2781,#2938,#3533,#3541,#3549,#3557,#3730,#3858,#3984,#4112,#4689,#4697,#4705,#4713,#4886,#5012,
#5138,#5264,#2275,#2290,#2305,#2320,#2475,#2632,#2790,#2947,#3565,#3580,#3595,#3610,#3737,#3865,#3991,#4119,#4721,#4736,#4751,#4766,#4893,
#5019,#5145,#5271),#5755);
#5749=IFCRELCONTAINEDINSPATIALSTRUCTURE('3uOteP9Lr7GwLjkWRUnG8v',#3,$,$,(#58,#82,#90,#98,#106,#114,#122,#130,#138,#146,#154,#162,#170,#178,#186,#194,#202,#210,
#218,#226,#234,#242,#250,#258,#266,#274,#282,#290,#452,#468,#484,#500,#548,#564,#580,#596,#644,#660,#676,#692,#732,
#740,#860,#867,#875,#883,#891,#899,#907,#915,#923,#931,#939,#947,#969,#983,#997,#1011,#1025,#1089,#1096,#1103,#1110,#1117,
#1124,#1206,#1214,#1336,#1343,#1351,#1359,#1367,#1375,#1383,#1391,#1399,#1407,#1415,#1423,#1445,#1459,#1473,#1487,#1501,#1557,#1564,#1571,
#1578,#1585,#1592,#2283,#2298,#2313,#2328,#2484,#2641,#2799,#2956,#3573,#3588,#3603,#3618,#3744,#3872,#3998,#4126,#4729,#4744,#4759,#4774,
#4900,#5026,#5152,#5278,#5369,#5377,#5386,#5393,#5400,#5407,#5415,#5423,#5430,#5437,#5444,#5451,#5458,#5465,#5472,#5479,#5486,#5494,#5502,
#5510,#5518,#5526,#5534,#5541,#5549,#5556,#5563,#5570,#5578,#5585,#5592,#5599,#5606,#5613,#5620,#5627,#5634,#5641,#5648,#5655,#5662,#5669,
#5676,#5683,#5690,#5697,#5704,#5711,#5718,#5725,#5732,#5739),#5756);
#5750=IFCRELCONTAINEDINSPATIALSTRUCTURE('3pbhF4c4rCKu9m75QmT3i4',#3,$,$,(#443,#460,#476,#492,#540,#556,#572,#588,#636,#652,#668,#684,#748,#755,#762,#769,#776,#783,
#790,#797,#804,#811,#818,#825,#832,#839,#846,#853,#955,#962,#976,#990,#1004,#1018,#1032,#1041,#1050,#1059,#1066,#1073,#1082,
#1131,#1140,#1147,#1156,#1163,#1171,#1178,#1185,#1192,#1199,#1222,#1229,#1236,#1243,#1250,#1257,#1265,#1273,#1280,#1287,#1294,#1301,#1308,
#1315,#1322,#1329,#1431,#1438,#1452,#1466,#1480,#1494,#1508,#1515,#1522,#1529,#1536,#1543,#1550,#1599,#1606,#1613,#1620,#2965,#2980,#2995,
#3010,#3025,#3034,#3043,#3052,#4133,#4147,#4161,#4175,#4189,#4196,#4203,#4210,#5285,#5299,#5313,#5327,#5341,#5348,#5355,#5362),#5757);
#5751=IFCRELCONTAINEDINSPATIALSTRUCTURE('2qga2JdQ59qPoU6GpUVYcG',#3,$,$,(#508,#516,#524,#532,#604,#612,#620,#628,#700,#708,#716,#724,#2973,#2988,#3003,#3018,#4140,#4154,
#4168,#4182,#5292,#5306,#5320,#5334),#5758);
#5752=IFCRELAGGREGATES('1EybLRe6zB9QrLlhISQBlY',#3,$,$,#6,(#5753,#5754,#5755,#5756,#5757,#5758));
#5753=IFCBUILDINGSTOREY('0$BnizU6rBYh8wkI7eVe9S',#3,'BASE LEVEL',$,$,$,$,$,.ELEMENT.,5.7750000E+000);
#5754=IFCBUILDINGSTOREY('0AXdfu2gb1lBGbUixskwIn',#3,'LEVEL 2',$,$,$,$,$,.ELEMENT.,6.6000000E+000);
#5755=IFCBUILDINGSTOREY('2lxBLVYyz3zQmiIFeKSqVo',#3,'LEVEL 3',$,$,$,$,$,.ELEMENT.,1.1550000E+001);
#5756=IFCBUILDINGSTOREY('1n2kWWXEv7MArc_vtFtEeB',#3,'LEVEL 4',$,$,$,$,$,.ELEMENT.,1.4050000E+001);
#5757=IFCBUILDINGSTOREY('0caWatql95UO78SYt9k$CU',#3,'LEVEL 5',$,$,$,$,$,.ELEMENT.,1.4850000E+001);
#5758=IFCBUILDINGSTOREY('1K2C5j1ab4quqKHdiwF4jm',#3,'TOP LEVEL',$,$,$,$,$,.ELEMENT.,1.5350000E+001);
ENDSEC;
END-ISO-10303-21;
